loan_id,borrower_name,origination_date,maturity_date,principal_balance,current_balance,interest_rate,monthly_payment,loan_status,property_type,property_state,ltv_ratio,credit_score,zip_code
LN-100001,,11/02/2022,11/02/2037,589000,500650,3.28,2699,Current,Townhouse,VA,69,640,94882
LN-100002,Andrew Johnson,11/03/2019,11/03/2014,271000,211380,3.31,3886,Default,Condo,VA,91,649,37438
LN-100003,,03/01/2018,03/01/2034,154000,146300,6.16,3451,Current,Multi Family,MO,56,813,86918
LN-100004,,08/07/2020,08/07/2037,599000,365390,6.45,2874,30 Days Delinquent,Commercial,MA,84,624,66884
LN-100005,Thomas Miller,06/17/2022,06/17/2048,472000,335120,7.33,4449,60 Days Delinquent,Multi Family,AZ,78,677,66852
LN-100006,Thomas Davis,10/06/2023,10/06/2018,800000,720000,4.07,2081,30 Days Delinquent,Commercial,PA,57,654,55372
LN-100007,Michael Davis,12/22/2023,12/22/2051,641000,602540,46.7,4325,Default,Multi Family,LA,64,657,84194
LN-100008,Steven Smith,11/08/2021,11/08/2038,635000,527050,47.35,2639,90+ Days Delinquent,Single Family,KY,55,649,94009
LN-100009,Joseph Harris,07/22/2023,07/22/2050,310000,189100,5.2,1751,Paid Off,Single Family,fl,88,802,83064
LN-100010,Elizabeth Lopez,08/09/2021,08/09/2050,727000,588870,47.17,3711,Paid Off,Townhouse,UT,58,731,41868
LN-100011,Sarah White,03/18/2021,03/18/2050,358000,243440,5.85,3465,90+ Days Delinquent,Commercial,CO,82,736,25853
,Andrew Williams,10/11/2019,10/11/2039,309000,194670,3.63,1797,60 Days Delinquent,Single Family,MA,93,775,37378
LN-100013,Linda Wilson,05/27/2023,05/27/2052,730000,459900,6.57,3251,Paid Off,Townhouse,MI,77,758,96646
LN-100014,Betty Davis,09/02/2021,09/02/2047,483000,400890,-7.42,2928,Paid Off,Townhouse,TX,76,756,11383
LN-100015,Paul Lewis,09/06/2020,09/06/2045,758000,538180,-3.58,1226,30 Days Delinquent,Townhouse,PA,73,758,73500
LN-100016,Sandra Harris,10/08/2020,10/08/2038,744000,543120,4.59,2690,60 Days Delinquent,Condo,TX,59,720,71708
LN-100017,Kimberly Smith,04/06/2021,04/06/2050,558000,340380,4.42,2504,60 Days Delinquent,Condo,CO,71,716,22890
LN-100018,Anthony Gonzalez,04/27/2018,04/27/2013,538000,484200,5.37,3689,60 Days Delinquent,Townhouse,CT,88,694,21564
LN-100019,Elizabeth White,10/22/2021,10/22/2044,-626000,381860,6.77,1503,60 Days Delinquent,Multi Family,CT,92,756,38960
LN-100020,Joseph Gonzalez,10/04/2023,10/04/2044,733000,681690,6.53,4224,Paid Off,Townhouse,FL,58,659,23229
LN-100021,Sandra Taylor,08/25/2023,08/25/2043,493000,428910,-3.81,3305,90+ Days Delinquent,Condo,MN,93,801,16936
LN-100022,Linda Davis,02/02/2020,02/02/2046,684000,663480,5.91,1906,90+ Days Delinquent,Single Family,MO,93,767,32031
LN-100023,Daniel Robinson,03/17/2018,03/17/2047,586000,380900,4.53,2535,Default,Single Family,ZZ,69,672,79868
LN-100024,Thomas Sanchez,12/25/2020,12/25/2036,441000,383670,7.45,2875,Current,Condo,KY,55,706,72050
LN-100025,Richard Jackson,11/13/2023,11/13/2053,527000,400520,5.88,1738,Current,Commercial,MI,86,819,34047
LN-100026,Donna Lopez,12/24/2018,12/24/2013,278000,219620,5.53,1883,Default,Townhouse,AZ,71,757,50305
LN-100027,Betty Williams,05/28/2023,05/28/2053,332000,305440,7.62,4227,Paid Off,Condo,VA,68,714,65065
LN-100028,Donna Harris,03/17/2022,03/17/2037,833000,624750,5.51,2820,30 Days Delinquent,Townhouse,NC,79,774,99643
LN-100029,Elizabeth Jones,10/25/2018,10/25/2043,163000,125510,6.29,3166,Current,Commercial,AZ,88,726,21054
LN-100030,David White,12/08/2021,12/08/2046,780000,639600,5.67,2497,Current,Commercial,OR,73,691,84829
LN-100031,Sandra Jackson,03/11/2022,03/11/2037,828000,579600,36.93,1708,Current,Multi Family,TN,69,791,20854
,Michelle Garcia,11/14/2020,11/14/2047,173000,148780,6.18,1813,Default,Multi Family,TX,56,797,46343
,Richard Williams,10/07/2023,10/07/2040,472000,372880,6.69,2710,90+ Days Delinquent,Commercial,GA,59,646,80543
LN-100034,Joshua Clark,02/05/2021,02/05/2046,823000,658400,3.86,3403,Paid Off,Commercial,GA,65,803,72721
LN-100035,Mark Wilson,11/05/2019,11/05/2048,383000,375340,5.25,1237,Paid Off,Multi Family,AL,80,650,84516
LN-100036,Richard Martin,07/12/2021,07/12/2047,651000,566370,7.13,2833,Paid Off,Multi Family,WA,87,770,94470
LN-100037,Mary Sanchez,07/20/2019,07/20/2014,311000,239470,7.23,3236,Current,Multi Family,NY,81,817,66826
LN-100038,William Robinson,06/24/2020,06/24/2048,216000,209520,3.66,3271,Default,Condo,GA,70,758,73763
LN-100039,Susan Johnson,06/27/2023,06/27/2051,177000,159300,5.04,2122,30 Days Delinquent,Single Family,MA,58,635,51974
LN-100040,Sandra Jones,07/09/2019,07/09/2040,777000,582750,6.43,1466,90+ Days Delinquent,Townhouse,KY,63,695,77111
LN-100041,,12/13/2021,12/13/2049,605000,556600,3.63,4197,Default,Single Family,MI,63,820,89005
LN-100042,Sandra Lee,10/24/2022,10/24/2047,708000,453120,36.42,2382,Paid Off,Townhouse,KY,82,778,27221
LN-100043,Jessica Martin,12/27/2019,12/27/2035,227000,215650,4.98,3138,90+ Days Delinquent,Commercial,OH,79,648,57343
LN-100044,John Martin,07/10/2018,07/10/2036,328000,246000,7.65,4315,90+ Days Delinquent,Townhouse,NY,89,817,30827
LN-100045,John Perez,08/25/2021,08/25/2046,458000,293120,44.75,3980,Current,Multi Family,VA,65,752,56183
LN-100046,Emily Taylor,08/27/2020,08/27/2049,330000,214500,4.09,2098,90+ Days Delinquent,Commercial,MD,71,672,43139
,Christopher Hernandez,09/08/2021,09/08/2041,297000,193050,5.65,1670,Default,Single Family,MI,89,655,85508
LN-100048,Andrew Miller,12/10/2022,12/10/2048,795000,691650,4.15,3541,90+ Days Delinquent,Condo,MD,55,759,89006
LN-100049,Barbara Brown,12/03/2020,12/03/2047,467000,303550,3.38,1544,90+ Days Delinquent,Condo,CO,80,721,46868
LN-100050,Sarah Garcia,07/07/2019,07/07/2045,658000,454020,35.12,1259,Paid Off,Commercial,OH,88,771,70278
LN-100051,Betty Lee,08/02/2021,08/02/2016,267000,248310,4.39,1559,Paid Off,Single Family,FL,95,688,40562
LN-100052,Matthew Williams,03/24/2019,03/24/2043,683000,601040,5.57,3202,30 Days Delinquent,Commercial,GA,84,620,16968
LN-100053,Jennifer Martin,02/13/2023,02/13/2047,714000,478380,5.34,4269,90+ Days Delinquent,Condo,VA,81,637,72234
LN-100054,Donna Taylor,09/17/2022,09/17/2043,821000,533650,40.26,1753,Paid Off,Commercial,TN,57,720,83745
LN-100055,Joseph Perez,02/24/2019,02/24/2034,705000,564000,6.74,2752,90+ Days Delinquent,Single Family,OH,76,712,10516
LN-100056,Patricia Moore,05/11/2021,05/11/2040,-807000,548760,3.97,2457,90+ Days Delinquent,Multi Family,LA,56,709,45241
LN-100057,Donna Jones,04/09/2021,04/09/2046,608000,577600,31.78,1955,Current,Commercial,WI,92,666,61591
LN-100058,Richard Harris,04/27/2022,04/27/2040,405000,348300,7.39,3418,Default,Single Family,SC,95,708,33686
LN-100059,Susan Garcia,06/26/2020,06/26/2048,669000,515130,46.76,4227,Default,Single Family,MD,90,766,20730
LN-100060,Matthew Jackson,01/08/2023,01/08/2042,789000,544410,3.71,3852,30 Days Delinquent,Single Family,KY,69,629,20980
LN-100061,David Perez,03/10/2023,03/10/2052,335000,257950,44.37,2290,60 Days Delinquent,Townhouse,PA,80,647,58494
LN-100062,,12/07/2019,12/07/2041,481000,346320,7,2351,Default,Commercial,TN,59,731,22627
,Karen Brown,07/07/2021,07/07/2040,396000,249480,3.84,3120,Default,Commercial,IN,77,776,78696
LN-100064,Margaret Davis,06/21/2019,06/21/2038,346000,217980,5.11,3227,Current,Condo,UT,85,752,70331
LN-100045,Kimberly Davis,06/16/2021,06/16/2039,636000,553320,4.81,4124,Paid Off,Single Family,OK,94,690,39624
LN-100066,Margaret Jackson,04/12/2022,04/12/2047,799000,503370,4.7,2339,90+ Days Delinquent,Multi Family,CA,61,811,75465
LN-100067,,01/15/2020,01/15/2044,430000,331100,7.1,4493,Current,Condo,CO,88,662,80400
LN-100068,Paul Harris,01/19/2019,01/19/2038,799000,495380,4.26,2739,90+ Days Delinquent,Townhouse,IN,56,801,60622
LN-100069,Matthew Sanchez,03/25/2021,03/25/2044,295000,215350,4.59,3057,30 Days Delinquent,Multi Family,NJ,91,781,58308
LN-100070,,12/14/2022,12/14/2037,681000,633330,5.2,3090,60 Days Delinquent,Townhouse,MN,74,681,84497
LN-100071,Barbara Jones,04/26/2022,04/26/2048,769000,615200,4.21,4079,30 Days Delinquent,Multi Family,UT,90,790,13594
LN-100072,Thomas White,12/05/2019,12/05/2047,423000,414540,6.88,3450,60 Days Delinquent,Commercial,MD,76,764,45469
,Betty Thompson,01/24/2023,01/24/2049,785000,549500,5.62,1545,90+ Days Delinquent,Commercial,NJ,80,636,78803
LN-100074,Anthony Gonzalez,09/16/2018,09/16/2041,243000,165240,36.93,3420,90+ Days Delinquent,Multi Family,NC,84,746,58809
LN-100075,Mark Hernandez,09/10/2018,09/10/2047,-444000,404040,4.95,1623,60 Days Delinquent,Multi Family,PA,77,816,22825
LN-100076,Donna Thomas,09/28/2022,09/28/2046,-392000,376320,6.25,4423,60 Days Delinquent,Townhouse,OR,82,690,57958
LN-100077,Michael Clark,12/04/2019,12/04/2034,266000,239400,-5.56,1381,30 Days Delinquent,Townhouse,MD,67,733,25332
LN-100078,David Anderson,02/07/2020,02/07/2045,298000,250320,7.34,2856,Current,Commercial,UT,80,658,23188
LN-100079,Jennifer Brown,07/19/2021,07/19/2042,300000,282000,-5.8,4388,30 Days Delinquent,Multi Family,NY,61,699,58253
LN-100080,Christopher Miller,11/09/2021,11/09/2049,675000,479250,4.42,1543,30 Days Delinquent,Single Family,MO,59,723,32681
LN-100081,Richard Perez,12/02/2022,12/02/2040,663000,464100,-5.78,3868,Default,Single Family,WI,95,778,64214
LN-100082,Paul Thomas,10/09/2020,10/09/2039,380000,304000,4.7,4289,Default,Multi Family,XX,87,727,52200
LN-100083,Linda Jones,04/05/2019,04/05/2038,460000,391000,7.4,2060,Paid Off,Townhouse,NJ,82,797,28305
LN-100084,Betty Smith,01/22/2020,01/22/2048,-742000,719740,4.13,1582,Default,Multi Family,TN,83,714,22430
LN-100085,Robert Jones,01/01/2019,01/01/2043,401000,268670,5.82,3747,90+ Days Delinquent,Condo,ZZ,75,801,43991
LN-100086,Jessica Anderson,02/04/2021,02/04/2042,274000,178100,-3.8,4341,60 Days Delinquent,Multi Family,NC,70,814,75123
LN-100087,Charles Hernandez,09/27/2022,09/27/2038,590000,525100,4.77,2977,Current,Townhouse,KY,56,759,92119
LN-100088,Susan Williams,05/07/2021,05/07/2042,694000,492740,6.91,3647,Paid Off,Condo,SC,61,768,72448
LN-100089,Christopher Johnson,07/13/2018,07/13/2040,688000,433440,-5.55,1758,Default,Townhouse,CT,75,726,23209
LN-100090,Charles Moore,08/04/2020,08/04/2036,-659000,527200,5.9,2861,Default,Condo,OK,57,638,33273
LN-100091,Jessica Ramirez,11/07/2022,11/07/2046,329000,269780,5.41,2816,30 Days Delinquent,Townhouse,OH,95,778,98564
LN-100092,Paul Moore,01/07/2020,01/07/2046,770000,508200,6.17,3259,Current,Single Family,OH,85,723,40349
,Betty Anderson,04/11/2023,04/11/2047,317000,301150,3.45,1866,30 Days Delinquent,Multi Family,WA,82,742,63632
LN-100094,Emily Jones,04/24/2023,04/24/2051,481000,437710,6.49,3843,90+ Days Delinquent,Condo,AZ,84,812,77826
LN-100095,Patricia Gonzalez,04/26/2019,04/26/2044,836000,802560,6.88,2900,30 Days Delinquent,Single Family,GA,64,720,94869
,Lisa Brown,05/13/2018,05/13/2041,775000,542500,4.73,2726,90+ Days Delinquent,Townhouse,MI,56,712,78576
LN-100097,Sarah Jones,01/14/2022,01/14/2046,393000,279030,-3.28,1932,60 Days Delinquent,Commercial,MI,85,789,55870
LN-100098,John Hernandez,03/28/2021,03/28/2038,593000,533700,4.41,4090,60 Days Delinquent,Townhouse,OK,63,762,51602
LN-100099,Karen Williams,06/10/2021,06/10/2051,554000,531840,-6.19,4112,30 Days Delinquent,Single Family,TX,89,652,28973
LN-100100,Linda Miller,07/19/2023,07/19/2018,707000,572670,6.51,2845,Default,Townhouse,NC,72,784,41289
LN-100101,Mark Perez,08/06/2022,08/06/2046,207000,171810,3.58,2059,60 Days Delinquent,Single Family,FL,55,685,32976
LN-100102,Daniel Garcia,05/02/2018,05/02/2037,672000,456960,7.27,2577,90+ Days Delinquent,Multi Family,fl,56,685,47755
LN-100103,Susan Clark,08/28/2019,08/28/2048,776000,496640,4.53,3063,Default,Condo,CO,95,689,34224
LN-100104,Daniel Brown,10/06/2018,10/06/2040,258000,185760,37.43,3226,Current,Condo,AZ,92,755,72786
LN-100105,Betty Harris,11/24/2023,11/24/2045,185000,125800,3.82,3761,Default,Condo,MA,80,754,64935
LN-100002,Michael Robinson,01/11/2022,01/11/2037,620000,545600,4.4,2823,Current,Condo,MA,75,696,25835
LN-100107,Steven Smith,04/03/2022,04/03/2037,645000,503100,4.25,1517,90+ Days Delinquent,Commercial,california,65,794,22836
LN-100108,Sandra White,07/16/2021,07/16/2038,-302000,292940,6.25,4111,30 Days Delinquent,Condo,NY,63,722,48769
LN-100109,Sarah Wilson,05/27/2021,05/27/2050,653000,470160,35.64,3946,Default,Commercial,MA,69,810,12853
LN-100110,Michael Moore,03/08/2018,03/08/2034,682000,634260,6.56,1662,30 Days Delinquent,Commercial,99,56,728,64730
,Margaret Davis,05/12/2019,05/12/2044,782000,594320,3.83,3573,Default,Condo,SC,69,802,47995
LN-100112,Joshua Jackson,02/20/2020,02/20/2050,725000,464000,3.51,2175,Paid Off,Commercial,KY,67,651,91292
LN-100113,Michael White,07/10/2020,07/10/2035,483000,338100,6.93,2530,90+ Days Delinquent,Single Family,UT,76,644,42768
LN-100114,,03/15/2023,03/15/2045,326000,270580,7.57,4113,90+ Days Delinquent,Townhouse,FL,82,684,56330
LN-100115,Donna Martin,10/05/2021,10/05/2041,413000,251930,4.29,3623,90+ Days Delinquent,Condo,NJ,92,623,77451
,Michelle Hernandez,09/06/2019,09/06/2049,758000,485120,6.22,3681,60 Days Delinquent,Single Family,CA,82,671,49953
LN-100117,Donald Gonzalez,10/26/2018,10/26/2040,600000,474000,4.66,3846,30 Days Delinquent,Condo,AL,78,800,69309
LN-100118,Linda Davis,05/09/2021,05/09/2038,224000,199360,6.36,1213,Current,Multi Family,NC,58,758,24764
LN-100119,Anthony Robinson,10/15/2022,10/15/2047,257000,203030,5.09,2691,Default,Condo,newyork,79,621,33949
,Karen Rodriguez,07/22/2022,07/22/2038,450000,306000,4.71,3057,Default,Single Family,IN,60,779,77231
LN-100121,Michelle Jones,01/01/2020,01/01/2040,742000,526820,7.09,2423,60 Days Delinquent,Multi Family,MA,92,782,47071
LN-100122,Steven White,12/05/2018,12/05/2042,-760000,615600,4.19,4024,60 Days Delinquent,Commercial,SC,93,622,25543
LN-100123,Thomas Harris,10/13/2018,10/13/2036,-183000,135420,3.29,4136,60 Days Delinquent,Single Family,NC,69,647,92799
LN-100124,Michelle Davis,01/01/2018,01/01/2039,687000,474030,3.68,1204,30 Days Delinquent,Commercial,texas,69,761,94908
LN-100125,Donna Gonzalez,06/19/2022,06/19/2051,725000,493000,33.82,3068,60 Days Delinquent,Townhouse,NJ,80,701,95026
LN-100126,Sarah Martinez,01/06/2019,01/06/2040,610000,597800,6.75,4217,Paid Off,Multi Family,IL,55,751,86684
LN-100127,Richard Gonzalez,01/03/2019,01/03/2041,844000,683640,7.7,1701,Current,Multi Family,CO,88,626,53403
LN-100128,Matthew Ramirez,04/25/2022,04/25/2037,457000,333610,-3.91,2890,30 Days Delinquent,Multi Family,MO,66,657,15291
LN-100129,Robert Brown,03/11/2021,03/11/2051,432000,397440,-3.97,4336,60 Days Delinquent,Single Family,NJ,85,760,15506
LN-100130,Joseph Smith,02/03/2018,02/03/2044,259000,225330,3.93,4393,30 Days Delinquent,Multi Family,SC,58,669,34136
LN-100131,Donna Thompson,03/19/2022,03/19/2045,472000,453120,-4.96,2750,90+ Days Delinquent,Commercial,FL,82,804,20180
LN-100132,Steven Martin,10/19/2018,10/19/2035,339000,284760,6.78,1547,60 Days Delinquent,Townhouse,MI,58,781,21737
LN-100133,Susan Smith,09/14/2023,09/14/2050,393000,282960,7.29,3065,30 Days Delinquent,Single Family,CT,59,726,24575
LN-100134,Sarah Robinson,09/28/2020,09/28/2042,419000,310060,3.54,2527,60 Days Delinquent,Single Family,AZ,92,753,66364
LN-100135,Linda Perez,08/10/2019,08/10/2037,607000,528090,39.22,2283,Current,Single Family,MA,72,789,28355
LN-100136,Joshua Brown,09/08/2020,09/08/2038,570000,410400,-4.62,3037,Paid Off,Commercial,NY,61,722,64819
LN-100137,Emily Williams,04/13/2023,04/13/2040,739000,672490,46.28,1383,30 Days Delinquent,Condo,AL,88,746,69438
,Kimberly Jackson,12/14/2023,12/14/2053,592000,449920,6.5,3338,Paid Off,Commercial,MN,78,629,56353
LN-100139,Betty Anderson,02/22/2020,02/22/2037,710000,681600,47.96,3680,Default,Multi Family,AZ,62,634,81185
LN-100140,Joseph Johnson,09/05/2018,09/05/2035,754000,482560,5.48,2656,60 Days Delinquent,Commercial,FL,82,766,38857
LN-100141,Donald Taylor,05/04/2022,05/04/2050,398000,370140,3.41,2612,60 Days Delinquent,Townhouse,AZ,94,747,93787
LN-100142,Paul Taylor,09/27/2018,09/27/2047,298000,259260,5.36,1703,90+ Days Delinquent,Multi Family,KY,59,743,44458
LN-100143,Mark White,04/11/2023,04/11/2049,201000,162810,7.67,2674,30 Days Delinquent,Single Family,UT,92,747,93042
LN-100144,Steven Wilson,09/27/2023,09/27/2043,-558000,535680,3.32,3898,60 Days Delinquent,Commercial,IN,56,760,52161
LN-100145,Barbara Ramirez,12/21/2023,12/21/2048,295000,218300,6.28,2195,Default,Multi Family,XX,74,704,94662
LN-100146,Michelle Moore,12/10/2022,12/10/2042,602000,469560,-4.37,1722,60 Days Delinquent,Single Family,FL,62,658,66420
LN-100147,William Garcia,11/18/2018,11/18/2044,259000,160580,-3.59,2497,Paid Off,Commercial,OR,71,702,84884
,Joshua Sanchez,02/18/2018,02/18/2034,799000,775030,6.53,4034,60 Days Delinquent,Multi Family,MN,89,628,85952
LN-100149,Elizabeth Ramirez,04/10/2018,04/10/2042,530000,466400,6.96,1527,Current,Townhouse,MA,62,712,93763
LN-100150,Kimberly Moore,07/15/2021,07/15/2016,638000,452980,3.29,1205,30 Days Delinquent,Condo,NJ,77,786,83711
LN-100151,Steven Martin,11/09/2020,11/09/2047,165000,123750,6.29,1749,Current,Multi Family,CO,72,752,28167
LN-100152,Susan Thomas,03/10/2022,03/10/2040,-727000,596140,7.5,1998,60 Days Delinquent,Single Family,NC,92,621,38391
LN-100153,Lisa Clark,05/25/2019,05/25/2038,303000,293910,6.9,2306,60 Days Delinquent,Commercial,NJ,84,634,82683
LN-100154,Richard Lee,07/18/2022,07/18/2038,486000,456840,-6.17,3446,Default,Single Family,LA,58,813,26797
LN-100155,Paul Ramirez,05/08/2020,05/08/2045,673000,578780,6.61,3096,Default,Multi Family,TX,85,787,32699
LN-100156,Margaret Smith,03/18/2018,03/18/2034,406000,304500,-6.8,1480,Paid Off,Single Family,MN,74,660,29437
LN-100157,Steven Martin,01/03/2023,01/03/2018,280000,179200,6.04,3920,60 Days Delinquent,Condo,FL,78,645,91245
LN-100158,Mary Davis,01/15/2020,01/15/2042,602000,379260,5.14,3935,30 Days Delinquent,Multi Family,WA,87,663,24193
LN-100159,,11/16/2019,11/16/2042,669000,582030,6.12,1781,Default,Condo,CT,78,792,75684
,Linda Wilson,12/11/2021,12/11/2043,382000,317060,4.74,4435,Default,Commercial,NJ,77,792,67566
LN-100161,Susan White,04/28/2021,04/28/2042,-245000,161700,6.87,3001,Current,Multi Family,IN,64,649,75887
LN-100162,Linda Johnson,07/09/2018,07/09/2043,341000,265980,5.46,2186,Current,Commercial,texas,91,717,52281
LN-100163,Joseph Hernandez,03/28/2022,03/28/2042,178000,119260,5.01,3790,90+ Days Delinquent,Single Family,NC,60,649,58141
LN-100164,Patricia Hernandez,12/15/2022,12/15/2039,-286000,274560,6.78,3873,Current,Commercial,FL,57,709,85774
,Betty Hernandez,06/12/2022,06/12/2049,228000,205200,6.85,3382,90+ Days Delinquent,Multi Family,MO,71,637,87086
LN-100166,Mark Johnson,02/15/2021,02/15/2038,232000,187920,5.76,2452,Default,Multi Family,NC,89,807,11657
,James Jones,11/26/2019,11/26/2043,777000,512820,4.99,4363,60 Days Delinquent,Commercial,FL,66,738,70791
LN-100168,Mary Jones,07/14/2022,07/14/2051,832000,732160,3.83,1722,60 Days Delinquent,Single Family,MD,62,687,34074
LN-100169,Emily Thomas,07/22/2021,07/22/2042,803000,570130,7.48,2928,30 Days Delinquent,Multi Family,MA,95,729,31752
LN-100170,Patricia Garcia,12/14/2021,12/14/2038,589000,418190,4.54,3052,90+ Days Delinquent,Single Family,AL,55,777,56670
LN-100171,Barbara Jones,04/13/2022,04/13/2037,741000,533520,5.34,1958,90+ Days Delinquent,Condo,AZ,81,797,58267
LN-100172,Mark Clark,02/05/2020,02/05/2015,751000,615820,5.58,1629,60 Days Delinquent,Single Family,AL,84,662,93617
LN-100173,Daniel Smith,11/03/2018,11/03/2035,261000,182700,6.28,1653,Paid Off,Multi Family,TN,87,816,23408
LN-100174,Sandra Thompson,11/28/2020,11/28/2044,223000,189550,4.21,1536,Paid Off,Single Family,IL,73,696,92126
LN-100175,Margaret Martinez,02/12/2022,02/12/2037,549000,433710,3.27,2354,90+ Days Delinquent,Commercial,texas,90,664,45014
LN-100176,Karen Taylor,05/09/2019,05/09/2036,199000,189050,3.54,2904,60 Days Delinquent,Condo,CA,67,793,41735
LN-100177,Andrew Brown,09/09/2023,09/09/2018,351000,238680,5.38,2951,90+ Days Delinquent,Multi Family,KY,90,785,53859
LN-100178,Anthony Sanchez,11/23/2019,11/23/2046,-770000,677600,6.19,2995,60 Days Delinquent,Commercial,CA,79,670,22396
LN-100179,Patricia Clark,04/08/2020,04/08/2049,702000,659880,6.24,2233,Default,Condo,OK,66,810,86483
LN-100180,Betty Harris,06/09/2020,06/09/2036,266000,178220,38.21,3367,Default,Commercial,AL,78,635,61480
LN-100181,Donald Thompson,12/25/2019,12/25/2036,692000,581280,5.6,3855,60 Days Delinquent,Commercial,AZ,68,684,63113
LN-100182,Elizabeth Clark,02/16/2020,02/16/2045,179000,164680,4.87,2256,60 Days Delinquent,Commercial,WI,56,689,47479
LN-100183,Mary Gonzalez,07/14/2023,07/14/2050,340000,204000,5.51,3626,Paid Off,Condo,AZ,84,698,46194
LN-100184,Anthony Johnson,07/19/2023,07/19/2018,258000,188340,5.09,3390,30 Days Delinquent,Single Family,OK,86,795,54878
LN-100185,Michelle Martinez,02/28/2023,02/28/2042,265000,246450,3.93,1608,Current,Single Family,MD,82,648,68093
LN-100186,Donald Anderson,08/26/2023,08/26/2038,353000,271810,39.74,3474,90+ Days Delinquent,Townhouse,TN,75,698,97750
LN-100187,,03/03/2018,03/03/2036,274000,186320,5.46,1688,30 Days Delinquent,Commercial,IN,78,652,13075
,Margaret Johnson,11/28/2021,11/28/2038,640000,614400,5.24,4389,Paid Off,Condo,MI,70,673,89984
LN-100189,Joshua Johnson,07/19/2023,07/19/2047,679000,420980,3.34,4359,60 Days Delinquent,Townhouse,MO,71,732,51842
,Lisa Garcia,08/23/2019,08/23/2041,413000,400610,5.72,2681,30 Days Delinquent,Single Family,UT,55,651,76921
LN-100191,Margaret Martin,09/19/2018,09/19/2044,-837000,502200,5.36,3784,Current,Single Family,UT,63,712,35288
LN-100192,Ashley Robinson,08/09/2023,08/09/2043,688000,516000,5.35,3150,90+ Days Delinquent,Single Family,TN,88,689,54475
,Michelle Williams,04/16/2022,04/16/2046,816000,514080,3.87,2200,Current,Commercial,NC,63,721,46320
LN-100194,Mark Anderson,01/24/2020,01/24/2046,206000,181280,-5,3970,Paid Off,Single Family,MN,95,727,58171
LN-100195,Nancy White,02/02/2023,02/02/2043,332000,225760,3.52,3801,Default,Commercial,NJ,75,634,90233
LN-100196,Betty Ramirez,02/09/2022,02/09/2043,403000,265980,6.56,1471,30 Days Delinquent,Commercial,CO,66,649,36578
LN-100197,Matthew Sanchez,01/14/2019,01/14/2036,753000,489450,-4.55,4393,Default,Single Family,MN,63,756,53962
LN-100198,Anthony Wilson,03/20/2018,03/20/2042,550000,511500,-5.37,4396,Current,Commercial,AL,79,705,35468
LN-100199,Charles Brown,03/13/2022,03/13/2037,779000,467400,6.27,1248,30 Days Delinquent,Townhouse,GA,55,783,37978
,Sarah Perez,01/10/2021,01/10/2046,734000,535820,5.03,2237,Default,Multi Family,MO,89,699,57070
LN-100201,Lisa Garcia,01/13/2018,01/13/2033,228000,168720,4.72,4136,90+ Days Delinquent,Single Family,AZ,62,655,57779
LN-100202,Lisa Lewis,04/13/2021,04/13/2049,178000,122820,-6.96,4300,30 Days Delinquent,Townhouse,MA,83,761,94659
LN-100203,Nancy Brown,03/18/2019,03/18/2043,648000,408240,5.82,1721,Default,Townhouse,NJ,68,699,12238
LN-100204,John White,02/26/2021,02/26/2046,286000,268840,5.26,1751,60 Days Delinquent,Commercial,AL,92,797,75243
LN-100205,Andrew Martinez,03/20/2023,03/20/2050,240000,194400,5.81,2408,90+ Days Delinquent,Single Family,PA,61,680,39508
LN-100206,Michael Gonzalez,12/03/2022,12/03/2041,-479000,325720,6.88,4409,30 Days Delinquent,Commercial,AZ,93,804,63345
LN-100207,Michael Brown,02/27/2019,02/27/2041,761000,707730,41.55,2885,Paid Off,Multi Family,CO,68,721,32424
LN-100208,,09/06/2020,09/06/2047,370000,251600,6.1,2979,Default,Commercial,GA,92,706,49017
LN-100209,Thomas Rodriguez,04/11/2019,04/11/2036,261000,167040,-5.89,4091,Current,Multi Family,MO,73,690,86282
LN-100210,Anthony Williams,06/20/2020,06/20/2045,607000,473460,5.89,3754,90+ Days Delinquent,Commercial,MN,59,814,80810
LN-100211,,12/19/2020,12/19/2045,276000,201480,4.78,2473,Current,Single Family,NY,75,780,32977
LN-100212,Lisa Smith,09/21/2023,09/21/2040,237000,215670,30.11,2051,60 Days Delinquent,Townhouse,WA,72,789,83333
LN-100213,Joshua Davis,11/16/2019,11/16/2034,179000,127090,34.5,4287,30 Days Delinquent,Condo,IN,95,700,55038
LN-100214,Karen Lopez,02/12/2018,02/12/2045,428000,368080,7.15,2113,30 Days Delinquent,Townhouse,AZ,83,723,26063
LN-100215,Betty Williams,03/16/2019,03/16/2047,258000,159960,3.36,2710,60 Days Delinquent,Townhouse,VA,62,636,39458
LN-100216,Susan Taylor,08/19/2018,08/19/2013,734000,506460,5.35,3163,Current,Multi Family,MA,88,708,94537
LN-100217,Michael Miller,02/08/2022,02/08/2041,491000,333880,5.43,3057,30 Days Delinquent,Townhouse,MA,72,762,85218
LN-100218,Donna Lopez,05/05/2018,05/05/2038,700000,539000,4.07,3049,60 Days Delinquent,Condo,OK,83,804,65828
LN-100219,Christopher Anderson,12/02/2022,12/02/2047,364000,302120,-7.16,3813,30 Days Delinquent,Commercial,TN,95,789,79402
LN-100220,Mary Lee,12/22/2022,12/22/2046,510000,346800,7.7,3814,Default,Townhouse,NJ,63,689,68055
LN-100221,,02/17/2021,02/17/2038,789000,591750,6.53,2457,Paid Off,Townhouse,NJ,92,699,14335
LN-100222,Robert Moore,11/03/2021,11/03/2042,693000,505890,7.48,2082,Current,Multi Family,unknown,72,747,15249
LN-100223,Robert Garcia,09/03/2019,09/03/2014,829000,746100,3.98,2450,Default,Townhouse,IL,57,662,85701
LN-100224,Betty Williams,10/18/2022,10/18/2042,765000,711450,3.29,2187,Default,Condo,UT,84,743,48590
LN-100225,Joshua Wilson,12/07/2020,12/07/2049,164000,109880,3.43,2676,30 Days Delinquent,Single Family,texas,75,786,20226
LN-100226,Kimberly Thomas,11/08/2021,11/08/2050,163000,154850,4.71,2143,60 Days Delinquent,Townhouse,AZ,78,730,28426
LN-100227,Mary Robinson,08/28/2023,08/28/2049,794000,516100,5.03,3041,90+ Days Delinquent,Townhouse,NC,72,820,83033
,Mark Hernandez,07/11/2021,07/11/2043,627000,601920,5.67,1390,60 Days Delinquent,Single Family,MN,79,659,80643
LN-100229,Michael Anderson,02/21/2018,02/21/2045,376000,259440,5.48,3596,30 Days Delinquent,Multi Family,WA,79,655,50979
LN-100230,Ashley Moore,06/10/2022,06/10/2042,436000,313920,-6.5,2626,Current,Townhouse,VA,59,815,77177
LN-100231,Mary Gonzalez,02/24/2022,02/24/2049,481000,428090,6.63,1646,60 Days Delinquent,Townhouse,ZZ,69,819,17219
LN-100232,Karen Gonzalez,04/26/2021,04/26/2039,838000,511180,6.12,2732,90+ Days Delinquent,Condo,OR,77,739,26817
LN-100233,Donna Clark,09/20/2023,09/20/2041,702000,596700,6.8,2649,60 Days Delinquent,Single Family,OK,84,690,26313
LN-100234,Christopher Garcia,07/27/2018,07/27/2040,446000,276520,47.72,2245,Current,Commercial,VA,72,744,52527
LN-100235,Elizabeth Williams,09/23/2022,09/23/2045,-281000,199510,4.83,3433,Default,Multi Family,CO,83,655,74225
LN-100236,William Smith,06/19/2020,06/19/2036,671000,489830,4.31,1312,30 Days Delinquent,Townhouse,WA,87,766,18860
LN-100237,,08/25/2023,08/25/2051,771000,686190,5.37,1335,90+ Days Delinquent,Single Family,MN,78,769,70915
LN-100238,Barbara Martin,03/27/2022,03/27/2048,153000,140760,4.3,1912,30 Days Delinquent,Multi Family,fl,93,767,49045
LN-100239,Mark Harris,04/20/2018,04/20/2048,374000,347820,4.39,2180,60 Days Delinquent,Condo,99,90,766,97052
,Matthew Davis,11/19/2021,11/19/2045,232000,160080,7.44,1586,60 Days Delinquent,Townhouse,KY,82,785,52975
LN-100241,John Jones,05/16/2023,05/16/2043,262000,254140,5.93,2791,Current,Townhouse,GA,55,806,12719
,Sarah Garcia,01/20/2023,01/20/2044,630000,497700,7.06,2925,30 Days Delinquent,Commercial,CO,75,647,75476
LN-100243,Elizabeth Sanchez,11/01/2022,11/01/2042,215000,154800,5.45,1923,Default,Townhouse,MD,66,802,92215
LN-100244,John Robinson,10/04/2022,10/04/2048,-826000,569940,5.49,3094,60 Days Delinquent,Condo,MD,79,698,14227
LN-100245,Michelle Martin,07/03/2023,07/03/2052,518000,409220,31.88,2288,90+ Days Delinquent,Condo,IL,66,801,32455
LN-100246,,02/15/2018,02/15/2033,780000,483600,7.27,1627,Current,Single Family,MA,94,643,76334
,Kimberly Hernandez,05/09/2021,05/09/2044,178000,161980,6.36,4370,30 Days Delinquent,Single Family,WA,90,742,18453
LN-100248,Patricia Thomas,06/05/2022,06/05/2017,406000,393820,3.52,2732,90+ Days Delinquent,Commercial,OH,95,766,63102
LN-100249,Karen Taylor,07/13/2023,07/13/2044,417000,304410,-6.41,3145,Paid Off,Single Family,SC,90,697,90763
LN-100250,Donna Lewis,12/22/2023,12/22/2040,481000,399230,33.95,2594,60 Days Delinquent,Single Family,MO,61,790,57402
LN-100251,,05/16/2018,05/16/2038,366000,274500,5.16,4472,Current,Multi Family,MO,76,746,13302
LN-100252,William Perez,01/07/2019,01/07/2044,269000,236720,4.6,2366,Default,Commercial,fl,61,664,41202
LN-100253,Donna Martin,09/09/2021,09/09/2046,709000,581380,-4,3457,30 Days Delinquent,Townhouse,VA,66,765,88912
LN-100254,Barbara Lopez,11/17/2021,11/17/2045,341000,272800,34.92,1302,30 Days Delinquent,Single Family,NJ,55,716,27226
LN-100255,Elizabeth Brown,10/01/2019,10/01/2041,684000,451440,35.27,1676,60 Days Delinquent,Townhouse,IL,76,780,38785
LN-100256,Sarah Martinez,09/19/2023,09/19/2049,608000,516800,5.5,1637,30 Days Delinquent,Single Family,FL,94,750,80263
,Susan Taylor,08/18/2021,08/18/2043,752000,676800,4.24,3699,Paid Off,Commercial,CT,61,735,65494
LN-100258,Karen Hernandez,07/04/2023,07/04/2051,-590000,489700,3.34,1445,30 Days Delinquent,Condo,OH,66,742,51251
LN-100259,Kimberly Miller,02/13/2022,02/13/2043,540000,351000,3.34,3152,60 Days Delinquent,Townhouse,MO,79,635,55423
LN-100260,Daniel Lewis,07/23/2018,07/23/2037,356000,238520,6.07,2531,30 Days Delinquent,Townhouse,VA,76,705,70524
LN-100261,William Lee,02/10/2022,02/10/2038,739000,524690,6.37,3579,Current,Condo,TN,92,799,62495
LN-100262,Charles Miller,08/24/2019,08/24/2041,166000,107900,6.48,1580,90+ Days Delinquent,Condo,MN,87,634,63834
LN-100263,Daniel Clark,03/10/2018,03/10/2047,231000,157080,5.53,1215,90+ Days Delinquent,Multi Family,unknown,89,627,74605
LN-100176,Kimberly Garcia,08/16/2021,08/16/2043,612000,501840,6.42,2191,30 Days Delinquent,Commercial,FL,69,678,31473
LN-100265,Elizabeth White,04/07/2022,04/07/2046,375000,341250,-3.77,1607,60 Days Delinquent,Single Family,CO,69,652,11378
LN-100266,Jessica Martin,12/11/2023,12/11/2018,350000,290500,3.28,1549,Paid Off,Multi Family,NC,73,718,54881
LN-100267,Donald Lewis,08/02/2023,08/02/2045,293000,234400,4.63,2058,90+ Days Delinquent,Multi Family,NY,59,768,33972
LN-100268,Jessica Clark,10/17/2019,10/17/2014,245000,200900,7.53,1526,90+ Days Delinquent,Townhouse,KY,94,818,94995
LN-100269,Paul Davis,03/04/2022,03/04/2046,497000,442330,4.47,3345,30 Days Delinquent,Townhouse,TN,89,672,62343
LN-100270,Ashley Garcia,07/27/2022,07/27/2044,364000,240240,-6.96,3872,60 Days Delinquent,Condo,TX,76,758,60113
LN-100271,Donna Moore,10/18/2018,10/18/2035,823000,518490,6.23,4213,Current,Multi Family,unknown,72,706,86406
LN-100272,John Sanchez,11/20/2019,11/20/2014,262000,230560,5.27,4239,60 Days Delinquent,Multi Family,LA,78,704,31639
LN-100273,Emily Taylor,09/08/2021,09/08/2047,712000,633680,6.09,4130,90+ Days Delinquent,Townhouse,NY,92,771,38313
LN-100097,Linda Davis,09/16/2021,09/16/2040,647000,543480,4.56,3420,60 Days Delinquent,Single Family,GA,69,809,81450
LN-100275,Emily Anderson,05/17/2022,05/17/2017,828000,637560,4.88,4221,Default,Townhouse,OK,83,797,30392
LN-100276,Linda Gonzalez,06/11/2021,06/11/2051,379000,288040,4.5,1841,Default,Single Family,NY,77,643,22667
LN-100277,Christopher Smith,12/12/2023,12/12/2040,489000,386310,-7.67,3913,Default,Commercial,OK,62,817,12908
LN-100278,Paul Robinson,11/06/2023,11/06/2047,739000,561640,7.52,2707,30 Days Delinquent,Commercial,MI,77,627,60784
LN-100279,Charles Ramirez,12/28/2022,12/28/2052,406000,389760,3.62,2077,60 Days Delinquent,Single Family,OH,89,741,33675
LN-100280,Nancy Miller,04/06/2021,04/06/2042,783000,508950,-4.99,4235,Paid Off,Townhouse,TX,83,731,70293
LN-100281,Elizabeth Taylor,02/08/2022,02/08/2040,344000,237360,5.01,2237,60 Days Delinquent,Multi Family,IN,74,741,23010
LN-100282,Richard Williams,05/02/2022,05/02/2044,174000,140940,3.76,3916,60 Days Delinquent,Single Family,CO,55,774,75688
LN-100283,Lisa Lopez,03/06/2021,03/06/2036,654000,438180,-3.35,1684,Paid Off,Townhouse,FL,56,768,99741
LN-100284,Mary Wilson,11/18/2022,11/18/2046,187000,175780,5.92,2133,90+ Days Delinquent,Single Family,AL,58,667,41681
LN-100285,Michelle Davis,03/28/2020,03/28/2037,338000,283920,4,1787,30 Days Delinquent,Commercial,TX,62,660,77280
LN-100286,John Harris,10/05/2018,10/05/2046,723000,563940,6.19,3923,30 Days Delinquent,Multi Family,TX,93,813,46622
LN-100287,Ashley Sanchez,01/04/2021,01/04/2038,718000,682100,7.5,4250,Paid Off,Commercial,MI,75,800,25579
LN-100288,Betty Martin,11/06/2022,11/06/2044,830000,564400,3.66,2092,90+ Days Delinquent,Multi Family,OR,91,788,89496
LN-100289,Kimberly Miller,05/21/2021,05/21/2038,672000,598080,6.33,2166,Default,Multi Family,OK,69,712,21872
LN-100290,Donald Davis,07/27/2020,07/27/2050,188000,154160,3.52,1576,60 Days Delinquent,Multi Family,AL,69,656,10954
LN-100291,Charles Jackson,01/23/2021,01/23/2016,592000,574240,6.9,4379,Default,Single Family,MI,62,741,49442
LN-100292,Sandra Williams,09/05/2023,09/05/2051,480000,393600,5.54,2512,60 Days Delinquent,Commercial,CT,79,673,22160
LN-100293,Daniel Wilson,08/18/2018,08/18/2036,331000,254870,6.52,3929,90+ Days Delinquent,Commercial,FL,74,658,20839
LN-100002,Mark Perez,03/16/2020,03/16/2040,639000,511200,6.6,2955,Current,Commercial,TX,69,628,11346
LN-100295,James Harris,08/24/2019,08/24/2047,749000,674100,7.4,2277,Current,Multi Family,WI,92,688,12603
LN-100296,Christopher Gonzalez,11/28/2018,11/28/2040,823000,543180,3.6,2433,30 Days Delinquent,Commercial,OR,64,720,41025
LN-100297,,06/16/2022,06/16/2043,565000,395500,7.26,3457,90+ Days Delinquent,Townhouse,MI,59,700,86624
LN-100298,Barbara Hernandez,08/22/2018,08/22/2048,404000,327240,3.86,1520,30 Days Delinquent,Condo,SC,83,685,66205
LN-100299,Linda Jones,09/02/2018,09/02/2043,689000,585650,4.92,3434,Current,Townhouse,PA,57,745,28188
LN-100021,Joshua Taylor,03/09/2023,03/09/2046,387000,336690,4.17,4170,60 Days Delinquent,Commercial,MI,70,716,55250
LN-100301,Margaret Garcia,02/15/2022,02/15/2017,300000,180000,4.78,1556,Current,Multi Family,CA,57,658,12189
LN-100302,Lisa Davis,10/15/2022,10/15/2038,767000,651950,-4.33,2596,90+ Days Delinquent,Commercial,OH,55,801,56118
LN-100303,Emily Clark,10/17/2023,10/17/2018,779000,677730,6.96,3480,Default,Multi Family,WI,59,717,47094
LN-100304,Susan Lopez,06/10/2023,06/10/2047,350000,262500,3.58,2927,Current,Single Family,XX,90,629,27749
LN-100305,Thomas Sanchez,04/14/2020,04/14/2036,331000,244940,6.68,2781,30 Days Delinquent,Single Family,WI,68,819,76864
LN-100306,David Smith,05/11/2022,05/11/2040,461000,331920,3.42,2371,Default,Townhouse,AL,81,817,98702
,Steven Robinson,10/13/2019,10/13/2042,493000,325380,5.55,1382,Current,Townhouse,AZ,83,703,60910
LN-100308,Richard Gonzalez,01/27/2021,01/27/2045,510000,357000,-5.49,1262,Default,Single Family,OR,92,773,60487
LN-100149,William Wilson,04/18/2018,04/18/2044,698000,509540,4.3,3794,Current,Commercial,FL,79,740,69391
LN-100310,Andrew Garcia,12/27/2021,12/27/2016,206000,156560,5.41,2418,Current,Single Family,FL,73,765,12639
LN-100311,Mary Smith,05/25/2022,05/25/2041,668000,641280,3.39,1616,60 Days Delinquent,Commercial,AL,95,643,47965
LN-100312,Charles Garcia,08/20/2020,08/20/2040,584000,443840,40.15,2197,Default,Multi Family,LA,72,791,59678
LN-100313,,09/14/2023,09/14/2043,348000,243600,7.14,4177,30 Days Delinquent,Multi Family,OH,87,771,72730
LN-100314,Mark Gonzalez,12/20/2018,12/20/2034,521000,437640,3.62,3398,30 Days Delinquent,Commercial,NC,93,664,34658
LN-100315,James Johnson,12/11/2018,12/11/2036,426000,315240,5.76,2534,60 Days Delinquent,Commercial,CT,70,656,48107
LN-100316,Susan Davis,08/12/2022,08/12/2051,418000,388740,4.53,3427,Current,Commercial,SC,82,740,68268
LN-100317,Mark Hernandez,02/15/2023,02/15/2040,623000,473480,5.85,3832,30 Days Delinquent,Single Family,UT,81,816,64941
LN-100318,Nancy Lewis,01/20/2018,01/20/2047,353000,289460,7.75,4173,Current,Multi Family,UT,95,762,57058
LN-100319,Paul Gonzalez,08/15/2019,08/15/2041,182000,169260,3.9,1424,90+ Days Delinquent,Single Family,UT,85,676,14291
LN-100260,John Williams,06/13/2019,06/13/2046,625000,600000,7.02,3599,60 Days Delinquent,Townhouse,IL,64,736,83262
LN-100321,Daniel Lewis,08/01/2018,08/01/2043,186000,171120,3.59,3675,Current,Commercial,LA,61,766,11192
LN-100322,Lisa Sanchez,09/07/2023,09/07/2043,731000,716380,44.66,3713,90+ Days Delinquent,Single Family,CA,58,676,58339
,Sarah Wilson,03/25/2020,03/25/2040,383000,229800,3.7,1555,Default,Multi Family,WI,82,758,27955
LN-100324,John Gonzalez,12/18/2023,12/18/2042,305000,225700,7.48,2139,90+ Days Delinquent,Commercial,NC,57,778,64017
LN-100325,Linda Brown,04/11/2018,04/11/2034,587000,440250,7.59,2831,Paid Off,Commercial,CT,92,760,26320
LN-100326,Sarah Gonzalez,07/23/2022,07/23/2043,394000,287620,4.96,2189,30 Days Delinquent,Condo,MA,74,763,79514
LN-100327,Margaret Hernandez,07/26/2021,07/26/2049,572000,406120,7.58,3491,Default,Commercial,CT,65,676,51740
LN-100328,James Jackson,11/26/2022,11/26/2052,469000,379890,3.36,3723,Paid Off,Multi Family,NC,82,820,44214
LN-100329,Joseph Brown,07/02/2020,07/02/2044,607000,552370,-6.05,1515,60 Days Delinquent,Commercial,OR,91,747,40713
LN-100330,Patricia Perez,11/25/2022,11/25/2047,298000,241380,7.67,4387,90+ Days Delinquent,Townhouse,PA,70,749,21412
LN-100331,David Moore,06/23/2020,06/23/2040,258000,216720,7.14,2524,Current,Multi Family,LA,69,694,10287
LN-100332,Donald Jones,02/08/2018,02/08/2033,314000,260620,5.45,3992,30 Days Delinquent,Townhouse,OK,57,682,23410
,Nancy Taylor,12/14/2018,12/14/2044,209000,165110,5.22,1279,60 Days Delinquent,Single Family,WA,79,631,78849
LN-100334,Joshua Lewis,01/23/2019,01/23/2049,699000,531240,6.48,2945,Default,Townhouse,CT,93,675,20388
,Robert Jackson,03/25/2021,03/25/2050,657000,525600,7.44,4077,60 Days Delinquent,Townhouse,CO,59,668,65854
LN-100336,Joshua Jackson,09/15/2020,09/15/2038,231000,194040,7.7,2298,30 Days Delinquent,Single Family,IN,81,782,71591
LN-100337,Joshua Taylor,05/16/2019,05/16/2048,744000,550560,6.32,2881,Default,Multi Family,OH,58,776,23715
LN-100338,Donna White,04/08/2023,04/08/2047,621000,403650,4.95,3933,30 Days Delinquent,Condo,WI,65,654,63035
,Emily Garcia,03/07/2023,03/07/2041,350000,339500,6.08,2726,30 Days Delinquent,Single Family,UT,66,687,73798
LN-100340,Patricia Sanchez,11/10/2020,11/10/2044,581000,400890,6.03,3101,90+ Days Delinquent,Single Family,fl,93,720,16074
LN-100341,Nancy Gonzalez,06/23/2019,06/23/2014,394000,283680,3.25,4399,60 Days Delinquent,Commercial,TN,87,627,32398
LN-100342,Jennifer Johnson,11/10/2022,11/10/2040,546000,382200,-5.94,2056,Paid Off,Commercial,TN,64,713,40158
LN-100343,Betty Johnson,06/03/2018,06/03/2046,577000,375050,3.74,3546,30 Days Delinquent,Single Family,NY,68,719,48311
LN-100344,Mary Williams,09/08/2019,09/08/2046,711000,668340,6.3,4184,90+ Days Delinquent,Condo,OR,57,624,21697
LN-100152,Donald Garcia,08/01/2022,08/01/2047,530000,376300,6.14,3162,30 Days Delinquent,Commercial,WI,90,672,62977
LN-100162,Charles Wilson,01/13/2018,01/13/2041,785000,486700,4.72,1829,Default,Multi Family,MI,86,655,92122
LN-100347,Michael Martinez,06/03/2021,06/03/2038,702000,673920,4.77,2322,60 Days Delinquent,Single Family,MO,62,647,80774
LN-100348,Patricia Jones,09/01/2022,09/01/2046,199000,155220,7.03,4102,Paid Off,Multi Family,NJ,91,792,32338
LN-100349,,11/27/2023,11/27/2045,663000,530400,5.24,2006,Default,Townhouse,OK,58,727,35378
LN-100350,Sandra Johnson,04/10/2021,04/10/2047,837000,560790,7.51,1763,60 Days Delinquent,Townhouse,UT,74,811,43806
LN-100351,Susan Harris,11/03/2023,11/03/2051,192000,159360,5.13,4391,60 Days Delinquent,Townhouse,OK,79,716,65953
LN-100352,Michael Jackson,04/04/2023,04/04/2049,-370000,288600,3.32,1446,Default,Multi Family,WA,75,658,29462
LN-100353,Lisa Perez,08/10/2021,08/10/2046,724000,564720,7.14,1716,90+ Days Delinquent,Condo,TN,67,654,61551
LN-100354,Barbara Thomas,03/10/2023,03/10/2043,157000,102050,7.29,2547,Default,Multi Family,MN,82,714,38233
LN-100355,Emily Garcia,11/17/2021,11/17/2042,796000,684560,5.62,2954,90+ Days Delinquent,Commercial,CT,61,661,35864
LN-100356,Donna Lopez,01/27/2019,01/27/2043,-285000,202350,4.9,3273,Default,Commercial,KY,89,807,66815
LN-100357,William Martin,01/20/2021,01/20/2046,191000,154710,3.55,2265,30 Days Delinquent,Townhouse,FL,61,691,21240
LN-100358,Lisa Ramirez,05/08/2022,05/08/2038,706000,593040,7.29,2350,Default,Single Family,TN,80,786,16688
LN-100359,Christopher Garcia,12/22/2021,12/22/2043,-496000,302560,4.38,1817,Current,Condo,NY,88,743,73190
LN-100360,Mark Wilson,09/12/2023,09/12/2048,160000,121600,5.52,1958,Paid Off,Single Family,OH,56,806,57932
LN-100361,Barbara Perez,05/25/2018,05/25/2037,488000,331840,-5.99,2435,60 Days Delinquent,Commercial,SC,66,659,62223
LN-100362,Betty Davis,07/14/2020,07/14/2046,-295000,286150,4.98,4284,30 Days Delinquent,Condo,OK,89,708,36258
LN-100363,Lisa Jackson,01/18/2022,01/18/2039,450000,423000,6.38,1278,90+ Days Delinquent,Commercial,CA,70,734,35068
LN-100364,Richard Garcia,06/26/2019,06/26/2044,433000,376710,5.5,4204,Current,Townhouse,MD,57,663,81262
LN-100365,Patricia Williams,11/23/2021,11/23/2039,444000,319680,-7.46,1338,Paid Off,Commercial,MI,85,731,30814
LN-100366,Kimberly Smith,07/10/2022,07/10/2046,602000,571900,7.65,2181,Current,Condo,TN,77,772,82916
LN-100367,Thomas Smith,10/25/2020,10/25/2039,526000,352420,4.2,1519,90+ Days Delinquent,Townhouse,PA,78,760,96496
,Emily Johnson,12/21/2020,12/21/2042,625000,575000,4.29,3577,Paid Off,Multi Family,TX,70,649,80663
LN-100369,Paul Miller,08/26/2021,08/26/2043,434000,355880,5.26,1245,Current,Condo,OH,85,754,51764
LN-100370,Mark Miller,01/11/2019,01/11/2041,-170000,137700,5.11,3070,30 Days Delinquent,Condo,NJ,92,733,85010
LN-100371,Patricia Clark,11/13/2023,11/13/2044,213000,185310,4.03,4264,Paid Off,Townhouse,LA,56,643,98082
LN-100372,Steven Williams,10/08/2023,10/08/2041,825000,519750,5.11,4379,30 Days Delinquent,Commercial,newyork,69,754,63867
LN-100373,Michael Jackson,08/07/2023,08/07/2018,271000,208670,6.23,2454,Current,Single Family,WA,62,689,60033
LN-100374,Michael Martin,10/01/2020,10/01/2015,401000,368920,4.89,1622,90+ Days Delinquent,Commercial,MO,80,735,10094
LN-100375,Margaret Ramirez,01/24/2021,01/24/2041,548000,520600,5.69,1433,90+ Days Delinquent,Townhouse,KY,62,632,78540
LN-100376,Margaret Taylor,03/08/2023,03/08/2042,344000,292400,-4.99,4117,90+ Days Delinquent,Multi Family,GA,62,807,89519
LN-100377,James Smith,11/11/2023,11/11/2038,-458000,416780,5.25,2684,90+ Days Delinquent,Condo,IL,84,645,72028
LN-100378,William Williams,11/13/2021,11/13/2042,793000,618540,5.23,1329,Default,Multi Family,PA,58,634,98974
LN-100379,Elizabeth Robinson,09/04/2018,09/04/2044,304000,255360,6.94,4151,60 Days Delinquent,Townhouse,MD,65,643,74127
LN-100380,Jessica Jones,10/02/2020,10/02/2038,430000,301000,46.27,4047,90+ Days Delinquent,Condo,MN,58,731,17945
LN-100381,Ashley Clark,10/24/2023,10/24/2038,689000,585650,4.73,2981,Current,Single Family,MA,59,708,20203
LN-100382,,01/07/2023,01/07/2051,262000,227940,7.41,2155,Paid Off,Commercial,OR,68,788,48800
,Michelle Thompson,12/24/2022,12/24/2038,687000,467160,7.18,3415,60 Days Delinquent,Condo,PA,62,796,68616
LN-100384,Mary Martinez,05/03/2021,05/03/2036,703000,583490,7.32,1663,90+ Days Delinquent,Condo,KY,89,628,27952
LN-100385,James Anderson,06/25/2022,06/25/2049,-531000,504450,7.71,2046,Paid Off,Single Family,GA,56,725,30428
,Kimberly Moore,09/02/2018,09/02/2044,649000,519200,6.23,2716,Paid Off,Commercial,IN,95,685,69313
LN-100387,Charles Williams,04/13/2020,04/13/2048,-472000,368160,3.35,2686,60 Days Delinquent,Condo,FL,67,721,13252
LN-100388,,10/24/2023,10/24/2045,581000,383460,3.83,1668,Default,Multi Family,OK,61,749,70292
LN-100389,Jennifer Lee,11/16/2022,11/16/2041,427000,341600,3.83,4153,Default,Commercial,MN,92,719,20416
LN-100390,Betty Harris,11/26/2018,11/26/2044,156000,129480,6.92,2972,Default,Single Family,MD,65,725,56169
LN-100391,Anthony Brown,04/03/2022,04/03/2052,831000,614940,7.51,4031,Default,Commercial,IN,74,719,90183
,Charles Miller,08/23/2018,08/23/2047,747000,679770,3.32,4126,60 Days Delinquent,Commercial,WI,93,644,73635
LN-100393,Michael Thomas,08/01/2023,08/01/2047,551000,413250,3.72,1865,Current,Townhouse,XX,89,732,43693
LN-100394,Thomas Martinez,06/24/2020,06/24/2045,275000,209000,6.04,3641,60 Days Delinquent,Townhouse,newyork,63,677,23549
LN-100395,Kimberly Sanchez,06/02/2021,06/02/2050,404000,355520,4.37,2575,Current,Single Family,WA,89,755,18990
LN-100396,Robert Jackson,03/10/2021,03/10/2040,563000,349060,-6.76,4232,Current,Commercial,MD,89,686,75525
LN-100397,James Miller,04/05/2018,04/05/2013,422000,333380,4.39,4124,Default,Townhouse,MD,73,639,23964
LN-100398,Donald Jones,09/05/2020,09/05/2045,653000,600760,6.63,2906,90+ Days Delinquent,Commercial,KY,85,781,46277
LN-100399,Richard Jones,08/02/2019,08/02/2038,806000,556140,3.28,2810,90+ Days Delinquent,Commercial,CA,95,669,95923
,Jessica White,06/14/2022,06/14/2048,309000,290460,5.13,1544,Paid Off,Multi Family,PA,69,751,83772
LN-100401,Michelle Jones,11/02/2023,11/02/2039,497000,372750,5.45,1701,Paid Off,Single Family,TX,90,809,46618
LN-100402,Robert Lewis,09/14/2023,09/14/2045,779000,747840,7.1,4010,Paid Off,Townhouse,IL,76,739,61377
,Elizabeth Thomas,01/11/2020,01/11/2049,702000,666900,5.64,2739,Paid Off,Single Family,KY,80,719,71218
LN-100404,William Martinez,10/05/2023,10/05/2048,713000,549010,38,4495,90+ Days Delinquent,Single Family,OK,75,719,49123
LN-100405,John Jones,04/19/2019,04/19/2035,558000,373860,7.26,2452,Paid Off,Townhouse,AL,70,669,67135
LN-100406,Donna Martin,11/23/2023,11/23/2050,817000,661770,3.35,2374,Default,Commercial,OK,63,716,47605
LN-100407,Joseph Hernandez,09/14/2022,09/14/2049,578000,358360,4.32,2457,60 Days Delinquent,Commercial,CO,95,701,73010
LN-100408,Thomas Williams,11/26/2022,11/26/2017,662000,542840,7.69,1458,30 Days Delinquent,Condo,TX,59,693,13058
,Christopher Garcia,03/09/2018,03/09/2039,628000,496120,5.77,3909,30 Days Delinquent,Multi Family,CA,90,809,65081
,Donna Brown,01/07/2018,01/07/2042,322000,222180,4.1,1723,90+ Days Delinquent,Single Family,CO,84,676,61731
LN-100411,Charles Rodriguez,12/07/2022,12/07/2051,-368000,235520,5.19,4471,Default,Condo,PA,79,748,75003
LN-100412,David Davis,11/25/2018,11/25/2044,360000,248400,3.89,2988,30 Days Delinquent,Single Family,MO,66,749,31082
LN-100413,Barbara Moore,07/19/2021,07/19/2042,515000,499550,5.83,1225,90+ Days Delinquent,Commercial,KY,67,624,61981
LN-100414,Kimberly Gonzalez,04/21/2023,04/21/2038,203000,170520,-5.62,3352,30 Days Delinquent,Townhouse,OR,81,765,14373
LN-100415,,09/19/2023,09/19/2052,574000,476420,4.93,3537,30 Days Delinquent,Single Family,VA,92,807,18049
LN-100416,,10/18/2023,10/18/2051,553000,536410,3.9,4012,60 Days Delinquent,Single Family,OK,89,721,58519
LN-100417,Sarah Martin,08/03/2018,08/03/2041,712000,548240,6.44,1889,Default,Single Family,CO,80,780,85984
LN-100418,Lisa Lewis,08/13/2023,08/13/2048,279000,270630,44.08,1316,90+ Days Delinquent,Townhouse,SC,55,796,41842
LN-100419,Robert Wilson,05/14/2020,05/14/2036,-772000,663920,4.42,2570,90+ Days Delinquent,Commercial,NY,75,756,22558
LN-100420,Paul Anderson,06/08/2019,06/08/2049,205000,170150,4.18,3518,30 Days Delinquent,Multi Family,AL,80,627,55747
LN-100421,Michael Harris,04/07/2018,04/07/2041,696000,424560,6.31,4422,30 Days Delinquent,Multi Family,texas,74,652,44731
LN-100422,Patricia Sanchez,12/03/2021,12/03/2041,584000,449680,3.66,2113,60 Days Delinquent,Townhouse,OK,61,644,97886
LN-100423,Joseph Martinez,05/23/2021,05/23/2051,252000,163800,6.44,4248,Paid Off,Condo,MI,63,820,19922
LN-100424,Linda Sanchez,08/22/2019,08/22/2035,721000,569590,4.22,2450,60 Days Delinquent,Multi Family,WA,59,800,67544
LN-100425,Lisa Lee,12/14/2023,12/14/2048,485000,417100,5.88,1297,Current,Single Family,LA,69,779,87297
,Michelle Smith,11/02/2018,11/02/2036,515000,370800,7.08,2900,Default,Commercial,TN,90,703,36190
LN-100427,Sarah Hernandez,01/18/2020,01/18/2038,580000,469800,7.48,3239,60 Days Delinquent,Multi Family,ZZ,68,662,64352
LN-100428,Kimberly Johnson,03/03/2018,03/03/2034,275000,231000,4.44,3473,60 Days Delinquent,Townhouse,KY,78,805,95633
LN-100429,Emily Jackson,01/16/2023,01/16/2042,372000,357120,7.43,4258,Default,Multi Family,OK,73,701,98270
LN-100430,David Brown,12/17/2021,12/17/2042,804000,675360,-4.81,3672,30 Days Delinquent,Multi Family,VA,91,677,18698
LN-100332,Nancy Martin,05/04/2019,05/04/2045,225000,180000,3.63,3856,90+ Days Delinquent,Townhouse,CO,69,717,16148
LN-100432,Susan Moore,06/07/2018,06/07/2039,216000,174960,4.44,3864,30 Days Delinquent,Townhouse,CT,72,809,88470
LN-100433,,08/02/2019,08/02/2041,810000,785700,3.5,3338,90+ Days Delinquent,Condo,GA,81,728,64458
LN-100434,Linda Johnson,07/23/2021,07/23/2051,422000,367140,5.58,3121,90+ Days Delinquent,Multi Family,MN,93,799,50681
LN-100435,Michelle Thompson,02/03/2018,02/03/2013,256000,204800,3.33,4432,90+ Days Delinquent,Townhouse,OH,91,792,81492
LN-100436,Elizabeth Sanchez,05/05/2023,05/05/2043,197000,165480,3.94,1651,60 Days Delinquent,Single Family,PA,88,770,31897
LN-100437,Thomas Perez,05/20/2018,05/20/2043,705000,662700,6.57,4061,Paid Off,Multi Family,AZ,80,781,36127
LN-100438,Donna Hernandez,02/27/2018,02/27/2046,605000,484000,6.58,2010,Paid Off,Commercial,MA,84,657,17107
LN-100439,Robert Jones,11/05/2020,11/05/2015,832000,748800,3.87,4387,Paid Off,Condo,KY,84,756,86696
LN-100440,,12/15/2022,12/15/2037,450000,441000,3.94,3140,Default,Multi Family,TN,83,796,17498
LN-100441,Mark White,11/22/2019,11/22/2048,647000,524070,5,1401,Current,Condo,OR,69,704,62111
LN-100442,Anthony Clark,07/25/2019,07/25/2045,552000,507840,3.39,3064,Current,Condo,AZ,71,747,93949
LN-100443,Jennifer Martinez,11/22/2019,11/22/2014,631000,416460,4.66,2723,90+ Days Delinquent,Condo,OK,87,637,78261
LN-100444,,03/14/2018,03/14/2034,836000,627000,4.92,2783,30 Days Delinquent,Single Family,OH,67,703,93095
LN-100445,Charles Martinez,06/20/2021,06/20/2045,-203000,138040,6.61,1995,60 Days Delinquent,Multi Family,NJ,76,625,10841
,Elizabeth Hernandez,11/20/2020,11/20/2050,236000,214760,4.74,4333,90+ Days Delinquent,Condo,WA,83,815,86347
,Daniel Perez,03/28/2020,03/28/2042,290000,252300,7.6,2117,30 Days Delinquent,Commercial,MN,55,806,37537
LN-100448,,03/12/2020,03/12/2048,360000,309600,6.82,3590,Paid Off,Townhouse,AZ,93,712,98036
LN-100449,Steven Wilson,10/14/2018,10/14/2035,-196000,148960,4.21,3497,60 Days Delinquent,Multi Family,MO,81,742,66080
LN-100450,,02/10/2020,02/10/2035,288000,198720,4.32,3897,30 Days Delinquent,Single Family,NY,89,663,43959
LN-100451,Donald Ramirez,11/25/2021,11/25/2039,425000,340000,5.02,4243,30 Days Delinquent,Condo,AL,95,800,77179
LN-100452,Anthony Gonzalez,08/15/2020,08/15/2044,562000,415880,6.95,1279,Default,Townhouse,california,67,664,17149
LN-100453,Donna Ramirez,09/28/2022,09/28/2048,-321000,243960,6.64,2234,Paid Off,Townhouse,VA,81,760,77543
LN-100454,Jennifer Robinson,01/23/2022,01/23/2052,646000,574940,7.3,1750,Current,Single Family,MN,58,818,81949
LN-100216,Patricia Martin,04/26/2022,04/26/2037,206000,146260,4.28,3353,Paid Off,Multi Family,WI,84,810,74182
LN-100456,Patricia Smith,06/10/2019,06/10/2041,440000,391600,5.72,3748,Paid Off,Commercial,NC,59,693,43449
LN-100457,,04/12/2019,04/12/2035,504000,342720,3.72,3006,Paid Off,Townhouse,KY,85,807,94145
LN-100458,Karen Taylor,02/14/2018,02/14/2038,388000,294880,-6.15,1569,60 Days Delinquent,Single Family,OK,82,761,90729
LN-100459,James Johnson,08/25/2018,08/25/2013,468000,379080,3.99,1881,90+ Days Delinquent,Multi Family,WA,88,710,39452
LN-100460,Robert Moore,10/02/2023,10/02/2050,553000,464520,5.47,4261,90+ Days Delinquent,Commercial,CT,72,626,40934
LN-100461,Robert Moore,03/17/2022,03/17/2044,626000,594700,36.55,3142,60 Days Delinquent,Commercial,CO,69,632,67259
LN-100150,Robert Ramirez,09/12/2021,09/12/2043,257000,174760,4.8,1497,30 Days Delinquent,Townhouse,SC,95,719,24030
LN-100311,Jessica Lopez,09/26/2020,09/26/2045,811000,575810,5.43,2410,30 Days Delinquent,Condo,PA,68,749,43865
LN-100464,Christopher Anderson,01/05/2022,01/05/2043,734000,667940,6.85,4290,Paid Off,Single Family,ZZ,94,819,11811
LN-100465,Karen Martin,05/23/2023,05/23/2038,504000,362880,-4.31,1627,90+ Days Delinquent,Commercial,MD,90,656,55881
LN-100466,Anthony Smith,11/12/2019,11/12/2014,269000,174850,5.2,4456,Current,Multi Family,MN,64,753,23742
,Mark Thomas,01/19/2018,01/19/2040,732000,563640,3.79,1408,Paid Off,Commercial,OR,92,785,26340
LN-100468,Emily Davis,01/07/2021,01/07/2016,434000,264740,7.47,1455,Default,Townhouse,MI,61,755,49926
LN-100469,Thomas Thompson,09/14/2018,09/14/2045,568000,408960,-5.07,2005,90+ Days Delinquent,Single Family,UT,75,648,53197
LN-100470,Mark Smith,03/14/2022,03/14/2043,-803000,698610,4.21,1928,90+ Days Delinquent,Single Family,MN,84,719,35015
LN-100471,Susan Taylor,07/22/2021,07/22/2016,610000,500200,3.38,2789,Current,Condo,GA,86,704,99615
LN-100472,Emily Williams,06/08/2022,06/08/2052,437000,410780,6.36,2648,Paid Off,Multi Family,unknown,60,789,58724
LN-100473,Nancy Wilson,12/02/2022,12/02/2037,771000,632220,-5.09,2233,30 Days Delinquent,Townhouse,FL,55,691,98732
LN-100474,Jennifer Sanchez,01/10/2019,01/10/2042,738000,619920,4.86,3394,Default,Commercial,99,61,697,13382
LN-100475,Nancy Lewis,05/25/2018,05/25/2033,666000,472860,-5.26,2367,90+ Days Delinquent,Commercial,TX,91,635,77115
LN-100476,Mark Sanchez,12/01/2020,12/01/2040,521000,401170,-3.52,2440,60 Days Delinquent,Commercial,NC,89,802,66627
LN-100477,Emily Martin,03/22/2019,03/22/2041,774000,681120,6.4,2331,Paid Off,Single Family,california,77,705,52992
LN-100478,Mark Gonzalez,07/05/2023,07/05/2044,620000,558000,6.84,3078,Default,Townhouse,WA,73,782,23084
LN-100479,Donald Gonzalez,04/25/2022,04/25/2048,257000,169620,4.62,3019,60 Days Delinquent,Single Family,NJ,73,729,51347
LN-100480,Michael Thomas,12/20/2022,12/20/2017,478000,310700,5.07,1804,Current,Condo,NC,92,630,42943
LN-100481,Charles Miller,09/16/2020,09/16/2050,827000,711220,41.72,2963,Current,Single Family,VA,66,725,25644
LN-100482,Daniel Lewis,07/24/2022,07/24/2048,527000,411060,5.79,3295,Default,Single Family,CA,83,669,78153
LN-100483,David Clark,03/28/2019,03/28/2044,259000,196840,6.84,3410,60 Days Delinquent,Condo,CO,76,812,60789
LN-100484,Kimberly Lee,04/18/2023,04/18/2044,-455000,445900,3.41,4437,Default,Townhouse,MD,86,806,25220
LN-100485,,10/01/2023,10/01/2049,768000,622080,6.88,2226,90+ Days Delinquent,Commercial,CT,87,689,77284
LN-100486,Christopher Garcia,08/04/2021,08/04/2037,216000,209520,3.56,2577,Current,Commercial,california,95,697,31926
LN-100487,Richard Hernandez,11/10/2020,11/10/2036,484000,295240,6.46,3712,Paid Off,Townhouse,TN,90,626,31555
LN-100488,Nancy Perez,07/17/2023,07/17/2051,616000,579040,45.95,3547,Paid Off,Townhouse,UT,90,721,57863
,Margaret Anderson,04/17/2022,04/17/2046,508000,497840,6.57,4168,Paid Off,Commercial,OH,72,679,48561
LN-100490,Mark Brown,06/15/2020,06/15/2043,273000,171990,3.79,4126,90+ Days Delinquent,Single Family,california,87,785,69781
LN-100491,Sandra Brown,01/16/2022,01/16/2017,602000,523740,5.58,1228,60 Days Delinquent,Townhouse,IL,71,693,74550
LN-100492,Christopher Anderson,08/24/2019,08/24/2048,344000,282080,33.46,4107,60 Days Delinquent,Commercial,NY,88,636,18865
LN-100493,Charles Garcia,04/02/2020,04/02/2036,817000,531050,6.25,4437,30 Days Delinquent,Commercial,KY,68,683,64777
LN-100494,Jennifer Robinson,05/19/2021,05/19/2039,193000,121590,3.74,3775,Default,Single Family,IN,72,817,58302
LN-100495,Daniel Thomas,08/06/2023,08/06/2048,164000,124640,-4.28,3154,30 Days Delinquent,Commercial,CO,81,675,68527
LN-100496,Andrew Rodriguez,04/05/2018,04/05/2039,469000,342370,3.57,4133,30 Days Delinquent,Multi Family,TX,91,815,43754
LN-100497,Margaret Thomas,02/06/2021,02/06/2050,694000,520500,6.48,2127,Current,Condo,ZZ,68,657,85807
LN-100498,Daniel Martin,03/19/2021,03/19/2046,446000,432620,31.49,1862,Paid Off,Single Family,AL,75,772,51250
LN-100499,John Jackson,03/19/2018,03/19/2041,157000,136590,4.46,1555,90+ Days Delinquent,Multi Family,NJ,71,681,11040
LN-100500,,03/02/2018,03/02/2036,801000,488610,4.22,1989,30 Days Delinquent,Commercial,WA,92,803,20127
LN-100501,Matthew Davis,01/01/2023,01/01/2047,-466000,288920,5.57,1868,60 Days Delinquent,Multi Family,OK,86,795,23518
LN-100502,Charles Sanchez,10/01/2022,10/01/2050,605000,502150,-7.06,1364,Current,Multi Family,TN,63,725,20653
LN-100503,Thomas Ramirez,10/20/2023,10/20/2050,-440000,387200,5.8,4401,30 Days Delinquent,Townhouse,GA,64,744,69196
LN-100504,Emily Martin,10/14/2022,10/14/2039,287000,172200,5.91,1835,90+ Days Delinquent,Commercial,OK,95,784,99742
LN-100505,Mary Anderson,06/27/2018,06/27/2035,545000,354250,4.95,2994,90+ Days Delinquent,Commercial,OH,79,769,41769
LN-100506,,08/01/2019,08/01/2048,589000,453530,4.89,3781,Paid Off,Commercial,MI,65,707,55445
LN-100507,Anthony Miller,12/24/2023,12/24/2053,220000,178200,6.71,3297,30 Days Delinquent,Multi Family,MI,67,780,35622
LN-100508,John Jackson,08/08/2022,08/08/2037,773000,556560,-5.91,1525,Current,Condo,CT,55,639,51982
LN-100509,Elizabeth Lee,01/27/2018,01/27/2045,240000,196800,-4.66,3729,Paid Off,Condo,UT,95,681,90282
LN-100510,Donald Lee,10/24/2022,10/24/2052,724000,557480,3.78,3679,Paid Off,Commercial,TN,90,772,19728
LN-100511,Thomas Sanchez,07/01/2020,07/01/2037,318000,235320,4.96,4306,Default,Condo,OK,77,807,13784
LN-100512,Andrew Martin,12/26/2018,12/26/2013,425000,357000,4.2,2646,Paid Off,Townhouse,CA,61,709,96305
LN-100513,David Anderson,08/17/2022,08/17/2052,277000,188360,35.99,3832,Current,Single Family,MN,94,634,27051
LN-100514,Donald Anderson,12/05/2018,12/05/2013,531000,366390,5.47,3919,Current,Condo,AZ,79,697,66505
LN-100515,Paul Hernandez,11/09/2019,11/09/2035,392000,341040,4.66,1785,90+ Days Delinquent,Condo,AZ,67,806,32921
LN-100516,Richard Johnson,12/01/2023,12/01/2053,818000,498980,4.73,4067,90+ Days Delinquent,Commercial,SC,92,730,43646
LN-100517,Nancy Clark,08/01/2020,08/01/2039,240000,232800,7.5,3462,Default,Townhouse,WA,67,626,50438
LN-100518,Lisa Clark,05/25/2022,05/25/2048,608000,547200,7.16,3627,90+ Days Delinquent,Single Family,NY,80,819,42535
LN-100519,Daniel Brown,04/15/2021,04/15/2037,463000,314840,4.4,2136,90+ Days Delinquent,Townhouse,SC,72,767,55821
LN-100520,Joseph Taylor,04/05/2019,04/05/2040,633000,411450,3.82,4010,Paid Off,Single Family,OH,71,728,66446
LN-100521,Betty Jones,02/25/2020,02/25/2050,-415000,290500,3.38,1559,60 Days Delinquent,Multi Family,WI,60,693,32958
LN-100522,Mary Lopez,02/19/2023,02/19/2044,421000,391530,40.76,2462,30 Days Delinquent,Commercial,AL,58,709,67731
LN-100523,Donna Wilson,01/14/2022,01/14/2041,299000,218270,6.3,3404,30 Days Delinquent,Condo,WA,83,797,65656
LN-100524,Paul Williams,11/27/2019,11/27/2037,-410000,270600,4.57,3251,Current,Condo,CO,86,755,79563
LN-100525,Jessica Clark,07/16/2023,07/16/2040,-500000,415000,4.48,3434,30 Days Delinquent,Townhouse,IL,56,650,82063
LN-100526,Patricia Martinez,10/19/2021,10/19/2042,215000,182750,6.91,3106,Paid Off,Townhouse,VA,77,784,89275
LN-100527,Sarah Jackson,12/15/2023,12/15/2043,608000,480320,6.23,4321,Default,Townhouse,KY,84,795,19350
LN-100528,Charles Wilson,11/03/2018,11/03/2039,-392000,290080,5.7,1476,90+ Days Delinquent,Condo,AL,87,672,44783
LN-100529,Nancy Sanchez,03/24/2019,03/24/2049,646000,613700,4.91,3825,Current,Single Family,TX,84,804,11093
LN-100530,Karen Lee,01/04/2021,01/04/2047,261000,224460,5.16,1641,90+ Days Delinquent,Multi Family,MN,59,629,78091
LN-100531,Barbara Perez,04/13/2023,04/13/2053,503000,326950,7.74,3550,Default,Townhouse,FL,60,735,22770
LN-100532,Thomas Anderson,12/28/2021,12/28/2046,626000,575920,31.52,1775,Default,Single Family,WI,91,760,68862
LN-100533,Matthew Jones,12/11/2019,12/11/2049,454000,317800,29.95,4280,90+ Days Delinquent,Townhouse,VA,79,762,22685
LN-100534,Daniel Perez,06/26/2022,06/26/2042,814000,643060,7,3614,Paid Off,Commercial,CO,76,789,59811
LN-100535,Linda Martinez,12/26/2021,12/26/2042,545000,474150,5.23,2181,60 Days Delinquent,Single Family,UT,77,726,93041
LN-100536,Matthew Jackson,12/25/2022,12/25/2017,510000,453900,6.16,4049,Default,Condo,NY,64,787,36804
LN-100537,Donna Gonzalez,11/25/2023,11/25/2018,807000,750510,3.7,2680,30 Days Delinquent,Single Family,LA,56,750,46562
LN-100538,Lisa Brown,09/23/2019,09/23/2014,811000,551480,4.32,2849,90+ Days Delinquent,Multi Family,MO,73,740,71230
,Michelle Thompson,06/12/2018,06/12/2040,227000,199760,3.39,4059,Current,Commercial,OK,68,735,51478
LN-100540,David Davis,10/17/2021,10/17/2041,184000,121440,47.71,2998,30 Days Delinquent,Commercial,AZ,93,701,11256
LN-100541,Steven Martinez,03/18/2019,03/18/2037,253000,225170,44.24,1751,Default,Single Family,IN,76,659,73444
LN-100542,Mary Rodriguez,07/14/2019,07/14/2041,475000,399000,6.63,2978,Default,Commercial,CA,63,652,71794
,Robert Lopez,06/14/2021,06/14/2049,386000,370560,6.16,3921,Paid Off,Commercial,OK,95,682,74135
,John Smith,09/27/2023,09/27/2052,383000,317890,5.67,4474,Current,Commercial,TN,93,763,31856
LN-100545,Nancy Lopez,06/08/2021,06/08/2036,-458000,283960,7.5,4135,30 Days Delinquent,Commercial,MD,72,730,42473
LN-100546,Mary Rodriguez,11/26/2019,11/26/2034,283000,200930,3.39,4187,Default,Commercial,AZ,92,816,38592
LN-100547,Nancy White,09/18/2019,09/18/2047,478000,368060,-5.22,1600,Default,Townhouse,TN,61,631,77601
LN-100548,Mark Jones,12/21/2023,12/21/2039,500000,425000,7.54,4303,60 Days Delinquent,Condo,MD,80,673,15746
LN-100549,Charles Smith,03/10/2020,03/10/2039,537000,322200,-7.74,1649,30 Days Delinquent,Commercial,FL,64,625,63250
LN-100550,Matthew Harris,03/07/2018,03/07/2035,610000,439200,7.42,1943,Current,Townhouse,MA,61,779,11876
LN-100551,Emily Brown,02/18/2023,02/18/2047,596000,387400,-5.91,3630,Paid Off,Single Family,TN,64,722,64487
,Anthony Martinez,05/20/2023,05/20/2043,198000,136620,7.61,1300,Paid Off,Condo,PA,80,761,52214
LN-100015,Sarah Hernandez,04/04/2019,04/04/2038,624000,405600,6.2,1423,Paid Off,Single Family,LA,91,641,69944
,Christopher Wilson,01/18/2019,01/18/2035,636000,489720,5.62,3541,90+ Days Delinquent,Condo,OR,68,772,82201
LN-100555,Daniel Miller,04/20/2022,04/20/2041,555000,360750,5.99,2422,Default,Commercial,AL,79,678,75442
LN-100556,Betty Martin,03/12/2022,03/12/2043,327000,304110,-6.12,1352,30 Days Delinquent,Townhouse,NJ,95,808,58491
LN-100557,Margaret Taylor,12/16/2022,12/16/2051,661000,561850,3.53,3577,Default,Single Family,WI,78,814,69423
,Michelle Taylor,06/13/2018,06/13/2043,691000,511340,5.11,2994,Current,Condo,PA,74,784,85832
LN-100559,,08/23/2023,08/23/2051,504000,383040,5.78,2171,30 Days Delinquent,Condo,MN,89,802,82409
LN-100560,James Lopez,06/10/2018,06/10/2013,316000,284400,6.53,1391,90+ Days Delinquent,Townhouse,CT,78,761,99837
LN-100561,Steven Rodriguez,08/10/2023,08/10/2051,698000,586320,7.32,1305,60 Days Delinquent,Commercial,NC,71,734,81641
LN-100562,Paul Jackson,12/27/2022,12/27/2048,714000,471240,6.58,3982,Default,Condo,IL,56,739,47208
LN-100563,William Davis,06/25/2020,06/25/2035,538000,462680,7.56,2756,Current,Single Family,KY,55,762,84917
LN-100564,Lisa Johnson,05/26/2023,05/26/2043,672000,537600,4.31,2455,Paid Off,Commercial,OK,83,630,12587
LN-100565,Donna Lewis,06/19/2023,06/19/2050,771000,485730,3.28,2297,60 Days Delinquent,Single Family,NC,76,647,70591
LN-100566,Andrew Gonzalez,02/08/2022,02/08/2048,335000,234500,3.79,1435,Current,Single Family,WA,83,655,90212
LN-100567,Donald Brown,08/12/2021,08/12/2051,414000,327060,4.6,1407,90+ Days Delinquent,Single Family,ZZ,57,655,66863
LN-100568,Lisa Davis,07/14/2021,07/14/2043,-580000,464000,5.24,3843,Paid Off,Condo,FL,91,805,31489
LN-100569,Andrew Moore,09/27/2020,09/27/2035,460000,303600,5.23,2053,Current,Commercial,AZ,89,692,91979
LN-100570,Ashley Clark,11/07/2019,11/07/2046,705000,493500,7.35,4273,60 Days Delinquent,Townhouse,FL,83,743,56345
LN-100571,William Davis,04/11/2022,04/11/2046,386000,351260,41.78,3706,30 Days Delinquent,Commercial,AL,73,790,63216
LN-100572,Joseph Wilson,12/15/2023,12/15/2049,680000,448800,6.11,2836,Current,Townhouse,MN,69,738,85872
LN-100573,Matthew Jones,06/23/2019,06/23/2048,684000,649800,4.97,1446,60 Days Delinquent,Multi Family,NJ,62,620,16366
LN-100574,Thomas Thomas,07/06/2020,07/06/2043,246000,184500,-3.95,2724,Paid Off,Multi Family,UT,86,681,83547
LN-100575,Linda Moore,05/21/2023,05/21/2052,766000,635780,5.34,1353,30 Days Delinquent,Single Family,OH,55,730,97174
LN-100576,Michelle Davis,02/22/2020,02/22/2048,-674000,411140,5.63,3375,Current,Commercial,GA,83,813,50670
LN-100083,Robert Wilson,04/02/2022,04/02/2043,426000,349320,4.35,3838,60 Days Delinquent,Commercial,UT,72,691,17948
LN-100578,Mark Ramirez,06/05/2018,06/05/2037,632000,429760,4.54,4303,30 Days Delinquent,Single Family,IL,87,705,29288
LN-100579,Robert Taylor,02/28/2023,02/28/2050,488000,361120,7.1,4092,Default,Townhouse,PA,72,782,41457
LN-100580,Christopher Robinson,03/26/2022,03/26/2047,187000,155210,3.3,2493,30 Days Delinquent,Single Family,FL,75,714,74152
LN-100581,Nancy Thomas,02/13/2018,02/13/2038,245000,149450,4.32,3744,60 Days Delinquent,Townhouse,PA,93,744,33876
LN-100582,Nancy Williams,10/06/2018,10/06/2043,586000,439500,5.7,3951,Default,Single Family,NC,81,652,88723
LN-100583,Jennifer Taylor,09/03/2021,09/03/2016,165000,115500,3.76,3057,Default,Commercial,GA,80,704,47953
LN-100584,Karen Hernandez,12/23/2022,12/23/2043,830000,589300,7.69,4029,60 Days Delinquent,Multi Family,VA,88,632,47911
LN-100585,Andrew Harris,10/12/2022,10/12/2045,174000,111360,4.22,2410,60 Days Delinquent,Townhouse,SC,88,784,86987
LN-100586,Elizabeth Brown,08/13/2019,08/13/2048,293000,219750,6.91,2008,60 Days Delinquent,Condo,TN,73,795,92451
LN-100587,Margaret Jones,12/25/2019,12/25/2047,448000,295680,46.53,1521,30 Days Delinquent,Single Family,MA,84,623,18854
LN-100588,,01/18/2019,01/18/2035,224000,199360,7.04,1951,30 Days Delinquent,Multi Family,CA,67,689,44291
LN-100589,Charles Martinez,04/28/2019,04/28/2040,204000,150960,42.99,1768,Default,Condo,NY,86,646,21086
LN-100590,John Taylor,01/08/2019,01/08/2038,313000,303610,7.3,2968,Default,Townhouse,MD,57,703,61604
LN-100591,Karen Johnson,03/11/2021,03/11/2047,278000,208500,3.95,2831,30 Days Delinquent,Commercial,TN,62,708,61429
LN-100592,Paul Hernandez,06/07/2020,06/07/2038,729000,444690,46.36,3415,30 Days Delinquent,Townhouse,MN,76,692,43508
LN-100593,,08/07/2021,08/07/2040,757000,507190,3.35,1677,90+ Days Delinquent,Townhouse,GA,95,765,15446
LN-100594,Betty Hernandez,11/22/2023,11/22/2043,657000,427050,6.75,2338,30 Days Delinquent,Single Family,PA,68,713,36302
LN-100595,Patricia Gonzalez,05/27/2020,05/27/2015,725000,688750,5.41,3476,60 Days Delinquent,Multi Family,WA,55,656,22175
,Margaret Gonzalez,11/26/2022,11/26/2051,775000,550250,3.56,2906,Current,Single Family,AZ,76,679,92547
LN-100597,Lisa Gonzalez,02/26/2018,02/26/2038,-508000,335280,6.37,4105,Current,Multi Family,SC,81,740,62474
LN-100598,Michelle Wilson,12/11/2023,12/11/2042,543000,510420,40.17,1705,Paid Off,Condo,OR,64,665,34011
LN-100599,Christopher Davis,03/05/2019,03/05/2035,766000,612800,7.27,3605,Current,Condo,WI,89,695,52476
LN-100600,,03/15/2021,03/15/2039,510000,474300,4.63,1311,60 Days Delinquent,Townhouse,TX,64,713,81895
LN-100601,Emily Perez,11/10/2021,11/10/2039,504000,483840,32.21,3822,Current,Multi Family,OH,58,724,32238
LN-100602,Joseph Robinson,07/10/2023,07/10/2039,399000,355110,6.34,2816,Paid Off,Multi Family,OR,60,736,63446
LN-100603,Steven Gonzalez,09/25/2022,09/25/2048,716000,579960,-6.91,1896,Paid Off,Townhouse,CO,93,720,25112
LN-100604,John Gonzalez,06/25/2022,06/25/2049,589000,376960,7.04,4444,Paid Off,Commercial,PA,83,671,40399
LN-100605,Donna Robinson,10/26/2019,10/26/2039,628000,508680,7.09,2137,Paid Off,Multi Family,VA,75,809,41786
,Jessica Johnson,04/13/2018,04/13/2047,238000,228480,4.93,2700,Paid Off,Commercial,OK,65,696,41730
LN-100607,Steven Perez,05/17/2018,05/17/2036,373000,346890,7.53,1239,60 Days Delinquent,Single Family,AL,68,640,72865
,Steven Williams,10/02/2022,10/02/2050,778000,575720,4.23,4368,Default,Multi Family,OR,88,688,67755
,Paul Rodriguez,12/21/2020,12/21/2047,763000,640920,3.61,3167,90+ Days Delinquent,Multi Family,MO,81,683,70243
,Linda Rodriguez,05/26/2019,05/26/2045,452000,275720,5.53,4372,Current,Commercial,KY,83,766,15747
LN-100611,Robert Thomas,05/03/2020,05/03/2042,472000,396480,6.81,3511,Current,Multi Family,MI,93,632,23713
LN-100612,Karen Wilson,05/08/2020,05/08/2046,620000,452600,5.04,1529,Paid Off,Commercial,MD,62,652,49145
LN-100613,Barbara Lopez,02/04/2018,02/04/2045,640000,569600,4.15,3758,30 Days Delinquent,Condo,TX,75,670,40872
LN-100614,Thomas Lewis,04/13/2022,04/13/2050,719000,632720,-5.99,3717,60 Days Delinquent,Commercial,WI,55,660,91297
LN-100615,John Gonzalez,06/19/2019,06/19/2040,765000,589050,38.69,3354,Current,Multi Family,OR,92,780,64007
LN-100616,Christopher Smith,12/07/2020,12/07/2038,555000,543900,-5.75,2903,Default,Commercial,CA,69,713,54593
LN-100617,Daniel Ramirez,07/06/2018,07/06/2046,654000,529740,6.06,3536,90+ Days Delinquent,Multi Family,NC,88,710,88057
LN-100618,Nancy Wilson,10/01/2019,10/01/2047,324000,304560,4.95,3517,Default,Condo,UT,58,705,25923
LN-100619,Nancy Clark,09/04/2022,09/04/2039,625000,531250,4.8,3516,Current,Multi Family,PA,86,782,46719
LN-100620,Nancy Gonzalez,02/02/2021,02/02/2043,607000,479530,3.6,2286,Current,Multi Family,OH,78,792,66485
LN-100621,Lisa Thomas,05/14/2023,05/14/2050,835000,701400,5.53,2414,60 Days Delinquent,Condo,WA,74,697,59056
LN-100622,Susan Taylor,03/20/2022,03/20/2049,272000,209440,5.16,4431,90+ Days Delinquent,Condo,OR,92,704,60782
LN-100623,Sarah Garcia,04/08/2019,04/08/2046,-756000,612360,4.4,4318,Default,Multi Family,IN,80,801,21150
LN-100624,Michael Lewis,04/15/2022,04/15/2040,464000,403680,45.41,2992,60 Days Delinquent,Single Family,IL,63,743,99898
LN-100625,Daniel Taylor,02/08/2023,02/08/2050,-296000,198320,5.65,2365,90+ Days Delinquent,Commercial,CA,91,663,99230
LN-100626,James Thomas,01/21/2018,01/21/2041,-283000,195270,4.32,3355,Default,Townhouse,CT,79,640,94306
LN-100627,Christopher Thompson,04/06/2021,04/06/2039,519000,420390,29.02,3088,Default,Commercial,LA,61,801,93508
LN-100628,Sarah Lopez,07/12/2020,07/12/2039,205000,159900,7.4,4359,30 Days Delinquent,Single Family,texas,91,683,56161
LN-100629,,11/24/2020,11/24/2050,722000,642580,5.83,3253,Default,Commercial,WA,80,716,31321
LN-100630,Sarah Taylor,12/04/2018,12/04/2041,738000,597780,5.77,3843,30 Days Delinquent,Commercial,MI,62,818,57179
LN-100631,Nancy Garcia,02/02/2020,02/02/2043,269000,228650,4.84,3751,30 Days Delinquent,Condo,AZ,59,817,46333
LN-100632,Robert Davis,11/23/2021,11/23/2043,-694000,478860,3.81,2584,90+ Days Delinquent,Condo,NY,79,758,20534
,Elizabeth Wilson,04/01/2020,04/01/2037,746000,656480,6.02,2774,60 Days Delinquent,Multi Family,IL,76,795,63575
LN-100634,Steven Thomas,09/10/2020,09/10/2039,590000,436600,6.67,3571,90+ Days Delinquent,Multi Family,OK,66,806,42009
LN-100635,Susan Moore,01/21/2022,01/21/2042,390000,269100,5.54,3265,30 Days Delinquent,Condo,MA,66,687,74054
LN-100636,Kimberly Smith,06/06/2022,06/06/2038,397000,273930,7.53,2430,Paid Off,Condo,IN,80,785,20957
LN-100070,Andrew Perez,11/04/2020,11/04/2049,616000,523600,6.4,2173,60 Days Delinquent,Single Family,MO,81,744,64657
,Ashley Smith,01/27/2022,01/27/2048,696000,535920,3.92,1234,60 Days Delinquent,Condo,KY,93,756,41130
LN-100639,Linda Martinez,10/13/2019,10/13/2040,650000,617500,5.47,1725,Current,Commercial,SC,65,729,30269
LN-100640,Anthony Sanchez,07/07/2020,07/07/2015,160000,124800,6.53,3696,90+ Days Delinquent,Multi Family,WI,82,750,46716
LN-100641,Andrew Jones,07/15/2023,07/15/2047,443000,411990,6.38,2260,90+ Days Delinquent,Townhouse,NY,90,797,84778
LN-100642,Thomas Johnson,10/18/2022,10/18/2048,804000,675360,5.79,2171,Paid Off,Townhouse,UT,84,720,37289
LN-100643,Christopher Ramirez,03/21/2021,03/21/2040,275000,214500,7.27,2032,Default,Commercial,UT,60,779,58100
LN-100644,Jennifer Brown,05/16/2020,05/16/2035,-649000,460790,6.51,2638,60 Days Delinquent,Townhouse,AZ,72,693,58102
LN-100645,Donna Taylor,02/24/2023,02/24/2039,522000,485460,4.44,4363,Default,Condo,OH,93,664,64250
LN-100646,Kimberly Moore,03/02/2018,03/02/2036,236000,172280,6.09,1499,Current,Multi Family,WI,71,815,84679
LN-100647,Christopher Harris,10/17/2023,10/17/2038,336000,305760,6.26,2682,Paid Off,Single Family,OR,93,689,24293
LN-100648,Betty Jones,04/26/2020,04/26/2040,790000,584600,39.32,4128,90+ Days Delinquent,Condo,AL,76,682,60765
LN-100649,,09/22/2021,09/22/2041,529000,354430,4.84,4164,Current,Condo,OH,64,633,93936
LN-100650,Patricia White,02/16/2018,02/16/2040,405000,324000,7.64,2601,Current,Multi Family,CO,85,778,42828
,Sandra Martinez,09/21/2019,09/21/2035,636000,591480,3.27,4196,Default,Townhouse,CO,94,702,94206
LN-100652,Linda Lopez,12/25/2020,12/25/2035,305000,198250,28.51,4094,30 Days Delinquent,Townhouse,MA,63,799,25965
LN-100653,William Lee,12/07/2020,12/07/2039,771000,478020,33.64,3551,Default,Single Family,CA,66,728,36406
,Betty Lewis,07/23/2019,07/23/2043,668000,400800,5.13,2958,Default,Commercial,WA,90,787,22960
LN-100655,Margaret Hernandez,06/16/2022,06/16/2017,383000,287250,6.91,1205,Default,Townhouse,MI,71,770,82805
LN-100656,Patricia Perez,08/21/2018,08/21/2045,405000,364500,4.33,3682,Default,Commercial,OR,93,624,89307
LN-100657,Emily Johnson,03/01/2023,03/01/2048,752000,594080,36.25,2447,Current,Condo,FL,73,655,28096
LN-100658,Nancy Johnson,01/14/2020,01/14/2038,-389000,377330,7.43,3331,Current,Multi Family,MN,60,811,19432
LN-100659,Michelle Anderson,04/15/2021,04/15/2046,160000,112000,6.24,4360,Default,Commercial,AL,68,796,15584
LN-100660,Barbara Jones,09/11/2018,09/11/2034,831000,806070,3.8,2299,90+ Days Delinquent,Townhouse,NC,68,686,78468
LN-100661,Thomas Taylor,06/13/2020,06/13/2046,575000,373750,3.97,2028,60 Days Delinquent,Single Family,CA,92,730,44534
LN-100662,Mary Gonzalez,11/24/2019,11/24/2049,270000,248400,42.57,3371,90+ Days Delinquent,Townhouse,WA,85,705,39987
,Paul Taylor,03/20/2020,03/20/2036,206000,140080,4.97,4265,90+ Days Delinquent,Single Family,CA,94,631,87765
LN-100664,,04/23/2023,04/23/2048,192000,119040,6.49,3062,90+ Days Delinquent,Condo,AZ,81,715,52740
LN-100665,Mary Clark,07/09/2022,07/09/2043,824000,618000,32.15,1732,Current,Commercial,WI,77,756,78461
LN-100666,Thomas White,08/01/2023,08/01/2053,169000,163930,40.45,3031,90+ Days Delinquent,Single Family,AZ,95,754,78580
LN-100667,John Robinson,02/17/2020,02/17/2049,257000,233870,5.04,1708,60 Days Delinquent,Multi Family,PA,70,732,88092
LN-100668,Sandra Garcia,12/14/2020,12/14/2043,455000,386750,5.81,4220,90+ Days Delinquent,Condo,CA,75,626,86286
LN-100669,Michael Taylor,08/02/2022,08/02/2044,250000,175000,7.74,3873,Default,Townhouse,MD,62,681,84143
LN-100670,,10/15/2019,10/15/2037,844000,742720,6.19,1791,60 Days Delinquent,Commercial,KY,73,623,88686
LN-100671,Patricia Robinson,01/15/2019,01/15/2014,665000,425600,4.46,3000,Default,Single Family,CT,88,732,74718
,Jessica Sanchez,02/27/2020,02/27/2038,255000,183600,3.31,1829,Current,Condo,TN,90,623,70102
LN-100673,Jennifer Lopez,06/13/2022,06/13/2045,376000,334640,4.19,3244,Default,Single Family,MD,69,803,72366
LN-100595,Donald Ramirez,01/16/2023,01/16/2048,185000,135050,4.29,1940,90+ Days Delinquent,Condo,LA,91,620,23603
LN-100675,Susan Jones,07/23/2019,07/23/2037,528000,390720,5.61,2817,Current,Single Family,NY,57,655,22520
LN-100676,,10/05/2023,10/05/2053,526000,420800,4.06,4097,90+ Days Delinquent,Commercial,OR,90,690,79771
LN-100677,,04/15/2022,04/15/2046,642000,597060,6.11,4087,60 Days Delinquent,Single Family,GA,56,677,83777
LN-100678,Donald Ramirez,06/20/2022,06/20/2040,158000,148520,7.19,1868,Default,Single Family,KY,61,744,19277
LN-100679,Betty Thompson,01/20/2018,01/20/2041,623000,467250,3.29,3566,90+ Days Delinquent,Multi Family,FL,87,668,70020
LN-100680,Susan Jackson,07/12/2021,07/12/2048,571000,525320,3.45,2142,30 Days Delinquent,Commercial,IN,69,635,95752
LN-100681,Jennifer Perez,01/06/2022,01/06/2050,321000,234330,7.07,3512,60 Days Delinquent,Condo,MI,68,646,92969
LN-100682,Linda Ramirez,07/07/2019,07/07/2045,553000,541940,5.77,3204,Default,Townhouse,FL,82,782,81570
LN-100683,,02/17/2021,02/17/2051,752000,511360,4.32,2458,Current,Townhouse,OH,66,801,92241
LN-100684,Sandra Jones,06/25/2019,06/25/2046,-557000,384330,4.64,4107,Paid Off,Single Family,VA,92,812,80198
LN-100685,Patricia Perez,08/25/2022,08/25/2049,639000,402570,5.29,3167,Default,Single Family,texas,71,662,84246
LN-100686,Christopher Thompson,03/09/2019,03/09/2040,501000,455910,5.55,4214,Paid Off,Condo,LA,65,686,67098
LN-100687,Betty Harris,07/13/2019,07/13/2014,248000,200880,5.1,3297,Default,Commercial,IN,76,814,75675
LN-100688,Michelle Smith,01/02/2023,01/02/2039,-361000,231040,4.59,2199,Default,Condo,OR,71,813,67399
LN-100689,,10/22/2018,10/22/2035,560000,448000,6.58,3148,Paid Off,Commercial,KY,64,621,39318
LN-100690,Karen Jackson,06/25/2021,06/25/2038,577000,415440,4.78,1624,Paid Off,Single Family,MA,94,809,69384
LN-100691,Sarah Ramirez,12/28/2018,12/28/2033,155000,127100,3.27,1479,60 Days Delinquent,Single Family,CO,73,819,59380
LN-100692,Ashley Jackson,02/12/2019,02/12/2014,820000,746200,4.42,3152,Paid Off,Commercial,MN,77,813,38791
LN-100693,Richard Brown,10/13/2018,10/13/2048,548000,465800,7.46,3289,90+ Days Delinquent,Commercial,CO,83,681,55674
LN-100694,Betty Martinez,07/08/2020,07/08/2035,584000,426320,4.76,3917,30 Days Delinquent,Multi Family,MA,73,684,44130
LN-100695,Matthew Thompson,12/10/2020,12/10/2040,586000,539120,7.35,2524,Current,Townhouse,FL,73,715,99936
LN-100621,Jessica Rodriguez,05/06/2019,05/06/2037,429000,343200,7.27,3013,30 Days Delinquent,Townhouse,MI,95,813,80671
LN-100697,Jennifer Jones,03/24/2022,03/24/2044,455000,359450,6.58,1244,60 Days Delinquent,Single Family,MI,55,712,82530
LN-100572,Charles Lewis,06/11/2022,06/11/2050,375000,322500,4.42,2178,Default,Condo,IL,70,697,14101
LN-100699,William Jackson,10/26/2022,10/26/2047,382000,240660,5.49,2870,60 Days Delinquent,Townhouse,IN,94,733,70907
LN-100700,Linda White,11/07/2022,11/07/2050,846000,803700,4.97,4069,Current,Condo,CT,85,755,73428
LN-100701,Joseph Lee,04/18/2023,04/18/2051,306000,238680,4.82,1459,30 Days Delinquent,Single Family,MD,80,812,84669
LN-100702,Sarah Thompson,04/07/2022,04/07/2037,395000,268600,4.54,2405,90+ Days Delinquent,Single Family,LA,78,767,80452
LN-100703,Daniel Williams,03/27/2022,03/27/2017,172000,137600,4.31,4107,30 Days Delinquent,Single Family,AL,63,714,52530
LN-100704,Charles Lewis,05/16/2020,05/16/2047,424000,326480,4.71,2913,Default,Townhouse,texas,71,691,80408
LN-100705,Susan Jackson,10/19/2018,10/19/2041,256000,217600,3.75,2121,Current,Condo,CO,81,700,58687
LN-100706,Michael Martin,06/17/2019,06/17/2041,236000,160480,4.08,2793,90+ Days Delinquent,Townhouse,AL,90,679,73973
LN-100707,Daniel Johnson,09/27/2019,09/27/2045,-265000,180200,4.19,2157,90+ Days Delinquent,Multi Family,GA,79,702,17617
LN-100708,Sandra Sanchez,10/03/2018,10/03/2013,624000,517920,6.5,2257,Current,Multi Family,AZ,92,624,10783
LN-100709,Paul Clark,07/10/2023,07/10/2051,345000,262200,5.86,3671,30 Days Delinquent,Multi Family,SC,81,694,45423
LN-100710,Jessica Lewis,09/22/2021,09/22/2036,639000,530370,4.18,3694,60 Days Delinquent,Multi Family,CA,61,696,11214
LN-100711,,01/22/2021,01/22/2050,226000,135600,3.33,2546,Default,Multi Family,IN,73,631,37162
LN-100712,Steven Gonzalez,01/28/2021,01/28/2051,621000,428490,3.4,3574,60 Days Delinquent,Single Family,texas,71,751,79633
LN-100713,,03/02/2019,03/02/2039,393000,357630,6.14,2311,30 Days Delinquent,Condo,MD,88,699,11703
LN-100714,James Johnson,01/01/2020,01/01/2046,414000,302220,5.09,1350,Paid Off,Multi Family,XX,74,714,84436
LN-100715,William Wilson,04/26/2018,04/26/2038,426000,383400,5.79,3577,Paid Off,Commercial,VA,55,781,51880
LN-100716,Jennifer Moore,04/07/2021,04/07/2049,467000,406290,5.38,2128,Paid Off,Commercial,WI,77,713,68171
LN-100717,Barbara Williams,06/13/2019,06/13/2039,229000,196940,5.84,1930,30 Days Delinquent,Single Family,NY,81,783,21358
LN-100718,Mary Moore,08/03/2021,08/03/2040,331000,235010,5.79,2725,60 Days Delinquent,Commercial,PA,85,669,46254
LN-100719,Paul Garcia,02/19/2018,02/19/2033,448000,340480,5.61,3786,Paid Off,Townhouse,AZ,91,757,91346
LN-100720,Margaret White,08/10/2022,08/10/2045,754000,640900,6.85,2011,30 Days Delinquent,Townhouse,MA,74,734,13942
LN-100469,Lisa Jackson,01/07/2021,01/07/2038,752000,624160,7.49,2097,30 Days Delinquent,Multi Family,FL,84,643,94467
LN-100722,Emily Jones,10/19/2021,10/19/2036,511000,419020,7.34,2539,90+ Days Delinquent,Townhouse,99,76,718,11229
LN-100143,Mary Smith,08/27/2021,08/27/2047,221000,205530,5.54,3259,90+ Days Delinquent,Commercial,CA,59,689,62250
LN-100724,Thomas Perez,05/26/2020,05/26/2050,310000,241800,5.62,4106,30 Days Delinquent,Condo,OK,79,646,94118
LN-100725,Jennifer Anderson,04/13/2020,04/13/2015,162000,100440,5.6,4439,Default,Single Family,WI,82,785,93883
LN-100726,Emily Taylor,08/21/2020,08/21/2043,619000,402350,5.53,4222,60 Days Delinquent,Commercial,VA,78,645,53239
LN-100727,Thomas Gonzalez,06/09/2019,06/09/2044,826000,561680,3.72,4457,60 Days Delinquent,Townhouse,unknown,77,645,23927
LN-100728,Sarah Martinez,05/25/2022,05/25/2038,799000,663170,5.38,3953,60 Days Delinquent,Townhouse,OH,85,626,62206
LN-100729,Andrew Gonzalez,01/17/2020,01/17/2044,778000,560160,4.56,3816,60 Days Delinquent,Condo,UT,93,734,47774
LN-100069,Sarah Martin,09/15/2021,09/15/2046,751000,585780,6.95,3330,60 Days Delinquent,Single Family,TX,70,746,33650
LN-100731,,06/12/2018,06/12/2047,206000,158620,4.67,2763,Paid Off,Condo,MA,56,707,79567
LN-100732,Richard Jones,06/21/2023,06/21/2043,172000,127280,5.24,4245,Default,Commercial,SC,94,690,30093
LN-100733,Emily Williams,09/25/2020,09/25/2050,627000,420090,5.05,4084,90+ Days Delinquent,Single Family,MI,95,730,95317
LN-100367,Mark Garcia,11/08/2023,11/08/2042,473000,454080,6.21,3596,Current,Commercial,IL,84,764,49204
LN-100735,Donald Wilson,01/03/2019,01/03/2037,186000,113460,4.29,2254,Current,Townhouse,CA,55,678,44768
LN-100736,,11/15/2021,11/15/2048,628000,471000,5.02,2529,Current,Single Family,CT,72,635,76259
LN-100737,Jennifer Lewis,04/08/2018,04/08/2033,798000,630420,6.43,1932,Default,Condo,MO,71,819,99784
LN-100738,Charles Thompson,10/14/2018,10/14/2046,447000,388890,4.09,2734,Current,Condo,ZZ,87,731,96349
LN-100739,Susan Taylor,02/21/2020,02/21/2043,494000,439660,4.31,1759,60 Days Delinquent,Single Family,newyork,93,737,62088
LN-100740,Kimberly Rodriguez,05/27/2022,05/27/2049,-379000,356260,7.44,1813,90+ Days Delinquent,Single Family,FL,66,639,89649
LN-100741,Daniel Hernandez,12/06/2018,12/06/2041,155000,122450,7.19,2266,60 Days Delinquent,Multi Family,OR,59,637,29729
LN-100742,Sandra Clark,07/17/2020,07/17/2036,625000,562500,5.14,4241,60 Days Delinquent,Multi Family,CT,93,656,25175
LN-100743,Robert Hernandez,05/03/2018,05/03/2037,663000,444210,5.64,1957,30 Days Delinquent,Multi Family,TX,92,714,26792
LN-100744,William Anderson,03/11/2021,03/11/2047,423000,342630,5.15,3750,30 Days Delinquent,Single Family,CA,57,789,28016
LN-100745,Patricia Clark,08/09/2021,08/09/2043,365000,310250,5.46,2477,30 Days Delinquent,Commercial,OH,56,705,29968
LN-100746,Mary Gonzalez,05/04/2020,05/04/2039,486000,456840,7.75,3925,60 Days Delinquent,Condo,unknown,86,668,94775
LN-100747,Thomas Miller,11/13/2021,11/13/2047,277000,199440,3.57,1465,60 Days Delinquent,Commercial,IN,92,689,50185
LN-100301,Paul Brown,12/15/2022,12/15/2042,190000,119700,5.96,1567,90+ Days Delinquent,Condo,OH,58,639,15106
LN-100749,Sarah Lewis,04/20/2021,04/20/2047,421000,277860,5.47,3331,30 Days Delinquent,Multi Family,OK,93,625,29929
LN-100750,Richard Martinez,09/21/2018,09/21/2033,790000,616200,5.7,3305,Default,Single Family,WA,72,710,65819
LN-100751,Paul Wilson,06/17/2018,06/17/2013,318000,251220,5.89,2149,60 Days Delinquent,Commercial,MD,87,681,47280
LN-100752,Daniel Martinez,09/07/2022,09/07/2048,239000,191200,7.2,2706,30 Days Delinquent,Townhouse,OR,91,812,74627
LN-100753,Jessica Brown,10/01/2023,10/01/2047,675000,641250,7.51,2416,Default,Condo,IN,80,714,78088
LN-100352,Jessica Williams,04/12/2020,04/12/2039,288000,267840,7.57,1983,60 Days Delinquent,Condo,OR,57,670,58517
LN-100755,Richard Moore,10/21/2021,10/21/2049,421000,378900,4.99,2061,Current,Single Family,IL,73,805,82734
LN-100756,Barbara Garcia,07/12/2021,07/12/2045,161000,138460,5.94,3806,90+ Days Delinquent,Condo,NC,74,771,68653
LN-100757,Donna Thompson,09/05/2020,09/05/2035,741000,674310,7.48,3138,Paid Off,Multi Family,TX,82,783,57120
LN-100758,Anthony Thomas,05/16/2019,05/16/2014,593000,373590,7.08,2625,60 Days Delinquent,Commercial,AZ,83,806,36523
LN-100759,Thomas Perez,10/26/2023,10/26/2050,693000,429660,6.51,1783,Default,Townhouse,TN,79,819,57032
LN-100760,Matthew Taylor,02/01/2019,02/01/2041,215000,206400,4.38,1876,Current,Single Family,MN,59,697,81400
LN-100761,Donna Perez,06/11/2021,06/11/2049,640000,544000,4.29,1590,Paid Off,Townhouse,newyork,74,723,64699
LN-100762,Mark Johnson,06/20/2018,06/20/2036,-274000,180840,5.2,3174,30 Days Delinquent,Commercial,MN,63,722,32330
LN-100763,Sandra Smith,12/12/2020,12/12/2045,-345000,289800,7.48,1991,60 Days Delinquent,Condo,PA,70,820,58964
LN-100764,John Smith,02/09/2021,02/09/2016,712000,484160,4.65,2123,Default,Townhouse,TN,58,628,11395
LN-100765,Ashley Sanchez,11/22/2023,11/22/2043,750000,540000,4.11,2046,30 Days Delinquent,Townhouse,CT,82,747,39555
LN-100766,Steven Gonzalez,04/18/2023,04/18/2049,721000,648900,3.32,1670,90+ Days Delinquent,Condo,CA,58,669,53345
LN-100767,David Hernandez,12/17/2019,12/17/2036,533000,511680,3.74,2116,30 Days Delinquent,Townhouse,OH,81,657,64840
LN-100768,Elizabeth Martin,04/18/2021,04/18/2039,-490000,333200,4.57,4247,Paid Off,Condo,CA,68,715,89548
LN-100769,,05/12/2019,05/12/2044,366000,285480,5.14,1574,Paid Off,Townhouse,NJ,70,668,21720
LN-100770,Elizabeth Clark,08/23/2023,08/23/2039,818000,523520,3.82,3892,30 Days Delinquent,Commercial,VA,60,655,34831
LN-100771,Joseph Clark,12/27/2019,12/27/2047,314000,226080,6.33,2074,90+ Days Delinquent,Condo,IN,90,632,78671
LN-100772,Donald Jones,03/04/2022,03/04/2052,367000,297270,3.79,3569,Current,Multi Family,fl,60,689,64539
LN-100773,David Lopez,06/25/2018,06/25/2037,417000,391980,7.62,3936,Default,Commercial,newyork,92,667,23413
LN-100774,,07/27/2018,07/27/2038,836000,794200,5.58,4491,30 Days Delinquent,Commercial,TX,62,762,54237
LN-100775,Matthew Brown,08/24/2022,08/24/2044,-783000,532440,6.02,2026,90+ Days Delinquent,Townhouse,MA,74,804,38822
LN-100776,,05/18/2022,05/18/2041,450000,423000,4.36,1796,60 Days Delinquent,Multi Family,GA,69,641,72086
LN-100777,Michelle Lee,05/08/2023,05/08/2048,811000,648800,4.51,1980,Current,Commercial,IN,57,768,81023
LN-100778,Mary Harris,03/15/2018,03/15/2042,641000,589720,3.6,1661,Default,Townhouse,WA,65,638,37176
LN-100779,Mary Williams,12/08/2021,12/08/2037,602000,571900,4.94,3222,90+ Days Delinquent,Condo,AZ,86,715,28520
LN-100780,Christopher Brown,01/21/2018,01/21/2038,-643000,533690,7.43,3029,90+ Days Delinquent,Commercial,CA,73,726,25800
LN-100781,,11/22/2018,11/22/2035,399000,323190,4.22,3689,60 Days Delinquent,Townhouse,CA,85,784,22968
LN-100782,Margaret Jackson,01/21/2023,01/21/2018,227000,145280,4.1,2178,Default,Townhouse,MI,89,708,67953
LN-100783,Jennifer White,12/18/2021,12/18/2042,399000,319200,4.85,2900,90+ Days Delinquent,Townhouse,OR,79,776,11344
LN-100703,Daniel White,04/18/2019,04/18/2036,436000,309560,5.52,4401,Paid Off,Multi Family,GA,91,693,25942
LN-100785,Daniel Hernandez,10/05/2020,10/05/2044,150000,103500,4.59,2606,Current,Multi Family,ZZ,86,684,13111
LN-100786,Susan Thomas,03/13/2019,03/13/2041,420000,348600,6.95,1719,30 Days Delinquent,Condo,AZ,65,632,91922
LN-100787,Elizabeth Ramirez,06/19/2018,06/19/2047,500000,430000,7,4442,Paid Off,Commercial,TX,84,635,61453
LN-100788,Kimberly Martin,04/05/2021,04/05/2039,-521000,411590,7.49,1536,30 Days Delinquent,Townhouse,IL,56,776,47771
LN-100789,Thomas Lee,09/08/2018,09/08/2013,803000,586190,6.64,3254,Paid Off,Multi Family,OR,83,695,71832
LN-100790,Emily Johnson,10/25/2021,10/25/2042,465000,302250,3.29,2073,60 Days Delinquent,Multi Family,AL,67,807,92106
LN-100791,Nancy Ramirez,11/16/2020,11/16/2046,399000,283290,5.17,3638,30 Days Delinquent,Townhouse,MO,74,639,82193
LN-100792,John Jones,09/28/2023,09/28/2051,776000,628560,5.44,2468,Default,Condo,AZ,81,639,55057
LN-100793,Elizabeth Thompson,08/24/2021,08/24/2038,591000,460980,6.51,1597,90+ Days Delinquent,Condo,TX,70,696,74781
LN-100794,Daniel Perez,11/01/2022,11/01/2050,779000,568670,7.04,4024,60 Days Delinquent,Single Family,CA,73,659,43258
LN-100795,Donald Rodriguez,08/06/2021,08/06/2036,702000,631800,3.97,4429,Paid Off,Townhouse,WA,78,721,53823
LN-100796,Ashley Williams,06/12/2021,06/12/2042,576000,414720,6.82,2001,60 Days Delinquent,Commercial,GA,91,631,64998
LN-100797,Michelle Sanchez,04/02/2020,04/02/2046,357000,317730,3.84,2179,60 Days Delinquent,Single Family,IN,68,818,46098
LN-100798,Daniel Moore,02/06/2022,02/06/2041,633000,405120,3.48,3785,60 Days Delinquent,Single Family,CT,79,650,64907
LN-100799,Michelle Lewis,11/17/2020,11/17/2015,177000,152220,6.89,1570,Current,Townhouse,GA,77,762,86043
LN-100800,Thomas Williams,06/01/2022,06/01/2052,524000,455880,5.21,1852,Current,Single Family,CT,90,762,24349
LN-100801,Michelle Anderson,11/21/2023,11/21/2046,557000,467880,7.73,3767,Current,Townhouse,fl,60,740,76547
LN-100802,Ashley Thompson,04/05/2023,04/05/2044,612000,581400,6.9,3644,Default,Single Family,UT,93,633,51090
LN-100803,,01/10/2021,01/10/2040,624000,430560,6.33,2688,Current,Commercial,PA,69,721,51312
LN-100804,Donna Lewis,09/07/2019,09/07/2040,850000,612000,3.34,3461,30 Days Delinquent,Condo,CO,61,816,62795
LN-100805,William White,07/13/2018,07/13/2040,760000,471200,6.11,4206,90+ Days Delinquent,Multi Family,AZ,94,740,59477
LN-100806,Michelle Perez,04/17/2023,04/17/2049,651000,618450,7.03,2182,30 Days Delinquent,Commercial,MA,66,775,99586
LN-100807,Jennifer Brown,08/28/2018,08/28/2043,399000,307230,7.36,4241,Current,Townhouse,MO,61,785,92841
LN-100808,Robert Harris,12/04/2018,12/04/2036,646000,574940,4.11,2613,60 Days Delinquent,Townhouse,NY,69,763,45364
LN-100809,Thomas Jones,09/14/2022,09/14/2040,479000,368830,5.47,2286,Paid Off,Townhouse,KY,65,781,88447
LN-100810,Linda Gonzalez,06/05/2022,06/05/2017,682000,579700,4.8,1421,Default,Commercial,CA,58,674,34905
LN-100811,Michael Wilson,04/19/2018,04/19/2047,626000,582180,3.72,1971,Default,Multi Family,LA,92,788,25600
LN-100812,Andrew Johnson,10/08/2018,10/08/2033,701000,455650,3.4,1916,Current,Single Family,TX,80,707,59906
LN-100813,Linda Moore,03/24/2020,03/24/2045,224000,150080,7.2,3696,Default,Single Family,IN,82,635,74522
LN-100814,Charles Ramirez,05/23/2023,05/23/2052,711000,497700,4.1,2502,30 Days Delinquent,Single Family,IN,88,773,85209
LN-100815,Kimberly Smith,10/21/2019,10/21/2045,786000,526620,4.13,2138,60 Days Delinquent,Condo,UT,67,637,68928
LN-100816,Nancy White,03/17/2021,03/17/2016,505000,398950,3.52,1317,Current,Townhouse,MI,61,764,77064
LN-100817,Linda Wilson,01/21/2018,01/21/2034,477000,329130,6.55,2332,Default,Commercial,TN,91,620,25332
LN-100082,Elizabeth Ramirez,05/10/2020,05/10/2044,285000,253650,6.35,2990,Default,Townhouse,CO,86,772,14779
LN-100819,Christopher White,06/24/2018,06/24/2036,260000,218400,5.3,4378,Paid Off,Townhouse,WI,95,780,90254
LN-100820,John Brown,09/06/2021,09/06/2041,440000,290400,6.21,2052,90+ Days Delinquent,Townhouse,LA,75,746,18916
LN-100821,Steven Davis,05/07/2019,05/07/2036,243000,167670,4.51,3686,60 Days Delinquent,Commercial,MA,56,657,84766
LN-100822,Betty Martin,06/14/2021,06/14/2051,443000,416420,4.26,4497,Default,Townhouse,MD,76,690,32337
LN-100823,Jessica Ramirez,12/11/2023,12/11/2039,433000,298770,5.08,2006,Current,Multi Family,california,64,666,67469
LN-100824,Anthony Thomas,12/09/2018,12/09/2034,329000,266490,6.08,2275,Default,Condo,AL,64,661,69774
LN-100825,Michael Harris,04/04/2022,04/04/2042,656000,452640,6.18,2949,90+ Days Delinquent,Townhouse,UT,84,735,65239
LN-100826,Matthew Johnson,09/09/2018,09/09/2045,425000,318750,6.8,1273,30 Days Delinquent,Multi Family,CO,77,744,54836
LN-100827,Anthony Taylor,08/28/2021,08/28/2016,523000,334720,6.44,1342,90+ Days Delinquent,Multi Family,VA,82,714,68820
LN-100828,David Martinez,11/22/2019,11/22/2037,375000,285000,3.88,1469,Paid Off,Single Family,AZ,70,695,31307
LN-100829,,01/11/2019,01/11/2035,308000,277200,5.71,1213,30 Days Delinquent,Townhouse,CA,91,809,76825
LN-100830,Michelle Taylor,08/25/2021,08/25/2045,813000,593490,4.9,4436,Default,Commercial,AL,62,714,78823
LN-100831,Karen Brown,02/20/2022,02/20/2017,223000,198470,6.56,2631,Default,Single Family,SC,59,622,64871
LN-100832,Andrew Lewis,09/02/2018,09/02/2039,458000,444260,5.01,1698,90+ Days Delinquent,Multi Family,CT,83,672,29614
LN-100833,Jessica Thomas,09/17/2022,09/17/2042,572000,497640,7.52,1795,30 Days Delinquent,Commercial,MN,66,627,94298
LN-100834,Karen Jackson,02/08/2020,02/08/2042,625000,581250,3.34,1681,Current,Condo,MA,66,637,95188
LN-100835,William Thomas,05/08/2023,05/08/2040,615000,578100,5.55,1362,60 Days Delinquent,Condo,LA,76,792,54201
LN-100022,William Harris,02/13/2019,02/13/2040,331000,278040,6.44,4076,Default,Commercial,TN,93,678,61500
LN-100837,James Thomas,10/21/2023,10/21/2043,449000,395120,5.07,1313,60 Days Delinquent,Multi Family,NJ,69,757,48234
LN-100838,Elizabeth Martinez,03/18/2018,03/18/2035,225000,157500,4.05,4448,Paid Off,Multi Family,NY,75,637,41035
LN-100839,,09/09/2019,09/09/2035,480000,456000,4.96,3236,Default,Single Family,CT,85,694,38867
LN-100840,Mary Thomas,12/19/2021,12/19/2039,630000,611100,4.9,3357,Default,Multi Family,XX,70,678,93148
LN-100841,Donald Hernandez,08/22/2023,08/22/2040,503000,432580,3.36,3631,30 Days Delinquent,Single Family,SC,70,715,86270
LN-100842,,09/01/2021,09/01/2049,737000,641190,3.65,3336,Paid Off,Single Family,KY,76,680,63245
LN-100843,Lisa Rodriguez,03/09/2023,03/09/2050,671000,416020,5.25,1388,60 Days Delinquent,Multi Family,california,89,729,17792
LN-100844,Robert Miller,03/21/2018,03/21/2038,206000,173040,5.05,1854,30 Days Delinquent,Condo,OR,58,727,16073
LN-100845,Margaret Smith,01/27/2021,01/27/2043,610000,549000,6.16,1843,30 Days Delinquent,Townhouse,MN,86,688,56832
LN-100846,Robert Smith,08/28/2019,08/28/2041,399000,259350,7,3333,60 Days Delinquent,Commercial,ZZ,94,732,62244
LN-100847,,09/10/2021,09/10/2047,658000,493500,5.27,2421,30 Days Delinquent,Multi Family,NJ,57,806,61418
LN-100848,Paul White,08/28/2022,08/28/2049,454000,440380,7.44,2180,30 Days Delinquent,Townhouse,california,76,776,97542
LN-100849,Emily Martin,02/25/2023,02/25/2046,210000,184800,5.42,4481,90+ Days Delinquent,Multi Family,LA,93,723,74763
LN-100850,,08/27/2020,08/27/2036,275000,261250,4.78,3892,Default,Townhouse,CT,79,762,16202
LN-100851,Patricia Lewis,04/24/2021,04/24/2042,659000,507430,6.59,2351,Paid Off,Commercial,TX,75,764,57754
LN-100852,,02/24/2019,02/24/2041,348000,323640,6.87,2218,90+ Days Delinquent,Condo,NC,63,750,23332
LN-100853,Emily Davis,05/11/2019,05/11/2034,721000,562380,7.05,3218,Default,Townhouse,WA,89,749,18765
LN-100854,Patricia Thomas,12/09/2022,12/09/2047,696000,487200,4.63,1611,60 Days Delinquent,Single Family,WA,80,717,69687
LN-100855,Mary Moore,06/09/2021,06/09/2038,650000,611000,7.49,2755,Current,Single Family,TX,76,757,78267
LN-100856,Susan Jones,03/24/2018,03/24/2039,658000,532980,4.37,4286,Current,Multi Family,LA,56,658,80793
LN-100857,Jessica Smith,02/16/2020,02/16/2035,179000,166470,6.35,3188,30 Days Delinquent,Commercial,GA,81,739,27713
LN-100858,Charles Hernandez,05/14/2023,05/14/2052,287000,223860,7.54,1647,30 Days Delinquent,Commercial,WA,67,750,19862
LN-100859,Susan Taylor,02/24/2021,02/24/2016,500000,370000,4.38,3495,90+ Days Delinquent,Condo,IN,93,710,23900
LN-100448,Anthony Lopez,04/23/2020,04/23/2045,650000,409500,6.27,2157,90+ Days Delinquent,Multi Family,AL,69,706,91629
LN-100861,Sarah Jackson,11/09/2020,11/09/2015,705000,564000,4.37,2515,Default,Multi Family,CT,88,677,90251
LN-100862,Joseph Robinson,11/11/2023,11/11/2040,544000,359040,6.92,1547,30 Days Delinquent,Single Family,OH,66,741,70669
LN-100863,Patricia Smith,03/19/2023,03/19/2053,322000,260820,7.02,3339,60 Days Delinquent,Multi Family,AZ,55,806,50332
LN-100864,Ashley Jackson,10/14/2019,10/14/2014,848000,652960,5.46,2761,Paid Off,Single Family,MA,67,666,22802
LN-100865,Charles Thomas,07/27/2023,07/27/2046,172000,168560,6.16,2968,30 Days Delinquent,Multi Family,AZ,77,694,97017
LN-100866,,08/15/2023,08/15/2049,520000,410800,4.81,2533,60 Days Delinquent,Condo,AZ,83,697,93150
LN-100867,Andrew Thompson,08/05/2021,08/05/2050,262000,191260,7.27,3868,Current,Commercial,IN,79,690,33780
LN-100868,Jennifer Miller,05/08/2019,05/08/2047,188000,156040,7.27,3016,60 Days Delinquent,Commercial,newyork,91,697,32234
LN-100869,Sarah White,01/14/2020,01/14/2042,194000,118340,6.3,3456,90+ Days Delinquent,Townhouse,IL,60,706,29305
LN-100870,Thomas Thomas,12/27/2023,12/27/2051,370000,303400,6.52,1745,90+ Days Delinquent,Single Family,IN,61,705,60440
LN-100871,Mark Martin,11/07/2019,11/07/2046,609000,554190,4.13,1800,Paid Off,Condo,TN,87,662,10561
LN-100872,William Taylor,10/17/2022,10/17/2052,210000,140700,6.45,3434,30 Days Delinquent,Commercial,UT,68,738,30272
LN-100873,Betty Brown,09/17/2023,09/17/2042,806000,483600,6.87,3498,60 Days Delinquent,Condo,NJ,63,724,86931
LN-100874,Paul Martin,12/26/2020,12/26/2042,357000,249900,5.6,1513,Paid Off,Multi Family,WA,88,725,64430
LN-100086,Jessica Martinez,02/01/2018,02/01/2038,408000,310080,4.55,2165,30 Days Delinquent,Condo,GA,78,632,23834
LN-100876,Susan Hernandez,01/24/2018,01/24/2034,163000,135290,3.93,3634,60 Days Delinquent,Townhouse,AL,66,765,60339
LN-100877,Jessica Rodriguez,04/17/2019,04/17/2041,650000,520000,5.1,4282,Paid Off,Townhouse,TN,83,784,17005
LN-100878,Charles Smith,03/24/2022,03/24/2050,641000,596130,4.59,2344,Default,Commercial,CA,65,627,66166
LN-100879,Joseph Moore,08/15/2020,08/15/2048,386000,374420,7.11,1760,Paid Off,Condo,IL,76,649,42399
LN-100880,Christopher Jackson,09/03/2019,09/03/2038,395000,288350,6.43,3459,Default,Commercial,UT,66,722,55227
LN-100256,Andrew Robinson,06/08/2019,06/08/2038,385000,327250,3.83,3748,Current,Multi Family,IL,74,780,97812
LN-100066,Sandra Hernandez,12/21/2020,12/21/2039,269000,188300,3.71,2319,Paid Off,Commercial,TX,56,788,82919
LN-100883,Charles Hernandez,04/08/2022,04/08/2049,813000,772350,5.26,2387,Current,Single Family,WI,82,809,18702
LN-100884,Nancy Moore,01/20/2022,01/20/2038,707000,586810,7.16,2133,60 Days Delinquent,Townhouse,CT,72,795,24943
LN-100885,Donna Thomas,02/19/2019,02/19/2036,500000,375000,6.2,1571,Default,Multi Family,TX,81,679,65345
LN-100822,Matthew Thompson,01/09/2022,01/09/2041,737000,501160,5.08,3667,60 Days Delinquent,Townhouse,MO,67,748,52453
LN-100532,Richard Anderson,05/01/2023,05/01/2049,234000,180180,5.33,3371,30 Days Delinquent,Condo,TN,78,778,19415
LN-100888,Matthew Taylor,09/10/2018,09/10/2042,732000,607560,4.12,3537,30 Days Delinquent,Commercial,VA,89,636,75929
LN-100889,Mary Jackson,05/18/2021,05/18/2042,603000,542700,6.6,1649,Default,Multi Family,NY,86,788,62492
LN-100890,John Wilson,02/03/2023,02/03/2053,570000,421800,3.73,1709,Default,Townhouse,texas,80,713,39746
LN-100891,Matthew Gonzalez,07/05/2021,07/05/2042,319000,232870,3.32,1371,Default,Commercial,WI,85,777,25598
LN-100058,Margaret Martinez,07/06/2020,07/06/2046,222000,170940,6.4,2415,Default,Commercial,AZ,91,660,87736
LN-100893,Charles Thomas,08/17/2022,08/17/2042,382000,324700,6.72,1272,Default,Townhouse,IN,82,649,19807
LN-100894,Susan Perez,03/01/2019,03/01/2034,588000,458640,7.28,2831,90+ Days Delinquent,Condo,CA,79,759,92726
LN-100895,Anthony Clark,05/15/2021,05/15/2045,489000,366750,6.2,1457,Paid Off,Townhouse,MI,65,801,35617
LN-100896,Daniel Gonzalez,06/14/2020,06/14/2039,457000,374740,6.54,1805,Paid Off,Multi Family,LA,55,640,42558
LN-100897,Paul Martinez,06/07/2020,06/07/2049,518000,362600,6.59,3489,90+ Days Delinquent,Single Family,WI,83,758,96647
LN-100898,Robert Johnson,02/15/2023,02/15/2018,757000,492050,4.34,2430,Default,Condo,MI,67,622,53127
LN-100899,Jennifer Lewis,03/02/2021,03/02/2048,239000,215100,7.32,1632,Current,Single Family,TX,73,731,34992
LN-100900,Margaret Smith,11/15/2020,11/15/2042,345000,296700,6.96,3152,90+ Days Delinquent,Multi Family,MD,88,620,20199
LN-100901,Richard Williams,09/08/2023,09/08/2052,644000,392840,5.21,2927,30 Days Delinquent,Townhouse,MI,81,769,53051
LN-100902,Kimberly Moore,09/27/2021,09/27/2051,367000,256900,6.86,2217,90+ Days Delinquent,Condo,FL,94,663,15907
LN-100903,Jessica Thompson,10/25/2018,10/25/2013,705000,430050,7.18,4164,Default,Condo,TX,64,623,57997
LN-100904,Charles Brown,07/13/2018,07/13/2013,184000,121440,6.2,1538,Current,Condo,PA,69,648,75481
LN-100905,Robert Harris,08/16/2019,08/16/2038,707000,452480,6.11,2859,Default,Commercial,newyork,92,793,93800
LN-100906,Daniel Thomas,09/13/2021,09/13/2043,807000,621390,4.03,2162,Current,Single Family,WI,58,749,60747
LN-100907,Donald Perez,10/15/2023,10/15/2051,606000,369660,7.25,2503,30 Days Delinquent,Single Family,LA,91,819,99788
LN-100908,Nancy Brown,10/26/2022,10/26/2041,191000,175720,3.87,2524,Current,Single Family,KY,95,729,98501
LN-100909,Sandra Clark,10/25/2023,10/25/2047,243000,165240,6,1789,Default,Multi Family,TX,75,812,11028
LN-100910,Margaret Harris,12/06/2021,12/06/2041,841000,571880,5.36,3580,90+ Days Delinquent,Condo,MN,66,707,32741
LN-100911,Sandra Martin,10/20/2022,10/20/2051,700000,469000,4.09,1369,Current,Single Family,GA,90,743,12395
LN-100912,Mark Hernandez,09/11/2019,09/11/2045,848000,720800,7.22,3566,30 Days Delinquent,Single Family,IL,95,653,84773
LN-100913,Michelle Thompson,09/07/2019,09/07/2036,534000,421860,6.51,2044,Default,Multi Family,CA,95,666,57653
LN-100914,Mark Lewis,01/19/2019,01/19/2048,310000,198400,5.31,4095,Paid Off,Condo,OR,62,732,28896
LN-100541,Richard Garcia,10/02/2018,10/02/2043,633000,405120,7.13,3114,30 Days Delinquent,Condo,AL,62,751,83401
LN-100916,Donna Martinez,04/22/2021,04/22/2047,707000,622160,3.96,4062,Current,Multi Family,WA,89,727,64198
LN-100917,Matthew White,01/10/2019,01/10/2039,267000,178890,6.09,2733,30 Days Delinquent,Single Family,MO,86,638,62032
LN-100918,Nancy Hernandez,05/07/2021,05/07/2043,548000,421960,7.58,3159,60 Days Delinquent,Single Family,OR,73,794,41547
LN-100919,William Taylor,06/01/2022,06/01/2044,488000,458720,3.38,3591,30 Days Delinquent,Commercial,fl,89,734,22294
LN-100920,Jessica Miller,12/04/2021,12/04/2041,244000,161040,7.08,1761,Paid Off,Single Family,MN,82,633,32256
LN-100921,James Thomas,03/04/2019,03/04/2044,170000,119000,5.59,2959,Paid Off,Multi Family,MN,90,648,38836
LN-100922,Margaret Martin,04/09/2021,04/09/2044,340000,312800,5.51,1347,60 Days Delinquent,Townhouse,KY,65,820,95718
LN-100923,Daniel White,11/11/2018,11/11/2044,515000,468650,5.26,3219,90+ Days Delinquent,Townhouse,MN,73,636,36088
LN-100924,Karen Perez,08/11/2018,08/11/2036,565000,502850,3.42,3362,Default,Single Family,OH,93,778,82033
LN-100925,Kimberly Ramirez,06/07/2018,06/07/2013,451000,288640,7.49,4300,90+ Days Delinquent,Townhouse,WA,85,772,20852
LN-100926,Jennifer Johnson,04/06/2021,04/06/2047,167000,128590,5.22,1482,30 Days Delinquent,Commercial,TX,84,725,75248
LN-100927,Jennifer Garcia,11/26/2020,11/26/2049,644000,457240,3.8,2282,30 Days Delinquent,Townhouse,ZZ,67,776,98536
LN-100928,Thomas Martin,04/17/2019,04/17/2044,362000,300460,3.32,2606,Default,Commercial,CT,57,699,41281
LN-100929,Betty Ramirez,01/28/2021,01/28/2039,279000,267840,5.07,1258,30 Days Delinquent,Townhouse,WI,81,709,81968
LN-100930,Jennifer Lopez,09/07/2023,09/07/2018,508000,340360,5.2,1683,60 Days Delinquent,Single Family,GA,82,652,16122
LN-100931,Kimberly Garcia,10/17/2020,10/17/2050,323000,213180,4.95,4013,30 Days Delinquent,Multi Family,OR,63,652,50537
LN-100932,Donna Ramirez,05/24/2018,05/24/2037,174000,144420,3.42,1261,30 Days Delinquent,Single Family,WI,91,677,83045
LN-100933,Betty Brown,12/09/2023,12/09/2045,574000,441980,4.87,2371,90+ Days Delinquent,Multi Family,WA,71,634,83070
LN-100864,Emily Jackson,09/27/2019,09/27/2043,417000,387810,5.02,1223,Default,Condo,LA,73,816,92679
LN-100935,Joseph Taylor,07/19/2023,07/19/2051,440000,365200,3.51,2172,Current,Single Family,CT,70,775,94762
LN-100936,David Moore,06/27/2023,06/27/2044,351000,273780,7.09,4052,30 Days Delinquent,Multi Family,CO,64,764,59474
LN-100937,Anthony Lee,03/15/2018,03/15/2037,548000,531560,7.18,1536,Paid Off,Multi Family,MA,66,677,95514
LN-100938,Paul Lee,07/03/2021,07/03/2043,466000,284260,5.73,1504,Current,Townhouse,WI,74,759,31854
LN-100939,Matthew Lee,08/06/2022,08/06/2017,582000,384120,7.44,3421,Current,Multi Family,MI,88,638,36299
LN-100940,Ashley Lewis,10/22/2019,10/22/2048,273000,182910,6.3,2361,Current,Condo,NJ,83,742,47172
LN-100941,Emily Jackson,12/02/2023,12/02/2051,412000,329600,5.13,3937,Paid Off,Condo,NC,70,820,47287
LN-100942,Joseph Moore,02/10/2021,02/10/2051,205000,164000,5.16,2951,Current,Commercial,XX,67,628,90723
LN-100943,Sandra Jones,11/24/2019,11/24/2042,472000,438960,6.73,3493,Paid Off,Commercial,UT,82,806,21003
LN-100944,David Johnson,02/14/2018,02/14/2043,156000,146640,4.85,3730,Current,Condo,OR,70,710,21619
LN-100945,Joshua Lewis,08/16/2022,08/16/2047,286000,214500,5.88,3824,60 Days Delinquent,Commercial,WI,91,777,94784
LN-100946,Steven Johnson,11/12/2019,11/12/2041,434000,403620,4.63,3049,30 Days Delinquent,Multi Family,UT,92,678,81559
LN-100901,Richard Thompson,07/10/2022,07/10/2051,749000,689080,4.98,3215,Default,Commercial,MN,65,809,98371
LN-100948,Donna Robinson,07/13/2018,07/13/2034,481000,384800,5.45,1588,Paid Off,Multi Family,NY,61,631,12636
LN-100949,Daniel Rodriguez,05/18/2021,05/18/2016,650000,461500,7.29,1763,Paid Off,Single Family,GA,69,802,99556
LN-100950,Thomas Ramirez,10/10/2020,10/10/2041,586000,398480,6.99,3851,Default,Multi Family,MA,83,743,92603
LN-100951,Mary Perez,06/01/2020,06/01/2048,201000,136680,6.79,2760,Paid Off,Condo,WA,75,673,68604
LN-100952,Mary Ramirez,10/15/2020,10/15/2050,571000,468220,7.37,3756,60 Days Delinquent,Commercial,VA,67,645,71211
LN-100953,Thomas Lewis,03/17/2019,03/17/2039,488000,346480,3.66,2744,30 Days Delinquent,Townhouse,MA,79,790,48057
LN-100954,David Sanchez,05/19/2023,05/19/2049,443000,434140,4.48,1982,90+ Days Delinquent,Commercial,AZ,91,716,24804
LN-100955,Mary Moore,08/21/2022,08/21/2050,469000,450240,7.29,2068,Paid Off,Single Family,fl,56,813,88107
LN-100956,Jessica White,12/23/2018,12/23/2039,222000,135420,6.63,3394,Current,Commercial,CO,79,701,99785
LN-100957,Anthony Clark,03/19/2022,03/19/2037,596000,369520,3.7,2154,Default,Townhouse,OK,75,651,95573
LN-100958,John Jackson,07/03/2018,07/03/2039,161000,130410,6.97,1984,Default,Multi Family,fl,58,786,33229
LN-100959,David Moore,03/04/2019,03/04/2038,244000,178120,4.04,4437,Current,Commercial,VA,76,761,29151
LN-100245,Robert Ramirez,05/19/2023,05/19/2045,538000,435780,3.37,1892,30 Days Delinquent,Townhouse,LA,94,663,75667
LN-100961,Charles Thomas,12/20/2021,12/20/2043,516000,479880,6.63,4194,Paid Off,Single Family,SC,77,803,35282
LN-100143,Joshua Thompson,11/04/2021,11/04/2041,418000,309320,7.38,2121,90+ Days Delinquent,Single Family,GA,94,764,93008
LN-100221,Jennifer Taylor,06/02/2022,06/02/2039,367000,289930,6.56,2442,Default,Commercial,MN,70,647,11842
LN-100964,Michael Rodriguez,09/22/2018,09/22/2045,473000,397320,6.6,3730,90+ Days Delinquent,Condo,newyork,62,768,41273
LN-100965,Paul Anderson,04/27/2022,04/27/2046,293000,228540,4.64,3595,Default,Condo,TN,95,745,93314
LN-100966,Christopher Garcia,01/27/2018,01/27/2047,335000,261300,6.2,2504,90+ Days Delinquent,Single Family,unknown,69,805,89347
LN-100967,Ashley Wilson,02/23/2023,02/23/2018,665000,445550,6.75,3286,90+ Days Delinquent,Single Family,WA,63,639,91295
LN-100968,James Thomas,05/10/2018,05/10/2013,275000,236500,4.66,2244,Current,Commercial,LA,72,737,22280
LN-100969,Andrew Gonzalez,02/16/2020,02/16/2038,645000,464400,7.05,3350,90+ Days Delinquent,Condo,MI,76,684,40419
LN-100970,Elizabeth White,01/17/2020,01/17/2035,692000,608960,7.64,1515,Default,Multi Family,california,78,647,37698
LN-100971,John Lee,03/23/2021,03/23/2037,833000,808010,5.65,4304,Default,Commercial,AZ,89,763,45268
LN-100972,John Lewis,11/24/2021,11/24/2044,231000,198660,6.97,4155,90+ Days Delinquent,Multi Family,FL,63,753,32704
LN-100973,Linda Hernandez,11/21/2018,11/21/2043,693000,595980,4.64,3392,Current,Commercial,SC,55,675,31835
LN-100974,Patricia Clark,04/15/2020,04/15/2050,219000,179580,7.03,3382,90+ Days Delinquent,Multi Family,NJ,74,690,64449
LN-100975,Richard Perez,01/14/2022,01/14/2048,465000,381300,4.73,2716,Default,Townhouse,UT,69,722,60591
LN-100976,Lisa Williams,12/04/2021,12/04/2051,213000,149100,3.37,3852,60 Days Delinquent,Commercial,MI,79,673,86923
LN-100977,David Davis,12/24/2019,12/24/2034,286000,191620,6.12,3172,30 Days Delinquent,Multi Family,MD,88,771,87178
LN-100978,Paul Lopez,08/05/2023,08/05/2050,362000,318560,4.88,1592,30 Days Delinquent,Condo,MD,72,688,50290
LN-100979,Betty Anderson,07/24/2021,07/24/2016,699000,468330,4.64,1674,60 Days Delinquent,Condo,VA,65,720,97049
LN-100980,Kimberly Smith,09/25/2018,09/25/2048,660000,627000,6.71,1742,30 Days Delinquent,Townhouse,CA,56,656,16969
LN-100981,Anthony Davis,09/27/2019,09/27/2047,607000,497740,7.59,2778,60 Days Delinquent,Townhouse,KY,62,747,58123
LN-100982,Richard Hernandez,08/05/2018,08/05/2033,798000,726180,5.24,4447,Current,Commercial,VA,84,803,96506
LN-100983,Charles Davis,01/05/2019,01/05/2037,637000,624260,6.47,3529,60 Days Delinquent,Condo,FL,81,651,82632
LN-100984,Ashley Lee,02/13/2022,02/13/2043,314000,298300,7.51,2478,30 Days Delinquent,Townhouse,MN,60,673,28300
LN-100985,Steven Garcia,01/12/2023,01/12/2018,326000,280360,5.77,1419,Current,Single Family,WA,72,775,33143
LN-100986,Betty Williams,10/24/2023,10/24/2048,833000,499800,7.02,3314,60 Days Delinquent,Condo,NY,84,694,17694
LN-100987,Christopher Miller,04/04/2020,04/04/2037,164000,114800,4.09,4386,Paid Off,Condo,XX,95,725,40378
LN-100988,Margaret Lewis,02/04/2020,02/04/2047,513000,359100,3.45,2889,90+ Days Delinquent,Multi Family,MD,84,667,81421
LN-100989,Karen Ramirez,07/27/2018,07/27/2039,486000,301320,4.33,3294,60 Days Delinquent,Single Family,TX,95,695,52544
LN-100990,Richard Davis,02/28/2023,02/28/2047,811000,762340,7.11,2880,90+ Days Delinquent,Townhouse,PA,83,636,53111
LN-100991,Mary Perez,07/06/2021,07/06/2039,568000,397600,5.48,3744,Current,Condo,TX,90,797,85310
LN-100992,Elizabeth Miller,04/24/2021,04/24/2037,731000,577490,6.42,3213,60 Days Delinquent,Commercial,texas,77,667,94727
LN-100993,Thomas Williams,06/12/2022,06/12/2039,718000,524140,5.58,2314,Current,Commercial,WI,91,652,46234
LN-100083,Jessica Martinez,05/03/2022,05/03/2040,450000,436500,5.77,2407,Current,Single Family,CO,92,684,14952
LN-100995,Robert Smith,10/17/2019,10/17/2041,364000,327600,5,2339,Default,Commercial,KY,79,757,85186
LN-100996,Daniel Moore,07/11/2018,07/11/2047,164000,109880,7.34,4322,30 Days Delinquent,Commercial,NY,67,814,91976
LN-100997,Steven Lewis,06/28/2019,06/28/2034,651000,585900,5.84,3244,Current,Townhouse,newyork,62,633,30442
LN-100998,James Harris,08/01/2019,08/01/2014,285000,216600,6.7,1955,Current,Multi Family,MO,78,661,37662
LN-100999,Susan Taylor,11/18/2021,11/18/2016,793000,491660,7.52,4315,60 Days Delinquent,Townhouse,TN,67,627,17041
LN-101000,Steven Ramirez,10/05/2018,10/05/2037,531000,424800,7.1,3203,60 Days Delinquent,Multi Family,WI,63,624,36266
LN-101001,Jessica Taylor,01/18/2020,01/18/2038,434000,321160,6.32,1563,Current,Condo,NY,70,687,93118
LN-101002,Joseph Brown,07/15/2021,07/15/2040,315000,264600,4.11,2864,Current,Multi Family,SC,74,708,74742
LN-101003,Matthew Wilson,09/23/2020,09/23/2045,229000,139690,6.45,2276,90+ Days Delinquent,Condo,AZ,59,637,90304
LN-101004,Linda Davis,12/18/2022,12/18/2041,197000,133960,5.7,3378,60 Days Delinquent,Multi Family,IN,75,759,49388
LN-101005,Linda Davis,11/17/2022,11/17/2037,650000,539500,3.53,4130,90+ Days Delinquent,Townhouse,PA,82,743,36771
LN-100394,Elizabeth Smith,07/21/2020,07/21/2039,775000,503750,7.34,3288,30 Days Delinquent,Condo,LA,64,735,22409
LN-101007,Donna Martin,09/12/2022,09/12/2038,627000,489060,4.51,2525,60 Days Delinquent,Condo,fl,66,624,15118
LN-101008,Sandra Jones,10/02/2021,10/02/2050,748000,561000,4.54,1553,30 Days Delinquent,Single Family,NJ,90,672,55465
LN-101009,Jessica Rodriguez,11/05/2019,11/05/2037,461000,424120,7.55,3951,90+ Days Delinquent,Single Family,GA,72,714,90671
LN-101010,Betty Martin,03/22/2021,03/22/2036,811000,543370,3.89,2967,60 Days Delinquent,Townhouse,NY,87,715,80947
LN-101011,Barbara Perez,08/18/2022,08/18/2017,393000,345840,7.18,2751,Current,Townhouse,UT,90,799,79068
LN-101012,Linda Brown,08/16/2021,08/16/2051,422000,324940,5.86,2466,Current,Commercial,FL,82,721,35288
LN-101013,Donald Thomas,07/06/2019,07/06/2043,264000,224400,4.53,1231,60 Days Delinquent,Condo,SC,70,725,76360
LN-101014,Mary Harris,06/06/2022,06/06/2038,325000,221000,4.32,1633,30 Days Delinquent,Condo,NC,85,757,43268
LN-101015,Patricia Lopez,03/26/2020,03/26/2049,337000,279710,5.35,4125,90+ Days Delinquent,Commercial,NJ,75,625,60911
LN-101016,Ashley Harris,06/16/2021,06/16/2036,646000,510340,7.24,4232,Paid Off,Condo,CT,73,727,42773
LN-101017,James Lopez,07/05/2021,07/05/2042,480000,288000,6.8,1587,30 Days Delinquent,Single Family,OK,88,735,98548
LN-101018,James Wilson,05/16/2020,05/16/2049,846000,575280,4.56,1775,Current,Multi Family,OR,62,679,11371
LN-101019,Margaret Lopez,03/21/2018,03/21/2034,268000,257280,3.56,3753,Paid Off,Commercial,VA,93,647,98067
LN-101020,Joseph Taylor,07/08/2018,07/08/2013,273000,196560,4.62,1566,90+ Days Delinquent,Townhouse,GA,91,656,79883
LN-101021,Richard Taylor,04/19/2018,04/19/2045,218000,139520,7.73,1285,30 Days Delinquent,Commercial,SC,91,766,68856
LN-101022,Michelle Johnson,09/27/2018,09/27/2035,289000,280330,3.72,3857,30 Days Delinquent,Single Family,PA,65,642,44738
LN-101023,David Johnson,06/16/2018,06/16/2041,151000,131370,5.74,2294,Default,Commercial,MD,56,741,94263
LN-101024,Nancy Miller,08/11/2021,08/11/2050,501000,320640,4.6,1344,60 Days Delinquent,Multi Family,UT,95,784,75865
LN-101025,Susan Jones,06/23/2023,06/23/2042,312000,193440,7.04,3948,90+ Days Delinquent,Single Family,MN,72,796,11208
LN-101026,Joshua Martin,06/06/2021,06/06/2037,285000,225150,4.94,1862,Default,Single Family,NJ,56,713,71698
LN-101027,Daniel Ramirez,12/27/2018,12/27/2044,328000,249280,4.97,4398,90+ Days Delinquent,Townhouse,AZ,78,662,85669
LN-101028,Joseph Rodriguez,04/06/2023,04/06/2049,539000,420420,3.57,2832,Paid Off,Townhouse,MO,60,709,29719
LN-101029,William Robinson,12/09/2021,12/09/2048,746000,492360,3.54,2340,60 Days Delinquent,Townhouse,CT,59,714,95208
LN-101030,Richard Johnson,11/25/2021,11/25/2036,170000,151300,4.56,2349,90+ Days Delinquent,Condo,MN,71,768,53693
LN-100066,Michael Williams,07/04/2022,07/04/2044,629000,597550,3.79,2779,Current,Single Family,AZ,90,695,33668
LN-101032,Anthony Johnson,04/18/2019,04/18/2039,197000,124110,6.94,2926,90+ Days Delinquent,Townhouse,MN,93,790,66271
LN-100560,David Garcia,05/03/2022,05/03/2040,209000,167200,3.69,2670,30 Days Delinquent,Commercial,MA,75,665,34604
LN-101034,Barbara Lee,11/20/2023,11/20/2053,284000,252760,3.98,1205,Paid Off,Townhouse,UT,94,650,72372
LN-101035,Christopher Thomas,08/06/2019,08/06/2044,214000,173340,5.4,1442,Paid Off,Commercial,CT,92,646,44948
LN-101036,Jessica Perez,07/16/2018,07/16/2043,828000,579600,5.59,2529,60 Days Delinquent,Condo,OR,74,623,66381
LN-101037,Robert Thompson,09/27/2023,09/27/2043,476000,461720,7.27,3836,Default,Townhouse,MN,83,675,49827
LN-101038,Nancy Moore,04/05/2022,04/05/2051,222000,133200,3.67,2084,Default,Multi Family,KY,82,769,41619
LN-101039,Paul Martinez,11/22/2020,11/22/2043,447000,339720,4.38,2214,Paid Off,Single Family,VA,61,621,39848
LN-101040,Barbara Lewis,08/20/2019,08/20/2047,167000,135270,7.24,1770,30 Days Delinquent,Single Family,99,88,756,47716
LN-101041,Christopher Ramirez,02/09/2021,02/09/2038,673000,551860,7.41,3509,60 Days Delinquent,Multi Family,IL,80,728,97309
LN-101042,Nancy Perez,12/10/2021,12/10/2043,812000,698320,4.37,3146,30 Days Delinquent,Townhouse,MD,65,760,92855
LN-100533,Jennifer Martin,03/28/2023,03/28/2053,536000,380560,3.35,3367,Paid Off,Townhouse,WA,81,735,65223
LN-101044,Donald Smith,10/07/2022,10/07/2017,757000,628310,5.64,3010,90+ Days Delinquent,Commercial,MD,57,719,57709
LN-101045,Thomas Taylor,11/26/2023,11/26/2018,279000,262260,7.7,1543,30 Days Delinquent,Single Family,WA,61,738,83718
LN-101046,Kimberly Lopez,08/19/2023,08/19/2052,699000,447360,3.62,4112,90+ Days Delinquent,Multi Family,TX,63,804,91024
LN-101047,Joseph Brown,07/09/2023,07/09/2041,514000,390640,4.01,2502,90+ Days Delinquent,Townhouse,LA,92,791,24222
LN-101048,Steven Garcia,09/08/2018,09/08/2036,636000,400680,5.2,3090,30 Days Delinquent,Multi Family,OH,62,740,10701
LN-101049,Paul Hernandez,06/18/2021,06/18/2040,484000,295240,3.58,1226,Default,Condo,NC,77,725,88327
LN-101050,Daniel Rodriguez,02/14/2019,02/14/2041,187000,166430,7.26,1521,Paid Off,Single Family,unknown,68,753,78679
LN-101051,Sarah Miller,07/28/2023,07/28/2050,608000,583680,4.02,2113,30 Days Delinquent,Multi Family,WI,87,660,72715
LN-101052,Patricia Martinez,02/13/2018,02/13/2036,687000,522120,4.67,3607,60 Days Delinquent,Commercial,OH,64,657,18929
LN-101053,Barbara Thompson,11/07/2023,11/07/2050,751000,660880,7.26,1711,30 Days Delinquent,Condo,california,62,688,30009
LN-101054,Mary Martinez,06/19/2019,06/19/2014,311000,236360,6.83,1721,30 Days Delinquent,Townhouse,TN,73,731,99533
LN-101055,Emily Jackson,03/25/2019,03/25/2046,327000,225630,3.59,3260,Default,Single Family,MD,91,697,72001
LN-101056,William Thompson,02/22/2021,02/22/2036,336000,322560,6.65,2951,Current,Single Family,CT,70,672,76343
LN-101057,Sarah Thompson,11/09/2021,11/09/2036,557000,456740,5.06,3190,Paid Off,Single Family,IN,64,676,92852
LN-101058,Nancy Williams,10/05/2020,10/05/2048,224000,215040,6.14,4099,60 Days Delinquent,Single Family,OR,59,758,93530
LN-101059,Emily Martin,02/26/2021,02/26/2036,190000,123500,4.69,2844,30 Days Delinquent,Townhouse,TN,66,778,65387
LN-101060,David Clark,05/18/2018,05/18/2036,753000,685230,4.76,2056,Paid Off,Single Family,AL,75,670,29370
LN-101061,Ashley Thomas,03/20/2022,03/20/2046,603000,428130,3.85,1831,Default,Single Family,NJ,76,670,66597
LN-100223,Daniel Hernandez,11/13/2018,11/13/2042,576000,432000,5.09,3925,Paid Off,Townhouse,CO,70,797,50409
LN-101063,Karen Rodriguez,07/19/2023,07/19/2038,422000,384020,4.28,3052,90+ Days Delinquent,Commercial,MN,69,814,55508
LN-101064,Kimberly Lewis,12/27/2020,12/27/2043,691000,552800,4.26,3848,Default,Commercial,ZZ,91,628,96968
LN-101065,Sarah Brown,02/10/2023,02/10/2053,755000,649300,7.32,2896,30 Days Delinquent,Condo,WA,81,727,73851
LN-101066,Mark Lopez,07/01/2018,07/01/2033,518000,315980,4.47,1479,Current,Multi Family,VA,76,685,60618
LN-101067,Donna Perez,03/20/2018,03/20/2043,474000,289140,5.22,2167,60 Days Delinquent,Condo,GA,69,799,45882
LN-101068,Charles Perez,07/05/2020,07/05/2042,560000,532000,5.17,1210,60 Days Delinquent,Condo,IN,85,709,50544
LN-101069,Michelle Rodriguez,04/23/2023,04/23/2050,742000,615860,7.44,3813,Default,Condo,NY,71,720,34826
LN-101070,Richard Gonzalez,07/05/2021,07/05/2037,277000,202210,3.79,2890,Default,Single Family,PA,79,815,45751
LN-101071,Charles Martin,08/19/2023,08/19/2045,235000,192700,5.86,2246,60 Days Delinquent,Single Family,NJ,71,673,69304
LN-101072,Betty Smith,09/09/2019,09/09/2037,464000,324800,3.31,3730,90+ Days Delinquent,Condo,FL,57,778,28742
LN-101073,Emily Rodriguez,06/06/2019,06/06/2042,419000,381290,6.34,2053,Paid Off,Townhouse,WA,85,787,12338
LN-101074,Jennifer Clark,04/27/2019,04/27/2049,693000,602910,7.72,1545,60 Days Delinquent,Condo,OH,59,710,89946
LN-101075,Steven Gonzalez,12/07/2018,12/07/2044,380000,269800,5.18,4437,Paid Off,Multi Family,UT,77,792,92939
LN-101076,Sarah Anderson,06/05/2023,06/05/2049,225000,204750,5.38,1926,Paid Off,Single Family,LA,77,754,19095
LN-101077,Michelle Harris,07/16/2021,07/16/2045,472000,302080,6.1,1699,60 Days Delinquent,Commercial,CT,78,637,21751
LN-101078,Betty Perez,10/05/2019,10/05/2046,775000,612250,3.94,2322,90+ Days Delinquent,Condo,WI,88,633,25240
LN-101079,Lisa Gonzalez,04/13/2023,04/13/2050,374000,254320,3.65,1875,30 Days Delinquent,Townhouse,CT,76,671,64660
LN-101080,Patricia Thompson,03/22/2023,03/22/2049,565000,418100,3.55,3772,60 Days Delinquent,Multi Family,OK,57,669,96150
LN-101081,Barbara Williams,09/17/2018,09/17/2042,311000,242580,6.43,1567,30 Days Delinquent,Multi Family,UT,58,705,78314
LN-101082,Robert Garcia,07/20/2019,07/20/2043,696000,515040,6.14,3117,30 Days Delinquent,Single Family,PA,76,724,68140
LN-101083,Christopher White,05/16/2022,05/16/2047,730000,481800,6.19,1334,60 Days Delinquent,Condo,AL,84,695,65011
LN-101084,Emily Jackson,04/23/2023,04/23/2049,254000,223520,6.79,3771,Paid Off,Single Family,MO,64,770,27976
LN-101085,Anthony Thomas,03/11/2018,03/11/2046,244000,224480,3.49,1845,90+ Days Delinquent,Multi Family,TN,92,758,24384
LN-101086,Robert Perez,06/20/2020,06/20/2049,164000,100040,5.47,3992,60 Days Delinquent,Townhouse,OK,80,794,86964
LN-101087,Richard Rodriguez,06/12/2022,06/12/2051,850000,671500,4.28,2910,Default,Single Family,NJ,79,789,96967
LN-101088,Donna Lewis,07/21/2023,07/21/2053,414000,289800,6.81,2310,60 Days Delinquent,Single Family,LA,81,778,89751
LN-101089,Matthew Smith,12/17/2023,12/17/2038,276000,209760,5.04,1587,Default,Commercial,PA,69,687,15580
LN-101090,David Hernandez,02/21/2023,02/21/2048,255000,160650,7.69,4468,60 Days Delinquent,Multi Family,OH,78,701,78725
LN-101091,Patricia Lewis,09/15/2019,09/15/2048,408000,375360,5.86,1667,Default,Townhouse,IN,65,713,50990
LN-101092,Emily Ramirez,08/25/2023,08/25/2039,362000,307700,6.45,1362,90+ Days Delinquent,Multi Family,WI,88,801,31933
LN-101093,Emily Lopez,08/09/2019,08/09/2036,718000,473880,3.35,3655,Paid Off,Commercial,MI,75,727,47057
LN-101094,Robert Lewis,05/03/2021,05/03/2047,488000,439200,7.68,1537,60 Days Delinquent,Multi Family,CO,85,776,71461
LN-101095,Ashley Miller,01/12/2023,01/12/2052,394000,248220,7.01,3884,Paid Off,Multi Family,LA,94,739,60024
LN-101096,Margaret Taylor,06/08/2021,06/08/2036,806000,660920,6.66,2259,30 Days Delinquent,Single Family,NJ,86,814,70215
LN-101097,Jennifer Clark,11/16/2022,11/16/2047,527000,469030,7.63,2163,Paid Off,Townhouse,texas,61,747,26906
LN-101098,Anthony Brown,06/05/2020,06/05/2048,536000,369840,5.42,3049,90+ Days Delinquent,Townhouse,WA,63,622,48257
LN-101099,Anthony Lee,04/03/2019,04/03/2038,339000,328830,5.34,2412,Paid Off,Multi Family,CO,90,746,94782
LN-101100,Karen Perez,09/10/2020,09/10/2042,524000,482080,7.6,4053,60 Days Delinquent,Condo,TN,80,774,71532
LN-101101,Daniel Garcia,07/06/2018,07/06/2040,538000,328180,3.65,3713,Paid Off,Commercial,KY,68,754,65982
LN-101102,Margaret Martinez,12/09/2019,12/09/2044,351000,263250,5.79,2281,Paid Off,Condo,NC,89,765,60405
LN-101103,Charles Jackson,07/14/2022,07/14/2045,627000,539220,4.13,1967,30 Days Delinquent,Single Family,99,93,796,13883
LN-101104,Paul White,03/09/2019,03/09/2038,312000,243360,6.12,2106,30 Days Delinquent,Townhouse,CA,94,626,97806
LN-101105,Susan Robinson,09/06/2021,09/06/2039,406000,385700,4.49,2221,Current,Single Family,MI,95,716,85303
LN-101106,Jessica Smith,04/26/2020,04/26/2044,391000,254150,4.39,3278,90+ Days Delinquent,Multi Family,FL,87,654,55479
LN-101107,Karen Jackson,10/01/2019,10/01/2014,168000,149520,7.7,2292,Default,Townhouse,PA,63,666,14324
LN-101108,Susan Moore,02/20/2018,02/20/2040,663000,570180,6.03,2213,30 Days Delinquent,Condo,OH,76,698,59071
LN-101109,David Hernandez,11/17/2022,11/17/2045,642000,513600,6.32,3014,30 Days Delinquent,Condo,UT,69,816,31471
LN-101110,Susan Thomas,02/18/2020,02/18/2045,399000,287280,6.27,3533,Paid Off,Condo,LA,65,802,34764
LN-101111,Matthew Gonzalez,07/22/2018,07/22/2047,297000,240570,6.44,3074,90+ Days Delinquent,Condo,OR,73,728,23628
LN-101112,Elizabeth Perez,08/10/2020,08/10/2049,780000,733200,6.84,3649,Default,Townhouse,UT,63,771,63488
LN-101113,Donald White,12/04/2018,12/04/2048,247000,214890,6.05,3009,Current,Commercial,TN,84,759,95121
LN-101114,Donna Sanchez,11/20/2023,11/20/2048,748000,673200,3.46,4461,Paid Off,Multi Family,OH,76,693,20595
LN-101115,Sarah Gonzalez,04/08/2018,04/08/2035,155000,139500,5.47,2709,90+ Days Delinquent,Multi Family,WA,64,640,51481
LN-101116,Robert Rodriguez,12/25/2022,12/25/2051,784000,697760,5.05,2778,Default,Multi Family,california,86,684,28062
LN-101095,John Davis,06/19/2019,06/19/2043,407000,313390,3.66,1728,Default,Multi Family,UT,81,805,56288
LN-101118,William Jackson,06/02/2022,06/02/2017,244000,197640,3.64,2045,60 Days Delinquent,Condo,TN,79,738,41238
LN-101119,Nancy Hernandez,04/15/2021,04/15/2046,621000,608580,5.83,1272,Default,Multi Family,CA,84,785,26388
LN-100569,William Lee,01/28/2019,01/28/2034,421000,374690,6.57,2286,60 Days Delinquent,Townhouse,GA,95,782,86149
LN-101121,Sandra Thompson,10/27/2021,10/27/2016,461000,391850,6.95,1551,90+ Days Delinquent,Single Family,TX,63,749,17033
LN-100253,Linda Thomas,02/10/2018,02/10/2035,594000,528660,3.55,1821,Current,Multi Family,GA,61,767,11967
LN-101123,Matthew Garcia,06/13/2020,06/13/2041,444000,364080,6.53,1946,Current,Condo,TN,62,731,48680
LN-101124,Michelle White,09/03/2019,09/03/2041,690000,476100,3.29,3411,60 Days Delinquent,Commercial,KY,88,759,53555
LN-101125,Michelle Johnson,05/04/2018,05/04/2033,382000,313240,7,1278,30 Days Delinquent,Single Family,KY,75,658,84740
LN-101036,Patricia Clark,01/18/2019,01/18/2046,390000,292500,7.37,4094,Paid Off,Commercial,UT,73,665,18477
LN-101127,Ashley Brown,01/01/2018,01/01/2043,190000,134900,5.23,2870,Current,Townhouse,MO,64,621,17349
LN-101128,David Martinez,03/21/2021,03/21/2045,555000,394050,4.25,4478,Current,Multi Family,ZZ,76,798,60332
LN-101129,Anthony Lee,08/21/2023,08/21/2052,579000,393720,5.21,2264,30 Days Delinquent,Condo,PA,63,673,49565
LN-101130,Andrew Miller,09/15/2022,09/15/2052,665000,438900,7.44,1947,90+ Days Delinquent,Condo,MD,67,708,93503
LN-101131,Lisa Martin,01/17/2023,01/17/2042,825000,775500,4.77,4460,30 Days Delinquent,Multi Family,MO,78,684,76223
LN-101132,David Jones,04/27/2019,04/27/2048,537000,392010,6.38,3520,90+ Days Delinquent,Single Family,VA,59,721,53757
LN-100209,Joshua Perez,08/11/2019,08/11/2045,259000,189070,3.99,4009,Current,Single Family,CA,67,709,54594
LN-101134,Donald Rodriguez,07/24/2019,07/24/2049,423000,270720,6.75,2710,Current,Commercial,OH,94,706,11332
LN-101135,Emily Clark,10/08/2018,10/08/2047,373000,313320,5.49,3571,90+ Days Delinquent,Townhouse,ZZ,95,646,72503
LN-101136,William Brown,10/14/2018,10/14/2043,329000,319130,7.46,1331,Default,Condo,LA,70,665,58662
LN-101137,John Clark,02/19/2021,02/19/2038,354000,315060,3.83,3373,Paid Off,Townhouse,KY,84,745,65944
LN-101138,Donald Taylor,09/26/2022,09/26/2044,504000,413280,7.63,2429,Current,Condo,AL,93,632,31763
LN-101139,Lisa Davis,02/15/2021,02/15/2038,162000,129600,4.68,1344,90+ Days Delinquent,Multi Family,MD,63,801,56418
LN-101140,Elizabeth Robinson,07/04/2018,07/04/2041,173000,105530,4.12,4400,60 Days Delinquent,Commercial,NY,87,811,20221
LN-101141,Donna Smith,09/20/2019,09/20/2043,847000,711480,5.08,1466,30 Days Delinquent,Townhouse,CO,92,761,20992
LN-101142,Lisa Hernandez,03/18/2019,03/18/2040,246000,154980,6,4345,Current,Single Family,XX,89,780,89194
LN-101143,Donna Gonzalez,09/24/2020,09/24/2042,196000,188160,3.54,1493,60 Days Delinquent,Commercial,FL,58,662,32633
LN-101144,Barbara Miller,05/12/2018,05/12/2038,356000,302600,4.18,1290,Paid Off,Single Family,LA,95,624,22506
LN-101145,Patricia Thomas,07/16/2018,07/16/2046,310000,275900,3.86,2485,90+ Days Delinquent,Condo,OR,58,670,64170
LN-101146,Michelle Harris,12/17/2022,12/17/2051,260000,205400,4.4,4049,60 Days Delinquent,Commercial,WA,94,620,74447
LN-101147,Patricia Davis,06/24/2020,06/24/2037,222000,177600,7.51,3455,Current,Townhouse,TN,89,714,92961
LN-101148,James Thompson,05/01/2018,05/01/2047,770000,639100,5.1,2088,60 Days Delinquent,Townhouse,OH,64,773,27784
LN-101149,William Martinez,03/23/2020,03/23/2035,377000,309140,5.28,1644,Default,Townhouse,AL,71,622,11461
LN-101150,Karen Thomas,08/12/2020,08/12/2037,316000,227520,4.28,2924,Current,Townhouse,FL,93,681,14307
LN-101151,Sarah Gonzalez,05/24/2021,05/24/2038,785000,761450,3.99,3564,30 Days Delinquent,Condo,OH,80,634,92270
LN-101152,Jennifer White,03/23/2018,03/23/2038,656000,419840,5.32,2831,30 Days Delinquent,Multi Family,AZ,65,672,19045
LN-101153,Matthew Lopez,12/15/2022,12/15/2047,166000,107900,6.59,1589,Paid Off,Single Family,unknown,63,726,69251
LN-101154,Paul Hernandez,10/22/2019,10/22/2046,455000,304850,4.61,1750,Paid Off,Multi Family,MA,56,649,48528
LN-100933,James Martinez,06/17/2021,06/17/2044,221000,212160,4.97,2559,Current,Commercial,FL,84,815,40636
LN-101156,Sandra Thompson,06/11/2022,06/11/2046,376000,240640,5.23,1471,Paid Off,Townhouse,MI,66,800,56013
LN-101157,Betty Anderson,10/06/2022,10/06/2044,817000,694450,7.67,3419,90+ Days Delinquent,Single Family,TN,67,812,13733
LN-101158,Susan Williams,03/20/2020,03/20/2015,845000,616850,5.73,3741,Current,Townhouse,LA,63,682,87208
LN-101159,Joseph Wilson,07/21/2021,07/21/2036,643000,392230,7.64,4424,30 Days Delinquent,Condo,LA,94,635,83683
LN-101160,Karen Lewis,11/07/2023,11/07/2051,594000,546480,7.25,4084,Paid Off,Condo,CO,61,706,64875
LN-101161,Sandra Davis,08/02/2020,08/02/2045,377000,282750,6.73,2390,Default,Townhouse,CO,82,728,77624
LN-101162,Christopher Clark,03/06/2020,03/06/2036,790000,687300,4.71,1698,Default,Commercial,99,81,765,64214
LN-101163,Thomas Sanchez,11/27/2021,11/27/2037,411000,263040,3.34,3349,Default,Commercial,NY,64,670,86014
LN-101164,Linda Thompson,05/24/2019,05/24/2041,322000,302680,4.18,2822,60 Days Delinquent,Condo,MD,65,775,35440
LN-101165,Linda Martin,07/05/2022,07/05/2017,386000,324240,3.72,3936,60 Days Delinquent,Multi Family,SC,65,673,16239
LN-101166,Patricia Robinson,06/18/2019,06/18/2049,557000,445600,7.75,2283,Default,Single Family,CT,76,802,81535
LN-101167,Michelle Martin,12/21/2018,12/21/2038,346000,231820,3.92,1496,90+ Days Delinquent,Townhouse,OK,86,654,33451
LN-101168,Elizabeth Perez,02/15/2019,02/15/2039,544000,369920,7.62,1939,Default,Condo,UT,76,764,90162
LN-101169,Anthony Brown,08/08/2022,08/08/2047,763000,541730,3.53,4382,Default,Single Family,MO,92,820,55216
LN-101170,Joseph Sanchez,04/23/2022,04/23/2017,422000,295400,5.74,3811,90+ Days Delinquent,Multi Family,IN,74,732,88387
LN-101171,Mark Moore,08/08/2021,08/08/2051,256000,181760,3.77,3171,Current,Multi Family,XX,81,706,48660
LN-101172,Margaret Anderson,04/20/2023,04/20/2042,410000,336200,6.61,2521,90+ Days Delinquent,Commercial,MI,83,757,21353
LN-101173,Lisa Johnson,11/19/2022,11/19/2038,389000,307310,7.71,3940,Default,Condo,TN,70,734,31051
LN-101174,Donna Anderson,09/13/2019,09/13/2041,424000,364640,6.41,3694,Current,Condo,OH,84,644,29786
LN-101175,Mark Johnson,01/20/2018,01/20/2045,514000,416340,6.06,1788,Current,Commercial,OH,59,805,98193
LN-101176,Daniel Thomas,03/20/2023,03/20/2049,780000,592800,3.77,3496,Paid Off,Multi Family,SC,67,710,41635
LN-100185,Robert Hernandez,12/10/2023,12/10/2052,611000,531570,6.33,2950,30 Days Delinquent,Townhouse,MN,87,699,12262
LN-101178,Ashley Ramirez,02/15/2022,02/15/2049,664000,451520,3.49,1629,60 Days Delinquent,Multi Family,TX,80,786,43025
LN-101179,Sarah Miller,09/20/2023,09/20/2049,660000,462000,3.77,2114,Current,Condo,IL,56,789,89775
LN-101180,Mark White,01/08/2019,01/08/2037,319000,197780,3.36,4346,30 Days Delinquent,Single Family,NC,74,744,63669
LN-101181,Christopher Martin,11/16/2021,11/16/2048,443000,270230,3.45,3749,60 Days Delinquent,Condo,TN,81,706,99225
LN-101182,Linda Lee,05/21/2021,05/21/2046,179000,173630,4.28,3853,Current,Condo,UT,55,726,27371
LN-101183,Emily Lee,07/06/2020,07/06/2044,710000,617700,5.83,3120,Default,Commercial,WI,94,690,48641
LN-101184,Joseph Martin,09/25/2022,09/25/2043,764000,527160,4.44,2948,Paid Off,Townhouse,TN,90,635,25691
LN-101185,Kimberly Davis,08/24/2018,08/24/2039,397000,377150,6.58,2116,Current,Multi Family,PA,76,785,72693
LN-101186,Richard Ramirez,04/10/2021,04/10/2050,725000,601750,6.05,1605,60 Days Delinquent,Condo,FL,78,807,82648
LN-101187,Kimberly Thompson,07/27/2018,07/27/2044,320000,268800,3.94,3412,Paid Off,Commercial,fl,88,722,99608
LN-101188,Donna Brown,11/05/2018,11/05/2048,433000,259800,3.82,3681,Default,Single Family,MO,57,625,82914
LN-101189,Sandra Lee,03/05/2022,03/05/2039,836000,551760,5.8,3083,30 Days Delinquent,Condo,california,65,731,49985
LN-101190,Karen Harris,10/19/2019,10/19/2049,244000,236680,7.49,4011,60 Days Delinquent,Condo,LA,88,809,43476
LN-101191,Thomas Moore,03/28/2023,03/28/2043,623000,566930,4.21,3143,Paid Off,Multi Family,CA,66,734,70097
LN-101192,Betty Brown,01/03/2020,01/03/2046,390000,276900,7.45,3850,Default,Single Family,OR,72,783,95568
LN-101193,David Lopez,03/28/2019,03/28/2044,386000,331960,5.63,2510,30 Days Delinquent,Single Family,OR,69,692,84509
LN-101194,Anthony Anderson,11/23/2020,11/23/2046,518000,445480,5.3,2891,30 Days Delinquent,Condo,IN,58,771,21349
LN-101195,John Anderson,11/17/2018,11/17/2041,459000,284580,3.53,3932,Current,Condo,OK,70,647,97991
LN-101196,Betty Jackson,04/04/2020,04/04/2047,625000,400000,7.56,3866,Default,Townhouse,unknown,64,691,45144
LN-101197,Michael Johnson,08/13/2022,08/13/2042,343000,294980,4.66,3480,30 Days Delinquent,Condo,OK,64,763,71711
LN-101198,Charles Williams,12/16/2022,12/16/2052,321000,192600,6.34,3040,60 Days Delinquent,Multi Family,OK,84,768,57969
LN-101199,Margaret Williams,10/25/2019,10/25/2039,388000,322040,7.59,2648,Paid Off,Multi Family,TN,90,759,82251
LN-101200,Susan White,01/04/2023,01/04/2038,458000,421360,6.97,3094,60 Days Delinquent,Single Family,MA,65,667,15601
LN-101201,Andrew Thompson,02/17/2021,02/17/2039,324000,213840,3.81,3958,Paid Off,Commercial,MN,94,621,31173
LN-101202,Donna Sanchez,01/22/2021,01/22/2051,695000,528200,4.7,3315,90+ Days Delinquent,Condo,california,88,732,91908
LN-101203,Barbara Hernandez,02/18/2019,02/18/2046,617000,450410,5.18,3254,30 Days Delinquent,Single Family,FL,64,623,66674
LN-101204,Margaret Hernandez,09/05/2018,09/05/2034,492000,403440,3.38,3758,Current,Townhouse,MI,75,740,85632
LN-101205,Joshua Davis,12/10/2020,12/10/2035,312000,205920,3.84,2954,Current,Multi Family,VA,81,820,60731
LN-101206,Patricia Garcia,02/23/2018,02/23/2048,568000,454400,5.8,4025,Default,Multi Family,XX,81,757,17952
LN-101207,Lisa White,10/13/2019,10/13/2042,616000,388080,3.72,1733,Paid Off,Townhouse,TN,85,634,79108
LN-101208,Paul Jones,03/19/2022,03/19/2050,373000,305860,7.71,1392,Default,Single Family,KY,80,700,69011
LN-101209,Christopher Robinson,04/25/2023,04/25/2048,518000,450660,4.72,1742,Default,Condo,WI,84,777,57329
LN-101210,James Robinson,02/03/2018,02/03/2033,315000,220500,5.33,3847,Default,Commercial,NC,59,809,48218
LN-101211,Richard Johnson,01/08/2020,01/08/2046,347000,215140,4.58,3671,Paid Off,Commercial,MI,94,665,63806
LN-101212,David Perez,08/10/2023,08/10/2051,510000,448800,4.81,2123,Paid Off,Single Family,OH,61,681,96081
LN-101213,Nancy Davis,02/09/2019,02/09/2041,625000,512500,3.73,2906,Paid Off,Townhouse,IL,73,806,69522
LN-101214,Barbara Martinez,10/04/2020,10/04/2050,308000,231000,7.35,4288,60 Days Delinquent,Single Family,CO,95,779,84909
LN-101215,Paul Robinson,09/20/2019,09/20/2047,274000,175360,5.06,2399,90+ Days Delinquent,Multi Family,KY,91,784,36852
LN-101216,Michelle Garcia,04/06/2022,04/06/2048,568000,414640,7.46,1490,90+ Days Delinquent,Condo,OK,91,688,82695
LN-100140,William Jones,04/06/2021,04/06/2045,409000,310840,6.14,3864,60 Days Delinquent,Multi Family,NJ,72,668,54730
LN-101218,Matthew Robinson,06/09/2020,06/09/2044,783000,728190,5.47,1792,Current,Multi Family,CT,77,693,74760
LN-100639,John Taylor,11/10/2019,11/10/2036,507000,309270,5.56,3739,Current,Commercial,SC,72,733,82564
LN-101220,Christopher Ramirez,05/16/2020,05/16/2046,526000,341900,7.48,4129,30 Days Delinquent,Condo,FL,62,741,95191
LN-101221,Lisa White,07/28/2021,07/28/2040,218000,196200,5.79,1767,30 Days Delinquent,Single Family,SC,95,723,18119
LN-100142,Jennifer Thompson,11/13/2022,11/13/2045,333000,293040,4.49,1506,Paid Off,Commercial,NJ,69,770,76363
LN-101223,Mary Gonzalez,05/10/2021,05/10/2037,167000,153640,5.55,2623,Current,Condo,CT,71,620,85375
LN-101224,Barbara Johnson,08/09/2021,08/09/2041,800000,776000,7.57,2925,60 Days Delinquent,Condo,FL,83,714,95541
LN-101225,Robert Lewis,09/08/2023,09/08/2049,291000,247350,6.59,2868,60 Days Delinquent,Townhouse,IL,61,800,81382
LN-101226,Daniel Moore,11/15/2018,11/15/2048,591000,460980,7.14,2792,Default,Multi Family,newyork,59,714,23706
LN-101227,Karen Gonzalez,12/04/2019,12/04/2038,402000,281400,6.89,2837,60 Days Delinquent,Multi Family,MI,73,623,84009
LN-101228,Charles Jackson,05/22/2020,05/22/2044,353000,236510,3.78,2902,90+ Days Delinquent,Multi Family,TN,60,702,16951
LN-101229,Joseph Robinson,02/13/2019,02/13/2043,323000,197030,6.76,4023,Current,Townhouse,WA,74,767,48849
LN-101230,Andrew Garcia,09/28/2023,09/28/2053,472000,405920,4.24,2408,Current,Single Family,NJ,80,655,13667
LN-101231,Robert Clark,06/22/2018,06/22/2047,191000,126060,7,2567,30 Days Delinquent,Multi Family,IL,64,674,88308
LN-101232,Michelle Hernandez,11/02/2019,11/02/2046,532000,516040,4.13,4222,30 Days Delinquent,Townhouse,MD,59,766,45252
LN-101233,Robert Rodriguez,04/18/2022,04/18/2052,211000,158250,6.09,2385,Default,Multi Family,TN,62,812,32474
LN-101234,Matthew Clark,06/28/2019,06/28/2036,651000,579390,7.67,3198,Current,Multi Family,IN,80,629,65923
LN-101235,Sandra Jones,12/24/2019,12/24/2046,523000,350410,3.53,1488,Default,Condo,GA,90,676,24377
LN-101236,Matthew Wilson,03/07/2019,03/07/2047,252000,191520,4.73,4339,90+ Days Delinquent,Condo,MI,75,704,30192
LN-101237,Linda Gonzalez,10/11/2020,10/11/2046,634000,564260,5.48,3166,90+ Days Delinquent,Single Family,AZ,58,801,38442
LN-101238,Elizabeth Brown,08/17/2019,08/17/2047,563000,422250,3.7,2005,Paid Off,Multi Family,IL,91,637,93545
LN-101239,Donald Smith,01/05/2020,01/05/2037,292000,207320,7.11,2674,30 Days Delinquent,Commercial,MI,55,668,40919
LN-101240,Nancy Gonzalez,07/20/2022,07/20/2040,196000,133280,7.52,3719,30 Days Delinquent,Condo,MD,82,794,52034
LN-101241,Susan Taylor,02/05/2022,02/05/2051,564000,485040,6.15,1380,Paid Off,Single Family,OK,73,682,81416
LN-101242,William Lee,09/05/2023,09/05/2047,497000,328020,6.36,4228,Default,Townhouse,NC,74,652,17443
LN-101243,Joseph Sanchez,05/15/2018,05/15/2038,716000,665880,5.31,2044,60 Days Delinquent,Condo,WA,93,814,91429
LN-101244,James Lewis,02/23/2022,02/23/2051,214000,162640,3.89,3694,Paid Off,Commercial,WA,95,661,65549
LN-101245,Daniel Moore,01/11/2022,01/11/2049,350000,301000,6.89,3741,90+ Days Delinquent,Multi Family,SC,71,814,14645
LN-101246,David Davis,02/10/2021,02/10/2047,503000,367190,6.99,1410,Default,Commercial,MN,91,803,91854
LN-101247,James Martin,04/23/2023,04/23/2043,451000,383350,6.21,2385,Current,Townhouse,AL,83,712,15650
LN-101248,John Lopez,07/19/2020,07/19/2043,342000,218880,6.9,1831,Paid Off,Condo,MD,63,774,48008
LN-100158,Kimberly Thomas,01/04/2018,01/04/2041,709000,616830,5.17,1620,Default,Townhouse,IL,57,764,26068
LN-101250,Lisa Taylor,09/15/2020,09/15/2039,649000,441320,7.22,3219,Paid Off,Single Family,OR,69,774,95073
LN-100588,Richard Johnson,08/05/2020,08/05/2045,386000,316520,5.61,2076,Paid Off,Commercial,SC,88,811,94172
LN-100445,Patricia Sanchez,05/18/2021,05/18/2039,466000,307560,3.3,2731,60 Days Delinquent,Condo,OR,93,722,23459
LN-101253,David Sanchez,08/01/2022,08/01/2039,655000,438850,5.45,1564,Current,Multi Family,FL,66,758,47638
LN-101254,Patricia Hernandez,11/08/2019,11/08/2037,818000,523520,5.61,1534,90+ Days Delinquent,Single Family,WI,56,790,96728
LN-101255,Kimberly Martin,02/04/2019,02/04/2045,497000,332990,7.01,3329,Current,Commercial,OH,72,768,86872
LN-101256,Emily Perez,10/20/2021,10/20/2036,823000,748930,6.17,1276,90+ Days Delinquent,Single Family,UT,65,816,27370
LN-101257,Michael Rodriguez,02/12/2018,02/12/2036,352000,256960,6.08,1933,Default,Condo,AZ,72,774,64456
LN-100514,Michelle Smith,05/23/2023,05/23/2047,321000,205440,5.31,1743,60 Days Delinquent,Multi Family,PA,92,668,69377
LN-101259,Karen Sanchez,09/21/2020,09/21/2039,382000,301780,7.23,2593,Default,Townhouse,NC,85,795,35604
LN-101260,Sarah Lewis,01/07/2018,01/07/2039,422000,350260,7.12,2830,Default,Commercial,OK,69,794,53434
LN-101261,Ashley Johnson,12/04/2019,12/04/2034,637000,484120,7.38,2835,Default,Commercial,PA,92,773,62848
LN-101262,Robert Anderson,09/17/2023,09/17/2049,814000,561660,7.32,1440,90+ Days Delinquent,Townhouse,MO,88,639,54857
LN-101263,Michelle Johnson,10/01/2020,10/01/2040,249000,241530,7.07,1270,Current,Single Family,WA,90,701,98847
LN-101264,Steven Williams,04/20/2018,04/20/2035,529000,481390,3.28,3286,90+ Days Delinquent,Condo,AL,69,820,97694
LN-101265,Paul Harris,09/23/2023,09/23/2050,669000,508440,7.12,4019,60 Days Delinquent,Single Family,MO,69,646,79269
LN-101266,Emily Sanchez,03/07/2020,03/07/2038,210000,163800,7.3,4214,Default,Townhouse,MA,90,745,88491
LN-101267,Barbara Wilson,06/13/2022,06/13/2043,807000,605250,4.52,3133,60 Days Delinquent,Commercial,UT,63,685,36805
LN-101268,Emily Sanchez,05/16/2018,05/16/2033,557000,378760,7.36,2089,90+ Days Delinquent,Condo,UT,87,810,16489
LN-101269,Steven Robinson,07/06/2022,07/06/2039,185000,122100,5.64,2152,Default,Commercial,KY,74,671,87009
LN-101270,John Thompson,05/22/2018,05/22/2044,621000,509220,4.33,4230,Paid Off,Multi Family,GA,91,751,46800
LN-101271,Paul Williams,05/01/2019,05/01/2049,630000,598500,3.65,1971,30 Days Delinquent,Townhouse,WI,73,815,68192
LN-101272,Nancy Rodriguez,11/16/2018,11/16/2040,606000,478740,6.3,4109,Default,Townhouse,MO,62,629,20160
LN-101273,Nancy Jackson,10/06/2019,10/06/2040,461000,442560,4.5,3743,90+ Days Delinquent,Townhouse,TN,89,812,75571
LN-101274,Linda Williams,04/25/2021,04/25/2048,231000,157080,4.36,2067,Paid Off,Multi Family,OR,64,664,22637
LN-101275,Christopher Garcia,03/01/2018,03/01/2044,296000,180560,5.12,3195,30 Days Delinquent,Single Family,WI,72,804,30016
LN-101276,David Jackson,11/20/2020,11/20/2049,344000,233920,6.38,3343,Paid Off,Single Family,KY,82,758,28568
LN-101277,Linda Lee,04/28/2022,04/28/2047,756000,657720,3.88,1701,30 Days Delinquent,Single Family,LA,78,622,67066
LN-101278,Michael Sanchez,11/02/2023,11/02/2047,842000,547300,5.63,2550,Paid Off,Single Family,CA,86,729,62350
LN-100334,Mark Lee,02/01/2021,02/01/2048,805000,772800,4.04,3283,Paid Off,Townhouse,MD,82,801,50682
LN-100849,James Jackson,02/14/2022,02/14/2042,661000,568460,3.6,3979,Current,Condo,FL,77,704,27535
LN-101281,William Robinson,05/06/2021,05/06/2048,685000,595950,4.73,2769,30 Days Delinquent,Single Family,KY,95,692,57953
LN-101282,Kimberly Garcia,11/11/2021,11/11/2049,568000,482800,4.31,3074,90+ Days Delinquent,Single Family,VA,67,687,50603
LN-101283,Patricia Lee,07/28/2018,07/28/2038,514000,498580,3.72,2004,Paid Off,Condo,CO,78,622,15234
LN-101284,Mark Gonzalez,07/01/2019,07/01/2040,671000,516670,6.48,1911,60 Days Delinquent,Commercial,NY,93,758,11436
LN-101285,Karen Smith,10/26/2018,10/26/2038,167000,153640,7.57,4082,90+ Days Delinquent,Multi Family,VA,75,628,40797
LN-101286,Mary Moore,11/26/2020,11/26/2035,216000,142560,6.01,3922,Default,Multi Family,NY,83,809,26134
LN-101287,Jennifer Perez,09/01/2021,09/01/2045,301000,282940,3.92,3573,30 Days Delinquent,Commercial,UT,84,636,93212
LN-101288,Karen Thompson,02/11/2023,02/11/2043,539000,425810,4.03,2388,Current,Single Family,CT,73,799,11080
LN-101289,Joshua Rodriguez,11/27/2018,11/27/2037,407000,321530,5.51,3910,90+ Days Delinquent,Multi Family,WA,78,654,94833
LN-101290,William Moore,09/19/2018,09/19/2040,278000,194600,6.38,3183,90+ Days Delinquent,Commercial,AL,87,653,30382
LN-101291,Thomas Gonzalez,09/18/2019,09/18/2042,635000,488950,6.82,3389,Paid Off,Multi Family,GA,79,689,62144
LN-101292,Betty Lewis,10/17/2022,10/17/2044,800000,776000,6.49,2755,Paid Off,Multi Family,PA,76,655,63414
LN-101293,Kimberly Williams,01/19/2020,01/19/2036,715000,521950,4.74,2158,30 Days Delinquent,Single Family,KY,81,656,83114
LN-101294,John Hernandez,09/22/2018,09/22/2038,674000,458320,6.44,1523,30 Days Delinquent,Commercial,MN,81,651,98084
LN-101295,Karen Moore,04/10/2019,04/10/2041,716000,673040,4.28,2326,60 Days Delinquent,Townhouse,OK,91,791,65613
LN-101296,Jennifer Robinson,08/03/2019,08/03/2047,808000,783760,3.78,3352,30 Days Delinquent,Single Family,WA,60,700,54728
LN-101297,Michael Jones,10/11/2019,10/11/2036,393000,271170,6.23,1248,60 Days Delinquent,Commercial,KY,94,751,73071
LN-101298,Nancy Williams,01/10/2021,01/10/2044,828000,670680,6.35,4485,30 Days Delinquent,Commercial,MI,56,805,77384
LN-101299,Kimberly Thomas,07/03/2021,07/03/2048,205000,143500,7.17,3152,30 Days Delinquent,Commercial,WA,62,772,44888
LN-101300,Robert Harris,11/18/2019,11/18/2045,380000,239400,7.07,3076,90+ Days Delinquent,Condo,WA,82,687,91615
LN-101301,Karen Hernandez,05/28/2018,05/28/2048,264000,208560,6.2,3402,30 Days Delinquent,Commercial,MI,89,811,40274
LN-101302,Daniel Davis,08/11/2019,08/11/2035,574000,551040,6.98,1753,Current,Commercial,LA,83,808,66664
LN-101303,Robert Gonzalez,09/16/2019,09/16/2041,448000,367360,5.86,2039,30 Days Delinquent,Condo,MI,81,634,75456
LN-100912,Margaret Brown,07/08/2018,07/08/2048,260000,236600,7.63,3331,Paid Off,Multi Family,CT,68,771,47138
LN-101305,John Jackson,01/08/2022,01/08/2050,824000,741600,3.5,1737,90+ Days Delinquent,Single Family,MI,79,744,30074
LN-101306,Donna Williams,09/08/2021,09/08/2037,152000,123120,4.48,1289,Default,Single Family,LA,76,798,55083
LN-101307,Mary Thomas,07/23/2021,07/23/2047,635000,425450,6.56,1254,60 Days Delinquent,Single Family,LA,78,699,21439
LN-101308,Christopher Sanchez,06/07/2023,06/07/2045,551000,440800,7.56,4379,60 Days Delinquent,Single Family,MI,59,629,88319
LN-101309,Susan Davis,02/03/2021,02/03/2045,556000,505960,3.82,3383,Default,Multi Family,FL,57,773,34370
LN-101310,Daniel Clark,04/16/2022,04/16/2042,698000,572360,5.32,3958,Current,Commercial,PA,93,787,87902
LN-101311,Karen Johnson,07/16/2021,07/16/2044,802000,713780,5.63,2773,30 Days Delinquent,Commercial,OH,82,723,97649
LN-100513,Patricia Johnson,02/25/2022,02/25/2048,195000,161850,4.62,3856,Current,Condo,NC,60,733,82430
LN-101313,William Gonzalez,06/10/2022,06/10/2038,623000,548240,6.94,1219,Paid Off,Condo,AZ,86,706,89106
LN-101314,Sarah Rodriguez,07/02/2023,07/02/2042,798000,606480,4.12,4250,90+ Days Delinquent,Townhouse,UT,89,699,26750
LN-101315,Daniel Robinson,09/19/2023,09/19/2039,825000,775500,6.19,3954,Current,Condo,WA,57,809,25193
LN-101316,Elizabeth Johnson,08/17/2023,08/17/2050,348000,250560,3.83,4054,30 Days Delinquent,Single Family,OK,77,809,21281
LN-101317,Sarah Taylor,11/21/2018,11/21/2035,711000,583020,5.79,2413,90+ Days Delinquent,Condo,OR,79,682,77341
LN-101318,Joshua Lopez,11/02/2019,11/02/2045,444000,315240,3.45,1860,Default,Commercial,TN,56,772,98613
LN-100112,Mary Thomas,03/04/2020,03/04/2050,419000,259780,7.33,2403,Paid Off,Multi Family,WI,66,650,48348
LN-101320,Mary Martinez,06/12/2018,06/12/2045,441000,401310,7.27,1760,Paid Off,Multi Family,IN,72,808,73730
LN-101175,Lisa Wilson,05/22/2019,05/22/2048,676000,588120,7.71,3293,30 Days Delinquent,Commercial,NJ,60,672,30213
LN-101322,Robert Martin,10/02/2019,10/02/2035,620000,384400,4.76,3771,Paid Off,Multi Family,TN,79,694,24926
LN-101323,Sandra Lee,05/14/2021,05/14/2038,293000,234400,5.79,4059,Current,Condo,WI,86,719,18186
LN-101324,Patricia Moore,09/19/2019,09/19/2045,407000,313390,5.26,1863,Default,Commercial,FL,57,743,28758
LN-101325,Christopher Lewis,08/15/2023,08/15/2048,723000,679620,5.09,1785,60 Days Delinquent,Condo,FL,94,638,72824
LN-101326,Patricia Hernandez,03/18/2021,03/18/2047,777000,683760,5.92,1632,30 Days Delinquent,Commercial,MI,86,750,24791
LN-101327,Donna Smith,07/18/2022,07/18/2052,480000,350400,6.94,4047,Current,Multi Family,CA,65,620,74974
LN-101328,David Jackson,07/06/2019,07/06/2049,550000,478500,5.11,3139,Paid Off,Condo,GA,67,647,22145
LN-101329,Karen Davis,03/14/2020,03/14/2048,310000,207700,6.82,2937,30 Days Delinquent,Multi Family,CT,82,689,41687
LN-100208,Donald Williams,08/11/2019,08/11/2043,328000,236160,6.5,3692,Paid Off,Single Family,WI,72,671,56857
LN-101331,Andrew Jackson,10/13/2023,10/13/2041,333000,243090,6.87,3740,Current,Townhouse,TN,69,702,70391
LN-101332,John Clark,12/18/2022,12/18/2050,171000,155610,3.92,3361,Default,Condo,WI,73,658,58596
LN-101333,John Johnson,07/13/2023,07/13/2043,163000,97800,5.65,2539,60 Days Delinquent,Multi Family,CO,67,702,91251
LN-101334,Charles Harris,02/06/2018,02/06/2041,461000,433340,4.75,2969,90+ Days Delinquent,Condo,AL,70,784,43524
LN-100418,Susan Lee,07/18/2020,07/18/2047,171000,152190,4.97,2571,Default,Commercial,LA,61,688,91168
LN-101336,Andrew Johnson,12/24/2023,12/24/2041,683000,519080,4.62,2111,30 Days Delinquent,Townhouse,OK,55,814,68469
LN-101337,Anthony Smith,07/20/2022,07/20/2049,718000,531320,5.73,2674,30 Days Delinquent,Single Family,NY,55,803,59605
LN-101338,Sarah Davis,02/26/2022,02/26/2047,180000,108000,5.69,1355,60 Days Delinquent,Multi Family,CT,83,752,12222
LN-101339,Barbara Davis,09/02/2023,09/02/2042,674000,620080,4.34,3791,60 Days Delinquent,Townhouse,PA,87,711,26915
LN-101340,Margaret Hernandez,02/13/2021,02/13/2044,734000,704640,3.65,3064,60 Days Delinquent,Townhouse,WI,72,657,92438
LN-101341,Charles Perez,05/06/2023,05/06/2041,572000,480480,6.08,4381,Default,Condo,SC,90,755,83262
LN-101342,Karen Lopez,04/02/2021,04/02/2045,369000,339480,5.04,3789,Default,Single Family,CA,95,809,75991
LN-101343,Matthew Smith,07/02/2018,07/02/2045,544000,408000,5.07,4478,Default,Multi Family,VA,77,747,64293
LN-101344,Kimberly Davis,05/06/2023,05/06/2042,413000,404740,6.71,1676,Default,Townhouse,VA,71,797,83835
LN-101345,Michelle Thomas,02/08/2022,02/08/2046,535000,326350,5.03,3029,Current,Condo,NC,83,648,58267
LN-101346,Christopher Hernandez,04/14/2019,04/14/2034,707000,494900,7.07,1249,60 Days Delinquent,Single Family,OR,93,687,99820
LN-101347,Michelle Brown,05/08/2022,05/08/2038,566000,424500,6.19,1495,60 Days Delinquent,Single Family,MD,91,677,97604
LN-101348,Andrew Smith,05/08/2019,05/08/2048,371000,252280,7.32,3136,Paid Off,Condo,NJ,83,656,53531
LN-101349,Steven Lee,04/11/2018,04/11/2046,691000,538980,6.63,3445,Default,Multi Family,OR,65,759,60242
LN-101350,Michael Wilson,12/05/2019,12/05/2039,463000,407440,7.56,3353,Default,Townhouse,AL,62,629,10928
LN-101351,Matthew Johnson,02/03/2018,02/03/2045,664000,444880,5.96,3584,30 Days Delinquent,Multi Family,OR,77,648,25832
LN-101352,Betty Hernandez,07/07/2023,07/07/2045,542000,444440,5.43,2475,Current,Condo,TN,57,641,59073
LN-101353,Joshua Lopez,03/06/2023,03/06/2047,420000,302400,5.79,1806,Default,Condo,UT,57,627,29776
LN-101354,Patricia Thompson,02/26/2021,02/26/2049,309000,271920,3.34,1854,Current,Condo,MD,86,802,58878
LN-101355,Linda Martinez,01/15/2022,01/15/2038,189000,122850,5.25,4097,90+ Days Delinquent,Townhouse,MO,95,685,26366
LN-101356,John Gonzalez,08/22/2018,08/22/2036,346000,283720,5.76,1538,60 Days Delinquent,Townhouse,OR,64,694,99601
LN-101357,Sandra Smith,01/09/2018,01/09/2044,326000,296660,6.63,1304,90+ Days Delinquent,Townhouse,MO,95,692,77395
LN-101358,Sandra Smith,04/16/2022,04/16/2045,674000,471800,3.76,1666,90+ Days Delinquent,Multi Family,MA,61,642,19740
LN-101359,Margaret Brown,03/11/2023,03/11/2041,502000,486940,3.83,3259,30 Days Delinquent,Condo,OH,92,785,94365
LN-101360,James Martin,05/25/2019,05/25/2044,462000,397320,5.49,2094,60 Days Delinquent,Condo,VA,75,757,31971
LN-101361,Richard Sanchez,11/23/2023,11/23/2044,559000,335400,7.74,1506,90+ Days Delinquent,Commercial,OR,64,806,60163
LN-101362,Karen Smith,07/12/2021,07/12/2044,571000,348310,5.11,2556,30 Days Delinquent,Commercial,IN,81,626,55242
LN-100757,Lisa Wilson,12/09/2020,12/09/2039,596000,470840,4.3,3856,Default,Multi Family,OH,85,690,45033
LN-101364,Linda Robinson,02/25/2022,02/25/2051,647000,569360,6.71,3311,90+ Days Delinquent,Commercial,CO,67,705,33309
LN-101365,Jessica Garcia,06/02/2022,06/02/2046,380000,304000,3.64,2585,Paid Off,Townhouse,FL,90,620,52159
LN-101366,Barbara Hernandez,12/26/2019,12/26/2038,650000,624000,5.77,4107,Current,Single Family,OH,83,747,53661
LN-101367,Christopher Martin,10/14/2019,10/14/2041,317000,199710,4.2,3256,Current,Multi Family,MD,59,636,82910
LN-101368,Michelle Hernandez,09/18/2019,09/18/2044,799000,615230,7.59,1525,Current,Commercial,SC,87,737,89776
LN-101369,Richard Davis,10/22/2020,10/22/2045,742000,571340,7.26,3763,Current,Condo,CA,56,629,88058
LN-101370,Sandra White,08/02/2020,08/02/2046,850000,756500,5.9,3618,Paid Off,Townhouse,GA,86,713,60165
LN-101371,Linda Martinez,04/26/2018,04/26/2040,160000,150400,5.48,4014,90+ Days Delinquent,Condo,WI,94,641,31976
LN-101372,Daniel Taylor,12/06/2018,12/06/2045,208000,203840,7.51,2965,60 Days Delinquent,Multi Family,GA,68,665,89613
LN-100364,Michelle Thompson,06/13/2021,06/13/2048,812000,763280,5.74,2355,Current,Condo,GA,83,630,38605
LN-101374,Michelle Jones,06/18/2022,06/18/2038,684000,506160,5.68,2583,Default,Single Family,IL,73,770,36934
LN-101375,Andrew Hernandez,03/22/2023,03/22/2052,374000,239360,7.56,2301,Current,Single Family,VA,83,745,38205
LN-101376,Karen Clark,02/16/2020,02/16/2044,581000,412510,6.99,2504,30 Days Delinquent,Multi Family,WI,67,792,77449
LN-101377,David Martinez,08/06/2021,08/06/2050,150000,123000,4.64,3885,60 Days Delinquent,Condo,WA,75,810,50301
LN-101378,Elizabeth Gonzalez,10/24/2022,10/24/2047,718000,646200,7.21,2281,Paid Off,Multi Family,IN,69,802,81848
LN-100565,Barbara Thompson,02/06/2021,02/06/2047,484000,348480,7.34,3877,60 Days Delinquent,Multi Family,OR,71,627,26478
LN-100420,Matthew Williams,02/20/2019,02/20/2048,335000,281400,5.36,2122,60 Days Delinquent,Multi Family,MA,93,679,95460
LN-100262,John Gonzalez,02/05/2023,02/05/2050,231000,147840,3.97,3968,60 Days Delinquent,Single Family,WA,67,742,26622
LN-101382,Jennifer Lee,05/05/2020,05/05/2040,498000,438240,4.82,2076,60 Days Delinquent,Single Family,NY,91,674,44678
LN-101383,Charles Johnson,07/16/2023,07/16/2052,378000,332640,3.97,2794,30 Days Delinquent,Condo,MA,75,745,55096
LN-101384,Jessica Garcia,07/28/2022,07/28/2052,526000,331380,5.44,1547,Paid Off,Townhouse,AZ,74,700,77451
LN-101385,Charles Perez,07/09/2022,07/09/2052,560000,386400,6.47,4426,60 Days Delinquent,Multi Family,NY,94,722,16398
LN-101386,Betty Thompson,02/24/2023,02/24/2044,226000,149160,3.38,2994,Current,Multi Family,WI,55,642,95674
LN-101387,Linda Ramirez,10/19/2023,10/19/2051,528000,469920,3.55,2271,Default,Multi Family,MD,79,641,98059
LN-101388,William Harris,11/13/2018,11/13/2038,725000,587250,4.87,2813,Current,Single Family,UT,88,666,84433
LN-101389,Susan Perez,02/01/2023,02/01/2052,611000,397150,6.9,1777,Current,Condo,MD,91,690,31743
LN-101331,Donna Garcia,08/11/2020,08/11/2047,478000,420640,4.01,1520,Paid Off,Single Family,MD,66,634,32890
LN-101391,Michelle Brown,12/16/2021,12/16/2047,286000,234520,3.42,3056,Default,Condo,FL,76,710,95319
LN-101392,Margaret Johnson,08/02/2023,08/02/2053,300000,249000,6.81,2095,90+ Days Delinquent,Condo,TN,94,666,50442
LN-101393,Michael Davis,07/21/2019,07/21/2044,552000,513360,4.82,3125,60 Days Delinquent,Multi Family,LA,85,652,35284
LN-101198,Charles Jones,05/10/2018,05/10/2046,559000,463970,4.21,1210,Default,Townhouse,OR,82,694,94203
LN-101395,Anthony Williams,01/06/2023,01/06/2039,426000,387660,3.77,2012,Paid Off,Townhouse,KY,63,802,57147
LN-101396,Jennifer Williams,05/23/2022,05/23/2037,420000,373800,4.34,2079,60 Days Delinquent,Commercial,CA,67,658,40509
LN-101397,Jessica Hernandez,06/24/2020,06/24/2037,478000,348940,5.26,2621,Paid Off,Townhouse,MD,66,671,57079
LN-101398,Anthony Davis,11/20/2020,11/20/2042,436000,370600,3.46,1568,90+ Days Delinquent,Multi Family,GA,74,643,36190
LN-101399,Michelle Williams,05/16/2022,05/16/2039,659000,553560,4.27,3184,30 Days Delinquent,Condo,PA,76,750,95002
LN-101148,Daniel Martinez,12/06/2023,12/06/2050,533000,415740,7.35,3747,Default,Condo,OK,74,620,84688
LN-101401,Sarah Clark,05/04/2020,05/04/2040,813000,593490,6.53,2664,Default,Commercial,CA,61,757,64474
LN-101402,Linda Martinez,03/21/2019,03/21/2046,700000,455000,4.43,2041,Default,Condo,NJ,60,685,32032
LN-101403,David Sanchez,04/06/2020,04/06/2042,499000,304390,3.86,4225,Paid Off,Single Family,KY,86,803,15510
LN-100533,Anthony Martinez,12/14/2023,12/14/2042,172000,149640,5.57,1412,30 Days Delinquent,Townhouse,NC,82,762,54457
LN-101405,Michael Ramirez,02/13/2022,02/13/2038,160000,139200,6.21,2271,60 Days Delinquent,Townhouse,MO,76,621,57849
LN-101406,Paul Thompson,07/12/2023,07/12/2043,564000,344040,6.89,3388,90+ Days Delinquent,Commercial,AZ,86,795,11312
LN-101407,Jennifer Thompson,11/20/2020,11/20/2048,352000,299200,6.2,2639,Paid Off,Townhouse,CA,79,776,42619
LN-101408,James Sanchez,03/14/2018,03/14/2034,312000,221520,3.49,2624,30 Days Delinquent,Townhouse,OH,94,792,38446
LN-101409,Thomas Williams,08/14/2018,08/14/2033,714000,678300,6.31,1280,30 Days Delinquent,Commercial,AL,75,790,96168
LN-101410,Michael White,11/03/2020,11/03/2043,519000,420390,3.87,3640,Default,Single Family,KY,78,809,87069
LN-101411,Donna Davis,09/18/2021,09/18/2042,617000,450410,6.33,1417,Default,Townhouse,NC,55,731,65632
LN-101412,Barbara Gonzalez,02/28/2020,02/28/2049,215000,199950,6.56,1611,Paid Off,Single Family,TX,74,812,90983
LN-101413,Matthew Clark,09/16/2020,09/16/2041,792000,681120,6.68,1654,90+ Days Delinquent,Townhouse,MD,60,637,91510
LN-101414,Robert Clark,05/26/2020,05/26/2036,183000,170190,7.74,3954,Current,Commercial,SC,69,743,17924
LN-101415,Margaret Miller,10/11/2021,10/11/2050,616000,400400,3.51,1492,Paid Off,Condo,OR,55,723,43359
LN-101416,Michelle Wilson,06/17/2019,06/17/2040,543000,510420,7.52,3823,Paid Off,Townhouse,KY,61,734,18459
LN-101417,Thomas Martinez,05/12/2019,05/12/2039,666000,646020,3.38,3043,90+ Days Delinquent,Commercial,MO,82,768,20331
LN-101418,Betty Miller,08/20/2023,08/20/2038,154000,124740,6.91,3986,Paid Off,Condo,CA,59,813,69969
LN-101419,Patricia Johnson,07/19/2023,07/19/2039,409000,278120,7.59,3351,60 Days Delinquent,Multi Family,VA,56,710,41224
LN-101420,Sarah Smith,03/06/2022,03/06/2044,838000,779340,7.46,4437,Paid Off,Single Family,CT,56,719,48714
LN-101421,Robert Martin,11/16/2023,11/16/2052,783000,555930,4.85,4008,Default,Multi Family,MN,92,708,56596
LN-101422,John Harris,11/28/2021,11/28/2045,577000,375050,4.55,2303,Current,Single Family,GA,82,820,91895
LN-101423,Michael Rodriguez,01/18/2023,01/18/2053,613000,545570,6.75,2975,Paid Off,Single Family,OH,75,787,27981
LN-101424,Mary Lewis,09/03/2022,09/03/2038,179000,148570,7.44,4424,60 Days Delinquent,Condo,CA,72,670,42060
LN-101425,Steven Lopez,12/02/2018,12/02/2038,785000,651550,4.69,2910,30 Days Delinquent,Townhouse,NY,57,766,36100
LN-101426,Kimberly White,11/07/2023,11/07/2041,644000,508760,6.73,1747,Default,Condo,IL,91,804,29202
LN-101427,Paul Brown,06/20/2023,06/20/2048,785000,549500,4.16,4272,60 Days Delinquent,Commercial,MI,64,674,35951
LN-101098,Joshua Sanchez,08/04/2019,08/04/2047,833000,558110,7.58,2635,Default,Commercial,VA,72,643,10685
LN-101429,Patricia Moore,11/12/2018,11/12/2048,233000,172420,7.2,4019,Paid Off,Townhouse,SC,95,738,53999
LN-101430,Lisa Gonzalez,10/16/2019,10/16/2049,461000,322700,7.2,1696,Paid Off,Condo,MD,94,758,62265
LN-101431,Christopher Johnson,03/25/2022,03/25/2039,185000,179450,3.57,2112,60 Days Delinquent,Multi Family,OR,90,803,29945
LN-101432,Lisa Perez,08/20/2018,08/20/2038,202000,125240,6.06,2302,Paid Off,Single Family,MD,72,707,66283
LN-101433,Barbara Anderson,03/19/2022,03/19/2051,635000,590550,3.66,3452,30 Days Delinquent,Condo,AZ,79,638,77690
LN-101434,Barbara Moore,08/02/2019,08/02/2043,351000,294840,4.61,3364,Current,Multi Family,IL,71,643,89662
LN-101435,Charles Davis,01/27/2021,01/27/2048,368000,309120,6.37,1405,30 Days Delinquent,Townhouse,OR,83,755,50300
LN-101436,Patricia Perez,02/26/2020,02/26/2049,159000,154230,7.28,3694,90+ Days Delinquent,Multi Family,MO,58,816,63663
LN-101437,Anthony Moore,07/08/2021,07/08/2051,516000,433440,3.32,2048,Default,Multi Family,FL,77,632,68884
LN-101438,Emily Garcia,05/08/2020,05/08/2042,568000,528240,7.36,1971,90+ Days Delinquent,Single Family,OH,84,652,39810
LN-101439,Susan Taylor,04/22/2018,04/22/2045,595000,565250,4.49,2526,Paid Off,Condo,CT,67,742,90628
LN-101440,Emily Taylor,01/22/2021,01/22/2041,509000,386840,7.23,4095,Paid Off,Townhouse,NJ,69,686,97361
LN-101441,Michelle Moore,04/12/2019,04/12/2045,197000,185180,7.46,1657,60 Days Delinquent,Commercial,OR,75,742,68210
LN-101442,Steven Miller,06/12/2019,06/12/2048,666000,466200,5.88,1444,Paid Off,Condo,MN,88,625,47725
LN-101443,Susan Harris,03/14/2020,03/14/2040,405000,384750,4.53,3181,90+ Days Delinquent,Townhouse,GA,93,625,46654
LN-101444,Ashley Johnson,07/27/2020,07/27/2043,332000,322040,6.22,1617,Paid Off,Townhouse,AL,85,742,10433
LN-101445,Donna Gonzalez,10/01/2019,10/01/2039,758000,583660,3.38,2483,60 Days Delinquent,Condo,GA,79,663,78795
LN-101446,Kimberly Miller,06/03/2018,06/03/2041,391000,289340,6.26,1792,30 Days Delinquent,Multi Family,MN,85,743,74811
LN-101447,Michael Garcia,06/26/2023,06/26/2044,557000,440030,7.56,4030,Default,Multi Family,VA,56,789,66341
LN-100479,Michelle Brown,12/26/2018,12/26/2041,450000,427500,5.67,2991,60 Days Delinquent,Townhouse,UT,75,655,86997
LN-100995,John Sanchez,12/23/2022,12/23/2037,557000,456740,3.92,2157,90+ Days Delinquent,Single Family,SC,68,633,50340
LN-101450,Barbara Robinson,04/24/2022,04/24/2045,656000,524800,7.53,2758,Paid Off,Single Family,CA,57,817,34425
LN-101451,Sandra Smith,11/19/2023,11/19/2041,508000,436880,4.93,1472,30 Days Delinquent,Single Family,SC,56,669,74441
LN-101452,Patricia Robinson,08/15/2019,08/15/2034,163000,136920,7.67,3963,Current,Condo,AL,88,805,77549
LN-101453,Kimberly Martin,12/27/2019,12/27/2041,454000,385900,6.77,3855,30 Days Delinquent,Multi Family,OK,91,691,12530
LN-101454,Elizabeth Martinez,03/09/2018,03/09/2043,378000,366660,3.44,2112,30 Days Delinquent,Multi Family,MO,75,666,96260
LN-101455,Donna Jones,02/28/2020,02/28/2046,305000,262300,5.76,2215,Default,Condo,IN,84,812,37804
LN-101456,John Miller,01/24/2018,01/24/2033,734000,645920,5.51,2148,30 Days Delinquent,Condo,SC,64,663,84479
LN-100926,Paul Jones,02/28/2022,02/28/2038,325000,273000,5.85,1474,90+ Days Delinquent,Single Family,WA,62,745,79090
LN-101458,Steven Jackson,06/19/2023,06/19/2039,372000,305040,3.45,1203,30 Days Delinquent,Single Family,MO,64,670,78973
LN-101459,Lisa Perez,07/26/2021,07/26/2048,639000,511200,3.6,3565,60 Days Delinquent,Condo,MD,88,647,88039
LN-101460,David Anderson,06/01/2022,06/01/2047,450000,400500,5.24,4372,60 Days Delinquent,Single Family,OK,84,733,93036
LN-101461,Sarah Lopez,12/24/2023,12/24/2041,670000,515900,4.47,4255,Paid Off,Multi Family,GA,73,788,12781
LN-101462,Joshua Clark,02/08/2018,02/08/2037,644000,566720,5.26,3188,90+ Days Delinquent,Single Family,CA,64,686,35819
LN-101463,Matthew Robinson,01/06/2021,01/06/2041,384000,245760,4.45,2899,90+ Days Delinquent,Townhouse,OR,63,817,16269
LN-101464,Christopher Perez,05/01/2018,05/01/2038,447000,330780,4.13,1251,30 Days Delinquent,Single Family,OK,57,712,19686
LN-101465,Joseph Lee,05/09/2023,05/09/2047,710000,568000,7.38,3121,90+ Days Delinquent,Townhouse,MI,75,794,90019
LN-101466,Elizabeth Davis,06/16/2020,06/16/2049,710000,447300,3.33,1607,60 Days Delinquent,Multi Family,WI,75,697,85397
LN-101467,Thomas Williams,12/24/2019,12/24/2047,444000,386280,7.61,1862,60 Days Delinquent,Multi Family,IN,77,706,13728
LN-101468,Lisa Ramirez,06/08/2023,06/08/2042,547000,525120,5.12,3158,Paid Off,Townhouse,PA,56,640,75379
LN-101469,Lisa White,02/15/2023,02/15/2049,822000,493200,4.97,3955,90+ Days Delinquent,Townhouse,MO,71,735,93962
LN-101470,Betty Hernandez,10/13/2022,10/13/2038,557000,490160,3.59,3006,Paid Off,Multi Family,NJ,77,663,79853
LN-101471,Robert Moore,12/04/2020,12/04/2045,559000,447200,6.11,3721,30 Days Delinquent,Single Family,MD,90,720,90015
LN-101472,Betty Jackson,04/14/2022,04/14/2045,359000,344640,7.3,1447,Current,Condo,CO,76,687,76431
LN-101473,Barbara Sanchez,12/24/2019,12/24/2043,821000,681430,7.25,1622,90+ Days Delinquent,Single Family,WI,78,646,71107
LN-100359,Jennifer Smith,10/20/2018,10/20/2046,507000,481650,6.59,4058,90+ Days Delinquent,Single Family,OH,72,812,48234
LN-101475,Lisa Ramirez,12/23/2020,12/23/2046,521000,463690,5.22,3075,60 Days Delinquent,Single Family,LA,70,677,55930
LN-101476,Joseph Anderson,03/08/2018,03/08/2040,482000,448260,3.43,4170,Default,Commercial,OR,90,804,51350
LN-101477,Sandra Harris,08/05/2020,08/05/2047,564000,485040,3.52,3134,60 Days Delinquent,Single Family,CO,63,708,88253
LN-101478,Sandra Williams,06/06/2020,06/06/2036,714000,642600,6.93,4336,30 Days Delinquent,Condo,MD,94,752,88566
LN-101479,Joseph Lopez,02/11/2023,02/11/2050,373000,320780,4.29,2798,30 Days Delinquent,Condo,TX,79,793,16282
LN-101480,Karen Miller,03/02/2022,03/02/2038,500000,385000,7.68,3966,Default,Multi Family,TN,67,686,65865
LN-100439,Margaret Lee,01/26/2018,01/26/2040,531000,509760,6.6,3490,Current,Multi Family,CO,75,738,77872
LN-101482,David Anderson,11/18/2023,11/18/2046,154000,106260,6.56,2005,Paid Off,Multi Family,LA,92,680,83455
LN-101483,Margaret Johnson,08/09/2023,08/09/2049,172000,154800,3.81,1586,Default,Single Family,TN,82,744,82462
LN-101484,Kimberly Johnson,01/19/2018,01/19/2036,608000,528960,4.36,3756,Current,Single Family,PA,64,736,38454
LN-101485,Michelle Sanchez,12/17/2019,12/17/2037,299000,182390,5.12,3712,60 Days Delinquent,Commercial,NJ,75,661,26302
LN-101486,Betty Rodriguez,07/14/2020,07/14/2039,517000,398090,4.99,3253,Current,Commercial,LA,61,759,61465
LN-101487,Elizabeth Smith,08/17/2023,08/17/2052,471000,282600,3.38,4356,Paid Off,Commercial,PA,80,642,41115
LN-101488,Donald Robinson,03/03/2022,03/03/2040,217000,190960,6.46,1451,Default,Multi Family,OH,95,743,92236
LN-101489,Karen Johnson,02/24/2022,02/24/2044,724000,629880,7.56,3673,Paid Off,Single Family,TN,57,687,42852
LN-101490,William Perez,03/25/2023,03/25/2051,593000,468470,3.43,3651,Current,Single Family,VA,78,634,39211
LN-101491,Margaret Lewis,04/01/2020,04/01/2050,500000,385000,3.74,2099,60 Days Delinquent,Multi Family,NJ,57,760,36645
LN-100567,Robert Brown,10/09/2022,10/09/2042,791000,751450,6.97,3326,60 Days Delinquent,Multi Family,AL,83,678,79412
LN-101493,Joshua Martinez,05/21/2019,05/21/2047,721000,656110,7.33,2852,Current,Single Family,IN,95,638,95933
LN-101494,Ashley Anderson,11/24/2021,11/24/2048,762000,624840,5.36,2723,60 Days Delinquent,Single Family,NJ,81,651,14458
LN-101399,Thomas Brown,09/02/2019,09/02/2044,610000,433100,7.44,3193,Current,Townhouse,OR,84,721,89321
LN-100657,Kimberly Smith,11/21/2019,11/21/2042,681000,449460,5.29,4321,30 Days Delinquent,Multi Family,IN,66,645,18350
LN-101497,James Robinson,04/16/2023,04/16/2041,513000,343710,6.43,1769,Current,Commercial,MN,76,751,28465
LN-101498,Michael Wilson,04/08/2018,04/08/2039,200000,122000,3.66,1563,60 Days Delinquent,Multi Family,OR,92,769,22047
LN-101499,Susan Thomas,12/03/2020,12/03/2041,715000,464750,5.97,2951,90+ Days Delinquent,Single Family,MN,90,704,85936
LN-101500,Lisa Martinez,06/08/2018,06/08/2034,192000,159360,7.38,2675,30 Days Delinquent,Condo,GA,68,650,38286
LN-101501,Andrew Lee,12/04/2019,12/04/2049,204000,159120,6.24,1689,90+ Days Delinquent,Single Family,OH,77,697,10746
LN-101502,Donald Robinson,07/17/2020,07/17/2039,233000,181740,5.3,3123,Current,Multi Family,MI,79,722,52942
LN-101503,Elizabeth Garcia,12/04/2020,12/04/2040,216000,172800,4.91,4184,30 Days Delinquent,Townhouse,PA,68,784,84300
LN-101504,Linda Johnson,02/10/2018,02/10/2045,769000,645960,5.13,4493,Current,Townhouse,KY,80,712,25300
LN-101505,Ashley Sanchez,12/06/2019,12/06/2036,550000,478500,4.74,2070,Default,Townhouse,OH,84,784,72897
LN-101506,William Jackson,10/22/2019,10/22/2047,319000,299860,4.18,1930,90+ Days Delinquent,Condo,MO,83,714,58154
LN-101507,Margaret Williams,09/21/2019,09/21/2036,741000,711360,7.1,1534,Current,Multi Family,LA,66,639,85509
LN-101508,Robert Thomas,07/26/2022,07/26/2045,584000,572320,6.67,4246,Current,Commercial,FL,55,665,51391
LN-101509,Joseph Perez,01/07/2018,01/07/2033,718000,516960,5.19,4396,Paid Off,Condo,MI,81,650,74982
LN-101510,Andrew Davis,08/02/2021,08/02/2050,569000,398300,5.57,4483,Paid Off,Single Family,MN,81,757,26237
LN-101511,Betty Taylor,09/13/2021,09/13/2041,234000,194220,4.14,4121,Paid Off,Single Family,MO,64,626,82851
LN-101512,Michael Robinson,11/20/2022,11/20/2046,613000,472010,3.61,2477,Default,Townhouse,MO,86,680,34444
LN-100415,Jennifer Anderson,11/14/2019,11/14/2036,775000,573500,7.25,2939,Default,Multi Family,GA,66,785,15379
LN-101514,Jessica Hernandez,04/24/2023,04/24/2045,667000,640320,5.28,2978,Current,Condo,MA,89,756,61966
LN-101515,Michael Moore,12/12/2022,12/12/2051,319000,267960,4.75,1347,Default,Townhouse,CT,78,728,62819
LN-101516,Susan Hernandez,05/27/2019,05/27/2045,629000,389980,3.48,2949,Default,Commercial,NC,67,785,93380
LN-101517,Christopher Williams,02/21/2019,02/21/2040,764000,595920,3.87,1825,Paid Off,Single Family,MA,75,771,65363
LN-100021,Jennifer Wilson,12/03/2018,12/03/2046,321000,231120,7.46,2240,30 Days Delinquent,Multi Family,PA,56,756,34123
LN-101519,Michelle Robinson,10/08/2018,10/08/2046,662000,503120,4.76,3787,Paid Off,Multi Family,FL,71,762,55773
LN-101520,Barbara Jones,10/03/2019,10/03/2038,285000,256500,5.77,1657,Default,Condo,OK,93,626,53358
LN-100108,Mark Wilson,12/18/2023,12/18/2048,600000,366000,5.65,1687,60 Days Delinquent,Townhouse,CA,77,734,80503
LN-101522,Sandra Brown,08/18/2021,08/18/2038,805000,716450,5.17,2711,60 Days Delinquent,Multi Family,TN,85,714,82273
LN-101523,Matthew Martinez,09/12/2023,09/12/2050,790000,758400,7.45,3037,60 Days Delinquent,Single Family,NC,58,658,15672
LN-101524,Thomas Rodriguez,08/23/2018,08/23/2043,768000,552960,5.7,4363,Current,Multi Family,FL,68,622,29573
LN-101525,Daniel Jones,12/15/2019,12/15/2043,518000,357420,5.01,4254,Current,Condo,UT,63,739,68326
LN-101526,Susan Lee,10/01/2019,10/01/2046,305000,298900,4.83,4311,60 Days Delinquent,Multi Family,NY,68,662,98746
LN-100958,Jennifer Anderson,07/01/2023,07/01/2038,775000,674250,6.49,2776,Paid Off,Condo,CO,87,718,51320
LN-101528,Barbara Lopez,01/17/2018,01/17/2035,743000,557250,7.37,1404,Default,Condo,CA,57,620,24095
LN-101529,Donna Hernandez,08/01/2020,08/01/2036,341000,255750,7.12,3529,90+ Days Delinquent,Commercial,FL,72,709,40372
LN-101530,Anthony Davis,03/24/2020,03/24/2040,439000,412660,7.46,1978,30 Days Delinquent,Multi Family,MA,69,672,33829
LN-101531,Donna Jones,12/18/2019,12/18/2036,266000,210140,3.85,2349,Current,Commercial,LA,66,698,36675
LN-101532,James Williams,06/01/2019,06/01/2034,366000,234240,5.99,3753,60 Days Delinquent,Commercial,PA,62,623,43684
LN-100738,Daniel White,07/06/2023,07/06/2047,205000,194750,3.78,1712,90+ Days Delinquent,Single Family,MI,56,683,11640
LN-101534,Sandra Thompson,08/02/2021,08/02/2038,421000,328380,5.37,3120,90+ Days Delinquent,Single Family,KY,71,775,88210
LN-100555,Ashley Harris,02/26/2020,02/26/2045,266000,228760,5.11,1854,Default,Commercial,FL,84,728,49002
LN-101536,William Miller,07/23/2023,07/23/2043,829000,530560,7.69,1780,Paid Off,Multi Family,TX,81,735,63371
LN-101537,Emily Gonzalez,09/19/2021,09/19/2041,241000,209670,4.44,1474,Paid Off,Townhouse,UT,82,800,70329
LN-101538,Kimberly Taylor,04/11/2022,04/11/2043,719000,575200,7.27,2106,60 Days Delinquent,Multi Family,MN,74,781,65787
LN-101539,Betty Jackson,02/20/2018,02/20/2036,427000,358680,4.01,1781,60 Days Delinquent,Townhouse,IL,60,793,54346
LN-101540,Karen Rodriguez,05/15/2023,05/15/2052,806000,765700,3.68,3746,30 Days Delinquent,Townhouse,WA,61,672,32299
LN-101541,Mary Rodriguez,04/13/2019,04/13/2043,294000,185220,6.95,3008,Paid Off,Townhouse,TX,91,723,19127
LN-101542,Paul Wilson,03/21/2021,03/21/2045,738000,590400,3.66,2142,Current,Multi Family,VA,75,805,10830
LN-101543,Kimberly Davis,05/16/2022,05/16/2048,701000,679970,6,4149,30 Days Delinquent,Single Family,UT,91,705,67121
LN-101544,Mark Anderson,12/03/2023,12/03/2045,248000,215760,5.64,2526,Paid Off,Townhouse,CT,83,689,50386
LN-101545,Elizabeth Davis,08/23/2020,08/23/2044,414000,351900,3.3,2104,30 Days Delinquent,Commercial,OK,91,762,15351
LN-101546,Kimberly Smith,07/14/2021,07/14/2045,492000,428040,4.37,2206,30 Days Delinquent,Commercial,LA,79,636,82708
LN-101547,Jessica Martinez,08/19/2020,08/19/2042,321000,279270,7.58,1422,30 Days Delinquent,Townhouse,SC,73,626,91688
LN-101548,Elizabeth Clark,11/23/2023,11/23/2040,184000,132480,4.27,1931,Current,Multi Family,MN,88,802,71540
LN-100652,Paul Jones,01/10/2021,01/10/2044,319000,277530,4.43,1550,Default,Townhouse,OK,81,640,47455
LN-101550,Michelle Clark,11/04/2022,11/04/2048,403000,270010,3.77,2972,Default,Condo,FL,90,714,53898
LN-101540,Jessica Thomas,03/09/2020,03/09/2046,152000,124640,4.51,2357,Default,Townhouse,MA,70,733,12450
LN-101552,Andrew Johnson,10/23/2018,10/23/2046,821000,615750,5.18,3833,90+ Days Delinquent,Multi Family,CT,64,719,74793
LN-101553,William Miller,11/06/2022,11/06/2038,784000,697760,7.13,1202,30 Days Delinquent,Single Family,TN,76,680,77520
LN-101554,Betty Wilson,11/19/2018,11/19/2042,157000,100480,5.16,3610,Default,Commercial,OH,61,635,98404
LN-101555,Charles Harris,04/15/2019,04/15/2035,392000,372400,3.67,1584,30 Days Delinquent,Multi Family,NC,71,648,28788
LN-101556,Joseph Jones,12/08/2018,12/08/2048,593000,468470,6.64,3141,60 Days Delinquent,Townhouse,NC,90,707,31576
LN-101557,Andrew Jones,08/14/2018,08/14/2044,708000,545160,4.23,4204,60 Days Delinquent,Single Family,MA,86,690,65270
LN-101558,Michael Miller,06/18/2018,06/18/2034,462000,291060,5.46,1326,30 Days Delinquent,Townhouse,NJ,55,642,64615
LN-101559,Jennifer Lee,11/26/2022,11/26/2038,327000,294300,4.42,1255,90+ Days Delinquent,Townhouse,TX,94,664,88506
LN-101560,Michelle Perez,11/07/2021,11/07/2042,824000,782800,7.42,1235,90+ Days Delinquent,Multi Family,NJ,55,650,47237
LN-101561,Matthew Hernandez,09/28/2019,09/28/2042,615000,485850,3.76,1673,90+ Days Delinquent,Commercial,WI,62,735,47761
LN-101562,Christopher Wilson,06/15/2019,06/15/2041,707000,671650,5.58,4137,Paid Off,Multi Family,LA,81,812,40811
LN-100112,Anthony Gonzalez,08/14/2018,08/14/2043,162000,111780,7.68,2818,60 Days Delinquent,Single Family,CA,79,730,42237
LN-101564,Jennifer Sanchez,12/21/2022,12/21/2040,623000,454790,6.28,3539,Current,Townhouse,MI,68,658,43588
LN-101565,Mark Hernandez,08/25/2021,08/25/2049,727000,450740,6.22,3065,Default,Multi Family,WI,73,773,90161
LN-101566,Betty Harris,10/17/2023,10/17/2047,273000,248430,4.75,1758,90+ Days Delinquent,Townhouse,GA,55,633,86679
LN-101567,Michael Gonzalez,01/12/2022,01/12/2048,384000,307200,4.79,2594,90+ Days Delinquent,Condo,OR,63,736,34559
LN-101568,Steven Jackson,01/06/2019,01/06/2040,394000,299440,5.29,3204,Paid Off,Townhouse,OR,75,810,50499
LN-101569,Susan Sanchez,08/26/2020,08/26/2044,274000,205500,3.64,2144,60 Days Delinquent,Multi Family,MI,94,642,69440
LN-101570,Matthew Robinson,01/14/2020,01/14/2036,353000,328290,4.19,1471,60 Days Delinquent,Commercial,SC,60,760,65555
LN-101571,Mark Jones,06/28/2019,06/28/2043,598000,574080,6.35,1309,60 Days Delinquent,Townhouse,MA,80,701,72573
LN-101572,David White,11/20/2018,11/20/2048,837000,686340,5.57,2756,Default,Townhouse,MD,66,792,20228
LN-101573,Margaret Thompson,08/05/2020,08/05/2049,800000,536000,4.39,3817,Default,Multi Family,CO,70,667,78530
LN-101574,Robert Miller,05/09/2019,05/09/2037,488000,448960,5.82,3885,Paid Off,Single Family,CO,95,810,22869
LN-101575,Margaret Smith,11/27/2020,11/27/2050,849000,534870,6.27,4019,Default,Multi Family,VA,63,756,16778
LN-101576,Paul Gonzalez,10/09/2022,10/09/2051,708000,580560,5.2,1250,Current,Condo,AZ,71,743,97148
LN-101577,Matthew Hernandez,03/05/2021,03/05/2041,413000,375830,6.21,1903,Current,Single Family,MI,82,721,82131
LN-101578,Richard Jackson,02/19/2019,02/19/2037,233000,163100,5.91,2904,90+ Days Delinquent,Condo,OK,88,750,79980
LN-101579,Susan Lewis,04/02/2020,04/02/2035,190000,119700,4.7,2928,90+ Days Delinquent,Single Family,WA,77,766,85009
LN-101580,Charles Ramirez,11/21/2019,11/21/2044,757000,545040,7.6,3499,Current,Condo,AL,93,689,10950
LN-101581,Andrew Ramirez,07/18/2018,07/18/2043,392000,305760,7.04,1609,30 Days Delinquent,Commercial,MD,82,743,77069
LN-101582,Matthew Smith,01/23/2018,01/23/2033,513000,482220,5.41,4053,60 Days Delinquent,Commercial,IN,64,621,63688
LN-101583,Mark Lopez,02/22/2021,02/22/2050,400000,332000,6.62,4384,30 Days Delinquent,Condo,OK,67,685,43493
LN-100498,David Moore,01/04/2021,01/04/2036,846000,600660,5.05,3556,90+ Days Delinquent,Commercial,NC,57,754,89138
LN-101585,Nancy Martinez,07/03/2022,07/03/2046,325000,286000,5.25,3968,30 Days Delinquent,Single Family,MI,65,695,12438
LN-101586,Margaret Robinson,02/23/2021,02/23/2047,440000,387200,6.25,4089,90+ Days Delinquent,Multi Family,MN,83,673,52448
LN-101587,Mark Martinez,09/19/2021,09/19/2050,405000,388800,5.32,3711,Paid Off,Townhouse,OR,95,752,21075
LN-101588,Richard Johnson,08/05/2018,08/05/2048,587000,475470,3.45,1973,Default,Townhouse,MD,88,719,91681
LN-101589,Jessica Thomas,04/22/2021,04/22/2045,522000,349740,4.66,2949,Default,Single Family,MO,79,690,31248
LN-101590,Andrew Perez,11/23/2023,11/23/2041,165000,120450,6.22,3751,Paid Off,Townhouse,IL,68,636,53942
LN-100097,Matthew Johnson,11/12/2022,11/12/2042,842000,564140,5.66,1500,Current,Townhouse,MD,87,712,47184
LN-101592,Ashley Anderson,07/01/2022,07/01/2048,769000,584440,6.02,3282,Default,Single Family,IN,68,622,76487
LN-101593,Jennifer Brown,04/20/2022,04/20/2050,461000,433340,4.2,1350,Current,Multi Family,VA,60,727,19475
LN-101594,Lisa Rodriguez,09/14/2021,09/14/2038,486000,427680,5.07,2080,60 Days Delinquent,Townhouse,MN,94,710,77658
LN-101595,Jessica White,03/13/2018,03/13/2041,316000,249640,4.23,2403,60 Days Delinquent,Condo,KY,56,690,60651
LN-101596,Sandra Garcia,03/10/2019,03/10/2040,420000,273000,3.33,2658,60 Days Delinquent,Multi Family,IN,93,683,41524
LN-101597,Ashley Martin,03/23/2020,03/23/2047,280000,271600,4.69,1709,30 Days Delinquent,Single Family,NY,90,747,66867
LN-101598,Matthew Harris,01/14/2023,01/14/2045,807000,734370,4.31,3780,90+ Days Delinquent,Multi Family,WA,85,743,50405
LN-101599,Nancy White,04/05/2020,04/05/2038,387000,270900,7.28,2276,Paid Off,Single Family,TN,74,819,17114
LN-101600,Matthew Harris,11/03/2018,11/03/2045,324000,213840,6.69,2243,90+ Days Delinquent,Condo,TX,69,692,69500
LN-101601,Richard Johnson,06/04/2021,06/04/2044,172000,166840,5.81,4394,60 Days Delinquent,Single Family,OH,86,713,69856
LN-101602,Charles Davis,06/04/2022,06/04/2046,656000,472320,6.07,2206,60 Days Delinquent,Commercial,VA,73,644,63910
LN-101603,Joshua Wilson,11/06/2020,11/06/2037,580000,551000,6.74,1676,Current,Single Family,FL,67,776,98230
LN-101604,Karen Taylor,08/28/2018,08/28/2043,169000,119990,5.78,3204,Paid Off,Single Family,OH,93,704,36006
LN-101605,William Harris,11/05/2022,11/05/2044,648000,570240,5.15,2236,60 Days Delinquent,Single Family,TX,58,692,90201
LN-101606,Margaret Johnson,03/02/2023,03/02/2046,378000,298620,6.91,4481,Paid Off,Condo,PA,60,746,34107
LN-101607,Karen White,01/15/2022,01/15/2038,692000,588200,7.23,2888,30 Days Delinquent,Commercial,VA,86,774,50568
LN-101608,James Clark,12/19/2020,12/19/2046,247000,209950,6.86,3266,Default,Single Family,MI,93,765,80416
LN-101609,Robert Hernandez,06/25/2020,06/25/2042,550000,484000,5.54,3091,90+ Days Delinquent,Townhouse,IL,71,764,19438
LN-101610,James Garcia,07/11/2022,07/11/2037,766000,513220,3.29,3378,30 Days Delinquent,Single Family,KY,82,628,60053
LN-101611,William Jackson,01/05/2018,01/05/2044,510000,331500,5.65,1446,Default,Condo,OH,70,696,86211
LN-100513,Mark Sanchez,09/07/2019,09/07/2040,587000,469600,4.81,3183,Paid Off,Commercial,FL,93,663,30486
LN-101613,Jennifer Jones,04/06/2022,04/06/2039,835000,809950,5.15,3399,30 Days Delinquent,Townhouse,MD,95,663,36914
LN-101614,Sarah Smith,07/25/2023,07/25/2043,732000,461160,5.41,3542,60 Days Delinquent,Multi Family,IL,59,621,73717
LN-101615,Joseph Miller,08/28/2023,08/28/2039,315000,252000,5.67,3063,Default,Multi Family,MA,92,737,19562
LN-101616,Michelle Johnson,03/19/2020,03/19/2049,328000,282080,3.49,3335,30 Days Delinquent,Condo,FL,56,810,62629
LN-101617,William Smith,08/21/2023,08/21/2049,554000,343480,6.19,1722,Default,Multi Family,TN,91,755,50789
LN-101618,Margaret Taylor,08/10/2021,08/10/2051,536000,428800,6.35,1293,Paid Off,Townhouse,MI,55,629,78337
LN-101619,Paul Jones,01/10/2022,01/10/2044,383000,260440,4.91,1963,90+ Days Delinquent,Condo,AZ,56,731,99869
LN-101620,Andrew Harris,09/26/2023,09/26/2045,524000,476840,6.45,3885,60 Days Delinquent,Multi Family,NY,63,714,25950
LN-101621,Charles Jones,12/19/2022,12/19/2040,462000,369600,4.41,1831,Current,Multi Family,OK,79,759,16009
LN-101622,Mary Thompson,10/05/2022,10/05/2051,252000,226800,5.91,2222,90+ Days Delinquent,Single Family,LA,91,667,91022
LN-101623,Matthew Clark,10/11/2021,10/11/2043,500000,450000,4.93,2382,Current,Single Family,LA,89,746,68822
LN-101624,Kimberly Ramirez,10/23/2021,10/23/2045,332000,249000,4.81,2221,Paid Off,Commercial,OR,76,648,13015
LN-101625,Barbara Jones,08/05/2023,08/05/2052,159000,125610,4.77,2514,Current,Townhouse,MA,94,785,25769
LN-101626,Robert Garcia,10/07/2023,10/07/2045,494000,424840,5.93,1977,Current,Townhouse,NJ,60,627,50341
LN-101627,Mark Martinez,07/06/2022,07/06/2045,566000,543360,5.13,2881,60 Days Delinquent,Commercial,OH,59,748,17456
LN-101628,Linda Jones,06/04/2021,06/04/2039,572000,354640,7.27,2906,60 Days Delinquent,Commercial,WI,66,683,98769
LN-101629,Michelle Martin,01/24/2019,01/24/2049,292000,230680,4.2,3676,Current,Multi Family,TX,91,796,15654
LN-100152,Jennifer Hernandez,10/12/2019,10/12/2047,213000,132060,6.73,2074,Paid Off,Condo,LA,69,636,85408
LN-101631,Michelle Ramirez,06/07/2023,06/07/2048,482000,303660,4.47,3384,60 Days Delinquent,Commercial,WA,89,819,31354
LN-101632,Andrew Williams,07/12/2020,07/12/2045,796000,660680,6.61,1274,Current,Townhouse,OH,94,726,48245
LN-101633,Andrew Jackson,01/09/2020,01/09/2048,553000,458990,5.65,2230,Default,Multi Family,OK,56,730,35215
LN-101634,Linda Martinez,04/26/2020,04/26/2039,327000,317190,3.87,4205,Current,Condo,CO,79,676,67045
LN-100871,Donna Sanchez,09/19/2019,09/19/2049,187000,157080,5.72,1880,Paid Off,Condo,SC,87,781,69014
LN-101636,David Wilson,05/03/2023,05/03/2044,299000,209300,5.27,1410,Paid Off,Single Family,OR,87,772,46222
LN-101039,William Davis,03/27/2022,03/27/2047,246000,186960,7.22,3705,Current,Commercial,MI,70,786,81862
LN-101638,Elizabeth Brown,03/06/2021,03/06/2041,675000,533250,6.58,2548,60 Days Delinquent,Commercial,OH,67,716,96733
LN-101639,Matthew Miller,10/09/2022,10/09/2051,313000,253530,6.29,2100,30 Days Delinquent,Multi Family,AZ,86,815,88326
LN-101640,Christopher Smith,09/02/2023,09/02/2049,221000,172380,5.63,3094,90+ Days Delinquent,Townhouse,CT,62,810,31178
LN-101641,Betty Brown,08/02/2020,08/02/2039,157000,103620,3.36,3949,Current,Commercial,UT,91,671,45611
LN-101642,Mark Thomas,04/12/2020,04/12/2036,591000,437340,3.41,1940,Current,Single Family,OK,83,715,54201
LN-101643,Andrew Lewis,02/10/2018,02/10/2039,682000,518320,4.91,4289,Default,Commercial,TX,71,631,49078
LN-101644,Elizabeth Perez,10/23/2023,10/23/2038,346000,238740,7.45,2879,Paid Off,Multi Family,TX,72,660,85084
LN-101645,Patricia Taylor,06/03/2021,06/03/2037,352000,242880,7.44,3388,30 Days Delinquent,Townhouse,WA,83,794,11233
LN-101646,Donald Jones,12/11/2022,12/11/2047,340000,258400,5.65,1370,Default,Condo,MA,59,786,14475
LN-101647,Donna Hernandez,04/12/2020,04/12/2047,244000,185440,4.71,1811,Current,Condo,MA,59,759,67674
LN-101648,Joseph Harris,05/23/2022,05/23/2044,583000,565510,4.22,2200,Current,Single Family,MO,78,649,30709
LN-101649,Linda Williams,02/11/2019,02/11/2045,819000,499590,5.11,2857,Paid Off,Condo,PA,63,621,65988
LN-100742,Steven Gonzalez,05/13/2019,05/13/2046,741000,607620,5.15,3238,60 Days Delinquent,Commercial,AZ,75,685,40809
LN-101651,Barbara Moore,02/12/2020,02/12/2036,187000,147730,3.87,3179,Current,Single Family,CT,70,625,73925
LN-101652,Joseph Martinez,02/12/2018,02/12/2033,614000,392960,4.03,2116,30 Days Delinquent,Single Family,NC,68,767,11059
LN-101653,Paul Johnson,08/19/2023,08/19/2048,203000,129920,6.36,2615,Current,Multi Family,TN,60,745,57985
LN-101654,Margaret Smith,08/18/2020,08/18/2037,617000,592320,5.5,3778,60 Days Delinquent,Townhouse,GA,67,696,78654
LN-101655,Nancy Martinez,09/02/2018,09/02/2048,232000,215760,3.34,3281,30 Days Delinquent,Multi Family,IN,95,649,74562
LN-101656,Michael Robinson,04/13/2019,04/13/2037,210000,149100,6.73,3997,Default,Commercial,KY,92,746,55578
LN-101657,Christopher White,04/01/2022,04/01/2043,383000,229800,3.55,1350,90+ Days Delinquent,Condo,AZ,83,646,18130
LN-101658,Paul Moore,08/02/2021,08/02/2038,521000,453270,5.31,1786,Default,Multi Family,OH,78,641,37312
LN-101649,Anthony Lee,04/15/2023,04/15/2040,794000,484340,7.29,2622,90+ Days Delinquent,Multi Family,KY,86,633,82766
LN-101660,Paul Wilson,07/03/2021,07/03/2043,813000,699180,4.16,3304,30 Days Delinquent,Multi Family,AL,84,787,60710
LN-101661,Patricia Harris,06/05/2018,06/05/2048,204000,134640,5.18,2066,Current,Commercial,LA,64,719,13305
LN-101662,Thomas Lee,08/20/2023,08/20/2046,238000,230860,6.3,4089,60 Days Delinquent,Single Family,MI,77,731,23769
LN-101663,Christopher Wilson,03/22/2022,03/22/2047,564000,507600,4.64,3187,Paid Off,Condo,AL,92,629,51162
LN-101664,Paul Martinez,04/04/2020,04/04/2049,189000,122850,7.62,4033,90+ Days Delinquent,Commercial,TX,80,714,22079
LN-101665,Robert White,06/09/2021,06/09/2038,622000,597120,5.27,3907,Current,Commercial,WI,79,767,83104
LN-101666,Steven Rodriguez,12/18/2021,12/18/2048,535000,460100,7.27,4359,90+ Days Delinquent,Multi Family,OK,62,662,33244
LN-101667,Sarah Garcia,01/16/2019,01/16/2049,830000,539500,3.54,2862,Current,Multi Family,MI,92,734,18280
LN-101668,Betty Wilson,12/22/2022,12/22/2039,836000,685520,6.83,4036,Paid Off,Townhouse,AZ,74,807,73705
LN-101669,Linda Lee,04/06/2023,04/06/2047,337000,249380,3.36,2565,90+ Days Delinquent,Townhouse,AL,78,692,36797
LN-101670,Andrew White,10/27/2023,10/27/2039,511000,342370,3.68,1345,Default,Townhouse,IL,89,781,18032
LN-101671,Barbara Thompson,02/06/2021,02/06/2038,470000,305500,7.51,2452,90+ Days Delinquent,Commercial,VA,66,693,77397
LN-101672,Christopher Smith,02/27/2020,02/27/2045,530000,402800,6.89,2787,60 Days Delinquent,Single Family,NY,64,709,68228
LN-101673,Anthony Thomas,06/04/2021,06/04/2038,604000,398640,6.28,3398,30 Days Delinquent,Condo,IL,77,819,21640
LN-101658,Margaret Gonzalez,12/02/2022,12/02/2049,618000,376980,6.81,2761,Current,Multi Family,AZ,81,624,19288
LN-101675,Patricia Smith,03/09/2022,03/09/2044,460000,280600,7.52,2913,Current,Multi Family,CT,90,756,82805
LN-101676,William Ramirez,09/13/2018,09/13/2038,500000,380000,6.4,1491,30 Days Delinquent,Single Family,MI,65,644,12372
LN-101677,Charles Robinson,09/17/2019,09/17/2038,711000,554580,4.14,3022,Current,Single Family,WA,85,644,73099
LN-101678,Jessica Johnson,01/12/2020,01/12/2042,198000,128700,4.98,3187,30 Days Delinquent,Townhouse,CO,56,684,34284
LN-101679,Linda Lopez,09/04/2022,09/04/2042,721000,475860,4.64,1590,90+ Days Delinquent,Commercial,MA,75,792,48785
LN-101680,Michelle Robinson,08/03/2022,08/03/2046,387000,294120,3.26,3286,30 Days Delinquent,Townhouse,NY,81,637,49572
LN-101681,Daniel Davis,06/09/2018,06/09/2038,699000,538230,5.55,4177,60 Days Delinquent,Commercial,GA,82,623,88354
LN-101148,Mark Davis,06/21/2021,06/21/2040,792000,522720,6.52,4139,90+ Days Delinquent,Single Family,GA,86,769,71383
LN-101683,Charles Ramirez,03/09/2023,03/09/2044,517000,351560,5.32,4016,Paid Off,Condo,UT,60,801,10236
LN-101684,Robert Perez,10/01/2021,10/01/2050,342000,266760,7.26,1618,90+ Days Delinquent,Multi Family,OK,73,789,77644
LN-101685,Lisa Jones,06/23/2023,06/23/2047,447000,397830,7.63,2969,Default,Townhouse,FL,78,809,21753
LN-101686,Ashley Harris,09/12/2020,09/12/2039,763000,740110,4.97,3528,Default,Townhouse,MD,82,620,68983
LN-101687,Kimberly Perez,11/19/2018,11/19/2039,242000,227480,4.92,3722,Paid Off,Condo,NC,74,730,11570
LN-101688,Donald Clark,04/26/2022,04/26/2048,541000,465260,7.7,3165,30 Days Delinquent,Commercial,CA,65,760,62181
LN-101689,Betty Davis,06/02/2019,06/02/2044,307000,230250,7.62,4220,30 Days Delinquent,Condo,TX,59,815,26807
LN-101690,Anthony Gonzalez,11/17/2021,11/17/2047,809000,679560,4.23,2737,30 Days Delinquent,Single Family,AL,65,726,59541
LN-101691,Betty Martinez,05/27/2018,05/27/2037,238000,178500,6.14,1682,Current,Multi Family,OK,89,763,91945
LN-101692,Thomas White,09/21/2021,09/21/2047,179000,107400,7.21,3091,Current,Single Family,VA,62,621,44321
LN-101693,Elizabeth Jackson,02/23/2018,02/23/2037,396000,344520,5.7,3608,60 Days Delinquent,Townhouse,CT,67,665,11429
LN-101694,James Lewis,04/05/2019,04/05/2035,476000,414120,5.54,4188,30 Days Delinquent,Commercial,VA,67,734,15741
LN-101695,Donald Moore,12/02/2022,12/02/2041,806000,677040,7.4,1944,Paid Off,Townhouse,IN,60,761,83400
LN-101696,Jennifer Robinson,10/01/2023,10/01/2051,281000,199510,6.11,4311,Current,Commercial,VA,85,671,90499
LN-101697,Paul Lewis,11/17/2020,11/17/2041,640000,563200,5.47,4180,60 Days Delinquent,Single Family,IL,78,789,70164
LN-101698,David Perez,11/14/2019,11/14/2047,809000,752370,6.72,3510,Default,Single Family,KY,81,637,30965
LN-101699,Margaret Jones,05/03/2019,05/03/2034,666000,459540,7.6,1500,60 Days Delinquent,Condo,NJ,84,709,73356
LN-101700,Joseph Garcia,11/27/2023,11/27/2053,702000,533520,3.87,2567,60 Days Delinquent,Townhouse,OH,84,690,32632
LN-101701,John Anderson,08/23/2023,08/23/2051,606000,527220,3.63,3111,Paid Off,Commercial,MA,73,626,64721
LN-101702,Kimberly Davis,11/27/2022,11/27/2039,485000,446200,6.57,2268,30 Days Delinquent,Multi Family,AL,84,670,34323
LN-101703,Joshua Lee,12/26/2020,12/26/2038,754000,693680,5.2,4069,Current,Commercial,CT,59,720,82742
LN-101704,Emily Gonzalez,11/22/2021,11/22/2051,635000,609600,6.65,4492,60 Days Delinquent,Single Family,MI,85,689,10792
LN-101705,Kimberly Sanchez,06/08/2020,06/08/2050,227000,172520,7.57,2456,Current,Townhouse,MA,82,656,55996
LN-101706,Matthew Perez,08/11/2022,08/11/2045,231000,152460,6.55,2256,Current,Townhouse,TN,88,729,54139
LN-101707,Donna Johnson,05/03/2019,05/03/2038,713000,677350,3.89,3158,Current,Townhouse,MI,58,712,12359
LN-101708,Daniel Taylor,07/12/2021,07/12/2051,724000,600920,6.57,4002,30 Days Delinquent,Commercial,CO,63,724,19830
LN-101709,John Garcia,07/04/2021,07/04/2040,365000,273750,6.52,1204,30 Days Delinquent,Multi Family,VA,85,780,64680
LN-101710,Richard Garcia,05/12/2019,05/12/2046,601000,498830,5.68,3198,Paid Off,Commercial,CO,56,701,15688
LN-101711,Christopher Thomas,06/03/2022,06/03/2052,320000,227200,6.98,3773,90+ Days Delinquent,Commercial,CT,69,774,86764
LN-101712,Richard Perez,05/16/2022,05/16/2044,307000,257880,5.82,4167,30 Days Delinquent,Single Family,NY,70,819,42320
LN-100773,Barbara Garcia,05/05/2021,05/05/2046,456000,319200,7.14,2806,60 Days Delinquent,Multi Family,TN,86,670,77405
LN-101714,James White,08/14/2019,08/14/2047,425000,267750,6.6,3674,Paid Off,Commercial,UT,72,646,55485
LN-101715,Paul Smith,09/01/2022,09/01/2046,819000,630630,3.3,4454,Paid Off,Single Family,MA,92,764,20782
LN-101716,Christopher Lopez,06/23/2020,06/23/2037,636000,591480,5.66,2307,30 Days Delinquent,Multi Family,LA,81,659,89658
LN-101717,Michelle Miller,10/04/2019,10/04/2042,731000,701760,4.18,2892,60 Days Delinquent,Single Family,FL,73,624,40125
LN-101718,Michelle Smith,10/27/2019,10/27/2036,633000,538050,6.6,2606,90+ Days Delinquent,Commercial,SC,87,627,56896
LN-101719,Emily Harris,05/25/2021,05/25/2047,372000,312480,5.78,1900,Current,Multi Family,KY,59,806,69357
LN-101720,Matthew Ramirez,03/19/2021,03/19/2046,261000,206190,6.81,1256,30 Days Delinquent,Condo,MN,84,749,33411
LN-101721,David Williams,12/16/2021,12/16/2047,778000,630180,4.11,2720,30 Days Delinquent,Single Family,GA,76,657,39125
LN-101722,Michael Thompson,06/26/2019,06/26/2037,282000,228420,3.27,4128,Current,Condo,VA,79,701,44851
LN-101723,Christopher Hernandez,04/02/2019,04/02/2047,376000,353440,4.91,1858,Paid Off,Multi Family,NC,62,801,24907
LN-101724,Sandra Brown,10/09/2019,10/09/2044,332000,262280,4.16,2684,Current,Townhouse,UT,78,654,51095
LN-101725,Patricia Hernandez,07/24/2021,07/24/2045,675000,452250,3.59,3180,60 Days Delinquent,Townhouse,TN,59,709,70810
LN-101726,Karen Jones,03/19/2020,03/19/2045,835000,592850,4.95,4063,90+ Days Delinquent,Condo,MD,80,790,41099
LN-101727,Sandra Harris,04/08/2018,04/08/2048,693000,602910,5.05,3788,60 Days Delinquent,Single Family,OR,63,658,73435
LN-101728,Linda Lopez,02/13/2020,02/13/2036,405000,384750,5.24,2137,30 Days Delinquent,Townhouse,KY,59,708,87834
LN-101729,Jennifer Hernandez,12/11/2019,12/11/2042,790000,600400,6.49,2846,Current,Commercial,UT,75,736,27308
LN-101730,Emily Garcia,03/24/2021,03/24/2049,450000,369000,5.45,1548,Default,Single Family,KY,60,670,28097
LN-101536,Paul Johnson,12/04/2021,12/04/2045,416000,374400,5.38,3205,Current,Multi Family,PA,70,716,62416
LN-101732,Karen Johnson,09/11/2023,09/11/2042,273000,267540,6.91,3737,90+ Days Delinquent,Townhouse,WA,86,781,30353
LN-101733,Charles Lee,09/25/2022,09/25/2038,438000,359160,5.89,1400,Paid Off,Commercial,OR,92,673,11088
LN-101734,Jessica Rodriguez,09/03/2019,09/03/2046,469000,417410,5.34,2685,30 Days Delinquent,Commercial,OH,67,786,70122
LN-101735,Thomas White,12/11/2022,12/11/2047,354000,272580,3.46,3064,90+ Days Delinquent,Townhouse,CA,63,745,17032
LN-101736,James Lopez,06/16/2023,06/16/2040,601000,378630,4.2,1434,Paid Off,Commercial,MO,62,678,63116
LN-101737,Elizabeth White,12/03/2020,12/03/2044,840000,630000,3.93,4323,30 Days Delinquent,Multi Family,UT,64,735,80054
LN-101738,Richard Garcia,07/15/2023,07/15/2039,300000,234000,5.75,1444,Paid Off,Townhouse,KY,64,628,98541
LN-101739,William Miller,05/27/2023,05/27/2048,748000,703120,3.64,1578,Default,Condo,CO,56,672,61404
LN-101370,Elizabeth Brown,07/18/2023,07/18/2052,550000,396000,6.4,3827,Paid Off,Condo,TX,67,773,29348
LN-101741,Kimberly Martin,09/07/2020,09/07/2038,491000,309330,5.38,1708,60 Days Delinquent,Single Family,AZ,83,724,68338
LN-101742,Barbara Jackson,09/11/2022,09/11/2038,622000,404300,5.2,1367,Default,Multi Family,UT,81,639,29813
LN-101743,Lisa Taylor,12/10/2020,12/10/2048,731000,584800,4.7,4239,60 Days Delinquent,Multi Family,GA,94,679,85694
LN-101744,Joseph Rodriguez,11/12/2021,11/12/2046,199000,189050,7.68,2249,90+ Days Delinquent,Commercial,CA,68,796,54648
LN-101745,Elizabeth Davis,06/20/2021,06/20/2039,282000,197400,7.67,1853,Current,Single Family,MI,68,737,40304
LN-101746,Joseph Moore,12/24/2018,12/24/2045,685000,479500,6.14,1585,30 Days Delinquent,Multi Family,VA,60,773,21262
LN-101747,Mary Thompson,07/14/2018,07/14/2036,759000,645150,4.14,4466,90+ Days Delinquent,Single Family,MD,75,694,12395
LN-101748,Mary Williams,05/27/2023,05/27/2043,708000,693840,6.38,2038,90+ Days Delinquent,Condo,MA,75,808,40077
LN-101749,Karen Anderson,12/17/2022,12/17/2052,224000,190400,7.4,2634,Current,Townhouse,WI,88,636,83710
LN-101750,Margaret Martinez,09/27/2022,09/27/2049,681000,503940,5.4,2418,Current,Multi Family,OH,72,747,93923
LN-101751,Nancy Johnson,11/04/2021,11/04/2038,561000,521730,5.75,3967,Current,Condo,CT,93,764,42516
LN-101752,Lisa Williams,09/08/2023,09/08/2041,193000,127380,5.63,1339,30 Days Delinquent,Single Family,CA,74,623,13841
LN-101753,Christopher Davis,02/14/2019,02/14/2043,746000,626640,5.31,3196,60 Days Delinquent,Commercial,TX,67,760,37961
LN-101754,Kimberly Ramirez,05/07/2018,05/07/2034,402000,381900,6.21,1980,90+ Days Delinquent,Commercial,MD,73,779,40652
LN-101755,Sarah Davis,11/25/2021,11/25/2038,301000,237790,3.71,1230,90+ Days Delinquent,Single Family,WI,73,675,88216
LN-101756,Charles Williams,12/05/2018,12/05/2048,781000,484220,4.15,3326,30 Days Delinquent,Townhouse,TX,73,725,99621
LN-101757,Ashley Martinez,12/05/2019,12/05/2034,242000,174240,4.25,2887,60 Days Delinquent,Multi Family,TX,80,665,58780
LN-101649,Charles Brown,06/21/2021,06/21/2037,221000,145860,5.94,1438,30 Days Delinquent,Multi Family,SC,69,638,24502
LN-101759,Steven Hernandez,05/06/2021,05/06/2044,235000,173900,6.52,3915,Paid Off,Single Family,MO,64,648,45781
LN-101760,Andrew Miller,11/14/2018,11/14/2045,303000,260580,3.59,1487,90+ Days Delinquent,Multi Family,GA,56,744,52912
LN-101761,Patricia Robinson,10/21/2022,10/21/2039,477000,467460,5.22,4124,90+ Days Delinquent,Commercial,SC,66,736,44819
LN-101762,Michael Garcia,04/02/2023,04/02/2049,829000,688070,7.27,2694,Paid Off,Multi Family,TX,94,740,29736
LN-101763,Emily Rodriguez,12/26/2018,12/26/2046,259000,243460,4.54,4435,60 Days Delinquent,Condo,CO,65,687,65961
LN-100819,Jessica Jackson,06/12/2019,06/12/2038,774000,688860,3.34,3742,Paid Off,Townhouse,FL,66,702,94222
LN-101765,Steven Moore,11/04/2023,11/04/2042,305000,204350,5.77,1478,90+ Days Delinquent,Commercial,NC,57,761,73422
LN-101766,Patricia Anderson,07/19/2018,07/19/2043,719000,589580,4.52,4437,Paid Off,Condo,OK,72,767,42285
LN-100197,Karen Perez,01/25/2018,01/25/2033,274000,172620,6.35,3439,Paid Off,Townhouse,NY,80,691,56766
LN-101768,Anthony Wilson,03/22/2018,03/22/2034,591000,360510,5.74,3408,60 Days Delinquent,Commercial,NY,81,736,44432
LN-101769,Anthony Anderson,01/01/2018,01/01/2035,221000,181220,7.55,1276,30 Days Delinquent,Commercial,VA,92,692,27490
LN-101770,Donna Rodriguez,02/22/2020,02/22/2041,844000,776480,4.32,4078,Paid Off,Condo,GA,78,806,95731
LN-101771,Donald Moore,07/11/2020,07/11/2040,765000,688500,7.72,3694,90+ Days Delinquent,Single Family,CA,77,647,39761
LN-101772,Margaret Moore,07/23/2021,07/23/2038,576000,455040,4.21,3905,90+ Days Delinquent,Multi Family,TN,63,661,13371
LN-101773,Joseph Taylor,08/08/2019,08/08/2034,626000,469500,6.2,1276,60 Days Delinquent,Multi Family,PA,65,682,66224
LN-100945,Linda Smith,07/23/2018,07/23/2039,754000,701220,5.13,4005,90+ Days Delinquent,Townhouse,VA,92,748,46535
LN-101775,Joseph Thomas,10/21/2023,10/21/2040,682000,497860,7.26,3988,60 Days Delinquent,Condo,CT,79,813,89076
LN-101776,Thomas Davis,09/03/2019,09/03/2045,255000,244800,6.75,3501,90+ Days Delinquent,Commercial,MO,74,646,31886
LN-101777,Andrew Miller,03/01/2021,03/01/2048,543000,510420,4.04,3611,30 Days Delinquent,Condo,CA,89,803,88241
LN-101778,Jennifer Johnson,06/17/2020,06/17/2047,523000,339950,6.65,1590,Current,Commercial,TX,69,625,81781
LN-101779,Andrew Lopez,01/15/2022,01/15/2040,214000,158360,5.88,4460,90+ Days Delinquent,Multi Family,TX,74,657,41733
LN-101780,Nancy Rodriguez,10/01/2019,10/01/2047,750000,652500,5.88,2809,Paid Off,Multi Family,MO,63,745,37859
LN-101781,Lisa Gonzalez,07/05/2019,07/05/2042,787000,645340,3.87,2774,Default,Single Family,OK,83,733,84786
LN-101782,John Gonzalez,10/13/2022,10/13/2052,449000,296340,7.64,4284,90+ Days Delinquent,Townhouse,NY,95,659,75137
LN-101783,Joshua Johnson,05/05/2020,05/05/2050,355000,280450,4.88,2338,30 Days Delinquent,Multi Family,IN,70,733,11830
LN-101784,Charles Martinez,09/11/2019,09/11/2048,382000,255940,3.92,3036,30 Days Delinquent,Multi Family,AZ,89,648,73672
LN-101785,James Anderson,10/24/2022,10/24/2038,781000,570130,5.94,3662,Default,Townhouse,AZ,93,736,33793
LN-101786,Sarah Moore,07/24/2019,07/24/2045,641000,570490,5.53,4055,90+ Days Delinquent,Commercial,GA,83,772,85937
LN-101787,Sarah Lewis,09/18/2023,09/18/2043,662000,575940,4.6,2321,Default,Townhouse,OR,74,633,75072
LN-101788,Barbara Harris,07/22/2021,07/22/2044,195000,173550,6.63,3354,Paid Off,Single Family,OH,58,788,63831
LN-101789,Joseph Sanchez,03/28/2023,03/28/2040,303000,293910,4.78,4043,Current,Commercial,KY,78,642,67650
LN-101790,Sarah Taylor,06/27/2018,06/27/2046,521000,505370,4.17,4166,Current,Commercial,MA,83,791,95708
LN-101791,Betty Wilson,08/12/2020,08/12/2035,507000,446160,7.39,1787,Current,Commercial,SC,66,622,48651
LN-100599,Donald Martinez,09/04/2022,09/04/2043,298000,187740,5.52,2851,Default,Condo,GA,77,791,66879
LN-101793,Nancy Rodriguez,07/20/2022,07/20/2046,560000,369600,5.8,2584,Default,Multi Family,NJ,62,699,91248
LN-101794,Emily Hernandez,09/26/2023,09/26/2041,402000,373860,7.66,2266,90+ Days Delinquent,Condo,NJ,79,633,76546
LN-101795,Matthew White,01/09/2018,01/09/2043,448000,367360,4.14,1748,Default,Townhouse,PA,94,723,85466
LN-101796,Susan Thompson,07/09/2018,07/09/2042,485000,392850,5.93,3114,Current,Commercial,MO,90,782,41655
LN-101797,Charles Gonzalez,09/23/2022,09/23/2048,372000,319920,7.52,4472,90+ Days Delinquent,Townhouse,CO,65,763,49381
LN-101798,Linda Thomas,07/28/2018,07/28/2044,532000,489440,6.94,4164,30 Days Delinquent,Single Family,MD,65,703,19700
LN-101799,Linda Johnson,04/03/2018,04/03/2040,500000,315000,3.44,1304,60 Days Delinquent,Condo,TN,58,734,79623
LN-101800,Michael Miller,09/27/2020,09/27/2050,709000,439580,6.05,3061,30 Days Delinquent,Single Family,MN,80,692,81497
LN-101801,Daniel Robinson,08/24/2021,08/24/2040,754000,655980,7.61,3432,90+ Days Delinquent,Single Family,NJ,58,693,98275
LN-101802,Mark Rodriguez,01/02/2022,01/02/2052,640000,416000,5.56,4100,Current,Townhouse,CA,92,810,87267
LN-101803,Lisa Martin,12/27/2022,12/27/2045,562000,365300,3.4,3607,90+ Days Delinquent,Commercial,MA,59,693,39912
LN-101804,Matthew Harris,08/11/2023,08/11/2046,602000,469560,7.31,2049,30 Days Delinquent,Condo,TN,65,649,91202
LN-101805,John Lee,11/23/2019,11/23/2046,366000,234240,4.36,4485,Default,Multi Family,MA,85,759,23340
LN-101806,Daniel Sanchez,03/06/2018,03/06/2035,151000,147980,3.76,2735,Current,Multi Family,CA,88,740,12454
LN-101807,Michelle Sanchez,04/23/2023,04/23/2050,406000,263900,7.57,1578,60 Days Delinquent,Condo,MN,83,719,60964
LN-101808,Linda Perez,09/17/2023,09/17/2040,493000,438770,4.55,3149,Current,Condo,MD,64,728,36843
LN-101809,Elizabeth Brown,01/11/2022,01/11/2038,826000,602980,4.37,2163,30 Days Delinquent,Condo,TX,56,646,69549
LN-101810,Michelle Lopez,08/16/2020,08/16/2035,576000,357120,6.06,2247,60 Days Delinquent,Single Family,OK,95,750,19302
LN-101811,Donna Martin,09/28/2018,09/28/2033,653000,555050,6.81,1530,Current,Condo,VA,69,696,37742
LN-100146,Michelle Lewis,03/24/2019,03/24/2038,743000,676130,3.41,4397,Current,Multi Family,IL,94,804,94799
LN-101813,Patricia Jackson,06/23/2019,06/23/2044,375000,360000,5.07,2191,30 Days Delinquent,Condo,CT,69,718,56920
LN-101814,Daniel Wilson,02/13/2022,02/13/2049,661000,588290,7.12,1399,90+ Days Delinquent,Townhouse,NJ,56,788,88480
LN-101815,Anthony Thomas,08/03/2018,08/03/2034,499000,464070,5.44,1709,60 Days Delinquent,Multi Family,MN,75,765,47174
LN-101816,Betty Sanchez,10/24/2019,10/24/2039,664000,438240,3.67,3076,30 Days Delinquent,Condo,VA,94,755,86577
LN-101817,Joshua White,12/21/2021,12/21/2042,438000,332880,3.96,2852,30 Days Delinquent,Townhouse,OR,61,629,31844
LN-101818,Patricia Jones,04/24/2019,04/24/2049,557000,484590,7.22,2995,30 Days Delinquent,Townhouse,NJ,70,712,40065
LN-101819,Joseph Smith,04/28/2021,04/28/2047,743000,460660,4.38,4479,30 Days Delinquent,Multi Family,NC,77,784,44183
LN-101820,Patricia Gonzalez,09/01/2022,09/01/2047,828000,621000,4.48,1383,30 Days Delinquent,Condo,TX,55,672,89485
LN-101821,Mark Hernandez,12/06/2023,12/06/2043,708000,488520,7.61,2247,90+ Days Delinquent,Townhouse,MO,58,704,43188
LN-101822,Robert Anderson,01/01/2022,01/01/2043,789000,481290,4.19,3000,60 Days Delinquent,Multi Family,MO,66,636,27237
LN-101823,Barbara White,08/14/2019,08/14/2047,776000,582000,7.46,1826,Paid Off,Single Family,WI,79,693,60286
LN-101824,Nancy Davis,11/10/2023,11/10/2048,567000,351540,7.35,2074,60 Days Delinquent,Multi Family,CA,66,785,72593
LN-101825,Betty Sanchez,07/01/2022,07/01/2045,726000,595320,4.91,3682,90+ Days Delinquent,Townhouse,AL,68,778,98142
LN-101826,Mary Wilson,10/13/2020,10/13/2049,740000,510600,4.44,2049,30 Days Delinquent,Townhouse,CO,73,699,57428
LN-101827,Lisa Harris,09/11/2018,09/11/2036,704000,478720,5.93,2961,30 Days Delinquent,Condo,LA,63,689,93345
LN-101828,Daniel Perez,02/07/2023,02/07/2051,171000,147060,3.7,3893,Paid Off,Commercial,SC,71,668,37922
LN-101829,Steven Martin,02/09/2023,02/09/2039,497000,387660,3.71,3497,60 Days Delinquent,Single Family,NC,65,818,23477
LN-101830,Emily Ramirez,07/01/2020,07/01/2045,248000,230640,3.73,2460,Current,Townhouse,PA,95,739,83183
LN-101831,Karen Sanchez,12/25/2021,12/25/2038,483000,468510,4.13,3570,90+ Days Delinquent,Multi Family,CO,66,703,56054
LN-101832,Richard Anderson,01/07/2023,01/07/2053,745000,454450,4.48,2644,Current,Commercial,LA,74,669,63891
LN-101833,Jessica Clark,11/26/2019,11/26/2046,599000,587020,5.63,3695,Current,Single Family,MO,84,805,23323
LN-101834,Michelle Smith,09/27/2022,09/27/2045,542000,406500,4.04,1690,Paid Off,Multi Family,CT,61,738,89269
LN-101835,Ashley Hernandez,09/19/2018,09/19/2045,423000,368010,6.93,2823,Default,Townhouse,MO,95,783,35125
LN-101836,Matthew Hernandez,04/17/2020,04/17/2040,567000,476280,6.96,2909,Current,Townhouse,NC,84,810,68428
LN-100533,Lisa Miller,01/15/2023,01/15/2044,741000,600210,6.74,1481,Current,Townhouse,TN,83,664,58228
LN-101838,Donald Taylor,10/27/2020,10/27/2044,628000,527520,5.86,4155,60 Days Delinquent,Townhouse,PA,76,820,13870
LN-101839,Donna Harris,05/02/2023,05/02/2043,742000,690060,7.65,2028,30 Days Delinquent,Multi Family,PA,85,815,76774
LN-101840,Richard White,02/16/2018,02/16/2044,839000,763490,5.56,2940,Current,Single Family,TX,77,747,76884
LN-101841,Patricia Jones,04/12/2022,04/12/2038,159000,112890,6.02,4180,Paid Off,Single Family,MI,92,643,88641
LN-101842,Mary Perez,11/09/2019,11/09/2036,846000,532980,3.54,2116,60 Days Delinquent,Single Family,TX,79,643,30756
LN-100516,Anthony Harris,10/14/2022,10/14/2047,474000,327060,7.31,1790,60 Days Delinquent,Townhouse,PA,92,725,85071
LN-101844,Kimberly Rodriguez,08/01/2020,08/01/2041,569000,557620,3.31,2569,30 Days Delinquent,Condo,MA,92,651,65718
LN-101845,Betty Harris,12/05/2018,12/05/2033,759000,736230,6.9,2982,60 Days Delinquent,Multi Family,TN,92,735,39869
LN-101846,Steven Garcia,07/10/2019,07/10/2034,417000,262710,6.6,1438,90+ Days Delinquent,Townhouse,TX,65,810,42529
LN-101847,William Clark,09/16/2022,09/16/2040,616000,597520,4.98,1972,30 Days Delinquent,Commercial,VA,91,759,56785
LN-101848,Sandra Martin,08/03/2021,08/03/2045,786000,503040,3.94,3859,90+ Days Delinquent,Townhouse,VA,93,766,58074
LN-101849,Anthony Jackson,08/06/2019,08/06/2038,543000,428970,4.01,2472,Current,Condo,CT,59,802,44932
LN-101850,Joseph Thompson,04/09/2023,04/09/2041,467000,373600,6.34,1410,Default,Single Family,MA,77,656,42245
LN-101851,Susan Davis,04/24/2020,04/24/2037,724000,535760,3.67,1991,Paid Off,Condo,CA,55,716,50057
LN-101852,Michael Lopez,09/08/2021,09/08/2038,381000,300990,6.57,2931,90+ Days Delinquent,Multi Family,FL,81,759,77329
LN-101853,William Harris,07/14/2022,07/14/2045,525000,456750,7.6,3038,30 Days Delinquent,Multi Family,MA,81,690,30023
LN-101854,William Lopez,02/07/2019,02/07/2037,667000,606970,6.47,4037,Current,Townhouse,VA,91,665,22128
LN-101855,Linda Brown,04/11/2019,04/11/2036,320000,307200,5.35,2888,90+ Days Delinquent,Multi Family,UT,72,776,42720
LN-101856,William Sanchez,08/27/2019,08/27/2047,359000,283610,3.66,4493,60 Days Delinquent,Townhouse,IN,77,664,41048
LN-101857,Sandra Wilson,01/19/2018,01/19/2040,377000,278980,6.5,2853,30 Days Delinquent,Condo,MA,76,700,37239
LN-101858,Michelle Moore,10/19/2021,10/19/2042,165000,158400,5.76,1335,Current,Multi Family,MD,86,767,18122
LN-101859,Donald Garcia,06/05/2022,06/05/2043,276000,264960,6.91,4035,30 Days Delinquent,Condo,MO,65,636,48830
LN-101860,Mark Perez,06/11/2021,06/11/2046,327000,268140,5.36,2109,30 Days Delinquent,Multi Family,LA,55,627,64893
LN-101861,William Johnson,03/08/2023,03/08/2044,621000,546480,4.75,3539,90+ Days Delinquent,Townhouse,OH,69,703,54187
LN-101273,David Martin,02/16/2019,02/16/2041,285000,250800,6.5,3749,90+ Days Delinquent,Condo,NC,65,777,78017
LN-101863,Ashley White,09/25/2020,09/25/2040,721000,483070,5.46,3754,Current,Townhouse,OR,60,773,56147
LN-101864,Jessica Lopez,12/04/2020,12/04/2037,485000,344350,4.98,4203,90+ Days Delinquent,Single Family,NY,80,795,96384
LN-101865,Steven Lee,11/24/2023,11/24/2040,356000,259880,6.9,3762,Default,Condo,OK,83,798,95694
LN-101866,Michelle Garcia,06/14/2023,06/14/2052,767000,651950,7.58,2331,Paid Off,Single Family,VA,79,750,55538
LN-101867,Mark Gonzalez,11/06/2022,11/06/2037,814000,781440,5.37,1415,90+ Days Delinquent,Condo,KY,92,777,62255
LN-101868,Michael Harris,10/18/2019,10/18/2037,416000,345280,4.4,3317,Current,Multi Family,WI,91,673,76360
LN-101869,Lisa Jones,12/08/2020,12/08/2046,569000,472270,4.61,2303,Default,Multi Family,MA,83,714,58376
LN-101870,David Williams,06/01/2020,06/01/2049,757000,461770,3.79,3155,Default,Townhouse,MA,62,773,21069
LN-101871,Daniel White,03/24/2023,03/24/2045,179000,128880,5.22,4174,Default,Single Family,AZ,79,683,17476
LN-101872,Mary Williams,12/16/2020,12/16/2042,720000,504000,6.27,1971,Paid Off,Commercial,WA,61,816,76254
LN-101873,Jennifer Lopez,10/14/2022,10/14/2043,740000,481000,7.06,2642,Current,Condo,TN,89,628,51088
LN-101874,James Harris,10/19/2022,10/19/2045,231000,210210,3.93,2552,60 Days Delinquent,Townhouse,CA,83,665,45136
LN-101875,Linda Martin,10/24/2018,10/24/2035,339000,325440,6.86,3147,90+ Days Delinquent,Condo,NC,65,677,35528
LN-101876,Andrew Jackson,09/16/2018,09/16/2045,386000,324240,3.97,2452,Paid Off,Commercial,TX,81,638,81299
LN-101877,Betty Moore,01/13/2018,01/13/2043,401000,332830,4.19,3663,Current,Condo,GA,72,639,77688
LN-100424,Patricia Miller,07/05/2023,07/05/2046,713000,499100,5.66,4450,Current,Townhouse,MI,70,681,28345
LN-101879,William Miller,06/05/2021,06/05/2040,462000,364980,4.21,2470,90+ Days Delinquent,Single Family,WI,57,664,81693
LN-101880,Nancy Perez,02/14/2023,02/14/2051,784000,658560,4.65,2963,30 Days Delinquent,Townhouse,AZ,77,766,58822
LN-101881,Linda Rodriguez,12/22/2021,12/22/2037,490000,401800,6.99,4472,Default,Commercial,WA,89,776,51482
LN-101882,Jennifer Anderson,05/05/2021,05/05/2048,708000,531000,6.04,3012,30 Days Delinquent,Single Family,MA,73,743,36190
LN-101883,Richard Jackson,10/12/2020,10/12/2049,367000,227540,5.1,1767,Paid Off,Commercial,WA,88,791,63682
LN-101884,Charles Ramirez,05/04/2019,05/04/2036,734000,675280,7.67,3637,90+ Days Delinquent,Townhouse,OR,63,760,68056
LN-101885,Jennifer Thomas,09/14/2018,09/14/2041,330000,214500,3.8,1460,60 Days Delinquent,Single Family,LA,62,787,94692
LN-101886,Susan Jackson,06/19/2020,06/19/2045,507000,491790,3.47,3187,60 Days Delinquent,Single Family,PA,95,788,20592
LN-101887,Joshua Thompson,08/25/2020,08/25/2045,190000,172900,5.22,2590,90+ Days Delinquent,Townhouse,VA,90,784,63044
LN-101888,Christopher Jones,04/27/2021,04/27/2048,811000,778560,3.52,2688,60 Days Delinquent,Multi Family,TX,83,655,45261
LN-101889,Joshua Thompson,06/16/2020,06/16/2042,716000,494040,5.06,1472,60 Days Delinquent,Condo,VA,63,714,94528
LN-101890,John Hernandez,04/24/2023,04/24/2052,662000,575940,4.99,3486,Default,Condo,WA,61,776,85651
LN-101891,Susan Garcia,09/08/2018,09/08/2042,511000,327040,6.99,3415,Current,Single Family,MA,86,814,23881
LN-101892,Susan Lee,05/20/2019,05/20/2043,217000,164920,5.06,1429,30 Days Delinquent,Single Family,AL,74,719,83535
LN-101893,Paul Sanchez,04/28/2018,04/28/2043,586000,380900,3.85,3440,60 Days Delinquent,Multi Family,AL,63,767,89624
LN-101894,Sarah Lee,12/03/2022,12/03/2051,436000,279040,4.32,3593,Paid Off,Commercial,WI,89,682,34552
LN-101895,Mark Rodriguez,08/14/2020,08/14/2035,720000,612000,6.22,1837,30 Days Delinquent,Condo,FL,79,782,83448
LN-101896,Linda Garcia,04/05/2018,04/05/2037,757000,492050,6.13,3452,Paid Off,Commercial,NY,84,697,75130
LN-101897,Matthew Johnson,12/24/2021,12/24/2046,642000,410880,3.43,2760,30 Days Delinquent,Multi Family,UT,58,624,86832
LN-101898,Daniel Jones,08/09/2023,08/09/2039,655000,497800,3.94,1634,Default,Single Family,LA,75,620,28701
LN-101899,Karen Williams,03/14/2021,03/14/2047,479000,445470,5.38,1478,30 Days Delinquent,Commercial,MO,87,705,48677
LN-101900,Jessica Lewis,03/04/2020,03/04/2050,520000,468000,5.43,1213,Paid Off,Multi Family,IN,66,716,56390
LN-101901,Matthew Moore,03/10/2020,03/10/2036,333000,276390,6.21,2042,60 Days Delinquent,Townhouse,PA,59,728,14756
LN-101902,Michael Davis,02/19/2018,02/19/2047,675000,486000,7.3,3387,90+ Days Delinquent,Single Family,NJ,60,639,81527
LN-101903,Andrew Robinson,06/26/2022,06/26/2047,798000,750120,5.12,2013,30 Days Delinquent,Commercial,TN,88,796,19330
LN-101904,Emily Thomas,11/12/2018,11/12/2034,686000,487060,5.95,1613,Paid Off,Townhouse,CO,82,747,61278
LN-101905,Mary Martinez,03/02/2018,03/02/2041,260000,247000,3.65,1851,Current,Condo,OK,55,736,58922
LN-101906,Matthew Martin,12/15/2018,12/15/2048,301000,219730,3.6,2574,Default,Single Family,WI,87,734,25389
LN-101907,Emily Thompson,03/17/2021,03/17/2038,741000,459420,3.7,3849,90+ Days Delinquent,Townhouse,TX,79,772,32603
LN-101908,Margaret Martin,12/21/2022,12/21/2050,256000,217600,5.64,1918,Paid Off,Single Family,OH,69,731,17921
LN-101909,Daniel Thomas,10/26/2022,10/26/2050,487000,311680,4.22,3434,Default,Single Family,OH,78,630,76615
LN-101910,Richard Garcia,05/25/2020,05/25/2045,180000,133200,3.35,3166,90+ Days Delinquent,Commercial,OH,73,779,21187
LN-101911,Mary Lewis,06/22/2022,06/22/2045,715000,579150,5.6,2055,Paid Off,Single Family,UT,62,664,93496
LN-101912,Steven Hernandez,04/22/2021,04/22/2036,167000,135270,5.14,3036,30 Days Delinquent,Single Family,LA,95,806,51107
LN-101913,John Davis,05/09/2019,05/09/2042,553000,514290,5.21,1261,30 Days Delinquent,Townhouse,PA,73,797,70173
LN-101914,Donna Davis,11/18/2020,11/18/2044,523000,324260,7.55,2560,Default,Condo,OR,76,668,82133
LN-101915,Joshua Rodriguez,06/06/2022,06/06/2045,560000,386400,5.86,2472,Paid Off,Condo,KY,67,651,67749
LN-101916,John Miller,03/03/2023,03/03/2045,335000,324950,6.16,3064,Current,Single Family,MA,65,680,64383
LN-101917,John Wilson,09/24/2021,09/24/2039,775000,465000,5.73,3668,90+ Days Delinquent,Commercial,WA,87,720,56959
LN-101918,Matthew Clark,11/17/2022,11/17/2041,813000,577230,6.34,3619,Paid Off,Commercial,SC,77,707,26667
LN-101919,Barbara Lewis,03/18/2022,03/18/2043,392000,380240,7.58,1364,90+ Days Delinquent,Multi Family,OH,83,728,59969
LN-101920,Matthew Wilson,01/25/2023,01/25/2042,270000,183600,6.56,1611,60 Days Delinquent,Multi Family,LA,69,794,43313
LN-101921,Matthew Moore,01/01/2020,01/01/2050,570000,359100,4.65,2710,Paid Off,Condo,VA,90,624,13702
LN-101922,Matthew Lee,09/27/2018,09/27/2045,381000,270510,4.52,2603,Current,Condo,TX,88,737,85025
LN-101923,Patricia Hernandez,11/10/2023,11/10/2047,213000,174660,5.93,2504,60 Days Delinquent,Single Family,MD,87,624,89652
LN-101924,David Davis,03/14/2018,03/14/2045,546000,502320,7.29,1860,60 Days Delinquent,Commercial,WA,72,816,35973
LN-101925,Michael Ramirez,01/28/2019,01/28/2038,203000,125860,5.64,3830,Current,Single Family,UT,90,819,97364
LN-101926,Richard Rodriguez,04/15/2020,04/15/2038,701000,462660,3.91,1887,30 Days Delinquent,Commercial,IN,84,621,97945
LN-101927,Sandra Clark,03/06/2019,03/06/2035,305000,265350,6.89,4356,Paid Off,Multi Family,CT,62,663,70713
LN-101928,Patricia Williams,08/26/2018,08/26/2035,323000,300390,3.69,3341,Paid Off,Single Family,VA,66,722,72489
LN-101929,Michelle Moore,09/12/2023,09/12/2047,348000,288840,6.72,4014,Default,Condo,CA,56,792,27958
LN-101930,Steven Lopez,07/25/2018,07/25/2040,468000,444600,4.02,2528,Default,Single Family,PA,62,713,50965
LN-101931,Jennifer Smith,02/08/2021,02/08/2045,255000,221850,6.14,1242,90+ Days Delinquent,Multi Family,WI,87,763,53107
LN-101932,Steven Hernandez,09/10/2022,09/10/2044,594000,570240,4.03,4316,60 Days Delinquent,Townhouse,KY,93,668,87143
LN-101933,Daniel Moore,06/08/2021,06/08/2051,651000,559860,4.16,3227,Current,Commercial,IN,87,731,83384
LN-101934,Linda Davis,10/22/2022,10/22/2045,744000,595200,5.98,2745,Current,Multi Family,NY,85,749,53316
LN-101935,Thomas Jones,03/16/2018,03/16/2048,375000,225000,4.38,1205,Default,Commercial,AZ,56,791,70781
LN-101936,Anthony Robinson,05/27/2022,05/27/2046,679000,549990,7.52,3558,Paid Off,Condo,KY,63,773,44079
LN-101937,Susan Smith,12/23/2021,12/23/2038,475000,446500,5.66,1765,Default,Townhouse,AL,60,664,31691
LN-101938,Jennifer Hernandez,01/03/2018,01/03/2040,781000,593560,6.9,1489,90+ Days Delinquent,Townhouse,MO,65,742,69279
LN-101939,Kimberly Williams,09/12/2018,09/12/2035,793000,713700,6.82,2426,60 Days Delinquent,Commercial,NJ,62,764,22372
LN-101940,Andrew Hernandez,01/21/2023,01/21/2050,557000,512440,4.62,4030,Default,Commercial,CT,82,786,37876
LN-101941,Margaret Ramirez,12/23/2023,12/23/2039,625000,606250,6.93,3991,60 Days Delinquent,Single Family,CO,61,808,79183
LN-101942,Steven Martin,02/20/2022,02/20/2044,441000,273420,6.67,2358,Paid Off,Multi Family,MI,86,740,14724
LN-101943,Margaret Moore,09/20/2022,09/20/2051,493000,325380,3.75,1907,90+ Days Delinquent,Multi Family,PA,89,818,38786
LN-101944,Barbara Jones,04/20/2023,04/20/2053,403000,278070,3.59,2122,Default,Townhouse,OR,89,676,39518
LN-101945,Andrew Clark,01/28/2018,01/28/2037,518000,450660,3.81,2178,Current,Townhouse,NJ,55,818,67709
LN-101946,Susan Davis,02/24/2020,02/24/2040,602000,535780,3.81,3256,Paid Off,Townhouse,WA,84,754,10033
LN-101947,Christopher Clark,04/03/2018,04/03/2036,513000,430920,5.97,2825,Default,Townhouse,WI,58,695,40625
LN-101948,Anthony Hernandez,03/08/2019,03/08/2045,265000,180200,5.35,4282,Current,Multi Family,WA,95,633,64440
LN-101949,Charles Martinez,06/07/2021,06/07/2045,831000,498600,5.9,3406,60 Days Delinquent,Single Family,FL,91,788,26111
LN-101950,Michelle Lewis,06/04/2020,06/04/2043,316000,278080,4.63,4068,60 Days Delinquent,Multi Family,WI,69,817,24236
LN-101951,Andrew Thomas,07/24/2018,07/24/2046,699000,433380,5.06,4225,Default,Multi Family,KY,62,630,70932
LN-101952,Ashley Perez,03/06/2020,03/06/2038,213000,176790,6.32,2452,Current,Multi Family,IL,55,782,49134
LN-101953,Barbara Thompson,12/26/2022,12/26/2050,661000,614730,5.71,4470,30 Days Delinquent,Multi Family,OH,72,789,24743
LN-101954,Joshua Davis,01/26/2021,01/26/2043,423000,296100,6.38,1689,Default,Multi Family,GA,62,698,46526
LN-101955,Anthony Smith,06/10/2018,06/10/2044,733000,652370,4.87,3920,90+ Days Delinquent,Condo,PA,64,667,61541
LN-101956,Emily Anderson,11/04/2021,11/04/2048,762000,563880,4.47,4459,Paid Off,Single Family,TX,63,726,63988
LN-101957,Patricia Miller,12/05/2023,12/05/2043,519000,321780,4.59,3512,Default,Multi Family,VA,65,735,42676
LN-101958,Emily Harris,02/24/2018,02/24/2034,387000,363780,4.59,3069,60 Days Delinquent,Townhouse,AZ,67,773,95570
LN-101959,David Hernandez,02/28/2018,02/28/2041,241000,156650,4.25,2721,30 Days Delinquent,Single Family,MN,71,622,80328
LN-101960,Jessica Brown,03/14/2019,03/14/2034,434000,416640,5.28,2444,30 Days Delinquent,Single Family,AL,80,814,93708
LN-101961,Sarah Johnson,04/15/2018,04/15/2034,384000,307200,7.57,3259,90+ Days Delinquent,Single Family,OK,61,649,81924
LN-101962,Margaret White,05/23/2023,05/23/2039,340000,299200,5.96,1513,60 Days Delinquent,Condo,OK,60,756,97237
LN-101963,Linda Garcia,03/21/2018,03/21/2039,220000,209000,5.35,4040,30 Days Delinquent,Commercial,LA,73,702,93270
LN-101964,David Sanchez,12/18/2019,12/18/2045,521000,380330,5.61,3901,30 Days Delinquent,Condo,AL,71,766,31379
LN-101965,James Perez,08/11/2018,08/11/2046,545000,485050,4.34,2322,Default,Condo,CT,70,620,81108
LN-101966,Robert Rodriguez,07/02/2020,07/02/2050,251000,210840,5.68,1420,Current,Commercial,WI,70,671,97113
LN-101967,John Garcia,07/25/2020,07/25/2049,785000,722200,7.43,3107,30 Days Delinquent,Commercial,SC,58,805,88289
LN-101968,Jessica Lopez,11/08/2021,11/08/2041,743000,527530,4.08,1300,Current,Condo,FL,57,790,51881
LN-101969,Linda Jones,11/13/2019,11/13/2044,270000,245700,3.81,4341,90+ Days Delinquent,Townhouse,GA,75,734,86758
LN-101970,Christopher Garcia,06/12/2021,06/12/2050,392000,286160,6.05,3174,90+ Days Delinquent,Multi Family,PA,82,628,35676
LN-101971,Anthony Robinson,02/14/2018,02/14/2042,829000,596880,6.8,1916,Default,Townhouse,OH,81,689,85503
LN-101972,David Ramirez,10/27/2019,10/27/2045,782000,609960,4.3,4174,90+ Days Delinquent,Commercial,MA,93,693,22381
LN-101973,Sandra Hernandez,09/26/2022,09/26/2041,789000,544410,5.91,1279,90+ Days Delinquent,Condo,TN,65,792,38938
LN-101974,Nancy Thomas,11/13/2019,11/13/2042,380000,353400,3.6,1799,30 Days Delinquent,Commercial,MA,60,622,25385
LN-101975,Nancy Miller,03/20/2018,03/20/2037,160000,137600,3.78,4099,30 Days Delinquent,Single Family,OK,56,812,13935
LN-101976,Charles Sanchez,07/10/2019,07/10/2034,505000,474700,7.02,2883,Default,Condo,WI,83,685,68195
LN-101977,Michelle Smith,04/23/2022,04/23/2040,840000,772800,5.34,3491,90+ Days Delinquent,Townhouse,SC,75,696,40443
LN-101978,Matthew Harris,09/23/2022,09/23/2045,502000,406620,5.66,2680,30 Days Delinquent,Townhouse,NC,89,724,36716
LN-101979,Joshua Garcia,10/01/2020,10/01/2041,496000,471200,3.61,3518,Default,Condo,OH,63,707,85077
LN-101980,Emily Taylor,07/24/2018,07/24/2035,176000,144320,5.5,4044,60 Days Delinquent,Multi Family,OR,73,710,28853
LN-101981,Michael Ramirez,08/19/2019,08/19/2035,462000,392700,5.73,2320,Paid Off,Multi Family,MA,85,778,62777
LN-101982,Mark Martinez,01/13/2018,01/13/2043,352000,278080,4.36,3488,Current,Townhouse,OK,58,786,84302
LN-101983,Jennifer Martin,12/18/2018,12/18/2045,390000,327600,7.12,3485,90+ Days Delinquent,Commercial,MN,75,737,30179
LN-101984,Richard Martin,12/20/2022,12/20/2052,341000,221650,5.37,3369,Current,Single Family,CO,59,661,90360
LN-101985,Jennifer Hernandez,01/12/2020,01/12/2037,516000,469560,7.59,1716,Paid Off,Single Family,MO,64,682,32654
LN-101986,Michael Davis,03/28/2021,03/28/2050,815000,741650,6.46,1329,Default,Multi Family,AZ,89,729,58433
LN-101987,Ashley Taylor,11/04/2018,11/04/2037,411000,267150,5.26,2766,Default,Multi Family,PA,61,627,15057
LN-101988,Barbara Rodriguez,06/07/2022,06/07/2050,641000,423060,6.61,3317,Paid Off,Multi Family,IN,55,786,39449
LN-101989,Sarah White,03/11/2022,03/11/2037,222000,213120,6.28,1746,60 Days Delinquent,Multi Family,MD,58,796,58992
LN-101990,John Martinez,05/26/2019,05/26/2038,201000,190950,4.72,1440,Paid Off,Townhouse,NY,91,708,46410
LN-101991,Robert Lee,07/23/2023,07/23/2043,529000,380880,7.17,3091,30 Days Delinquent,Single Family,WA,84,815,20434
LN-101992,Jessica Rodriguez,06/26/2020,06/26/2047,187000,140250,7,3018,60 Days Delinquent,Single Family,LA,56,690,40199
LN-101993,Patricia Perez,09/14/2023,09/14/2043,791000,585340,7.42,3691,Paid Off,Condo,MA,83,736,51067
LN-101994,Sandra Davis,11/08/2021,11/08/2040,832000,574080,5.13,4189,60 Days Delinquent,Multi Family,UT,72,756,33439
LN-101995,Lisa Wilson,05/16/2020,05/16/2050,453000,366930,3.8,2569,60 Days Delinquent,Condo,WA,78,705,31807
LN-101996,Jessica Hernandez,01/16/2018,01/16/2034,470000,394800,3.86,1585,Default,Multi Family,VA,86,675,68735
LN-101997,James Johnson,10/10/2022,10/10/2045,753000,466860,5.1,3760,90+ Days Delinquent,Multi Family,NC,71,723,82572
LN-101998,Donald Taylor,09/15/2023,09/15/2053,358000,272080,4.24,3158,Current,Townhouse,NC,95,687,61821
LN-101999,Joshua Gonzalez,03/08/2018,03/08/2043,671000,583770,5.37,4426,60 Days Delinquent,Single Family,TN,59,771,36018
LN-102000,Ashley Anderson,12/01/2018,12/01/2036,658000,592200,4.74,3082,90+ Days Delinquent,Townhouse,KY,90,621,19338
LN-102001,Jennifer White,09/28/2019,09/28/2042,819000,753480,5.79,1844,Default,Multi Family,MN,82,628,66721
LN-102002,Barbara Thomas,05/27/2022,05/27/2040,781000,554510,3.58,4349,Default,Townhouse,AZ,64,641,14452
LN-102003,Nancy Miller,01/22/2021,01/22/2048,376000,244400,4.14,3894,30 Days Delinquent,Single Family,NJ,60,758,71110
LN-102004,Michelle Lewis,04/28/2020,04/28/2045,811000,713680,4.35,2448,Current,Townhouse,MA,81,781,99551
LN-102005,Jennifer Davis,04/07/2020,04/07/2041,208000,131040,3.57,4041,Current,Single Family,CA,69,748,33731
LN-102006,Andrew Martinez,04/19/2020,04/19/2039,565000,389850,5.04,2516,Current,Townhouse,FL,95,656,32727
LN-102007,Donna Wilson,06/07/2018,06/07/2033,210000,159600,7.23,4045,60 Days Delinquent,Multi Family,MN,83,685,84675
LN-102008,Jennifer Lopez,10/06/2019,10/06/2044,652000,521600,7.56,1202,Paid Off,Single Family,LA,70,727,65708
LN-102009,Thomas Lewis,09/13/2019,09/13/2041,194000,139680,6.07,4336,Current,Multi Family,CA,91,771,10322
LN-102010,Donald Ramirez,01/04/2023,01/04/2045,783000,767340,6.58,2285,Paid Off,Single Family,MO,59,651,16367
LN-102011,Ashley Robinson,11/09/2018,11/09/2042,591000,496440,3.74,3820,Default,Condo,NC,90,784,84565
LN-102012,Michael Martinez,10/12/2020,10/12/2050,326000,215160,5.5,3469,Default,Condo,OR,75,748,49715
LN-102013,Susan Williams,02/16/2019,02/16/2047,480000,340800,4.74,1358,Current,Townhouse,MD,79,643,28773
LN-102014,John Sanchez,08/17/2020,08/17/2047,578000,421940,3.59,1614,30 Days Delinquent,Commercial,AL,91,783,57290
LN-102015,Sandra Lee,03/21/2022,03/21/2042,237000,177750,6.01,2903,Current,Condo,WA,71,683,84220
LN-102016,William Taylor,05/25/2021,05/25/2041,786000,526620,6.56,4461,30 Days Delinquent,Condo,IN,67,711,79945
LN-102017,Robert Williams,07/19/2019,07/19/2042,807000,766650,5.68,3343,Default,Condo,OK,58,636,95669
LN-102018,Sandra Williams,03/14/2021,03/14/2043,263000,163060,5.16,2594,Current,Single Family,AZ,79,640,40293
LN-102019,Linda Martinez,03/08/2020,03/08/2042,317000,307490,4.45,1729,Default,Single Family,MN,79,672,11760
LN-102020,Lisa Thomas,07/26/2022,07/26/2049,265000,161650,3.82,3673,90+ Days Delinquent,Commercial,CA,66,775,80508
LN-102021,Sandra Anderson,03/09/2023,03/09/2038,502000,456820,6.16,1922,Paid Off,Condo,LA,84,671,40954
LN-102022,Linda Harris,10/06/2020,10/06/2049,525000,346500,5.46,3246,30 Days Delinquent,Single Family,MN,84,726,65060
LN-102023,Susan Miller,08/14/2021,08/14/2048,621000,372600,5.24,2186,Current,Single Family,TN,87,778,16418
LN-102024,Jennifer Gonzalez,03/09/2021,03/09/2039,807000,637530,6.11,4168,30 Days Delinquent,Single Family,VA,64,789,93841
LN-102025,Joshua Sanchez,07/11/2019,07/11/2041,718000,667740,3.97,4041,60 Days Delinquent,Single Family,CA,81,809,25568
LN-102026,Margaret Ramirez,11/14/2019,11/14/2038,594000,362340,4.02,3321,60 Days Delinquent,Condo,CA,55,773,37817
LN-102027,Margaret Lewis,01/07/2023,01/07/2041,672000,611520,4.59,1572,90+ Days Delinquent,Single Family,CT,69,669,89997
LN-102028,Patricia Williams,06/08/2021,06/08/2050,703000,548340,5.59,2345,Default,Commercial,IL,90,790,55238
LN-102029,Sarah Harris,12/06/2019,12/06/2042,777000,574980,6.77,3682,Current,Single Family,OR,72,774,66453
LN-102030,Mark Clark,12/11/2023,12/11/2052,850000,620500,4.77,4154,Paid Off,Commercial,AZ,95,804,16871
LN-102031,Lisa Ramirez,12/21/2018,12/21/2048,577000,432750,6.66,1725,Current,Single Family,WI,84,805,15149
LN-102032,Emily Davis,04/05/2021,04/05/2050,735000,690900,7.13,1253,60 Days Delinquent,Single Family,CO,86,742,17076
LN-102033,Joshua Martinez,04/16/2020,04/16/2048,644000,631120,5.71,1870,60 Days Delinquent,Townhouse,CA,72,731,54616
LN-102034,Margaret Thomas,02/28/2018,02/28/2034,297000,282150,3.27,2233,60 Days Delinquent,Multi Family,LA,75,788,88042
LN-102035,William Lopez,07/12/2018,07/12/2033,395000,264650,4.4,3194,30 Days Delinquent,Single Family,TX,89,688,82473
LN-102036,Sarah Johnson,07/11/2018,07/11/2046,506000,374440,5.35,4126,Current,Multi Family,MD,82,629,40450
LN-102037,Elizabeth Anderson,06/12/2018,06/12/2036,709000,545930,4.08,3131,90+ Days Delinquent,Multi Family,PA,65,713,87061
LN-102038,Betty Rodriguez,12/08/2021,12/08/2043,705000,641550,4.86,4320,90+ Days Delinquent,Multi Family,NY,82,704,65320
LN-102039,Jessica Martinez,01/17/2023,01/17/2041,688000,550400,3.33,4353,60 Days Delinquent,Townhouse,LA,72,727,51566
LN-102040,Emily Robinson,11/01/2020,11/01/2045,415000,282200,4,2860,Paid Off,Townhouse,CT,81,704,66166
LN-102041,Kimberly Sanchez,10/28/2023,10/28/2047,289000,193630,6.97,1488,90+ Days Delinquent,Townhouse,OH,65,803,66696
LN-102042,Mark Perez,12/11/2023,12/11/2053,275000,269500,3.89,3128,90+ Days Delinquent,Multi Family,OK,81,717,61864
LN-102043,Joshua Taylor,07/08/2021,07/08/2037,350000,276500,6.95,2218,60 Days Delinquent,Condo,PA,81,819,78955
LN-102044,Donna Rodriguez,09/20/2019,09/20/2035,662000,635520,5.79,3741,60 Days Delinquent,Multi Family,MD,80,761,88596
LN-102045,Barbara Davis,03/10/2022,03/10/2051,544000,380800,3.5,3868,90+ Days Delinquent,Single Family,MI,68,693,65018
LN-102046,Charles Smith,01/14/2019,01/14/2037,287000,272650,5.57,3645,60 Days Delinquent,Townhouse,MO,71,812,56208
LN-102047,Michelle Gonzalez,09/15/2019,09/15/2046,620000,409200,6.91,2221,Current,Commercial,NC,69,772,28479
LN-102048,Anthony Moore,05/02/2018,05/02/2047,390000,331500,5.91,4227,60 Days Delinquent,Multi Family,CA,83,627,30325
LN-102049,Richard Hernandez,01/03/2019,01/03/2039,617000,431900,4.34,1708,30 Days Delinquent,Townhouse,GA,79,744,51405
LN-102050,Margaret Miller,04/10/2019,04/10/2043,553000,381570,5.2,2610,Paid Off,Townhouse,KY,65,742,88781
LN-102051,Michelle Garcia,03/03/2020,03/03/2048,199000,145270,5.36,2129,Default,Single Family,MN,84,734,11271
LN-102052,Richard Brown,05/19/2019,05/19/2048,618000,401700,3.31,1261,60 Days Delinquent,Condo,KY,80,623,85257
LN-102053,Margaret Johnson,08/05/2019,08/05/2034,441000,343980,5.57,1724,Current,Condo,NY,84,814,85579
LN-102054,Robert Jones,02/24/2020,02/24/2050,805000,684250,3.41,3176,Current,Multi Family,TX,79,725,29617
LN-102055,Matthew Martinez,10/08/2023,10/08/2038,601000,360600,5.15,1819,Paid Off,Single Family,WA,66,674,35861
LN-102056,Joseph Clark,10/04/2019,10/04/2045,225000,209250,6.92,4113,Paid Off,Townhouse,UT,87,717,83397
LN-102057,Betty Lee,10/12/2023,10/12/2038,800000,728000,3.6,3568,Paid Off,Multi Family,OK,83,628,73175
LN-102058,Susan Moore,09/18/2022,09/18/2051,416000,274560,4.01,2822,Default,Townhouse,OH,91,769,94890
LN-102059,Charles Lopez,12/05/2018,12/05/2045,466000,386780,3.44,3121,90+ Days Delinquent,Multi Family,WI,58,632,37606
LN-102060,Ashley Anderson,09/16/2021,09/16/2036,344000,316480,7.58,3605,60 Days Delinquent,Townhouse,AL,84,767,23515
LN-102061,Anthony Perez,01/03/2019,01/03/2039,610000,573400,3.99,4258,60 Days Delinquent,Condo,MA,62,696,33410
LN-102062,Michelle Lopez,08/20/2018,08/20/2039,690000,607200,3.64,2582,Current,Condo,IL,67,816,80020
LN-102063,Elizabeth Garcia,04/08/2023,04/08/2052,221000,187850,5.86,4032,60 Days Delinquent,Multi Family,IL,80,710,48604
LN-102064,Margaret Garcia,05/23/2023,05/23/2044,813000,601620,4.99,2132,Default,Single Family,LA,67,647,75936
LN-102065,Anthony Taylor,07/08/2022,07/08/2044,182000,151060,4.43,3229,Paid Off,Condo,NY,93,681,78277
LN-102066,Michelle Clark,02/08/2020,02/08/2045,246000,174660,4.24,3903,90+ Days Delinquent,Townhouse,NJ,58,691,21190
LN-102067,Ashley Sanchez,05/08/2023,05/08/2046,796000,581080,5.63,3356,Current,Multi Family,NC,84,673,42148
LN-102068,Betty Smith,10/11/2023,10/11/2041,581000,354410,6.54,1665,Current,Single Family,UT,93,811,32420
LN-102069,John Jones,03/18/2020,03/18/2045,597000,507450,4.03,3397,90+ Days Delinquent,Condo,LA,64,670,19534
LN-102070,Emily Martinez,09/26/2020,09/26/2042,587000,434380,6.89,4095,60 Days Delinquent,Multi Family,KY,59,665,47157
LN-102071,Susan Johnson,12/06/2020,12/06/2042,511000,465010,6.1,2043,Current,Condo,MA,59,773,27531
LN-102072,Donald Lee,06/22/2022,06/22/2049,679000,638260,3.96,1654,90+ Days Delinquent,Commercial,NC,85,666,15957
LN-102073,David Wilson,10/10/2021,10/10/2038,579000,497940,4.15,2359,Default,Single Family,GA,88,645,16663
LN-102074,Lisa Williams,09/25/2019,09/25/2044,765000,634950,7.45,3368,Default,Condo,VA,64,754,12357
LN-102075,Mary Clark,03/28/2018,03/28/2048,185000,127650,3.51,2442,90+ Days Delinquent,Condo,NJ,95,678,25275
LN-102076,Daniel White,11/13/2022,11/13/2044,751000,510680,6.13,2978,Current,Multi Family,SC,90,670,64661
LN-102077,Jennifer Lopez,07/13/2021,07/13/2051,786000,644520,5.62,4467,Current,Single Family,CA,84,746,52113
LN-102078,Nancy Hernandez,04/02/2018,04/02/2042,598000,400660,5.73,1341,60 Days Delinquent,Single Family,VA,60,705,22446
LN-102079,Sarah Ramirez,04/21/2021,04/21/2045,475000,332500,6.25,2973,30 Days Delinquent,Commercial,AZ,85,810,68799
LN-102080,Nancy White,08/06/2022,08/06/2048,611000,513240,6.32,3278,Current,Townhouse,PA,80,652,92598
LN-102081,Charles Wilson,04/16/2019,04/16/2048,402000,373860,3.47,1389,Paid Off,Townhouse,IN,59,677,73037
LN-102082,Sarah Lewis,11/28/2018,11/28/2037,342000,239400,3.3,3714,30 Days Delinquent,Single Family,OR,80,814,62053
LN-102083,Sarah Ramirez,05/16/2021,05/16/2037,656000,603520,6.28,1410,Default,Condo,LA,81,802,28006
LN-102084,Susan Martin,08/24/2019,08/24/2048,352000,253440,6.93,2432,Current,Multi Family,MI,77,622,98567
LN-102085,Robert Rodriguez,12/06/2020,12/06/2039,609000,572460,7.15,2713,60 Days Delinquent,Townhouse,NY,74,637,62472
LN-102086,Charles Williams,12/25/2021,12/25/2046,538000,392740,6.31,3562,90+ Days Delinquent,Single Family,VA,67,766,75595
LN-102087,John Anderson,02/19/2021,02/19/2043,282000,256620,4.49,3673,60 Days Delinquent,Townhouse,WA,72,650,83714
LN-102088,Elizabeth Smith,04/04/2022,04/04/2045,186000,174840,3.28,2099,30 Days Delinquent,Condo,TX,58,740,25972
LN-102089,Donald Garcia,11/14/2023,11/14/2042,646000,516800,6.96,2301,30 Days Delinquent,Condo,AZ,67,785,21976
LN-102090,Paul Moore,08/26/2023,08/26/2043,590000,536900,4.72,1988,30 Days Delinquent,Multi Family,CA,67,797,29913
LN-102091,Donna Moore,11/08/2022,11/08/2047,808000,767600,5.38,3678,Default,Single Family,CT,84,752,53840
LN-102092,Kimberly Lee,03/19/2021,03/19/2045,718000,524140,4.5,3156,Current,Multi Family,OR,74,751,96203
LN-102093,Richard Perez,08/23/2020,08/23/2044,454000,408600,3.73,1475,Default,Condo,LA,68,800,56417
LN-102094,Donna Rodriguez,06/05/2018,06/05/2038,255000,160650,3.42,2772,Current,Commercial,MI,89,728,93564
LN-102095,Jennifer Harris,05/24/2019,05/24/2045,203000,121800,5.05,4406,Default,Townhouse,CT,75,664,54715
LN-102096,Charles Thompson,10/14/2018,10/14/2037,405000,295650,3.34,4409,Default,Condo,SC,70,710,93390
LN-102097,Ashley Davis,03/07/2018,03/07/2035,532000,473480,6.38,2222,30 Days Delinquent,Single Family,OR,95,627,31937
LN-102098,Karen Rodriguez,12/11/2023,12/11/2051,241000,219310,3.34,3202,Paid Off,Condo,CT,74,671,10229
LN-102099,Ashley Moore,02/02/2019,02/02/2045,736000,588800,6.99,2167,30 Days Delinquent,Single Family,OK,82,734,33897
LN-102100,Steven Garcia,10/13/2020,10/13/2047,387000,344430,6.86,2079,Default,Condo,TN,87,680,38989
LN-102101,Joshua Ramirez,12/12/2022,12/12/2039,254000,210820,6.61,2973,Current,Condo,MD,61,785,86037
LN-102102,Andrew Sanchez,10/25/2023,10/25/2042,195000,118950,4.66,2313,Paid Off,Condo,MI,57,701,78379
LN-102103,James Smith,07/07/2019,07/07/2046,299000,287040,5.92,3692,Paid Off,Single Family,MN,62,689,92121
LN-102104,Charles Johnson,07/03/2023,07/03/2040,233000,186400,4.38,3775,Current,Townhouse,OR,94,782,36974
LN-102105,Donald Johnson,11/05/2022,11/05/2037,574000,390320,5.71,3044,90+ Days Delinquent,Commercial,NY,90,731,81637
LN-102106,Charles Brown,05/22/2020,05/22/2036,168000,151200,6.31,3480,Paid Off,Single Family,VA,65,626,44892
LN-102107,Patricia Thompson,05/16/2023,05/16/2049,847000,686070,7.58,2676,Paid Off,Townhouse,TX,78,804,97448
LN-102108,Ashley Williams,03/08/2022,03/08/2049,471000,381510,3.33,3248,Paid Off,Single Family,GA,92,675,39384
LN-102109,Michael Lee,08/27/2021,08/27/2036,736000,677120,5.61,3720,Default,Condo,MD,67,810,87130
LN-102110,Emily White,03/28/2022,03/28/2044,691000,559710,6.29,2985,30 Days Delinquent,Condo,NY,94,628,89501
LN-102111,Betty Lopez,01/08/2023,01/08/2038,398000,262680,7.6,4017,90+ Days Delinquent,Multi Family,WI,92,787,88473
LN-102112,Lisa Moore,11/11/2022,11/11/2049,292000,245280,6.07,3346,Default,Commercial,FL,83,751,35728
LN-102113,Susan Moore,08/16/2020,08/16/2048,333000,289710,3.49,2386,60 Days Delinquent,Single Family,MN,86,752,43305
LN-102114,Lisa Miller,03/28/2021,03/28/2044,796000,509440,3.94,2460,90+ Days Delinquent,Condo,AL,81,734,94879
LN-102115,Matthew Gonzalez,06/16/2018,06/16/2042,838000,527940,6.49,1651,Paid Off,Commercial,MO,89,808,16789
LN-102116,William Jones,01/18/2018,01/18/2035,280000,210000,5.01,2619,60 Days Delinquent,Multi Family,KY,75,808,71094
LN-102117,Donna Ramirez,10/22/2023,10/22/2042,719000,467350,6.96,3688,Paid Off,Townhouse,AZ,56,664,21843
LN-102118,Sarah Perez,11/12/2022,11/12/2051,651000,559860,3.9,1777,30 Days Delinquent,Single Family,CA,59,713,82287
LN-102119,Lisa Lopez,01/23/2020,01/23/2042,345000,265650,6.75,2677,Paid Off,Condo,MA,72,708,64150
LN-102120,Joseph Wilson,04/16/2019,04/16/2046,615000,436650,7.67,4094,Paid Off,Single Family,CO,72,693,81971
LN-102121,Paul Ramirez,07/18/2023,07/18/2049,501000,375750,6.72,3054,Current,Single Family,UT,61,748,54373
LN-102122,Joshua Davis,07/09/2022,07/09/2043,533000,469040,6.88,3420,Paid Off,Commercial,CT,72,726,61963
LN-102123,Daniel Miller,12/21/2022,12/21/2049,582000,453960,6.27,1725,30 Days Delinquent,Single Family,MI,81,708,73316
LN-102124,Steven Clark,09/20/2023,09/20/2053,259000,230510,7.55,1297,60 Days Delinquent,Single Family,VA,57,759,47229
LN-102125,Sandra Jackson,01/20/2018,01/20/2039,845000,566150,4.49,1779,30 Days Delinquent,Single Family,FL,93,632,92973
LN-102126,David White,05/11/2018,05/11/2043,215000,137600,4.36,2139,30 Days Delinquent,Townhouse,MN,66,650,15868
LN-102127,Matthew Miller,09/01/2022,09/01/2041,797000,709330,6.47,1330,60 Days Delinquent,Commercial,CT,75,650,76143
LN-102128,Charles Gonzalez,05/19/2020,05/19/2048,519000,482670,5.16,1217,Paid Off,Single Family,MI,95,694,76388
LN-102129,Richard Taylor,11/15/2021,11/15/2045,342000,208620,5.3,3597,Default,Townhouse,UT,70,745,66184
LN-102130,Karen Lewis,05/23/2023,05/23/2042,768000,737280,5.95,1415,Default,Condo,VA,59,801,94900
LN-102131,John Johnson,02/16/2023,02/16/2050,693000,658350,5.74,2723,60 Days Delinquent,Multi Family,OH,86,667,59974
LN-102132,Susan White,11/13/2019,11/13/2036,212000,137800,5.27,1806,Paid Off,Townhouse,CO,55,719,89864
LN-102133,Michael Johnson,05/25/2022,05/25/2038,692000,435960,5.86,4189,90+ Days Delinquent,Condo,MD,80,638,43426
LN-102134,Betty Jackson,12/01/2019,12/01/2034,772000,671640,6.84,1295,Paid Off,Commercial,TN,56,738,93341
LN-102135,William Jackson,05/17/2021,05/17/2047,795000,731400,5.86,2307,60 Days Delinquent,Townhouse,CT,81,806,13208
LN-102136,Jennifer Ramirez,07/06/2021,07/06/2042,156000,138840,6.77,2253,Paid Off,Condo,MO,56,798,90600
LN-102137,Joshua Lee,11/18/2022,11/18/2048,836000,560120,3.72,1253,30 Days Delinquent,Single Family,TX,81,795,69528
LN-102138,John Rodriguez,01/13/2020,01/13/2038,237000,154050,3.29,4209,Paid Off,Single Family,CO,67,686,40791
LN-102139,Donna Taylor,03/05/2023,03/05/2046,412000,366680,6.6,2383,Paid Off,Single Family,MN,78,805,78327
LN-102140,Ashley Johnson,06/15/2018,06/15/2045,541000,389520,7.37,1233,60 Days Delinquent,Multi Family,NY,89,700,63059
LN-102141,Steven Hernandez,09/26/2021,09/26/2040,196000,158760,3.36,1728,Default,Single Family,CO,65,728,84799
LN-102142,Betty Davis,05/01/2019,05/01/2045,470000,455900,3.57,2789,60 Days Delinquent,Commercial,GA,88,652,78070
LN-102143,Betty Garcia,10/02/2019,10/02/2035,453000,375990,7.31,1837,30 Days Delinquent,Multi Family,IN,80,781,23355
LN-102144,Paul Wilson,10/09/2022,10/09/2037,732000,483120,4.38,3395,Default,Single Family,CA,55,760,63265
LN-102145,Daniel Smith,09/02/2019,09/02/2035,672000,544320,7.3,2559,Paid Off,Multi Family,AL,95,714,81424
LN-102146,Linda Taylor,04/26/2021,04/26/2044,535000,347750,5.46,2152,60 Days Delinquent,Single Family,FL,90,780,15069
LN-102147,Linda Robinson,08/07/2021,08/07/2045,738000,627300,6.02,1882,Default,Condo,GA,77,666,93793
LN-102148,Michelle Perez,05/10/2022,05/10/2041,382000,267400,7.72,1868,90+ Days Delinquent,Single Family,IL,57,727,47442
LN-102149,Sandra Thompson,05/09/2020,05/09/2037,500000,435000,7.47,3739,Default,Multi Family,AL,85,621,58369
LN-102150,Mark Williams,02/24/2018,02/24/2040,569000,347090,6.37,3380,30 Days Delinquent,Single Family,KY,88,666,57218
LN-102151,Jessica Thompson,11/18/2018,11/18/2038,748000,463760,7.12,2196,Default,Townhouse,TN,66,708,58054
LN-102152,Linda Jones,11/25/2020,11/25/2037,200000,160000,3.33,1224,Default,Condo,OK,71,676,19879
LN-102153,Lisa Williams,02/16/2022,02/16/2049,489000,332520,6.15,1686,Default,Multi Family,IL,86,705,90675
LN-102154,Thomas Lopez,10/11/2022,10/11/2049,459000,376380,7.04,2390,Default,Townhouse,AZ,92,659,38972
LN-102155,Paul Garcia,05/23/2018,05/23/2046,820000,721600,4.3,3773,Current,Multi Family,LA,71,683,95464
LN-102156,Matthew Brown,05/23/2022,05/23/2042,628000,433320,5.94,2875,30 Days Delinquent,Multi Family,OH,56,768,51916
LN-102157,Daniel Taylor,08/15/2023,08/15/2040,430000,391300,5.39,1424,Current,Commercial,AZ,82,748,39431
LN-102158,Michelle Hernandez,02/01/2023,02/01/2049,517000,470470,6.73,2353,90+ Days Delinquent,Townhouse,MO,61,674,34375
LN-102159,Elizabeth Thompson,03/09/2023,03/09/2051,240000,170400,5.42,3802,30 Days Delinquent,Multi Family,KY,71,648,43792
LN-102160,Karen Perez,08/25/2022,08/25/2050,224000,212800,5.15,2281,Paid Off,Multi Family,KY,81,672,20535
LN-102161,Nancy Taylor,09/28/2020,09/28/2041,161000,125580,5.58,3902,30 Days Delinquent,Single Family,OH,91,809,79876
LN-102162,Michelle Harris,10/07/2023,10/07/2044,643000,597990,5.73,2603,Default,Single Family,MD,66,660,72705
LN-102163,Elizabeth Robinson,02/17/2020,02/17/2039,422000,354480,7.53,1254,Paid Off,Multi Family,MO,94,761,24992
LN-102164,Christopher Jones,11/15/2022,11/15/2046,741000,503880,5.12,2965,30 Days Delinquent,Condo,WA,56,647,37697
LN-102165,Anthony Martinez,02/04/2019,02/04/2046,264000,221760,7.41,3990,30 Days Delinquent,Townhouse,CA,72,725,46046
LN-102166,Nancy Gonzalez,06/18/2023,06/18/2046,740000,577200,5.77,3920,30 Days Delinquent,Condo,TN,90,645,66834
LN-102167,Nancy Jackson,11/23/2022,11/23/2045,770000,623700,5.12,4229,30 Days Delinquent,Townhouse,MI,75,776,89241
LN-102168,Mark Ramirez,09/22/2022,09/22/2052,281000,202320,6.86,3120,60 Days Delinquent,Commercial,WA,55,650,59645
LN-102169,Linda Martin,12/24/2020,12/24/2043,387000,344430,4.5,2577,Current,Multi Family,NC,89,732,53823
LN-102170,Robert Taylor,04/28/2022,04/28/2045,166000,106240,7.1,4135,30 Days Delinquent,Townhouse,TX,65,745,19918
LN-102171,Sarah Lewis,11/23/2023,11/23/2048,343000,315560,6.72,2833,90+ Days Delinquent,Townhouse,KY,64,724,53274
LN-102172,Robert Gonzalez,02/03/2020,02/03/2035,623000,454790,5.44,3952,60 Days Delinquent,Condo,MO,55,720,21556
LN-102173,Jessica Rodriguez,01/01/2023,01/01/2039,659000,527200,7.6,1971,60 Days Delinquent,Single Family,CA,66,816,99253
LN-102174,Charles Anderson,03/11/2023,03/11/2051,624000,449280,5.49,2081,90+ Days Delinquent,Condo,TX,75,700,99126
LN-102175,Robert Lewis,04/28/2020,04/28/2048,519000,337350,3.88,3171,30 Days Delinquent,Condo,OR,67,662,11547
LN-102176,Donald Lee,02/04/2020,02/04/2043,658000,585620,4.6,2416,90+ Days Delinquent,Single Family,WI,92,714,28953
LN-102177,Donald Martinez,07/18/2021,07/18/2050,436000,392400,4.75,2725,Current,Multi Family,CT,78,779,40261
LN-102178,Emily Thomas,11/20/2019,11/20/2041,807000,516480,4.53,2841,Paid Off,Multi Family,MA,92,758,97325
LN-102179,Barbara Miller,09/19/2019,09/19/2038,287000,195160,7.66,2421,Default,Commercial,TN,80,717,46467
LN-102180,Donna Gonzalez,10/28/2020,10/28/2048,522000,422820,4.07,2823,30 Days Delinquent,Multi Family,SC,69,779,67458
LN-102181,Charles Sanchez,05/08/2022,05/08/2048,817000,571900,5.17,2628,90+ Days Delinquent,Condo,NC,82,811,24717
LN-102182,James Smith,01/20/2018,01/20/2036,317000,206050,6.01,3796,Default,Commercial,SC,88,648,29509
LN-102183,Nancy Wilson,10/09/2020,10/09/2035,261000,242730,7.63,2604,Paid Off,Townhouse,LA,87,627,65784
LN-102184,Steven Wilson,09/14/2021,09/14/2044,634000,494520,4.03,4074,90+ Days Delinquent,Multi Family,CO,59,729,53125
LN-102185,Kimberly Robinson,01/23/2022,01/23/2040,822000,624720,5.46,2832,Paid Off,Commercial,PA,88,635,88285
LN-102186,Susan Taylor,01/24/2023,01/24/2039,273000,191100,6.18,2563,60 Days Delinquent,Commercial,LA,56,674,71209
LN-102187,Ashley Jones,08/16/2018,08/16/2044,734000,667940,7.71,3255,Paid Off,Single Family,GA,93,621,86845
LN-102188,Susan Miller,08/23/2020,08/23/2046,838000,804480,4.35,4120,30 Days Delinquent,Townhouse,IL,78,664,45073
LN-102189,Lisa Thompson,07/11/2019,07/11/2039,523000,486390,7.08,1233,Current,Condo,TN,67,716,65087
LN-102190,Barbara Sanchez,03/21/2023,03/21/2046,527000,347820,5.98,3123,Default,Townhouse,CO,78,670,30481
LN-102191,Linda Thomas,04/09/2020,04/09/2040,242000,181500,7.03,2378,30 Days Delinquent,Multi Family,GA,82,729,47535
LN-102192,Nancy Jackson,10/09/2019,10/09/2038,252000,161280,5.17,1672,60 Days Delinquent,Multi Family,AZ,65,667,67265
LN-102193,Donald Garcia,08/05/2022,08/05/2047,792000,673200,4.73,2029,Paid Off,Multi Family,TN,93,662,39579
LN-102194,Mary Hernandez,07/06/2022,07/06/2042,838000,603360,5.41,1942,60 Days Delinquent,Multi Family,NC,75,747,18340
LN-102195,Patricia Thompson,04/14/2023,04/14/2041,428000,342400,4.58,3149,30 Days Delinquent,Single Family,PA,84,771,10413
LN-102196,Karen Sanchez,04/18/2022,04/18/2038,401000,288720,4.6,3926,Paid Off,Condo,VA,67,738,98800
LN-102197,Donna Sanchez,01/05/2021,01/05/2042,177000,113280,7.57,2974,30 Days Delinquent,Single Family,MD,59,792,49963
LN-102198,Sandra Anderson,06/20/2018,06/20/2045,209000,158840,7.44,2997,60 Days Delinquent,Condo,TN,95,746,72038
LN-102199,Donna Harris,12/18/2021,12/18/2046,496000,471200,6.19,4002,Current,Multi Family,OK,85,621,23321
LN-102200,David Gonzalez,01/28/2022,01/28/2040,739000,628150,5.58,3706,60 Days Delinquent,Multi Family,VA,59,640,69891
LN-102201,Matthew Jones,10/01/2021,10/01/2036,428000,286760,6.62,3387,Current,Townhouse,MI,75,698,98483
LN-102202,Lisa Johnson,04/20/2022,04/20/2048,777000,574980,7.19,1415,30 Days Delinquent,Single Family,CT,70,763,94700
LN-102203,James Gonzalez,05/20/2020,05/20/2038,242000,147620,4.55,2976,90+ Days Delinquent,Multi Family,CT,58,774,50564
LN-102204,Mark Harris,01/02/2018,01/02/2043,650000,520000,3.79,2882,Default,Single Family,KY,64,801,26400
LN-102205,Nancy Thompson,10/03/2018,10/03/2039,352000,292160,6.14,4097,90+ Days Delinquent,Single Family,SC,95,754,36005
LN-102206,Ashley Jackson,09/20/2022,09/20/2040,722000,584820,5.48,1230,60 Days Delinquent,Townhouse,FL,76,790,65950
LN-102207,Patricia Jones,12/13/2022,12/13/2052,735000,705600,6.84,2363,60 Days Delinquent,Multi Family,IN,57,805,21413
LN-102208,Ashley Wilson,04/10/2018,04/10/2038,289000,228310,4.43,1959,60 Days Delinquent,Multi Family,MN,80,648,11716
LN-102209,Donna Clark,07/02/2022,07/02/2040,161000,117530,6.61,3249,Current,Townhouse,NC,77,764,54178
LN-102210,Betty Martinez,02/25/2022,02/25/2046,409000,302660,6.22,2021,Current,Multi Family,MD,63,762,84166
LN-102211,David Ramirez,02/15/2020,02/15/2049,837000,686340,5.58,3175,30 Days Delinquent,Multi Family,WA,75,758,78372
LN-102212,William Johnson,05/20/2021,05/20/2051,505000,398950,4.99,1233,Default,Multi Family,LA,70,776,64163
LN-102213,Linda Perez,03/10/2018,03/10/2033,568000,426000,6.79,4164,90+ Days Delinquent,Multi Family,LA,59,784,99258
LN-102214,Jennifer Lee,09/07/2022,09/07/2037,678000,555960,4.8,1411,Paid Off,Commercial,OH,81,692,62288
LN-102215,Linda Lopez,08/20/2022,08/20/2038,435000,295800,7.6,3022,Paid Off,Commercial,MO,76,690,26576
LN-102216,Michael Ramirez,07/16/2018,07/16/2036,773000,718890,5.45,4069,Default,Townhouse,GA,81,660,23736
LN-102217,Sandra Sanchez,06/16/2020,06/16/2036,235000,164500,4.41,1298,Current,Commercial,AZ,85,689,16652
LN-102218,Margaret Wilson,01/06/2018,01/06/2039,228000,214320,7.22,2745,90+ Days Delinquent,Multi Family,IN,74,730,17654
LN-102219,Paul Garcia,06/14/2018,06/14/2034,230000,167900,6.69,2890,60 Days Delinquent,Single Family,UT,80,721,28508
LN-102220,Susan Thompson,11/17/2018,11/17/2034,707000,622160,5.68,2635,30 Days Delinquent,Condo,PA,94,622,44703
LN-102221,Daniel Rodriguez,01/09/2019,01/09/2042,480000,345600,5.75,1492,Default,Condo,MO,68,741,18565
LN-102222,Linda Gonzalez,08/15/2021,08/15/2050,620000,489800,6.36,4418,Paid Off,Commercial,AL,71,777,94162
LN-102223,Karen Harris,04/28/2023,04/28/2040,178000,106800,6.66,1625,Paid Off,Single Family,MO,60,681,27291
LN-102224,Matthew Martin,06/08/2019,06/08/2049,647000,517600,7.74,3905,Paid Off,Condo,IL,94,705,10384
LN-102225,Kimberly Thomas,07/09/2019,07/09/2046,281000,241660,5.41,2831,Paid Off,Townhouse,LA,71,712,29275
LN-102226,Paul Johnson,07/13/2020,07/13/2039,699000,657060,5.31,3437,Current,Commercial,NJ,81,636,37588
LN-102227,Michael Williams,08/12/2018,08/12/2047,535000,465450,6.37,1811,30 Days Delinquent,Commercial,MA,60,763,50561
LN-102228,Sarah White,07/05/2019,07/05/2048,585000,479700,3.66,1706,Default,Townhouse,AL,61,771,98634
LN-102229,Paul Anderson,08/17/2021,08/17/2048,419000,272350,6.4,2342,90+ Days Delinquent,Multi Family,IN,94,738,81485
LN-102230,Michelle Moore,08/23/2020,08/23/2047,546000,442260,5.84,1984,60 Days Delinquent,Multi Family,IN,66,781,33977
LN-102231,Steven Thompson,12/17/2018,12/17/2036,692000,581280,4.64,2379,60 Days Delinquent,Single Family,LA,66,803,75337
LN-102232,Sandra Thomas,02/10/2018,02/10/2033,571000,531030,7.24,1431,Default,Commercial,MD,85,680,59478
LN-102233,Andrew Rodriguez,12/09/2020,12/09/2047,806000,628680,7.64,1202,90+ Days Delinquent,Commercial,WI,78,702,95754
LN-102234,Donald Ramirez,10/20/2020,10/20/2042,677000,433280,4.51,1971,Current,Condo,LA,81,819,52411
LN-102235,Joshua Lee,04/28/2020,04/28/2043,769000,522920,4.48,1425,Paid Off,Commercial,MO,60,767,93410
LN-102236,Thomas Williams,07/26/2019,07/26/2035,152000,127680,4.69,1551,Paid Off,Multi Family,GA,69,781,68243
LN-102237,John Clark,02/26/2021,02/26/2037,675000,513000,4.02,1641,Current,Commercial,TN,70,763,35926
LN-102238,John Wilson,12/22/2019,12/22/2041,706000,649520,7.54,4321,Paid Off,Condo,MA,58,677,64790
LN-102239,Nancy Anderson,08/28/2022,08/28/2050,546000,398580,4.82,3698,Current,Condo,MN,76,809,30084
LN-102240,James Jackson,07/11/2018,07/11/2034,740000,599400,7.29,3768,Current,Single Family,NJ,66,754,83036
LN-102241,William Hernandez,04/20/2019,04/20/2042,794000,770180,4.64,4031,Paid Off,Commercial,UT,57,654,24891
LN-102242,Robert Smith,07/01/2021,07/01/2045,206000,140080,4.26,3918,30 Days Delinquent,Single Family,PA,69,777,63754
LN-102243,Michelle Lee,06/09/2021,06/09/2046,319000,287100,7.13,3363,30 Days Delinquent,Townhouse,NJ,71,820,18284
LN-102244,Emily Miller,05/10/2020,05/10/2047,514000,483160,5.27,2187,Default,Commercial,IN,63,756,95324
LN-102245,Joshua Wilson,02/13/2023,02/13/2046,339000,294930,5.23,2282,60 Days Delinquent,Commercial,OR,80,684,78624
LN-102246,Margaret Lewis,08/02/2021,08/02/2049,245000,156800,5.89,2367,30 Days Delinquent,Single Family,NJ,56,818,84651
LN-102247,Sarah Ramirez,02/23/2021,02/23/2050,336000,315840,5.36,3014,Current,Condo,NC,82,690,94564
LN-102248,William Thomas,07/02/2018,07/02/2044,299000,182390,6.36,1370,Paid Off,Condo,FL,59,738,20204
LN-102249,Elizabeth Jackson,07/24/2019,07/24/2041,368000,331200,6.01,4001,30 Days Delinquent,Commercial,NC,95,807,82478
LN-102250,Karen Williams,01/08/2022,01/08/2052,757000,469340,4.03,1773,Default,Condo,FL,59,782,59703
LN-102251,Nancy Garcia,01/18/2019,01/18/2039,159000,147870,6.24,2886,90+ Days Delinquent,Commercial,IL,78,718,53879
LN-102252,Elizabeth Johnson,01/08/2020,01/08/2037,447000,335250,5.04,4200,Default,Commercial,MI,91,660,71409
LN-102253,Joshua Robinson,04/20/2022,04/20/2045,388000,271600,6.64,3119,Paid Off,Commercial,WI,84,666,93702
LN-102254,Joseph Lee,06/28/2022,06/28/2046,572000,371800,7.01,3957,Default,Commercial,CO,71,794,41354
LN-102255,Matthew Davis,03/04/2021,03/04/2039,605000,471900,7.33,2587,Current,Commercial,CT,59,635,53223
LN-102256,Kimberly Rodriguez,09/02/2018,09/02/2040,320000,204800,4.3,1600,60 Days Delinquent,Townhouse,KY,69,708,96806
LN-102257,Kimberly Smith,04/20/2018,04/20/2042,450000,373500,5.19,3581,Paid Off,Townhouse,KY,82,689,18268
LN-102258,Robert Thomas,09/10/2021,09/10/2048,776000,496640,6.42,1847,Paid Off,Condo,MI,81,675,94073
LN-102259,David Ramirez,03/11/2020,03/11/2039,589000,488870,4.53,1259,90+ Days Delinquent,Multi Family,PA,55,629,55606
LN-102260,Paul Lewis,08/19/2020,08/19/2046,327000,228900,5.86,3403,Current,Commercial,TN,79,654,27961
LN-102261,Lisa Harris,04/17/2021,04/17/2048,694000,645420,6.86,3703,60 Days Delinquent,Commercial,PA,57,723,91668
LN-102262,Nancy Martin,07/25/2018,07/25/2047,285000,188100,4.46,3508,Paid Off,Multi Family,OH,87,638,37870
LN-102263,Joseph Smith,01/13/2022,01/13/2039,312000,296400,3.58,1548,Paid Off,Townhouse,CT,60,760,41952
LN-102264,Barbara Brown,04/23/2020,04/23/2035,584000,362080,7.13,4229,30 Days Delinquent,Single Family,GA,81,820,74875
LN-102265,Ashley Robinson,07/11/2020,07/11/2039,551000,523450,4.88,2350,90+ Days Delinquent,Commercial,CA,70,780,48744
LN-102266,Joshua Rodriguez,10/10/2018,10/10/2047,213000,170400,5.78,4220,Paid Off,Condo,PA,82,680,88168
LN-102267,Nancy Garcia,02/27/2018,02/27/2048,254000,231140,6.31,3559,Current,Multi Family,IL,86,636,56762
LN-102268,Jessica Harris,07/16/2023,07/16/2045,265000,217300,6.22,1446,60 Days Delinquent,Single Family,MN,60,712,44606
LN-102269,Karen Jones,05/12/2023,05/12/2038,336000,241920,4.62,3932,Current,Condo,OR,90,620,95836
LN-102270,Mary Anderson,06/08/2019,06/08/2048,302000,244620,4.62,2908,Paid Off,Multi Family,IN,63,630,97729
LN-102271,Joshua Perez,09/17/2022,09/17/2037,540000,442800,6.63,3556,90+ Days Delinquent,Townhouse,CT,93,654,71942
LN-102272,Mark Williams,05/23/2018,05/23/2048,171000,133380,4.6,4354,60 Days Delinquent,Townhouse,OR,88,714,70329
LN-102273,Daniel Thompson,05/27/2023,05/27/2040,534000,336420,3.95,1905,30 Days Delinquent,Townhouse,WA,57,680,47648
LN-102274,Daniel Lopez,04/15/2020,04/15/2036,678000,542400,6.3,2131,Paid Off,Multi Family,OH,94,786,29346
LN-102275,Lisa Wilson,10/15/2023,10/15/2051,679000,488880,5.59,1200,Paid Off,Multi Family,GA,66,728,58808
LN-102276,Karen Miller,01/24/2022,01/24/2047,821000,763530,5.96,2363,60 Days Delinquent,Multi Family,VA,93,776,34677
LN-102277,Paul Wilson,11/09/2020,11/09/2045,805000,756700,4.85,1925,60 Days Delinquent,Multi Family,MA,56,621,51061
LN-102278,Matthew Lee,12/15/2021,12/15/2043,362000,322180,4.61,3881,30 Days Delinquent,Condo,PA,86,740,49168
LN-102279,Kimberly Miller,07/16/2018,07/16/2038,803000,594220,5.95,1266,30 Days Delinquent,Commercial,OR,86,662,70713
LN-102280,John Jones,05/04/2019,05/04/2038,389000,248960,3.25,2813,Default,Commercial,OK,66,762,51609
LN-102281,Thomas Jackson,10/25/2023,10/25/2040,375000,337500,3.43,4389,Paid Off,Townhouse,OR,59,634,36777
LN-102282,Donald Davis,02/22/2022,02/22/2049,415000,327850,6.58,1390,30 Days Delinquent,Commercial,WI,94,710,15698
LN-102283,Joseph Clark,05/13/2022,05/13/2050,813000,569100,6.13,3144,Default,Single Family,WA,81,774,59902
LN-102284,Betty Hernandez,05/05/2023,05/05/2039,195000,171600,4.28,1206,Paid Off,Townhouse,WA,61,784,55752
LN-102285,Mark Martinez,07/24/2023,07/24/2051,668000,594520,3.54,1206,90+ Days Delinquent,Multi Family,TX,89,626,50145
LN-102286,Jessica Anderson,10/17/2020,10/17/2037,224000,152320,5.75,1422,30 Days Delinquent,Townhouse,SC,80,813,36282
LN-102287,Mary Miller,03/20/2019,03/20/2035,540000,410400,7.69,4165,90+ Days Delinquent,Single Family,VA,58,800,81224
LN-102288,Jessica Jackson,02/05/2020,02/05/2040,160000,153600,7.36,3903,90+ Days Delinquent,Commercial,FL,85,820,43908
LN-102289,Andrew Rodriguez,09/27/2023,09/27/2051,157000,149150,5.67,3556,30 Days Delinquent,Single Family,LA,62,651,38703
LN-102290,Mark Clark,04/28/2019,04/28/2036,631000,517420,7.25,3890,Default,Condo,TX,92,650,37354
LN-102291,Patricia Robinson,10/28/2022,10/28/2041,711000,511920,7.45,4059,Paid Off,Single Family,VA,95,667,66461
LN-102292,Susan Wilson,09/25/2019,09/25/2042,440000,308000,7.02,3579,Default,Single Family,UT,62,734,69534
LN-102293,Mark Lee,11/06/2021,11/06/2036,775000,689750,7.58,2331,30 Days Delinquent,Single Family,MN,79,732,84369
LN-102294,Patricia Williams,06/07/2019,06/07/2043,151000,113250,6.1,3023,Default,Single Family,IN,85,623,64795
LN-102295,Robert Jones,12/24/2019,12/24/2042,261000,187920,6.02,3403,Current,Condo,CA,69,660,31211
LN-102296,Andrew Sanchez,09/28/2022,09/28/2037,664000,604240,3.71,3985,Current,Condo,WI,76,624,78644
LN-102297,Donald Sanchez,01/27/2023,01/27/2051,669000,461610,4.42,2985,Current,Townhouse,LA,65,632,24762
LN-102298,Elizabeth Ramirez,02/15/2020,02/15/2042,640000,550400,4.41,2379,Default,Multi Family,OR,86,674,65904
LN-102299,Matthew Perez,08/27/2023,08/27/2043,609000,542010,6.96,1690,30 Days Delinquent,Commercial,MD,67,689,92637
LN-102300,Emily Gonzalez,03/21/2019,03/21/2045,811000,535260,6.9,4326,30 Days Delinquent,Condo,CT,79,630,94675
LN-102301,Karen Thompson,08/24/2023,08/24/2048,508000,370840,5,2998,Paid Off,Single Family,NC,90,780,70308
LN-102302,Jessica Thompson,05/06/2022,05/06/2047,730000,525600,4.46,4386,Paid Off,Condo,MN,95,621,32758
LN-102303,Matthew Moore,06/19/2023,06/19/2050,158000,126400,3.4,2115,30 Days Delinquent,Multi Family,TX,75,805,74594
LN-102304,Patricia Lewis,04/12/2018,04/12/2033,348000,288840,6.4,3845,Default,Commercial,OH,85,805,60453
LN-102305,Daniel Moore,05/01/2018,05/01/2035,555000,444000,3.49,1857,90+ Days Delinquent,Townhouse,NC,95,778,34946
LN-102306,Mark Wilson,04/13/2021,04/13/2044,309000,228660,5.83,2835,Current,Condo,OH,79,690,89086
LN-102307,Jennifer Clark,06/05/2021,06/05/2042,726000,682440,4.7,4145,Default,Condo,NY,89,715,14109
LN-102308,Robert Perez,05/24/2019,05/24/2047,583000,478060,3.51,1559,Paid Off,Townhouse,AL,95,770,54438
LN-102309,Daniel Thompson,12/08/2018,12/08/2042,535000,513600,3.79,3324,Default,Multi Family,MI,79,699,87091
LN-102310,Paul Perez,05/27/2019,05/27/2047,414000,314640,3.98,4242,Paid Off,Multi Family,MN,57,649,72142
LN-102311,James Lewis,01/03/2022,01/03/2046,625000,475000,3.49,3485,Default,Condo,MD,63,780,28183
LN-102312,Jennifer Johnson,03/28/2020,03/28/2050,673000,625890,5.16,4075,Current,Condo,SC,62,655,57164
LN-102313,Jennifer Miller,10/22/2020,10/22/2044,635000,584200,7.37,1307,Current,Single Family,WA,87,622,72641
LN-102314,Donald Harris,11/09/2023,11/09/2047,672000,497280,6.22,2505,30 Days Delinquent,Condo,FL,75,679,41524
LN-102315,Joshua Jones,04/13/2020,04/13/2036,758000,606400,6.52,3937,Paid Off,Townhouse,GA,74,735,12343
LN-102316,Ashley Robinson,04/25/2022,04/25/2046,833000,516460,4.89,1414,90+ Days Delinquent,Townhouse,NJ,75,735,85547
LN-102317,Susan Ramirez,06/06/2022,06/06/2049,427000,337330,7.01,4238,90+ Days Delinquent,Condo,CT,60,703,36756
LN-102318,Jennifer White,07/20/2022,07/20/2041,755000,626650,4.65,1384,Paid Off,Townhouse,PA,69,660,53339
LN-102319,Ashley Lee,08/24/2019,08/24/2048,467000,378270,5.67,3110,30 Days Delinquent,Multi Family,MN,92,754,66386
LN-102320,Elizabeth Martin,05/19/2022,05/19/2052,617000,512110,7.04,2750,30 Days Delinquent,Multi Family,OH,89,815,35188
LN-102321,Anthony Lewis,07/18/2021,07/18/2038,323000,232560,4.4,4279,90+ Days Delinquent,Townhouse,CO,90,759,53066
LN-102322,Barbara White,12/19/2022,12/19/2044,831000,623250,4.78,4012,Paid Off,Multi Family,TX,88,654,71590
LN-102323,Michael Williams,04/19/2020,04/19/2042,554000,398880,4.14,3860,Paid Off,Commercial,OR,84,737,87038
LN-102324,Kimberly Johnson,04/15/2020,04/15/2037,226000,192100,4.95,4284,30 Days Delinquent,Condo,FL,64,710,36899
LN-102325,Paul Clark,08/17/2019,08/17/2040,234000,222300,5.8,2593,Default,Multi Family,WI,55,660,57942
LN-102326,William Martin,10/17/2022,10/17/2040,424000,322240,7.1,4475,30 Days Delinquent,Multi Family,PA,83,733,35236
LN-102327,Donald Hernandez,10/05/2023,10/05/2047,247000,239590,6.56,1505,60 Days Delinquent,Multi Family,CA,61,628,20207
LN-102328,Patricia Harris,09/27/2021,09/27/2041,314000,301440,5.81,3504,90+ Days Delinquent,Condo,FL,87,660,20458
LN-102329,Linda Clark,06/16/2019,06/16/2042,367000,308280,6.35,3883,30 Days Delinquent,Multi Family,UT,56,710,65056
LN-102330,Emily Jackson,07/08/2022,07/08/2045,648000,550800,4.8,3775,90+ Days Delinquent,Multi Family,MD,86,746,18123
LN-102331,Christopher Anderson,10/25/2020,10/25/2036,312000,205920,4.48,4235,Default,Multi Family,TX,85,622,83884
LN-102332,Robert Martin,09/27/2022,09/27/2048,500000,360000,6.89,4058,Current,Townhouse,SC,80,733,65607
LN-102333,Linda Moore,02/02/2021,02/02/2039,586000,486380,5.7,4071,60 Days Delinquent,Single Family,OR,79,678,85567
LN-102334,Margaret Sanchez,07/16/2021,07/16/2048,497000,303170,4.62,1722,Paid Off,Single Family,MD,64,737,16218
LN-102335,William Gonzalez,01/23/2021,01/23/2049,458000,393880,6.51,3396,60 Days Delinquent,Condo,OR,73,649,97474
LN-102336,Margaret Lee,09/11/2021,09/11/2042,637000,414050,6.07,3780,Default,Single Family,TN,87,703,96124
LN-102337,Kimberly Miller,01/12/2022,01/12/2037,582000,570360,6.72,3998,Current,Condo,NY,93,762,51969
LN-102338,Betty White,09/21/2018,09/21/2040,656000,642880,4.79,4420,Default,Commercial,VA,64,808,10852
LN-102339,Patricia Clark,08/05/2022,08/05/2041,555000,493950,7.08,1662,Current,Commercial,TX,82,718,56168
LN-102340,Steven Martinez,02/14/2023,02/14/2044,219000,170820,7.62,4381,90+ Days Delinquent,Condo,CT,63,793,95045
LN-102341,James Lopez,05/23/2018,05/23/2044,435000,378450,4.99,1217,60 Days Delinquent,Commercial,TN,67,788,44445
LN-102342,Emily Gonzalez,02/14/2023,02/14/2048,655000,602600,5.89,4360,90+ Days Delinquent,Single Family,UT,93,796,78539
LN-102343,Daniel Lewis,11/13/2021,11/13/2044,834000,650520,6.96,3010,Current,Townhouse,SC,75,819,47836
LN-102344,Emily Martinez,02/19/2019,02/19/2045,186000,172980,5.4,1870,60 Days Delinquent,Multi Family,MA,86,738,38265
LN-102345,James Taylor,01/12/2020,01/12/2045,300000,213000,6.44,3857,90+ Days Delinquent,Multi Family,WA,59,723,83548
LN-102346,Christopher Jackson,11/05/2020,11/05/2035,153000,108630,3.84,2694,Default,Townhouse,NY,55,727,10566
LN-102347,Anthony White,05/11/2018,05/11/2042,238000,157080,6.32,1575,Current,Commercial,NY,55,799,54022
LN-102348,Anthony Rodriguez,05/07/2018,05/07/2048,520000,478400,3.96,2274,Default,Single Family,FL,93,693,26033
LN-102349,Joshua Lewis,04/16/2018,04/16/2042,814000,610500,6.97,2383,Default,Single Family,AL,81,738,23389
LN-102350,Betty Ramirez,11/13/2022,11/13/2052,683000,560060,4.69,3601,Current,Multi Family,CO,73,791,50531
LN-102351,Robert Miller,04/26/2018,04/26/2038,280000,243600,5.37,4308,60 Days Delinquent,Multi Family,NY,79,783,95305
LN-102352,John Williams,02/12/2023,02/12/2039,337000,256120,4.77,2609,90+ Days Delinquent,Single Family,AL,76,658,70492
LN-102353,Lisa Taylor,10/01/2020,10/01/2042,160000,116800,5.65,2296,Paid Off,Multi Family,FL,56,682,71939
LN-102354,Charles Williams,06/12/2021,06/12/2051,780000,709800,3.96,2916,Current,Townhouse,MO,79,644,91947
LN-102355,Lisa Martin,02/20/2022,02/20/2042,226000,174020,4.49,2101,90+ Days Delinquent,Single Family,NC,86,804,66840
LN-102356,Michelle Harris,11/28/2018,11/28/2035,270000,202500,5.01,2872,Current,Commercial,OH,78,624,75018
LN-102357,Donald Clark,10/15/2018,10/15/2047,522000,396720,6.6,4368,90+ Days Delinquent,Condo,WA,60,792,41550
LN-102358,Donna Rodriguez,07/21/2022,07/21/2043,297000,273240,5.24,1329,Paid Off,Condo,VA,89,665,83173
LN-102359,Kimberly Moore,05/18/2020,05/18/2047,657000,558450,5.11,2776,Default,Single Family,MI,76,706,79821
LN-102360,Christopher Lewis,12/07/2022,12/07/2042,848000,771680,7.06,3503,90+ Days Delinquent,Townhouse,SC,78,647,16830
LN-102361,Karen Harris,03/20/2022,03/20/2039,465000,427800,6.29,1473,60 Days Delinquent,Multi Family,VA,70,705,90572
LN-102362,William Lee,10/18/2021,10/18/2050,172000,106640,5.95,2048,90+ Days Delinquent,Townhouse,MD,85,649,20931
LN-102363,Matthew White,10/16/2023,10/16/2052,385000,288750,7.47,1938,Paid Off,Single Family,OR,75,686,92305
LN-102364,William Wilson,03/21/2019,03/21/2034,704000,549120,4.42,2125,90+ Days Delinquent,Multi Family,NY,82,702,92479
LN-102365,Nancy Williams,02/25/2022,02/25/2039,199000,191040,3.65,3228,90+ Days Delinquent,Condo,MN,88,654,21131
LN-102366,Donald Robinson,10/15/2019,10/15/2037,485000,363750,3.6,2491,Paid Off,Condo,FL,59,629,76720
LN-102367,Elizabeth Davis,02/02/2023,02/02/2047,768000,752640,7.58,4228,Default,Townhouse,VA,74,750,69508
LN-102368,Linda Thompson,02/01/2019,02/01/2048,571000,428250,3.64,2010,90+ Days Delinquent,Commercial,TX,61,722,13920
LN-102369,Steven Rodriguez,05/02/2020,05/02/2046,591000,520080,6.56,1474,Current,Townhouse,PA,85,632,89848
LN-102370,Sarah Moore,09/18/2022,09/18/2051,761000,578360,7.3,3484,60 Days Delinquent,Condo,PA,91,713,69109
LN-102371,Christopher Gonzalez,04/26/2020,04/26/2037,785000,604450,3.8,3898,90+ Days Delinquent,Condo,PA,89,633,90192
LN-102372,Susan Sanchez,02/15/2022,02/15/2048,303000,230280,4.07,4332,60 Days Delinquent,Condo,MN,87,712,68186
LN-102373,Steven Moore,07/01/2020,07/01/2047,317000,282130,3.44,4124,Default,Townhouse,CO,89,655,94414
LN-102374,Ashley Smith,01/07/2019,01/07/2042,359000,308740,6.41,1564,Paid Off,Condo,CA,72,802,19680
LN-102375,Matthew Garcia,10/11/2019,10/11/2034,432000,332640,7.7,1930,30 Days Delinquent,Townhouse,TX,61,729,45156
LN-102376,Betty Anderson,10/27/2018,10/27/2041,387000,309600,4.57,1411,60 Days Delinquent,Multi Family,CO,68,777,27801
LN-102377,Linda Gonzalez,08/09/2022,08/09/2052,213000,202350,4.35,4322,Paid Off,Multi Family,NJ,84,820,56966
LN-102378,Nancy Perez,04/02/2023,04/02/2045,721000,569590,4.31,1901,Current,Multi Family,MA,59,735,40799
LN-102379,Charles Jones,02/21/2023,02/21/2053,704000,612480,3.43,3787,Default,Single Family,MD,55,739,92147
LN-102380,Ashley Thompson,11/13/2022,11/13/2042,692000,629720,6.69,1333,30 Days Delinquent,Condo,AZ,79,649,29516
LN-102381,Charles Jackson,10/12/2021,10/12/2046,755000,671950,5.32,1317,Paid Off,Commercial,FL,88,782,15248
LN-102382,Patricia Gonzalez,12/23/2018,12/23/2045,673000,625890,5.19,4477,Default,Single Family,SC,93,653,60218
LN-102383,Mark Taylor,08/05/2023,08/05/2043,210000,176400,5.18,2385,30 Days Delinquent,Single Family,PA,70,633,11347
LN-102384,Matthew Brown,03/23/2019,03/23/2037,702000,603720,6.15,1822,90+ Days Delinquent,Condo,MD,74,701,61254
LN-102385,Michelle White,07/22/2018,07/22/2037,322000,270480,6.29,1844,90+ Days Delinquent,Townhouse,IN,71,739,91968
LN-102386,Patricia Rodriguez,01/24/2023,01/24/2044,461000,308870,4.12,3399,Paid Off,Multi Family,GA,95,785,45070
LN-102387,Anthony Moore,12/17/2023,12/17/2047,758000,545760,5.71,4395,Current,Single Family,CA,68,642,52563
LN-102388,Daniel White,02/27/2018,02/27/2042,617000,462750,3.71,1424,90+ Days Delinquent,Commercial,KY,73,764,41204
LN-102389,Anthony Williams,09/07/2020,09/07/2035,240000,232800,4.67,3331,Paid Off,Multi Family,TX,84,760,37288
LN-102390,Joshua Rodriguez,02/22/2019,02/22/2034,469000,445550,5.64,3921,60 Days Delinquent,Multi Family,UT,78,650,81156
LN-102391,Margaret Martin,10/12/2021,10/12/2041,210000,130200,3.93,2015,60 Days Delinquent,Condo,IL,73,776,56703
LN-102392,Christopher Garcia,03/24/2018,03/24/2035,358000,264920,4.57,1960,Default,Multi Family,OK,91,698,17506
LN-102393,Margaret Harris,08/25/2023,08/25/2047,718000,452340,4.27,1287,90+ Days Delinquent,Townhouse,TN,64,647,84002
LN-102394,Betty Smith,11/09/2018,11/09/2037,258000,229620,4.3,2331,30 Days Delinquent,Townhouse,AL,78,706,81030
LN-102395,Steven Jackson,05/17/2023,05/17/2042,288000,204480,5.81,2523,Default,Single Family,PA,64,659,61483
LN-102396,John Ramirez,12/05/2019,12/05/2039,364000,280280,6.83,1788,Paid Off,Single Family,OK,84,676,79742
LN-102397,Sarah Miller,08/08/2021,08/08/2044,507000,451230,5.58,1703,Default,Commercial,TN,66,649,15682
LN-102398,Daniel Hernandez,01/25/2023,01/25/2044,705000,627450,6.38,2526,Default,Commercial,UT,56,772,50345
LN-102399,Elizabeth Harris,08/07/2018,08/07/2047,746000,678860,4.49,2979,Current,Multi Family,TX,91,643,17303
LN-102400,Karen Gonzalez,12/09/2020,12/09/2035,643000,392230,7.24,3604,90+ Days Delinquent,Townhouse,OH,56,685,92213
LN-102401,Robert Wilson,09/26/2023,09/26/2041,499000,354290,6.15,3343,30 Days Delinquent,Townhouse,GA,91,640,13094
LN-102402,Donna Rodriguez,08/04/2018,08/04/2039,677000,467130,6.92,1767,Default,Single Family,MN,64,678,58821
LN-102403,Lisa Smith,01/13/2019,01/13/2037,360000,316800,6.12,3824,60 Days Delinquent,Multi Family,UT,82,742,36742
LN-102404,Michelle White,11/10/2018,11/10/2033,287000,209510,3.35,4184,90+ Days Delinquent,Commercial,TX,82,629,10665
LN-102405,Jessica Jackson,11/21/2018,11/21/2034,671000,590480,5.74,4085,Default,Townhouse,WI,83,743,85784
LN-102406,Emily Hernandez,06/26/2020,06/26/2037,393000,243660,6.2,3851,Current,Single Family,OK,62,753,74864
LN-102407,Ashley Lewis,02/20/2020,02/20/2046,847000,719950,4.77,4384,30 Days Delinquent,Townhouse,VA,91,783,28003
LN-102408,Margaret Perez,01/07/2018,01/07/2042,334000,310620,3.58,3151,30 Days Delinquent,Condo,WI,93,750,28468
LN-102409,Thomas Martin,04/22/2022,04/22/2037,436000,374960,4.35,3595,Default,Commercial,LA,83,716,19355
LN-102410,Michael Jackson,05/18/2023,05/18/2052,804000,659280,6.46,4154,Current,Single Family,AZ,95,720,69283
LN-102411,Mark Ramirez,08/02/2021,08/02/2039,790000,616200,5.65,3389,Current,Townhouse,AZ,73,786,98191
LN-102412,Donna Miller,12/24/2019,12/24/2036,217000,136710,6.08,1742,Current,Multi Family,IN,89,806,99747
LN-102413,Daniel Lopez,03/07/2020,03/07/2041,435000,317550,3.79,2718,60 Days Delinquent,Multi Family,MO,63,715,13399
LN-102414,Sandra Martinez,09/03/2023,09/03/2052,529000,428490,5.85,2556,Current,Commercial,MN,92,659,16008
LN-102415,Robert Gonzalez,07/10/2019,07/10/2044,448000,331520,5.26,4300,Current,Townhouse,MD,87,654,34861
LN-102416,Donna Lewis,03/19/2018,03/19/2034,492000,373920,7.17,2598,30 Days Delinquent,Single Family,TN,80,775,87421
LN-102417,Thomas Anderson,05/09/2021,05/09/2050,562000,370920,5,1772,Paid Off,Condo,GA,65,645,20770
LN-102418,Linda Martinez,10/02/2023,10/02/2039,531000,398250,5.25,2212,90+ Days Delinquent,Single Family,OK,88,674,72887
LN-102419,Betty Hernandez,09/03/2018,09/03/2040,596000,411240,7.43,3979,Default,Multi Family,GA,58,713,44686
LN-102420,Sarah Martinez,11/26/2021,11/26/2037,498000,388440,4.73,3211,60 Days Delinquent,Commercial,NY,85,784,56171
LN-102421,Sarah Rodriguez,06/02/2019,06/02/2047,844000,548600,6.74,2291,Default,Single Family,OK,67,812,85116
LN-102422,Mary Lopez,03/03/2019,03/03/2048,647000,575830,3.72,1820,Paid Off,Commercial,OR,69,793,62597
LN-102423,Barbara Williams,04/27/2021,04/27/2037,318000,298920,6.35,4019,60 Days Delinquent,Townhouse,WA,85,755,86764
LN-102424,Ashley Martinez,10/23/2018,10/23/2042,716000,579960,6.75,3945,Current,Townhouse,IL,82,769,30970
LN-102425,Elizabeth Martinez,07/18/2019,07/18/2047,213000,149100,6.66,2720,Current,Commercial,MO,73,773,47076
LN-102426,Christopher Brown,06/14/2022,06/14/2052,238000,197540,7.49,2988,Default,Single Family,GA,65,770,40820
LN-102427,Matthew Perez,11/14/2020,11/14/2037,152000,147440,7.16,2528,Paid Off,Condo,LA,55,672,98579
LN-102428,Robert White,03/08/2018,03/08/2033,700000,581000,5.12,4177,30 Days Delinquent,Multi Family,SC,94,776,83283
LN-102429,Andrew Ramirez,03/19/2020,03/19/2036,544000,353600,3.89,1277,Paid Off,Single Family,AZ,78,732,60003
LN-102430,Robert Johnson,03/17/2021,03/17/2051,824000,502640,7.34,1599,Current,Commercial,NC,78,655,21869
LN-102431,Sarah Lewis,01/12/2023,01/12/2039,184000,128800,3.51,4444,90+ Days Delinquent,Commercial,MA,92,714,56909
LN-102432,Jennifer Rodriguez,02/15/2019,02/15/2045,396000,332640,4.93,4307,Paid Off,Condo,CA,79,820,24619
LN-102433,Paul Williams,02/02/2019,02/02/2040,648000,427680,5.66,1392,Default,Single Family,MI,61,753,86105
LN-102434,Donald Williams,08/24/2021,08/24/2048,801000,776970,3.46,2322,Paid Off,Townhouse,KY,79,820,24556
LN-102435,Mark Johnson,01/28/2021,01/28/2042,527000,326740,6.69,2257,Paid Off,Multi Family,TX,93,794,88058
LN-102436,Michael Gonzalez,07/08/2018,07/08/2034,428000,286760,4.59,3539,Default,Townhouse,VA,88,820,26146
LN-102437,Anthony Lewis,07/23/2020,07/23/2041,641000,596130,6.88,2942,Current,Single Family,PA,76,788,56700
LN-102438,Thomas Johnson,09/18/2021,09/18/2051,466000,307560,7.58,3755,Default,Commercial,OR,76,646,17138
LN-102439,Joseph Perez,04/14/2018,04/14/2044,280000,246400,5.69,2352,Default,Townhouse,AL,64,668,45072
LN-102440,John Harris,09/17/2018,09/17/2047,419000,372910,5.74,2184,30 Days Delinquent,Single Family,MD,69,639,86465
LN-102441,Christopher Jackson,12/07/2022,12/07/2050,276000,168360,7.32,1339,Paid Off,Condo,WI,70,746,37138
LN-102442,Matthew Robinson,01/10/2020,01/10/2048,533000,479700,4.24,3594,30 Days Delinquent,Commercial,IN,68,654,31658
LN-102443,Donna Thomas,03/15/2023,03/15/2041,448000,385280,7.62,3424,90+ Days Delinquent,Commercial,CO,85,735,19911
LN-102444,Christopher Brown,06/07/2023,06/07/2053,631000,542660,3.27,1507,60 Days Delinquent,Multi Family,NC,61,678,55708
LN-102445,William Wilson,01/25/2022,01/25/2044,687000,535860,6.13,3151,30 Days Delinquent,Condo,AL,62,773,91862
LN-102446,Linda Rodriguez,10/23/2021,10/23/2039,669000,414780,3.38,1462,90+ Days Delinquent,Townhouse,WI,67,670,37073
LN-102447,Jessica Davis,05/11/2021,05/11/2045,614000,429800,4.33,4258,60 Days Delinquent,Single Family,OK,55,706,38278
LN-102448,Mary Harris,09/06/2018,09/06/2038,720000,504000,4.56,2837,60 Days Delinquent,Condo,UT,82,792,67011
LN-102449,Emily Jackson,12/16/2019,12/16/2041,225000,195750,6.34,1920,Current,Commercial,MD,84,764,18575
LN-102450,Karen White,12/04/2021,12/04/2043,191000,120330,4.54,3969,Paid Off,Townhouse,NC,67,799,75673
LN-102451,Kimberly Thompson,06/02/2022,06/02/2048,417000,354450,6.66,4410,60 Days Delinquent,Single Family,IL,59,798,64376
LN-102452,David White,05/03/2021,05/03/2044,211000,145590,3.61,3227,Default,Commercial,LA,61,668,89154
LN-102453,Michelle Rodriguez,01/24/2023,01/24/2047,782000,586500,4.34,3235,Paid Off,Condo,PA,67,723,82941
LN-102454,Ashley Jones,04/25/2023,04/25/2042,666000,519480,6.13,3882,30 Days Delinquent,Commercial,MI,61,640,93199
LN-102455,Elizabeth Jackson,09/23/2023,09/23/2043,346000,224900,3.81,2761,60 Days Delinquent,Townhouse,LA,62,798,36141
LN-102456,Emily Lewis,06/26/2020,06/26/2037,225000,139500,7.13,1527,Paid Off,Condo,LA,64,714,55591
LN-102457,Charles Thomas,03/14/2021,03/14/2043,726000,559020,6.69,1735,Default,Commercial,WA,79,690,18564
LN-102458,Richard Johnson,07/21/2023,07/21/2049,228000,152760,5.22,1249,Paid Off,Multi Family,CA,90,737,34779
LN-102459,Barbara Williams,08/02/2018,08/02/2043,765000,466650,7.3,2302,Paid Off,Condo,CA,80,628,51364
LN-102460,William Martin,12/19/2018,12/19/2034,410000,246000,7.19,2813,90+ Days Delinquent,Condo,NJ,89,800,58168
LN-102461,Kimberly Thompson,04/25/2018,04/25/2045,824000,552080,3.56,2050,Paid Off,Commercial,CO,90,668,49256
LN-102462,Donald Martinez,12/11/2020,12/11/2037,195000,136500,7.2,3134,Current,Condo,NJ,85,724,84058
LN-102463,Michelle Miller,12/12/2018,12/12/2046,170000,120700,6.15,4375,Paid Off,Commercial,MA,68,734,59465
LN-102464,Emily Thompson,03/16/2023,03/16/2043,629000,471750,6.36,4074,60 Days Delinquent,Single Family,TX,70,767,91648
LN-102465,Karen Lee,10/23/2021,10/23/2051,729000,510300,5.4,1313,Default,Commercial,LA,76,721,49851
LN-102466,David Harris,03/07/2019,03/07/2034,623000,566930,4.62,1351,90+ Days Delinquent,Condo,NC,80,718,66940
LN-102467,Nancy Martin,01/26/2023,01/26/2043,790000,537200,5.88,2072,Paid Off,Single Family,WA,60,656,18803
LN-102468,Anthony Hernandez,03/25/2018,03/25/2034,395000,300200,7.66,4357,Paid Off,Multi Family,SC,91,623,23409
LN-102469,Karen Martin,12/08/2019,12/08/2048,817000,539220,5.63,2137,30 Days Delinquent,Commercial,TX,89,782,54842
LN-102470,Sarah Moore,10/26/2018,10/26/2034,717000,652470,4.25,4144,Current,Multi Family,OK,81,719,17512
LN-102471,Joseph Jackson,02/17/2020,02/17/2045,271000,243900,4.45,2599,Current,Townhouse,OH,76,780,28752
LN-102472,Michelle Miller,02/26/2018,02/26/2035,583000,553850,7.4,4210,Paid Off,Condo,IL,56,666,59089
LN-102473,James Davis,02/26/2019,02/26/2037,411000,378120,4.85,1709,Default,Multi Family,PA,85,774,36622
LN-102474,Donna White,05/14/2018,05/14/2040,174000,127020,3.59,3193,30 Days Delinquent,Multi Family,GA,81,644,51950
LN-102475,Daniel Sanchez,11/03/2019,11/03/2042,544000,342720,6.51,2261,Default,Multi Family,SC,57,792,97013
LN-102476,Sarah Anderson,09/15/2019,09/15/2043,802000,481200,4.74,2065,Current,Condo,CA,74,792,77922
LN-102477,Robert Anderson,03/15/2019,03/15/2038,220000,209000,7.33,3962,Default,Commercial,OH,91,780,22607
LN-102478,Thomas Robinson,02/12/2019,02/12/2041,254000,165100,3.29,3749,Current,Condo,OH,83,727,76607
LN-102479,Anthony Lee,03/17/2023,03/17/2043,192000,155520,5.31,2475,30 Days Delinquent,Commercial,CT,78,709,31520
LN-102480,Andrew Martinez,04/16/2018,04/16/2034,754000,520260,4.06,2625,30 Days Delinquent,Multi Family,OR,55,766,13970
LN-102481,Donna Hernandez,06/21/2018,06/21/2036,634000,538900,7.57,1847,Current,Condo,FL,72,705,93390
LN-102482,Thomas Lewis,12/02/2020,12/02/2049,333000,273060,6.38,3961,Paid Off,Multi Family,NY,61,791,31998
LN-102483,Mark Hernandez,03/03/2019,03/03/2042,694000,478860,4.68,3995,Current,Commercial,NY,82,671,53315
LN-102484,Susan Martinez,10/12/2021,10/12/2039,553000,425810,3.61,3836,90+ Days Delinquent,Multi Family,MO,85,701,50169
LN-102485,Emily Garcia,06/07/2021,06/07/2049,828000,728640,4.77,2585,Default,Commercial,MN,83,730,31230
LN-102486,Sarah Hernandez,05/21/2022,05/21/2043,523000,512540,7.38,3227,30 Days Delinquent,Single Family,AZ,78,730,15994
LN-102487,Mary Harris,06/11/2020,06/11/2036,801000,544680,4.86,3747,Current,Condo,UT,80,733,54498
LN-102488,Ashley Smith,08/17/2021,08/17/2047,621000,496800,4.62,3262,60 Days Delinquent,Townhouse,MO,64,697,21171
LN-102489,Matthew Jones,09/16/2022,09/16/2040,705000,535800,6.03,2497,Paid Off,Commercial,NY,76,784,36590
LN-102490,Barbara Thomas,02/12/2021,02/12/2040,597000,453720,5.71,4184,Paid Off,Condo,LA,90,647,99177
LN-102491,Richard Johnson,02/14/2019,02/14/2044,168000,144480,3.81,1653,90+ Days Delinquent,Multi Family,FL,91,800,47617
LN-102492,Emily Jones,02/03/2023,02/03/2045,362000,347520,7.08,2594,30 Days Delinquent,Single Family,AL,90,797,93048
LN-102493,Matthew Rodriguez,03/11/2018,03/11/2041,464000,436160,5.88,2977,30 Days Delinquent,Multi Family,AL,57,815,35954
LN-102494,Robert Lopez,04/12/2019,04/12/2049,813000,658530,7.7,3765,30 Days Delinquent,Multi Family,MO,93,720,58154
LN-102495,Anthony Robinson,05/05/2023,05/05/2039,443000,314530,6.25,3386,90+ Days Delinquent,Condo,IL,85,688,95142
LN-102496,Barbara Jones,02/08/2023,02/08/2040,672000,557760,5.67,3219,30 Days Delinquent,Commercial,PA,55,690,86210
LN-102497,Sandra Garcia,03/16/2019,03/16/2043,462000,318780,3.93,3727,90+ Days Delinquent,Multi Family,MO,83,712,30300
LN-102498,Michael Smith,08/02/2021,08/02/2044,316000,300200,5.38,1868,30 Days Delinquent,Multi Family,TN,85,738,55412
LN-102499,Kimberly Thompson,06/14/2022,06/14/2043,186000,165540,4.25,3367,Current,Townhouse,NC,86,747,49468
LN-102500,Linda Davis,09/26/2018,09/26/2040,688000,543520,6.26,3432,30 Days Delinquent,Single Family,AZ,61,805,53111
LN-102501,Sandra Anderson,02/05/2018,02/05/2046,222000,186480,6.79,3350,Paid Off,Condo,UT,73,719,92201
LN-102502,Robert Rodriguez,07/11/2020,07/11/2045,196000,184240,3.64,3488,30 Days Delinquent,Commercial,MA,81,692,11143
LN-102503,Daniel Wilson,08/09/2022,08/09/2046,512000,404480,3.92,3744,Default,Townhouse,CA,91,791,81274
LN-102504,Anthony Jones,08/10/2019,08/10/2049,243000,201690,3.26,1726,Paid Off,Condo,SC,69,632,78192
LN-102505,William Jones,08/28/2022,08/28/2037,769000,561370,6.56,3065,30 Days Delinquent,Commercial,VA,72,630,42422
LN-102506,Jennifer Martinez,08/21/2022,08/21/2040,638000,478500,3.78,3746,90+ Days Delinquent,Single Family,SC,75,807,40696
LN-102507,Michelle Brown,03/24/2023,03/24/2040,681000,592470,6.53,2484,60 Days Delinquent,Commercial,MN,56,760,68301
LN-102508,Daniel Martin,09/25/2020,09/25/2035,455000,391300,6.41,1391,Default,Condo,NY,91,698,21691
LN-102509,Donna Moore,11/19/2023,11/19/2047,556000,528200,3.7,4037,Current,Multi Family,MI,87,671,83516
LN-102510,Linda Davis,04/08/2021,04/08/2038,397000,301720,6.14,1825,Default,Multi Family,LA,76,710,61550
LN-102511,Karen Miller,10/17/2020,10/17/2036,620000,558000,6.3,3183,Default,Single Family,VA,87,818,81200
LN-102512,Donna Perez,06/08/2021,06/08/2049,784000,548800,5.9,1881,30 Days Delinquent,Condo,IL,58,668,85948
LN-102513,Elizabeth Johnson,10/09/2018,10/09/2042,283000,277340,4.22,4042,60 Days Delinquent,Multi Family,AL,71,682,87630
LN-102514,Susan Thomas,06/24/2019,06/24/2039,850000,714000,4,1948,Current,Townhouse,IL,67,803,77933
LN-102515,Emily Taylor,06/27/2019,06/27/2037,846000,626040,4.66,1252,Current,Condo,UT,67,768,35971
LN-102516,Linda Martin,04/08/2023,04/08/2053,536000,444880,7.71,2853,Current,Commercial,OH,68,666,27006
LN-102517,Mary Hernandez,06/05/2021,06/05/2048,675000,546750,5.79,2064,60 Days Delinquent,Condo,MD,92,777,75417
LN-102518,Jennifer Gonzalez,07/21/2018,07/21/2046,323000,255170,7.13,3471,90+ Days Delinquent,Townhouse,VA,71,807,80596
LN-102519,Margaret Jackson,01/14/2019,01/14/2034,521000,505370,4.77,3307,Current,Condo,TX,84,648,14822
LN-102520,Jessica Davis,12/05/2018,12/05/2035,502000,351400,6.66,1438,90+ Days Delinquent,Multi Family,KY,78,650,30462
LN-102521,Christopher Anderson,04/08/2023,04/08/2053,715000,536250,3.8,2307,Paid Off,Multi Family,IL,57,663,74525
LN-102522,Joshua Lewis,10/25/2023,10/25/2052,261000,172260,5.38,1255,90+ Days Delinquent,Townhouse,PA,93,789,69681
LN-102523,Margaret Jackson,10/07/2021,10/07/2051,656000,485440,4.85,3039,Paid Off,Condo,SC,64,641,69029
LN-102524,David Perez,08/28/2019,08/28/2039,667000,633650,6.21,1633,Current,Condo,WA,60,665,91611
LN-102525,William Clark,07/05/2019,07/05/2041,719000,582390,5.25,1552,Current,Condo,CT,77,637,47982
LN-102526,Paul Taylor,09/22/2018,09/22/2038,427000,367220,5.29,1477,Default,Condo,OR,78,659,65604
LN-102527,Michael Rodriguez,02/25/2019,02/25/2039,227000,208840,5.35,1238,Default,Commercial,IL,79,725,57082
LN-102528,Michelle Anderson,01/14/2018,01/14/2039,284000,184600,6.31,3505,Current,Commercial,CA,79,653,77129
LN-102529,John Sanchez,05/09/2020,05/09/2050,823000,765390,5.57,1923,Paid Off,Single Family,GA,57,628,72033
LN-102530,Christopher Ramirez,03/02/2021,03/02/2049,405000,287550,5.62,2970,30 Days Delinquent,Townhouse,AL,62,748,66128
LN-102531,Sarah Lewis,07/05/2021,07/05/2050,201000,188940,4.48,3920,60 Days Delinquent,Townhouse,IL,92,788,39425
LN-102532,Mary Perez,07/24/2020,07/24/2037,523000,491620,6.06,3614,30 Days Delinquent,Condo,CA,86,794,66954
LN-102533,Susan Anderson,02/04/2020,02/04/2036,278000,172360,3.4,3848,Paid Off,Multi Family,SC,93,750,69546
LN-102534,Margaret Jackson,02/16/2021,02/16/2049,683000,594210,7.39,4230,30 Days Delinquent,Condo,UT,83,621,40243
LN-102535,Elizabeth Martinez,04/25/2022,04/25/2038,279000,256680,7.38,3813,Paid Off,Townhouse,CA,58,691,28000
LN-102536,Kimberly Jackson,07/22/2023,07/22/2051,326000,237980,6.71,1682,30 Days Delinquent,Townhouse,OH,69,705,72454
LN-102537,Margaret Lewis,09/03/2023,09/03/2042,268000,262640,4.58,3819,Paid Off,Condo,TN,91,773,14642
LN-102538,Betty Jackson,03/26/2021,03/26/2037,734000,667940,5.05,1339,60 Days Delinquent,Commercial,NJ,58,692,16052
LN-102539,Richard Davis,12/01/2021,12/01/2040,265000,214650,7.74,2384,30 Days Delinquent,Townhouse,MN,81,728,39802
LN-102540,Andrew Johnson,11/21/2019,11/21/2034,511000,362810,6.24,4295,60 Days Delinquent,Multi Family,SC,86,679,68213
LN-102541,Karen Thompson,04/09/2023,04/09/2046,200000,138000,5.81,3097,Paid Off,Townhouse,AL,93,800,90813
LN-102542,Emily Davis,04/01/2018,04/01/2044,478000,439760,7.49,3200,Paid Off,Townhouse,TX,73,786,30487
LN-102543,William Martinez,03/22/2020,03/22/2039,615000,504300,7,4088,90+ Days Delinquent,Single Family,LA,58,752,58659
LN-102544,Margaret Perez,02/18/2019,02/18/2035,712000,676400,5.28,2159,60 Days Delinquent,Townhouse,KY,86,630,53549
LN-102545,Michael Davis,11/25/2020,11/25/2041,646000,503880,6.3,4032,Paid Off,Townhouse,MN,87,648,77243
LN-102546,Karen Davis,08/22/2020,08/22/2049,581000,406700,3.74,3132,90+ Days Delinquent,Condo,VA,71,745,67279
LN-102547,Matthew Garcia,09/10/2023,09/10/2053,332000,225760,3.39,2328,30 Days Delinquent,Multi Family,UT,64,653,59558
LN-102548,Donna Hernandez,04/28/2019,04/28/2040,799000,743070,3.88,2151,Paid Off,Commercial,PA,84,719,77721
LN-102549,Daniel Lee,03/18/2021,03/18/2037,322000,309120,5.07,2008,90+ Days Delinquent,Townhouse,MI,66,631,17859
LN-102550,Lisa Ramirez,09/13/2019,09/13/2035,835000,542750,5.34,4312,Current,Condo,WI,63,732,16765
LN-102551,Lisa Taylor,05/27/2020,05/27/2041,802000,777940,7.19,2122,90+ Days Delinquent,Single Family,OR,65,767,21724
LN-102552,Joseph Thomas,03/12/2023,03/12/2041,654000,497040,5.02,3294,Current,Condo,CA,88,736,92280
LN-102553,Anthony White,05/05/2021,05/05/2043,579000,364770,7.12,3002,Current,Multi Family,NY,85,731,51814
LN-102554,Daniel Davis,08/10/2018,08/10/2044,713000,648830,4.63,1553,30 Days Delinquent,Condo,OH,81,648,48766
LN-102555,Elizabeth Davis,12/16/2018,12/16/2039,647000,549950,6.72,4405,90+ Days Delinquent,Single Family,AL,69,773,22101
LN-102556,Ashley Jackson,11/26/2023,11/26/2048,542000,525740,5.56,3085,30 Days Delinquent,Condo,SC,74,704,77260
LN-102557,Donna Martinez,09/09/2020,09/09/2043,804000,554760,4.93,2285,Default,Townhouse,OR,75,667,81350
LN-102558,Mark Jones,10/16/2020,10/16/2042,554000,415500,7.16,2278,60 Days Delinquent,Commercial,CA,70,699,72765
LN-102559,Anthony White,10/16/2022,10/16/2047,613000,570090,5.52,3367,Default,Condo,KY,89,628,23647
LN-102560,Donna Johnson,10/02/2018,10/02/2045,433000,303100,6.11,2480,60 Days Delinquent,Condo,FL,58,687,62267
LN-102561,Matthew Jones,02/06/2019,02/06/2040,828000,654120,7.07,3740,Current,Single Family,NC,65,719,40248
LN-102562,Michelle Clark,11/18/2021,11/18/2051,776000,636320,6.88,4106,90+ Days Delinquent,Commercial,GA,84,620,85906
LN-102563,Karen Davis,08/03/2020,08/03/2038,810000,502200,4.76,2208,Paid Off,Condo,TX,94,816,13691
LN-102564,Michelle Lee,11/22/2021,11/22/2049,432000,263520,7.01,3683,Paid Off,Condo,PA,68,700,39437
LN-102565,Michael Hernandez,10/03/2019,10/03/2043,477000,438840,7.65,2522,Paid Off,Multi Family,CO,94,731,72499
LN-102566,Daniel Lopez,09/22/2020,09/22/2044,520000,348400,4.82,2563,60 Days Delinquent,Townhouse,IL,67,789,90475
LN-102567,Jessica Brown,02/04/2020,02/04/2037,456000,433200,6.92,3393,Current,Multi Family,MO,70,661,34513
LN-102568,Joshua Harris,01/16/2020,01/16/2042,199000,149250,5.79,3167,Default,Single Family,MD,82,677,24333
LN-102569,Sarah Hernandez,12/08/2023,12/08/2040,154000,147840,4.99,3933,90+ Days Delinquent,Single Family,VA,72,704,54489
LN-102570,Joshua Ramirez,03/24/2022,03/24/2043,843000,539520,5.31,4345,30 Days Delinquent,Condo,OR,71,641,42822
LN-102571,Charles Miller,03/25/2021,03/25/2042,448000,398720,5.95,3765,Default,Multi Family,LA,61,786,52627
LN-102572,Robert Sanchez,07/01/2021,07/01/2046,493000,409190,6.04,4492,30 Days Delinquent,Condo,OR,61,702,39394
LN-102573,James Garcia,04/23/2021,04/23/2051,832000,707200,6.78,4442,60 Days Delinquent,Multi Family,GA,84,817,85504
LN-102574,Andrew Harris,03/15/2023,03/15/2049,292000,245280,6.98,2266,60 Days Delinquent,Single Family,NJ,70,700,84231
LN-102575,Betty Lee,03/03/2019,03/03/2046,564000,507600,6.85,4084,30 Days Delinquent,Single Family,AZ,83,675,10900
LN-102576,Anthony Lee,02/20/2018,02/20/2036,714000,606900,6.59,1563,60 Days Delinquent,Single Family,WI,70,639,38368
LN-102577,Sarah Hernandez,10/10/2019,10/10/2037,450000,283500,6.07,3239,30 Days Delinquent,Townhouse,NY,59,818,64563
LN-102578,Charles Sanchez,05/16/2018,05/16/2044,154000,95480,4.23,1900,Current,Condo,UT,75,797,39775
LN-102579,Anthony Martinez,05/09/2023,05/09/2051,655000,406100,6.08,4373,Default,Commercial,OK,60,692,72314
LN-102580,Betty Garcia,11/14/2022,11/14/2042,590000,578200,6.72,3409,Paid Off,Single Family,OH,60,736,79960
LN-102581,Kimberly Gonzalez,05/11/2018,05/11/2046,662000,549460,7.28,2335,60 Days Delinquent,Multi Family,KY,71,806,36329
LN-102582,Ashley Martinez,08/23/2019,08/23/2047,714000,692580,5.23,3272,Paid Off,Condo,MA,64,780,92580
LN-102583,James Lopez,05/07/2021,05/07/2043,692000,615880,3.39,1933,60 Days Delinquent,Single Family,NJ,55,661,59196
LN-102584,Susan Lopez,04/24/2018,04/24/2048,654000,464340,4.38,3622,30 Days Delinquent,Commercial,CO,88,724,49628
LN-102585,Nancy Jackson,12/03/2018,12/03/2037,216000,157680,7.12,2171,30 Days Delinquent,Commercial,NC,73,777,55775
LN-102586,Sarah Hernandez,04/17/2019,04/17/2042,844000,717400,4.63,1217,90+ Days Delinquent,Single Family,AZ,67,621,43904
LN-102587,Kimberly Rodriguez,08/28/2023,08/28/2052,402000,309540,6.57,2198,60 Days Delinquent,Commercial,WA,80,741,10177
LN-102588,Charles Brown,03/24/2021,03/24/2038,348000,219240,4.61,1491,90+ Days Delinquent,Commercial,MO,76,814,94134
LN-102589,Michelle Williams,01/17/2021,01/17/2050,571000,542450,6.82,1288,60 Days Delinquent,Townhouse,CO,85,634,95764
LN-102590,Emily Thompson,11/01/2018,11/01/2042,380000,258400,3.84,4222,Current,Single Family,GA,91,685,94333
LN-102591,Mary Lewis,04/04/2021,04/04/2041,302000,184220,5.78,4172,Default,Townhouse,CT,61,782,85043
LN-102592,Karen Moore,03/18/2019,03/18/2037,815000,611250,3.92,3645,Paid Off,Townhouse,TX,88,771,68842
LN-102593,Andrew Davis,10/01/2021,10/01/2042,711000,611460,7.46,4107,30 Days Delinquent,Multi Family,MA,74,701,66442
LN-102594,Jennifer Robinson,11/16/2019,11/16/2042,813000,626010,6.93,2206,Paid Off,Single Family,FL,61,694,58744
LN-102595,Richard Harris,09/01/2021,09/01/2046,603000,578880,5.93,3816,Default,Single Family,TN,89,794,32615
LN-102596,Donald Jackson,01/14/2023,01/14/2052,213000,146970,6.66,3788,Default,Single Family,CT,85,808,24901
LN-102597,Sarah White,12/19/2021,12/19/2048,663000,430950,7.54,1496,30 Days Delinquent,Single Family,GA,75,637,85406
LN-102598,Thomas Jackson,05/03/2021,05/03/2049,844000,557040,6.32,3546,Current,Multi Family,MO,94,744,13677
LN-102599,David Harris,07/27/2018,07/27/2034,210000,178500,6.66,1699,Current,Condo,PA,77,773,46300
LN-102600,Mark Moore,06/02/2020,06/02/2043,554000,409960,4.85,1607,Current,Commercial,CA,71,784,37311
LN-102601,Christopher Anderson,10/04/2018,10/04/2034,760000,592800,7.16,4000,Default,Single Family,GA,87,702,84316
LN-102602,Lisa Robinson,01/02/2022,01/02/2044,798000,494760,3.56,4492,Paid Off,Single Family,TN,70,693,78378
LN-102603,Barbara Lee,03/25/2019,03/25/2048,582000,500520,6.77,4020,Paid Off,Commercial,LA,88,802,21683
LN-102604,Margaret Anderson,02/25/2020,02/25/2046,439000,276570,6.72,1374,Default,Commercial,KY,83,717,96864
LN-102605,Mark Thomas,11/16/2020,11/16/2049,600000,576000,6.24,2025,30 Days Delinquent,Commercial,CA,63,791,56241
LN-102606,Margaret Lopez,10/07/2019,10/07/2044,600000,408000,7.58,3727,Default,Condo,MD,62,699,31468
LN-102607,Daniel Wilson,10/06/2020,10/06/2038,431000,280150,7.32,2820,Current,Condo,MD,67,780,68593
LN-102608,Joshua Harris,12/09/2019,12/09/2049,180000,144000,6.33,1990,90+ Days Delinquent,Townhouse,IN,64,712,17182
LN-102609,Matthew Robinson,02/11/2021,02/11/2036,421000,395740,4.55,4188,Current,Commercial,CT,83,684,41021
LN-102610,Margaret Brown,04/12/2020,04/12/2045,597000,519390,6.79,2172,60 Days Delinquent,Commercial,CT,63,697,59504
LN-102611,Sarah Brown,10/13/2018,10/13/2047,245000,151900,6.59,3586,60 Days Delinquent,Condo,UT,68,711,37262
LN-102612,Susan Jones,02/08/2019,02/08/2047,220000,213400,3.75,4410,60 Days Delinquent,Single Family,WI,59,692,89131
LN-102613,Jennifer Lopez,12/14/2023,12/14/2053,603000,397980,3.98,1263,90+ Days Delinquent,Townhouse,AZ,74,812,98295
LN-102614,Kimberly Rodriguez,04/04/2023,04/04/2052,520000,462800,5.29,1377,90+ Days Delinquent,Single Family,AL,65,686,83944
LN-102615,Nancy Harris,08/13/2023,08/13/2040,278000,230740,5.77,2874,Paid Off,Condo,WI,87,691,57820
LN-102616,David Gonzalez,03/14/2022,03/14/2042,157000,113040,6.49,1337,Default,Condo,OK,88,684,54318
LN-102617,Richard Ramirez,10/10/2023,10/10/2044,627000,601920,7.59,2362,Paid Off,Townhouse,MD,90,653,52242
LN-102618,Christopher Thompson,08/11/2023,08/11/2046,565000,531100,5.86,3917,90+ Days Delinquent,Townhouse,AZ,80,807,39735
LN-102619,Michelle Sanchez,07/07/2022,07/07/2047,159000,124020,6.66,2020,60 Days Delinquent,Townhouse,NC,82,795,89964
LN-102620,Elizabeth Brown,12/26/2023,12/26/2039,272000,187680,5.74,3118,60 Days Delinquent,Townhouse,NJ,76,695,25910
LN-102621,Robert Sanchez,02/16/2020,02/16/2050,638000,593340,5.89,1644,30 Days Delinquent,Condo,OR,64,753,68241
LN-102622,David Williams,12/16/2020,12/16/2048,838000,729060,3.59,1806,60 Days Delinquent,Multi Family,NC,89,703,21682
LN-102623,Lisa Harris,06/04/2020,06/04/2047,738000,509220,6.96,2721,90+ Days Delinquent,Multi Family,CA,95,789,58384
LN-102624,Emily Hernandez,02/03/2023,02/03/2045,478000,468440,6.42,1228,30 Days Delinquent,Townhouse,MD,57,738,81337
LN-102625,Christopher Taylor,06/16/2020,06/16/2050,193000,167910,5.24,2997,Current,Multi Family,OH,82,739,94346
LN-102626,Sandra Ramirez,05/14/2018,05/14/2035,744000,461280,3.77,1595,Default,Single Family,PA,85,739,16709
LN-102627,Donna Miller,01/22/2022,01/22/2043,793000,729560,3.72,2526,60 Days Delinquent,Single Family,SC,89,634,73752
LN-102628,Michelle Harris,02/27/2023,02/27/2049,762000,518160,6.16,3938,90+ Days Delinquent,Commercial,UT,60,753,93295
LN-102629,Ashley Thompson,02/06/2022,02/06/2049,702000,442260,3.37,1277,Default,Multi Family,CO,87,631,70874
LN-102630,Joshua Wilson,04/24/2022,04/24/2049,192000,124800,6.39,2251,60 Days Delinquent,Single Family,MN,64,750,18342
LN-102631,John Thompson,05/13/2023,05/13/2042,178000,165540,3.73,3022,Default,Townhouse,NC,92,635,23315
LN-102632,Matthew Ramirez,07/01/2023,07/01/2049,385000,373450,6.38,4269,Paid Off,Commercial,GA,62,700,79259
LN-102633,Thomas Davis,02/21/2018,02/21/2046,271000,181570,4.25,2810,60 Days Delinquent,Condo,CO,86,712,27239
LN-102634,Donald Williams,03/21/2019,03/21/2046,184000,126960,3.86,3591,30 Days Delinquent,Condo,GA,56,623,28722
LN-102635,Elizabeth Taylor,03/21/2021,03/21/2045,757000,719150,6.53,1561,Default,Townhouse,SC,93,806,89290
LN-102636,William Jackson,12/11/2018,12/11/2045,491000,432080,6.29,3173,90+ Days Delinquent,Townhouse,PA,82,639,92118
LN-102637,Michael Smith,09/23/2019,09/23/2041,302000,283880,5.84,3638,60 Days Delinquent,Multi Family,GA,58,760,85570
LN-102638,Anthony Smith,06/03/2022,06/03/2048,317000,288470,6.77,1728,90+ Days Delinquent,Commercial,NJ,95,625,28662
LN-102639,Steven Miller,05/09/2023,05/09/2048,402000,369840,7.13,3363,60 Days Delinquent,Multi Family,OH,93,718,66172
LN-102640,Karen Smith,04/06/2021,04/06/2050,255000,191250,6.7,3511,Default,Condo,LA,89,818,22843
LN-102641,Ashley Lee,10/11/2018,10/11/2034,542000,466120,3.67,4490,90+ Days Delinquent,Commercial,VA,60,810,97489
LN-102642,James Moore,07/08/2018,07/08/2038,375000,360000,4.97,4392,Current,Multi Family,WI,78,771,78862
LN-102643,David Brown,06/20/2021,06/20/2048,690000,427800,3.49,4341,90+ Days Delinquent,Multi Family,MN,78,670,25665
LN-102644,Daniel Williams,11/10/2018,11/10/2041,271000,181570,3.58,2231,30 Days Delinquent,Commercial,AZ,55,694,54902
LN-102645,Donna Martin,11/02/2022,11/02/2037,704000,485760,4.81,3275,90+ Days Delinquent,Townhouse,WI,63,812,45432
LN-102646,Paul Lewis,09/16/2022,09/16/2049,226000,203400,4.17,2529,90+ Days Delinquent,Single Family,CA,81,753,18338
LN-102647,Robert Lopez,02/19/2021,02/19/2050,246000,191880,3.76,2696,30 Days Delinquent,Multi Family,TN,68,764,16211
LN-102648,Betty White,04/02/2019,04/02/2037,294000,176400,5.14,2164,60 Days Delinquent,Townhouse,IN,56,653,73513
LN-102649,Charles Lee,04/01/2020,04/01/2035,660000,613800,4.67,1735,Default,Single Family,MO,62,722,44773
LN-102650,Robert Johnson,08/11/2020,08/11/2049,734000,499120,4.96,3359,Default,Townhouse,KY,82,726,61821
LN-102651,Elizabeth Wilson,10/05/2020,10/05/2037,844000,692080,5.09,3289,60 Days Delinquent,Condo,AZ,79,681,79767
LN-102652,Margaret Ramirez,10/28/2019,10/28/2039,294000,182280,3.41,1600,Paid Off,Condo,SC,72,713,66944
LN-102653,Steven Sanchez,09/23/2020,09/23/2041,549000,505080,7.43,3100,Current,Townhouse,AL,55,711,81163
LN-102654,Lisa Lee,07/28/2018,07/28/2047,483000,328440,3.57,1813,60 Days Delinquent,Condo,MD,70,739,73779
LN-102655,Jennifer Lewis,08/18/2019,08/18/2044,281000,244470,6.6,3219,30 Days Delinquent,Townhouse,WA,90,764,60731
LN-102656,Margaret Martinez,03/10/2021,03/10/2050,471000,395640,6.1,3276,90+ Days Delinquent,Single Family,NC,71,651,20404
LN-102657,Jennifer Lee,09/18/2019,09/18/2039,361000,274360,6.49,3593,Default,Townhouse,KY,68,733,93831
LN-102658,Donald Smith,08/03/2020,08/03/2038,488000,326960,3.4,2869,Paid Off,Condo,UT,85,814,23463
LN-102659,John Garcia,01/04/2021,01/04/2048,279000,265050,7.15,1538,Paid Off,Single Family,WI,77,790,95061
LN-102660,Patricia White,03/25/2018,03/25/2040,271000,233060,5.47,4099,90+ Days Delinquent,Commercial,TX,83,684,67723
LN-102661,Donald Martin,09/25/2022,09/25/2045,734000,447740,3.37,1387,Default,Multi Family,GA,61,631,33497
LN-102662,Emily Martin,11/23/2023,11/23/2045,473000,397320,7.5,3775,Default,Condo,CA,69,765,39759
LN-102663,Elizabeth Thomas,10/20/2019,10/20/2041,187000,173910,4.41,3233,Current,Multi Family,OK,92,737,89760
LN-102664,Mary Jackson,11/20/2019,11/20/2044,222000,142080,4.77,3493,60 Days Delinquent,Townhouse,PA,55,674,96897
LN-102665,Andrew Clark,01/05/2020,01/05/2043,512000,445440,4.43,3141,Default,Commercial,LA,60,627,24792
LN-102666,Donald Johnson,04/25/2020,04/25/2041,503000,372220,6.14,2591,90+ Days Delinquent,Condo,CA,86,784,70018
LN-102667,Barbara Garcia,08/26/2020,08/26/2036,710000,603500,7.45,2324,90+ Days Delinquent,Townhouse,IN,76,813,30363
LN-102668,Joshua Hernandez,12/28/2021,12/28/2045,714000,428400,3.85,3448,Default,Townhouse,TN,65,816,63553
LN-102669,Donna Lewis,03/15/2023,03/15/2048,685000,506900,7.44,2437,30 Days Delinquent,Single Family,NJ,93,697,45124
LN-102670,Sandra Clark,06/05/2018,06/05/2036,465000,385950,7.33,3133,30 Days Delinquent,Condo,SC,69,740,23501
LN-102671,Charles Gonzalez,01/05/2019,01/05/2039,510000,479400,5.6,1387,Paid Off,Single Family,PA,89,754,38328
LN-102672,Patricia Taylor,09/11/2020,09/11/2039,683000,607870,7.51,3383,90+ Days Delinquent,Townhouse,AL,86,717,74459
LN-102673,Sandra Smith,06/12/2020,06/12/2040,613000,441360,4.99,3140,30 Days Delinquent,Single Family,GA,56,666,19779
LN-102674,Michelle Sanchez,11/21/2018,11/21/2040,260000,161200,7.37,4489,30 Days Delinquent,Townhouse,WA,80,801,98546
LN-102675,Anthony Williams,01/05/2018,01/05/2043,284000,232880,3.38,3633,Paid Off,Townhouse,TN,71,629,17643
LN-102676,Linda Perez,09/16/2020,09/16/2036,457000,356460,3.46,3397,Paid Off,Multi Family,VA,61,691,37956
LN-102677,Thomas Ramirez,09/10/2022,09/10/2050,401000,376940,6.37,2707,60 Days Delinquent,Commercial,TX,73,794,81653
LN-102678,Matthew Sanchez,12/19/2020,12/19/2047,469000,450240,7.06,3625,Default,Multi Family,WI,95,788,10130
LN-102679,Margaret Harris,02/21/2018,02/21/2045,501000,460920,4.17,2822,90+ Days Delinquent,Commercial,IL,86,656,36801
LN-102680,Steven Jones,11/06/2018,11/06/2033,768000,568320,6.68,4363,Current,Condo,LA,57,819,24813
LN-102681,Ashley Martin,01/11/2020,01/11/2046,390000,288600,6.73,2007,90+ Days Delinquent,Condo,AZ,87,716,62595
LN-102682,Margaret Wilson,04/02/2018,04/02/2043,817000,588240,4.79,2254,60 Days Delinquent,Condo,WA,56,669,28607
LN-102683,Joseph Ramirez,04/09/2019,04/09/2049,452000,406800,3.42,2865,60 Days Delinquent,Commercial,PA,79,781,20189
LN-102684,Nancy Lopez,12/18/2020,12/18/2046,294000,208740,4.56,4040,60 Days Delinquent,Multi Family,UT,90,734,47124
LN-102685,Margaret Sanchez,08/17/2022,08/17/2052,534000,485940,5.05,3057,30 Days Delinquent,Multi Family,CO,93,755,69604
LN-102686,Patricia Williams,07/07/2018,07/07/2043,680000,652800,5.39,3577,Paid Off,Condo,TN,79,813,14314
LN-102687,Daniel Lee,12/10/2019,12/10/2043,519000,456720,5.19,2771,90+ Days Delinquent,Condo,OK,86,636,52699
LN-102688,David Taylor,09/17/2022,09/17/2051,198000,138600,4.17,1208,30 Days Delinquent,Multi Family,PA,92,784,47037
LN-102689,Charles Williams,11/20/2020,11/20/2036,247000,212420,5.33,4451,60 Days Delinquent,Commercial,CA,94,688,21076
LN-102690,Anthony Garcia,08/03/2019,08/03/2047,649000,623040,4.88,2826,90+ Days Delinquent,Commercial,MI,71,653,59347
LN-102691,Kimberly Miller,08/28/2019,08/28/2044,522000,417600,7.13,4449,Current,Condo,KY,89,753,82809
LN-102692,Betty Perez,07/09/2020,07/09/2036,683000,594210,6.47,1412,90+ Days Delinquent,Multi Family,MO,70,801,36050
LN-102693,David Gonzalez,10/04/2020,10/04/2044,427000,294630,4.71,4284,90+ Days Delinquent,Multi Family,MA,79,698,93736
LN-102694,Richard Moore,01/16/2021,01/16/2040,302000,250660,4.85,2539,Paid Off,Multi Family,MO,61,749,44073
LN-102695,Sarah Garcia,07/19/2019,07/19/2034,234000,152100,5.99,2917,30 Days Delinquent,Multi Family,MI,82,752,46214
LN-102696,Emily Jackson,08/13/2019,08/13/2035,646000,600780,5.31,3306,60 Days Delinquent,Multi Family,OH,78,724,56881
LN-102697,Robert Davis,07/20/2020,07/20/2047,494000,469300,4.54,2495,Paid Off,Townhouse,NJ,68,775,73774
LN-102698,Jessica Thompson,11/09/2020,11/09/2037,410000,373100,3.27,3883,90+ Days Delinquent,Condo,WA,57,790,64707
LN-102699,Mark Hernandez,06/13/2023,06/13/2047,237000,196710,6.63,3215,Current,Commercial,WA,70,624,37515
LN-102700,Ashley Taylor,06/15/2023,06/15/2042,847000,677600,6.65,1825,Current,Single Family,MN,63,705,34855
LN-102701,Sandra Thomas,02/04/2022,02/04/2037,725000,645250,3.78,4404,Current,Commercial,NJ,60,763,76086
LN-102702,Sandra Johnson,01/05/2021,01/05/2047,809000,598660,5.88,3505,30 Days Delinquent,Commercial,MD,84,748,35222
LN-102703,Susan Martinez,04/18/2019,04/18/2034,441000,299880,5.25,2454,30 Days Delinquent,Condo,WA,60,679,99838
LN-102704,Emily Ramirez,09/26/2019,09/26/2043,686000,541940,7.11,4302,Default,Multi Family,PA,91,717,59899
LN-102705,Sarah Moore,11/19/2021,11/19/2049,681000,633330,3.36,2707,Default,Commercial,MO,57,755,18649
LN-102706,Michael Williams,05/18/2022,05/18/2049,675000,506250,3.91,4402,Default,Condo,OH,78,801,96044
LN-102707,Richard Garcia,01/17/2018,01/17/2042,630000,415800,5.11,4410,60 Days Delinquent,Condo,FL,79,664,90884
LN-102708,Karen Smith,12/01/2021,12/01/2037,834000,800640,5.71,1421,90+ Days Delinquent,Multi Family,OR,63,796,25296
LN-102709,Steven Miller,10/23/2022,10/23/2052,812000,592760,5.12,1812,30 Days Delinquent,Townhouse,MO,90,720,82432
LN-102710,Lisa Brown,09/04/2019,09/04/2037,323000,310080,7.73,3990,Paid Off,Condo,GA,88,716,72397
LN-102711,Andrew Hernandez,07/24/2020,07/24/2037,360000,234000,7.58,3577,Paid Off,Condo,VA,59,710,59142
LN-102712,Betty Perez,02/02/2023,02/02/2038,799000,711110,4.39,4083,60 Days Delinquent,Multi Family,WA,94,728,24895
LN-102713,Mark Jackson,05/01/2023,05/01/2053,200000,124000,4.31,3730,Default,Multi Family,KY,60,623,42152
LN-102714,Nancy Robinson,10/19/2019,10/19/2045,258000,170280,6.74,1675,30 Days Delinquent,Single Family,VA,95,705,14226
LN-102715,Sarah Hernandez,03/12/2021,03/12/2041,534000,395160,4.99,1271,30 Days Delinquent,Commercial,PA,66,714,63645
LN-102716,Anthony Jones,02/01/2019,02/01/2035,347000,312300,3.71,4180,Default,Townhouse,OR,76,780,38481
LN-102717,Andrew Thompson,12/18/2023,12/18/2047,844000,683640,5.93,2050,Paid Off,Commercial,MN,84,733,94446
LN-102718,Charles Garcia,10/28/2018,10/28/2033,369000,321030,5,2647,Current,Commercial,NC,85,746,53099
LN-102719,David Thomas,04/19/2020,04/19/2037,438000,275940,3.83,2286,60 Days Delinquent,Condo,LA,78,817,47227
LN-102720,Jennifer Ramirez,05/15/2019,05/15/2048,445000,418300,4.88,4219,Current,Commercial,NY,56,642,47587
LN-102721,Karen Jackson,12/18/2021,12/18/2037,751000,585780,6.21,3915,Default,Multi Family,NC,66,706,95648
LN-102722,Matthew Jackson,08/01/2022,08/01/2042,603000,506520,5.99,1703,60 Days Delinquent,Townhouse,GA,70,693,39340
LN-102723,Joshua Robinson,05/25/2020,05/25/2043,709000,446670,7.25,1533,Paid Off,Condo,NC,69,737,35408
LN-102724,Margaret Jones,05/24/2019,05/24/2049,231000,207900,5.27,2643,30 Days Delinquent,Townhouse,MA,89,813,46980
LN-102725,Thomas Gonzalez,07/24/2021,07/24/2050,285000,205200,7.38,2338,90+ Days Delinquent,Multi Family,NC,88,781,69982
LN-102726,David Miller,03/03/2022,03/03/2037,664000,517920,7.17,1975,Paid Off,Commercial,OK,91,713,74860
LN-102727,Richard Jones,08/03/2019,08/03/2036,779000,662150,5.07,3382,30 Days Delinquent,Condo,KY,55,657,39682
LN-102728,Charles Davis,05/14/2020,05/14/2036,175000,120750,7.57,2345,90+ Days Delinquent,Single Family,MI,76,769,24492
LN-102729,Kimberly Taylor,02/23/2020,02/23/2040,215000,135450,3.58,2891,Default,Condo,PA,64,693,40670
LN-102730,Paul Gonzalez,03/06/2019,03/06/2046,585000,397800,4.56,1758,90+ Days Delinquent,Condo,MO,65,639,99666
LN-102731,Christopher Martin,01/15/2019,01/15/2044,774000,743040,7.31,2740,30 Days Delinquent,Commercial,MN,92,766,17089
LN-102732,Kimberly Perez,01/21/2021,01/21/2046,154000,93940,5.91,2320,30 Days Delinquent,Townhouse,AZ,59,810,35175
LN-102733,Mary Ramirez,01/10/2023,01/10/2046,192000,124800,7.74,1356,60 Days Delinquent,Condo,OR,59,802,13470
LN-102734,David Wilson,02/22/2022,02/22/2042,400000,312000,3.88,1357,90+ Days Delinquent,Townhouse,FL,84,677,35457
LN-102735,Richard Lewis,06/08/2020,06/08/2042,616000,566720,4.4,1854,30 Days Delinquent,Condo,SC,93,784,19137
LN-102736,Lisa Perez,03/01/2018,03/01/2044,366000,285480,6.31,2909,Default,Commercial,CO,77,658,94153
LN-102737,William Martin,05/27/2023,05/27/2046,222000,166500,6.79,3155,Default,Single Family,MD,78,708,94018
LN-102738,James Lewis,08/04/2021,08/04/2037,541000,503130,4.71,1723,90+ Days Delinquent,Commercial,UT,94,659,71136
LN-102739,Ashley Johnson,02/28/2018,02/28/2035,308000,255640,5.24,2713,30 Days Delinquent,Townhouse,IN,74,708,84261
LN-102740,Linda Sanchez,10/23/2020,10/23/2048,728000,596960,5.82,1679,30 Days Delinquent,Townhouse,SC,89,718,16740
LN-102741,Charles Sanchez,10/09/2023,10/09/2050,509000,442830,7.56,3454,30 Days Delinquent,Condo,IL,72,707,39798
LN-102742,William Martin,01/19/2019,01/19/2042,812000,495320,6.52,2638,30 Days Delinquent,Condo,WI,80,691,42831
LN-102743,James Wilson,11/05/2018,11/05/2039,735000,646800,4.99,2650,90+ Days Delinquent,Multi Family,CA,56,663,46183
LN-102744,Paul Moore,07/04/2020,07/04/2049,738000,568260,4.89,3933,30 Days Delinquent,Multi Family,MI,85,711,49315
LN-102745,Robert Smith,07/14/2018,07/14/2039,209000,158840,5.19,2056,60 Days Delinquent,Single Family,NJ,67,706,36699
LN-102746,Andrew Moore,08/19/2019,08/19/2046,510000,489600,5.62,3813,Paid Off,Single Family,IL,77,743,82040
LN-102747,Mark Garcia,02/01/2022,02/01/2047,173000,141860,5.95,2959,30 Days Delinquent,Multi Family,WA,60,742,46081
LN-102748,Jessica Lewis,02/18/2023,02/18/2038,630000,604800,5.54,1866,90+ Days Delinquent,Single Family,VA,71,813,59599
LN-102749,Matthew Robinson,05/06/2022,05/06/2045,223000,171710,7.43,3792,Current,Single Family,MA,93,696,49232
LN-102750,William Johnson,08/21/2022,08/21/2041,164000,106600,4.04,2669,Paid Off,Condo,SC,81,651,37978
LN-102751,Patricia Lewis,06/16/2019,06/16/2047,602000,415380,4.46,3248,Paid Off,Townhouse,TX,81,820,55569
LN-102752,Jennifer Davis,02/22/2018,02/22/2044,387000,328950,7.4,3046,60 Days Delinquent,Multi Family,NC,68,708,61286
LN-102753,Matthew Wilson,09/08/2021,09/08/2047,421000,341010,5.86,2462,Current,Single Family,OK,80,744,39759
LN-102754,Elizabeth Wilson,01/07/2020,01/07/2050,308000,218680,5.67,2133,Paid Off,Townhouse,IL,90,730,99039
LN-102755,Barbara Robinson,03/02/2021,03/02/2040,217000,188790,3.89,3389,90+ Days Delinquent,Multi Family,CO,59,663,42366
LN-102756,Barbara Rodriguez,08/07/2019,08/07/2045,827000,554090,4.04,2548,Default,Condo,CA,74,691,89438
LN-102757,Andrew Miller,06/07/2018,06/07/2039,669000,414780,7.33,1708,Default,Condo,NC,87,724,79815
LN-102758,Steven Lee,05/25/2019,05/25/2039,244000,212280,3.61,4092,90+ Days Delinquent,Single Family,CO,88,802,81131
LN-102759,Charles Sanchez,05/20/2021,05/20/2038,653000,515870,6.83,1303,Current,Commercial,SC,65,688,18450
LN-102760,James Lewis,07/08/2020,07/08/2037,665000,625100,6.27,2906,Default,Townhouse,WI,57,701,38565
LN-102761,Thomas Robinson,04/02/2020,04/02/2048,334000,217100,5.31,1340,Current,Townhouse,OK,67,811,15918
LN-102762,Elizabeth Sanchez,11/10/2020,11/10/2049,796000,493520,7.43,4208,Paid Off,Condo,MN,77,732,53849
LN-102763,Mary Robinson,03/21/2021,03/21/2049,676000,412360,5.67,2829,Paid Off,Townhouse,FL,79,662,56066
LN-102764,Michelle Gonzalez,01/14/2019,01/14/2034,663000,503880,3.52,1638,90+ Days Delinquent,Commercial,LA,69,716,75709
LN-102765,Lisa Lopez,04/14/2021,04/14/2047,259000,165760,3.99,3162,90+ Days Delinquent,Multi Family,MO,65,677,71890
LN-102766,Matthew Lewis,12/26/2018,12/26/2042,641000,467930,4.27,2889,60 Days Delinquent,Multi Family,PA,76,651,95570
LN-102767,William Martinez,04/04/2022,04/04/2046,510000,413100,4.94,2399,60 Days Delinquent,Commercial,OH,62,780,71777
LN-102768,Steven Martinez,04/24/2023,04/24/2038,478000,444540,3.86,3521,30 Days Delinquent,Townhouse,MA,87,722,39607
LN-102769,Paul Jones,09/18/2020,09/18/2043,206000,144200,5.88,1419,Paid Off,Single Family,MN,60,704,41492
LN-102770,Margaret White,08/22/2021,08/22/2039,461000,327310,5.92,3130,60 Days Delinquent,Condo,IL,55,760,82355
LN-102771,Elizabeth Davis,11/09/2020,11/09/2048,190000,165300,5.52,3969,Current,Townhouse,IL,76,664,65931
LN-102772,Linda Martin,06/15/2020,06/15/2041,153000,125460,5.68,3795,30 Days Delinquent,Single Family,KY,59,676,62295
LN-102773,Donald Anderson,01/07/2018,01/07/2043,580000,440800,3.73,3451,30 Days Delinquent,Condo,MN,69,715,71085
LN-102774,Donna Moore,05/24/2018,05/24/2041,843000,708120,7.04,1498,30 Days Delinquent,Multi Family,AZ,80,684,57089
LN-102775,Jennifer Williams,09/28/2020,09/28/2047,745000,625800,5.54,2197,90+ Days Delinquent,Condo,CO,58,640,34148
LN-102776,Mary Jones,06/05/2023,06/05/2042,264000,182160,5.75,1216,90+ Days Delinquent,Multi Family,WI,61,730,95743
LN-102777,Matthew Johnson,02/25/2020,02/25/2045,197000,124110,3.48,2651,60 Days Delinquent,Commercial,GA,62,755,29238
LN-102778,Emily Martinez,02/13/2020,02/13/2040,204000,138720,5.65,3422,Current,Commercial,MN,71,672,84739
LN-102779,Donald Jackson,12/18/2018,12/18/2036,623000,442330,6.68,2838,Current,Single Family,TN,83,773,73559
LN-102780,James Rodriguez,12/27/2019,12/27/2046,262000,191260,4.45,2799,60 Days Delinquent,Single Family,FL,92,694,12187
LN-102781,Nancy Martinez,06/12/2022,06/12/2038,837000,686340,6.85,2883,Current,Townhouse,SC,91,675,26064
LN-102782,James Perez,12/24/2018,12/24/2046,719000,510490,4.61,1634,Paid Off,Condo,IL,79,691,97283
LN-102783,Ashley Smith,08/18/2023,08/18/2051,598000,562120,7.68,2550,60 Days Delinquent,Commercial,TX,93,777,61103
LN-102784,Nancy Taylor,04/02/2019,04/02/2043,583000,460570,3.37,2484,Current,Condo,LA,61,803,78890
LN-102785,John Garcia,05/04/2023,05/04/2038,765000,703800,7.25,3011,Default,Condo,CT,69,736,55410
LN-102786,Nancy Perez,01/20/2018,01/20/2034,751000,465620,3.46,3560,Current,Single Family,IN,69,699,23779
LN-102787,Michelle Lewis,10/25/2022,10/25/2041,586000,550840,4.08,3611,Paid Off,Commercial,SC,78,635,11269
LN-102788,Lisa Williams,06/28/2022,06/28/2044,339000,223740,5.08,3988,60 Days Delinquent,Single Family,NC,87,777,12034
LN-102789,Jessica Martin,02/19/2022,02/19/2051,651000,520800,7.35,3389,90+ Days Delinquent,Multi Family,CA,61,631,71561
LN-102790,Sarah Garcia,09/10/2023,09/10/2039,238000,178500,4.53,2790,90+ Days Delinquent,Condo,MD,86,630,50048
LN-102791,Joshua Lewis,09/28/2019,09/28/2047,761000,700120,6.78,1827,90+ Days Delinquent,Single Family,UT,81,736,27272
LN-102792,Michael Wilson,06/17/2018,06/17/2037,703000,499130,5.36,1494,60 Days Delinquent,Townhouse,NC,93,624,48478
LN-102793,Robert Garcia,08/01/2020,08/01/2047,806000,693160,4.84,3733,30 Days Delinquent,Single Family,OR,65,738,75131
LN-102794,Paul Lopez,12/27/2021,12/27/2049,405000,307800,6.77,2322,90+ Days Delinquent,Multi Family,FL,60,770,21151
LN-102795,Donna Gonzalez,12/10/2018,12/10/2037,419000,293300,6.41,3687,60 Days Delinquent,Condo,MO,63,707,27950
LN-102796,John Hernandez,08/09/2023,08/09/2049,494000,350740,6.5,3638,30 Days Delinquent,Multi Family,IN,66,677,31921
LN-102797,Linda Thompson,06/22/2021,06/22/2049,639000,530370,5.23,3098,Paid Off,Multi Family,UT,92,632,42302
LN-102798,Sarah Clark,07/24/2021,07/24/2044,563000,394100,4.15,2081,30 Days Delinquent,Condo,SC,62,748,26358
LN-102799,Sarah Thomas,05/12/2020,05/12/2044,291000,215340,6.55,2968,60 Days Delinquent,Townhouse,IN,64,660,98964
LN-102800,Mark Jones,02/21/2020,02/21/2042,631000,504800,4.44,1556,Default,Townhouse,MN,79,642,92659
LN-102801,Lisa Sanchez,09/11/2018,09/11/2035,342000,328320,4.66,2855,Paid Off,Commercial,MA,89,646,52588
LN-102802,Donna Johnson,10/11/2022,10/11/2040,483000,439530,6.9,3088,Current,Single Family,NY,79,772,66571
LN-102803,Charles Clark,03/07/2019,03/07/2046,520000,369200,6.6,3426,90+ Days Delinquent,Townhouse,NJ,65,693,69606
LN-102804,Susan Moore,07/05/2021,07/05/2051,579000,434250,3.97,2108,30 Days Delinquent,Condo,NY,78,744,24273
LN-102805,Susan Garcia,03/13/2022,03/13/2039,448000,389760,3.72,3916,30 Days Delinquent,Condo,LA,56,692,52944
LN-102806,Matthew Martinez,06/27/2019,06/27/2044,765000,497250,4.77,1440,Paid Off,Condo,AZ,94,671,82589
LN-102807,Donna White,02/20/2022,02/20/2047,360000,234000,4.14,2432,30 Days Delinquent,Commercial,MD,91,721,91299
LN-102808,Mary Rodriguez,10/01/2020,10/01/2036,187000,172040,4.15,3177,Default,Multi Family,MI,93,627,28956
LN-102809,Margaret Anderson,05/02/2018,05/02/2037,710000,624800,5.08,1364,60 Days Delinquent,Single Family,OK,62,747,14951
LN-102810,Christopher Davis,02/01/2020,02/01/2043,277000,246530,4.32,1332,Default,Single Family,VA,78,706,67709
LN-102811,Charles Sanchez,10/05/2021,10/05/2050,502000,431720,4.3,3151,Current,Townhouse,NY,72,814,40586
LN-102812,Jessica Wilson,09/03/2019,09/03/2045,835000,651300,6.06,2045,60 Days Delinquent,Single Family,MN,57,622,38951
LN-102813,Richard Moore,09/01/2021,09/01/2038,206000,150380,3.97,4499,90+ Days Delinquent,Condo,CO,59,815,87894
LN-102814,Nancy Williams,04/13/2019,04/13/2046,735000,529200,6.56,3600,90+ Days Delinquent,Multi Family,NY,68,783,90157
LN-102815,David Harris,07/28/2023,07/28/2048,373000,227530,6.69,4076,60 Days Delinquent,Townhouse,WI,76,651,86364
LN-102816,William Clark,01/28/2021,01/28/2037,761000,464210,5.94,2418,60 Days Delinquent,Townhouse,CA,77,811,50905
LN-102817,Karen Davis,11/08/2023,11/08/2053,802000,625560,4.52,3005,60 Days Delinquent,Commercial,AL,62,750,54577
LN-102818,Donna Lopez,03/05/2020,03/05/2041,592000,426240,7.12,4347,Default,Single Family,IL,73,665,30754
LN-102819,Sandra Davis,11/15/2020,11/15/2036,822000,641160,5.33,3352,Current,Townhouse,NJ,86,806,36724
LN-102820,Charles Clark,12/08/2019,12/08/2040,664000,610880,6.76,4297,90+ Days Delinquent,Commercial,CA,83,712,69390
LN-102821,Margaret Lee,02/17/2023,02/17/2039,587000,575260,6.22,2768,Paid Off,Condo,CT,59,636,11160
LN-102822,Robert Martinez,04/05/2022,04/05/2047,475000,342000,7.66,1301,Paid Off,Condo,NC,66,769,23354
LN-102823,Barbara Jackson,11/18/2019,11/18/2045,580000,365400,5.37,2740,60 Days Delinquent,Single Family,TX,94,721,15896
LN-102824,Jessica Jackson,10/01/2021,10/01/2047,333000,316350,6,4395,60 Days Delinquent,Single Family,TX,55,655,41892
LN-102825,Andrew Moore,08/23/2021,08/23/2046,731000,445910,5.03,4281,Paid Off,Multi Family,WA,60,746,50090
LN-102826,Barbara Ramirez,04/03/2019,04/03/2040,357000,242760,4.39,1712,90+ Days Delinquent,Condo,CO,85,669,62879
LN-102827,Daniel Lopez,11/14/2023,11/14/2046,411000,361680,5.2,2655,30 Days Delinquent,Multi Family,NJ,57,635,77300
LN-102828,Ashley Miller,11/10/2019,11/10/2034,703000,569430,3.5,3592,Paid Off,Commercial,NY,88,763,61984
LN-102829,Linda Jackson,01/16/2018,01/16/2047,430000,326800,7.42,4284,Current,Commercial,MA,85,659,74438
LN-102830,Ashley Williams,12/25/2018,12/25/2042,365000,284700,4.16,1355,Default,Condo,WI,61,769,48159
LN-102831,Joshua Rodriguez,04/27/2020,04/27/2036,437000,402040,4.81,3667,Default,Multi Family,OR,82,627,33041
LN-102832,Jennifer Anderson,08/26/2019,08/26/2040,609000,542010,7.58,3800,Paid Off,Commercial,TX,71,803,29786
LN-102833,Barbara Perez,08/08/2020,08/08/2036,183000,155550,6.32,3414,60 Days Delinquent,Condo,UT,69,752,84892
LN-102834,Linda Garcia,02/05/2019,02/05/2040,758000,697360,6.93,2117,30 Days Delinquent,Townhouse,TN,56,733,61924
LN-102835,Joshua Williams,07/19/2023,07/19/2044,653000,633410,6.17,2284,Paid Off,Condo,IL,92,646,45266
LN-102836,Sarah White,12/14/2018,12/14/2038,722000,462080,3.31,2258,Current,Multi Family,PA,65,676,54779
LN-102837,Patricia Clark,09/18/2018,09/18/2048,748000,598400,6.74,2347,30 Days Delinquent,Single Family,OK,72,700,28818
LN-102838,Charles Davis,01/02/2019,01/02/2048,384000,291840,4.23,1201,Current,Condo,LA,70,714,94972
LN-102839,Betty Martinez,02/04/2020,02/04/2046,440000,356400,3.75,1876,60 Days Delinquent,Single Family,TN,55,653,48065
LN-102840,Kimberly Martinez,01/02/2019,01/02/2045,543000,385530,4.78,3279,Current,Multi Family,TN,56,789,56265
LN-102841,Andrew Wilson,11/08/2020,11/08/2043,589000,400520,6.22,2155,Paid Off,Commercial,GA,85,697,47725
LN-102842,Joshua Wilson,11/03/2023,11/03/2052,352000,281600,4.26,1406,Default,Condo,PA,69,740,28705
LN-102843,Nancy Moore,01/18/2021,01/18/2037,205000,164000,5.8,2339,Current,Single Family,MA,72,668,85704
LN-102844,Anthony Davis,09/23/2021,09/23/2045,539000,512050,5.93,1399,Default,Townhouse,OK,95,763,58270
LN-102845,Elizabeth Clark,10/13/2022,10/13/2047,151000,105700,4.99,2902,Default,Multi Family,AL,70,625,92246
LN-102846,Donna Jones,02/10/2018,02/10/2043,622000,584680,3.91,2166,Paid Off,Single Family,UT,86,762,48990
LN-102847,Donald Garcia,10/08/2020,10/08/2043,259000,196840,5.69,2367,90+ Days Delinquent,Single Family,KY,85,709,29515
LN-102848,James Gonzalez,07/01/2019,07/01/2040,829000,646620,4.23,2098,Current,Single Family,KY,89,694,43428
LN-102849,Karen Harris,05/24/2020,05/24/2045,840000,604800,4.88,2687,Default,Multi Family,MN,89,636,73247
LN-102850,Paul Garcia,01/28/2020,01/28/2045,694000,638480,7.36,2984,30 Days Delinquent,Condo,CO,76,799,61098
LN-102851,Lisa Harris,09/13/2019,09/13/2044,307000,279370,5.12,1368,90+ Days Delinquent,Townhouse,KY,60,777,54134
LN-102852,Joshua Anderson,09/22/2021,09/22/2048,705000,655650,7.41,3577,30 Days Delinquent,Townhouse,VA,71,809,48950
LN-102853,Kimberly Jackson,02/27/2021,02/27/2038,527000,395250,6.29,2289,Current,Condo,AL,90,816,47309
LN-102854,James Martinez,03/04/2021,03/04/2036,386000,374420,3.56,4322,Default,Townhouse,TN,66,740,82935
LN-102855,David Jackson,06/20/2021,06/20/2043,765000,657900,6.57,3183,Current,Commercial,TX,56,691,19302
LN-102856,Patricia Thomas,10/25/2018,10/25/2035,260000,208000,7.68,4078,Paid Off,Commercial,KY,83,747,32662
LN-102857,Lisa Martinez,10/25/2022,10/25/2037,807000,758580,7,1718,60 Days Delinquent,Condo,GA,59,645,67591
LN-102858,Elizabeth Johnson,09/21/2020,09/21/2041,357000,303450,4.43,1925,Default,Commercial,VA,64,726,97263
LN-102859,John Lopez,01/01/2023,01/01/2050,667000,400200,4.63,1967,Current,Townhouse,NC,92,809,54983
LN-102860,Barbara Robinson,04/08/2023,04/08/2039,498000,373500,4.98,3073,Default,Condo,WI,91,639,86312
LN-102861,Karen Miller,12/15/2022,12/15/2052,289000,268770,5.72,3691,Paid Off,Single Family,MD,57,629,91694
LN-102862,Joseph Lopez,06/25/2020,06/25/2035,719000,654290,4.03,3469,90+ Days Delinquent,Townhouse,FL,77,732,14183
LN-102863,John Miller,02/02/2021,02/02/2048,675000,600750,6.89,3255,Paid Off,Townhouse,PA,87,787,12536
LN-102864,Sarah Lewis,05/20/2020,05/20/2048,848000,508800,5.12,2701,Paid Off,Condo,AZ,76,702,43733
LN-102865,John Lee,10/06/2019,10/06/2043,381000,297180,4.02,1246,30 Days Delinquent,Townhouse,WI,78,660,88941
LN-102866,Jennifer Moore,08/09/2022,08/09/2041,270000,248400,5.9,4346,Current,Multi Family,MA,56,630,53510
LN-102867,Linda Jackson,02/14/2023,02/14/2052,626000,469500,7.66,2146,30 Days Delinquent,Multi Family,CO,68,721,13392
LN-102868,Paul Hernandez,12/09/2023,12/09/2040,450000,342000,4.12,1350,90+ Days Delinquent,Townhouse,MI,57,690,73157
LN-102869,Michael Ramirez,02/22/2018,02/22/2036,454000,431300,3.73,3256,Default,Single Family,NY,91,793,53340
LN-102870,Kimberly Gonzalez,10/23/2019,10/23/2035,804000,739680,6.95,1746,Current,Multi Family,KY,61,785,74318
LN-102871,Charles Williams,05/28/2019,05/28/2048,711000,597240,6.37,2365,30 Days Delinquent,Condo,NY,85,817,94103
LN-102872,Susan Lewis,06/04/2021,06/04/2041,754000,640900,6.43,4353,Current,Condo,OH,67,749,45535
LN-102873,Linda Harris,10/08/2019,10/08/2049,768000,529920,4.69,2720,Paid Off,Townhouse,OR,58,814,66543
LN-102874,Elizabeth Miller,03/10/2020,03/10/2044,562000,410260,4.77,4132,30 Days Delinquent,Townhouse,OK,82,800,35277
LN-102875,John Martin,03/23/2018,03/23/2046,409000,351740,4.22,2982,90+ Days Delinquent,Multi Family,CT,76,799,37060
LN-102876,Matthew Johnson,02/18/2020,02/18/2045,370000,273800,7.2,2356,Paid Off,Condo,PA,67,810,28191
LN-102877,Paul Martin,08/02/2021,08/02/2045,766000,520880,3.39,4437,30 Days Delinquent,Single Family,AL,76,668,57301
LN-102878,Daniel Rodriguez,02/07/2022,02/07/2038,675000,486000,6.71,2415,Current,Single Family,MI,67,628,77668
LN-102879,Charles Martinez,02/19/2020,02/19/2043,846000,541440,3.4,3163,Current,Commercial,FL,86,709,86071
LN-102880,Barbara Clark,05/04/2021,05/04/2040,556000,372520,3.76,4425,Paid Off,Multi Family,CO,78,802,30845
LN-102881,Michelle Jones,02/02/2021,02/02/2050,183000,142740,4.84,2214,Default,Townhouse,OH,77,714,17655
LN-102882,Margaret White,11/13/2022,11/13/2042,528000,448800,4.35,3533,30 Days Delinquent,Condo,MD,82,638,69686
LN-102883,Joseph White,03/21/2018,03/21/2038,347000,294950,7.74,2876,60 Days Delinquent,Condo,UT,93,762,36226
LN-102884,Jennifer Perez,10/24/2021,10/24/2036,753000,685230,7.35,3322,Current,Multi Family,FL,84,684,78379
LN-102885,Lisa Davis,07/05/2023,07/05/2049,599000,431280,6.56,3799,30 Days Delinquent,Condo,CT,93,692,24291
LN-102886,Elizabeth Jackson,12/27/2023,12/27/2043,220000,154000,7.38,4293,Default,Townhouse,WA,84,622,28110
LN-102887,Michelle Ramirez,05/11/2020,05/11/2041,751000,555740,4.11,2321,90+ Days Delinquent,Townhouse,OH,94,720,38588
LN-102888,John Johnson,03/26/2023,03/26/2038,810000,526500,5.58,4339,Current,Condo,MD,86,686,34887
LN-102889,Robert Ramirez,04/25/2018,04/25/2039,630000,516600,5.72,3162,Default,Multi Family,MN,69,622,76807
LN-102890,Nancy Lewis,09/01/2018,09/01/2040,174000,168780,6.44,2051,Default,Condo,MN,86,818,67953
LN-102891,Donna White,02/21/2021,02/21/2051,758000,697360,7.59,3534,Paid Off,Multi Family,IN,84,633,21718
LN-102892,Sandra Thompson,06/28/2020,06/28/2041,318000,197160,6.88,1329,Paid Off,Multi Family,PA,91,635,22776
LN-102893,Susan Jackson,10/05/2022,10/05/2051,521000,380330,4.06,2824,90+ Days Delinquent,Multi Family,GA,86,666,10657
LN-102894,Kimberly Robinson,07/23/2023,07/23/2053,659000,401990,5.47,2601,Paid Off,Townhouse,MO,84,644,16337
LN-102895,Michelle Rodriguez,10/28/2023,10/28/2041,386000,247040,6.13,3587,30 Days Delinquent,Commercial,SC,94,750,15453
LN-102896,Michelle Rodriguez,01/10/2019,01/10/2038,586000,550840,7.01,1844,Current,Multi Family,AZ,88,653,40892
LN-102897,John Gonzalez,07/02/2021,07/02/2051,258000,180600,7.05,4420,30 Days Delinquent,Townhouse,NC,66,723,57401
LN-102898,Donna Taylor,11/17/2019,11/17/2039,656000,590400,5.71,1583,Default,Multi Family,TX,66,712,75116
LN-102899,Barbara Smith,09/05/2022,09/05/2042,664000,418320,4.21,1792,Default,Townhouse,VA,60,756,18854
LN-102900,Jennifer Rodriguez,03/28/2018,03/28/2039,293000,275420,7.48,1555,90+ Days Delinquent,Condo,NC,84,706,28963
LN-102901,Michelle Davis,12/20/2018,12/20/2040,391000,375360,5.28,4485,Default,Townhouse,CA,82,640,68348
LN-102902,David Taylor,03/02/2023,03/02/2048,416000,378560,3.59,3565,Default,Commercial,OK,94,715,97142
LN-102903,Donna Harris,07/19/2023,07/19/2041,298000,286080,5.62,3226,30 Days Delinquent,Townhouse,NC,57,638,65686
LN-102904,Paul Sanchez,07/21/2018,07/21/2037,792000,649440,4.2,1994,90+ Days Delinquent,Townhouse,IL,65,673,54793
LN-102905,Donna Martin,10/18/2023,10/18/2051,462000,286440,6.03,1752,Current,Commercial,OK,63,738,26824
LN-102906,Emily Lee,12/08/2023,12/08/2047,417000,266880,7.2,3963,Current,Condo,MO,67,767,27333
LN-102907,Mark Brown,01/19/2023,01/19/2053,792000,617760,7.66,2845,Current,Single Family,NY,78,750,42893
LN-102908,Christopher Lopez,08/20/2022,08/20/2048,471000,442740,3.87,2395,90+ Days Delinquent,Condo,TX,85,819,83161
LN-102909,Steven Jackson,08/28/2021,08/28/2045,785000,706500,4.44,1915,Paid Off,Multi Family,LA,80,813,36983
LN-102910,James Thompson,04/08/2020,04/08/2045,591000,531900,6.43,3249,30 Days Delinquent,Commercial,TX,71,675,72395
LN-102911,Matthew Martinez,03/17/2022,03/17/2052,630000,504000,3.59,3104,Current,Single Family,MN,56,660,41199
LN-102912,Sarah Davis,10/09/2021,10/09/2047,657000,486180,5.28,2048,Paid Off,Multi Family,CO,61,698,64140
LN-102913,William Lewis,11/02/2023,11/02/2047,353000,261220,6.25,1407,Paid Off,Single Family,WI,90,631,36332
LN-102914,Donna Clark,12/08/2019,12/08/2045,231000,177870,5.68,2384,90+ Days Delinquent,Commercial,MO,58,702,43139
LN-102915,Karen Thompson,09/20/2023,09/20/2052,716000,486880,6.46,4389,Current,Condo,FL,56,807,10666
LN-102916,Margaret Moore,11/13/2023,11/13/2044,801000,480600,7.65,1405,Default,Single Family,TX,65,668,70475
LN-102917,Emily Jackson,01/11/2020,01/11/2037,724000,658840,6.42,3495,Paid Off,Multi Family,VA,57,677,92766
LN-102918,Daniel Lewis,02/27/2022,02/27/2039,225000,180000,5.39,3493,Default,Single Family,NC,89,632,49014
LN-102919,Mary Thompson,05/08/2022,05/08/2051,709000,510480,3.78,3808,60 Days Delinquent,Commercial,WA,90,663,33223
LN-102920,Margaret Ramirez,10/12/2022,10/12/2041,757000,529900,5.86,3599,90+ Days Delinquent,Townhouse,GA,89,719,49442
LN-102921,Jessica Ramirez,06/03/2023,06/03/2048,783000,469800,7.19,2266,90+ Days Delinquent,Townhouse,AZ,62,725,72922
LN-102922,Jennifer Thompson,07/23/2018,07/23/2041,275000,211750,6.33,2381,Paid Off,Single Family,WI,69,700,58379
LN-102923,Lisa Williams,05/09/2022,05/09/2050,156000,104520,6.61,2931,Paid Off,Commercial,KY,88,729,55408
LN-102924,Thomas Robinson,01/26/2021,01/26/2046,458000,361820,7.43,2506,Paid Off,Multi Family,CT,90,673,20457
LN-102925,Margaret Gonzalez,08/04/2022,08/04/2044,258000,245100,6.12,2209,Paid Off,Townhouse,IN,93,800,84242
LN-102926,Thomas Martinez,11/20/2018,11/20/2036,475000,437000,6.27,2470,Default,Townhouse,NC,58,702,11254
LN-102927,John Lee,11/03/2018,11/03/2045,696000,584640,7.68,1542,Default,Townhouse,KY,75,698,82087
LN-102928,Charles Lewis,07/04/2021,07/04/2043,655000,609150,6.23,2392,Default,Single Family,AL,70,783,17511
LN-102929,John Perez,08/12/2021,08/12/2046,219000,164250,7.62,1894,Default,Townhouse,OK,90,658,35303
LN-102930,Charles Lewis,08/14/2021,08/14/2051,488000,297680,6.24,3531,90+ Days Delinquent,Condo,NC,56,698,77887
LN-102931,Michael Anderson,08/05/2019,08/05/2038,261000,159210,4.45,1322,60 Days Delinquent,Single Family,AL,64,673,32462
LN-102932,Mary Williams,03/25/2019,03/25/2036,666000,512820,7.5,2158,30 Days Delinquent,Townhouse,MD,62,689,32936
LN-102933,Susan Sanchez,03/07/2020,03/07/2045,804000,490440,7.36,1535,30 Days Delinquent,Multi Family,WI,87,644,46087
LN-102934,Mary Brown,02/26/2022,02/26/2047,233000,156110,6.98,3302,60 Days Delinquent,Multi Family,FL,68,775,67268
LN-102935,Jennifer Sanchez,02/10/2020,02/10/2047,811000,600140,6.38,2511,Current,Single Family,NJ,68,651,37353
LN-102936,Elizabeth Perez,10/27/2022,10/27/2042,538000,430400,4.59,3529,90+ Days Delinquent,Multi Family,LA,85,801,43342
LN-102937,Ashley Clark,07/18/2023,07/18/2048,689000,558090,6.69,4020,60 Days Delinquent,Single Family,LA,95,671,18121
LN-102938,Sarah Miller,10/03/2018,10/03/2035,832000,773760,4.14,3732,30 Days Delinquent,Townhouse,VA,56,680,85802
LN-102939,James Lewis,03/13/2019,03/13/2049,490000,362600,5.55,2141,30 Days Delinquent,Single Family,OH,94,637,34707
LN-102940,Sandra Martinez,08/09/2018,08/09/2046,788000,504320,5.5,3331,Current,Commercial,NY,60,675,58925
LN-102941,Mary Hernandez,11/25/2020,11/25/2040,420000,256200,5.53,2643,Paid Off,Single Family,CO,70,678,69682
LN-102942,Linda Smith,12/08/2022,12/08/2051,298000,247340,3.7,4257,Paid Off,Condo,GA,81,777,59341
LN-102943,Thomas Jackson,09/04/2021,09/04/2046,832000,624000,3.37,2816,30 Days Delinquent,Townhouse,OK,72,687,56753
LN-102944,Mary Sanchez,03/18/2020,03/18/2045,585000,427050,4.67,3898,Current,Condo,GA,70,637,63093
LN-102945,Christopher Hernandez,04/13/2022,04/13/2042,590000,519200,7.74,1813,60 Days Delinquent,Multi Family,IL,61,628,73674
LN-102946,Charles Davis,02/07/2020,02/07/2041,190000,127300,6.69,1938,90+ Days Delinquent,Townhouse,GA,62,661,42937
LN-102947,John Anderson,03/05/2022,03/05/2045,402000,385920,7.17,1400,Current,Commercial,NJ,85,669,51938
LN-102948,Steven Thompson,08/27/2023,08/27/2043,624000,542880,4.56,3405,Current,Commercial,NJ,69,675,61857
LN-102949,Mark Robinson,10/22/2022,10/22/2049,817000,490200,6.3,2389,90+ Days Delinquent,Townhouse,AZ,91,779,94112
LN-102950,Kimberly Clark,12/27/2020,12/27/2038,572000,417560,3.32,4278,Current,Multi Family,OR,60,689,77499
LN-102951,Daniel Hernandez,10/06/2020,10/06/2047,381000,266700,3.88,4039,Default,Multi Family,OH,59,625,98088
LN-102952,Robert Martinez,10/27/2020,10/27/2041,824000,543840,6.32,3636,30 Days Delinquent,Townhouse,SC,95,640,25866
LN-102953,Mary Ramirez,06/09/2018,06/09/2033,356000,309720,6.27,4458,60 Days Delinquent,Commercial,FL,80,674,86858
LN-102954,Mary Rodriguez,04/15/2019,04/15/2036,440000,409200,6.67,3554,Current,Condo,WA,59,730,47769
LN-102955,Ashley Garcia,04/25/2022,04/25/2042,742000,682640,7.13,4356,Paid Off,Townhouse,NC,65,773,64190
LN-102956,Andrew Robinson,02/11/2022,02/11/2044,759000,470580,5.16,3398,Default,Single Family,UT,91,721,60195
LN-102957,John Anderson,04/15/2021,04/15/2050,270000,170100,6.07,2480,Default,Condo,NY,71,740,12852
LN-102958,Jennifer Thomas,10/03/2019,10/03/2047,690000,572700,3.34,1582,Default,Commercial,NJ,84,817,87391
LN-102959,Karen Johnson,09/21/2020,09/21/2048,171000,111150,6.21,4018,Current,Condo,VA,93,811,79861
LN-102960,Joseph Harris,06/09/2021,06/09/2050,748000,538560,4.01,2560,Default,Multi Family,WA,63,761,23080
LN-102961,Joseph Smith,04/21/2023,04/21/2043,197000,139870,5.1,2548,Default,Condo,IL,86,795,96128
LN-102962,Karen Martin,11/09/2019,11/09/2034,208000,151840,6.23,3490,Paid Off,Single Family,MO,57,687,78320
LN-102963,Mary Gonzalez,05/15/2022,05/15/2045,398000,378100,5.18,3701,Default,Multi Family,MA,76,748,88374
LN-102964,Sarah Anderson,10/18/2023,10/18/2044,426000,336540,3.84,2551,Paid Off,Single Family,UT,71,813,16108
LN-102965,Andrew Davis,08/21/2020,08/21/2048,595000,470050,7.08,3254,Current,Commercial,NJ,60,642,98210
LN-102966,Joseph Davis,11/12/2018,11/12/2045,159000,135150,5.35,1883,Paid Off,Commercial,OK,84,782,88558
LN-102967,Matthew Anderson,11/11/2022,11/11/2042,732000,651480,4.48,2909,60 Days Delinquent,Townhouse,LA,71,654,11908
LN-102968,Paul Garcia,02/27/2022,02/27/2039,399000,335160,3.32,2915,Paid Off,Condo,NY,83,732,95551
LN-102969,Linda Lopez,02/27/2022,02/27/2037,443000,292380,4.31,2510,Current,Single Family,OH,69,736,17333
LN-102970,Lisa Ramirez,02/17/2022,02/17/2048,505000,383800,4.93,3596,90+ Days Delinquent,Single Family,MD,83,815,72156
LN-102971,Elizabeth Jackson,11/25/2018,11/25/2037,729000,626940,7.36,2826,60 Days Delinquent,Single Family,KY,75,689,86469
LN-102972,Karen Taylor,03/12/2022,03/12/2050,320000,307200,6.11,1611,90+ Days Delinquent,Multi Family,AL,64,728,65811
LN-102973,Joshua Jackson,04/20/2021,04/20/2043,290000,174000,6.24,3008,30 Days Delinquent,Commercial,WI,59,641,18805
LN-102974,Patricia White,08/02/2023,08/02/2051,622000,547360,4.39,2742,Paid Off,Townhouse,PA,88,651,42313
LN-102975,David Garcia,08/20/2021,08/20/2042,645000,528900,3.55,3640,60 Days Delinquent,Commercial,WA,68,757,86889
LN-102976,Charles Harris,11/28/2023,11/28/2047,712000,690640,5.58,1413,Default,Multi Family,UT,69,727,12893
LN-102977,Paul Hernandez,02/06/2023,02/06/2039,458000,274800,6.5,2561,Default,Multi Family,AZ,57,800,57447
LN-102978,Richard Clark,03/16/2023,03/16/2048,753000,685230,4.29,1727,Paid Off,Multi Family,TX,67,696,77496
LN-102979,Betty Moore,09/20/2019,09/20/2038,812000,771400,5.12,3188,90+ Days Delinquent,Condo,IN,72,708,33311
LN-102980,Steven Thomas,02/03/2020,02/03/2049,267000,208260,6.87,3476,Current,Townhouse,VA,61,670,35764
LN-102981,Michael Sanchez,12/15/2023,12/15/2052,704000,464640,5.16,2721,Current,Commercial,NC,63,788,32315
LN-102982,Donald Harris,07/24/2022,07/24/2038,247000,217360,4.9,1501,90+ Days Delinquent,Condo,CT,67,801,45808
LN-102983,Susan Sanchez,04/15/2022,04/15/2037,203000,154280,5.21,2140,60 Days Delinquent,Condo,OK,94,665,15930
LN-102984,Mary Gonzalez,11/10/2023,11/10/2041,245000,210700,6.04,2664,Paid Off,Commercial,OK,78,801,76381
LN-102985,Lisa Smith,02/12/2018,02/12/2047,573000,538620,4.45,2562,Current,Multi Family,GA,90,820,69486
LN-102986,Charles Clark,02/17/2023,02/17/2039,719000,510490,7.68,1377,Default,Commercial,MI,71,773,17946
LN-102987,Sarah Lewis,07/06/2023,07/06/2045,655000,517450,3.75,3376,60 Days Delinquent,Condo,SC,92,817,31133
LN-102988,Paul Sanchez,07/04/2020,07/04/2042,531000,387630,4.49,3200,90+ Days Delinquent,Commercial,PA,95,716,57708
LN-102989,Charles Smith,09/07/2019,09/07/2038,740000,540200,3.98,4402,60 Days Delinquent,Townhouse,IN,88,641,49615
LN-102990,Michael Anderson,01/19/2021,01/19/2037,415000,336150,4.66,2818,Current,Condo,GA,68,695,67243
LN-102991,Donna Martin,04/03/2021,04/03/2039,361000,339340,3.55,4389,Paid Off,Condo,WI,88,818,17694
LN-102992,Paul Clark,04/15/2022,04/15/2037,342000,212040,3.75,2590,Paid Off,Townhouse,TX,91,803,84963
LN-102993,Donald Ramirez,11/04/2019,11/04/2038,339000,308490,4.54,3680,Default,Condo,PA,56,805,39246
LN-102994,David Perez,12/05/2022,12/05/2049,472000,396480,6.31,2200,30 Days Delinquent,Condo,MI,88,737,13954
LN-102995,Michael Sanchez,09/19/2022,09/19/2038,560000,504000,6.8,1568,30 Days Delinquent,Townhouse,MO,57,695,66557
LN-102996,Steven Johnson,04/17/2021,04/17/2040,774000,712080,5.74,4049,90+ Days Delinquent,Condo,MA,82,814,21420
LN-102997,James Miller,02/15/2019,02/15/2049,208000,139360,3.32,4463,Paid Off,Townhouse,PA,78,757,55366
LN-102998,Matthew Ramirez,09/25/2020,09/25/2036,497000,337960,3.64,2759,60 Days Delinquent,Commercial,CA,72,638,28431
LN-102999,Jennifer Smith,08/12/2021,08/12/2043,454000,422220,3.41,2966,Default,Townhouse,UT,68,741,71066
LN-103000,James Moore,10/04/2019,10/04/2043,192000,136320,5.97,2612,90+ Days Delinquent,Single Family,OH,66,633,56290