loan_id,borrower_name,property_state,principal_balance,interest_rate,origination_date,maturity_date
LN_MSV_1,Massive Borrower 1,TX,262993,2.00,2024-01-01,2054-01-01
LN_MSV_2,Massive Borrower 2,TX,386200,9.40,2024-01-01,2054-01-01
LN_MSV_3,Massive Borrower 3,TX,424012,7.10,2024-01-01,2054-01-01
LN_MSV_4,Massive Borrower 4,TX,421648,8.10,2024-01-01,2054-01-01
LN_MSV_5,Massive Borrower 5,TX,265410,2.50,2024-01-01,2054-01-01
LN_MSV_6,Massive Borrower 6,TX,259753,9.60,2024-01-01,2054-01-01
LN_MSV_7,Massive Borrower 7,TX,402419,6.90,2024-01-01,2054-01-01
LN_MSV_8,Massive Borrower 8,TX,273359,7.50,2024-01-01,2054-01-01
LN_MSV_9,Massive Borrower 9,TX,461680,7.90,2024-01-01,2054-01-01
LN_MSV_10,Massive Borrower 10,TX,495206,9.80,2024-01-01,2054-01-01
LN_MSV_11,Massive Borrower 11,TX,276670,4.00,2024-01-01,2054-01-01
LN_MSV_12,Massive Borrower 12,TX,471974,1.10,2024-01-01,2054-01-01
LN_MSV_13,Massive Borrower 13,TX,70409,7.70,2024-01-01,2054-01-01
LN_MSV_14,Massive Borrower 14,TX,61308,5.00,2024-01-01,2054-01-01
LN_MSV_15,Massive Borrower 15,TX,368138,9.80,2024-01-01,2054-01-01
LN_MSV_16,Massive Borrower 16,TX,308166,3.30,2024-01-01,2054-01-01
LN_MSV_17,Massive Borrower 17,TX,144333,5.10,2024-01-01,2054-01-01
LN_MSV_18,Massive Borrower 18,TX,306000,5.90,2024-01-01,2054-01-01
LN_MSV_19,Massive Borrower 19,TX,332576,1.20,2024-01-01,2054-01-01
LN_MSV_20,Massive Borrower 20,TX,424646,9.00,2024-01-01,2054-01-01
LN_MSV_21,Massive Borrower 21,TX,222105,3.30,2024-01-01,2054-01-01
LN_MSV_22,Massive Borrower 22,TX,155163,9.40,2024-01-01,2054-01-01
LN_MSV_23,Massive Borrower 23,TX,185205,1.00,2024-01-01,2054-01-01
LN_MSV_24,Massive Borrower 24,TX,305905,3.10,2024-01-01,2054-01-01
LN_MSV_25,Massive Borrower 25,TX,144584,7.00,2024-01-01,2054-01-01
LN_MSV_26,Massive Borrower 26,TX,499878,1.00,2024-01-01,2054-01-01
LN_MSV_27,Massive Borrower 27,TX,202486,8.60,2024-01-01,2054-01-01
LN_MSV_28,Massive Borrower 28,TX,473145,3.80,2024-01-01,2054-01-01
LN_MSV_29,Massive Borrower 29,TX,284606,5.10,2024-01-01,2054-01-01
LN_MSV_30,Massive Borrower 30,TX,87003,5.20,2024-01-01,2054-01-01
LN_MSV_31,Massive Borrower 31,TX,354248,7.70,2024-01-01,2054-01-01
LN_MSV_32,Massive Borrower 32,TX,368338,9.00,2024-01-01,2054-01-01
LN_MSV_33,Massive Borrower 33,TX,492376,6.00,2024-01-01,2054-01-01
LN_MSV_34,Massive Borrower 34,TX,324389,1.40,2024-01-01,2054-01-01
LN_MSV_35,Massive Borrower 35,TX,275417,3.10,2024-01-01,2054-01-01
LN_MSV_36,Massive Borrower 36,TX,485693,3.10,2024-01-01,2054-01-01
LN_MSV_37,Massive Borrower 37,TX,284741,9.10,2024-01-01,2054-01-01
LN_MSV_38,Massive Borrower 38,TX,390931,5.00,2024-01-01,2054-01-01
LN_MSV_39,Massive Borrower 39,TX,230693,9.00,2024-01-01,2054-01-01
LN_MSV_40,Massive Borrower 40,TX,485574,7.80,2024-01-01,2054-01-01
LN_MSV_41,Massive Borrower 41,TX,430470,4.60,2024-01-01,2054-01-01
LN_MSV_42,Massive Borrower 42,TX,81613,9.00,2024-01-01,2054-01-01
LN_MSV_43,Massive Borrower 43,TX,484175,4.00,2024-01-01,2054-01-01
LN_MSV_44,Massive Borrower 44,TX,399527,5.80,2024-01-01,2054-01-01
LN_MSV_45,Massive Borrower 45,TX,104776,4.90,2024-01-01,2054-01-01
LN_MSV_46,Massive Borrower 46,TX,200737,4.40,2024-01-01,2054-01-01
LN_MSV_47,Massive Borrower 47,TX,431499,5.40,2024-01-01,2054-01-01
LN_MSV_48,Massive Borrower 48,TX,73738,8.60,2024-01-01,2054-01-01
LN_MSV_49,Massive Borrower 49,TX,450898,5.50,2024-01-01,2054-01-01
LN_MSV_50,Massive Borrower 50,TX,293088,5.20,2024-01-01,2054-01-01
LN_MSV_51,Massive Borrower 51,TX,181767,5.30,2024-01-01,2054-01-01
LN_MSV_52,Massive Borrower 52,TX,73144,7.80,2024-01-01,2054-01-01
LN_MSV_53,Massive Borrower 53,TX,468777,9.00,2024-01-01,2054-01-01
LN_MSV_54,Massive Borrower 54,TX,483316,3.40,2024-01-01,2054-01-01
LN_MSV_55,Massive Borrower 55,TX,122955,6.60,2024-01-01,2054-01-01
LN_MSV_56,Massive Borrower 56,TX,375798,5.90,2024-01-01,2054-01-01
LN_MSV_57,Massive Borrower 57,TX,217082,3.90,2024-01-01,2054-01-01
LN_MSV_58,Massive Borrower 58,TX,254551,9.20,2024-01-01,2054-01-01
LN_MSV_59,Massive Borrower 59,TX,78953,1.70,2024-01-01,2054-01-01
LN_MSV_60,Massive Borrower 60,TX,491132,7.50,2024-01-01,2054-01-01
LN_MSV_61,Massive Borrower 61,TX,309631,8.90,2024-01-01,2054-01-01
LN_MSV_62,Massive Borrower 62,TX,340396,9.90,2024-01-01,2054-01-01
LN_MSV_63,Massive Borrower 63,TX,231310,1.00,2024-01-01,2054-01-01
LN_MSV_64,Massive Borrower 64,TX,98009,1.70,2024-01-01,2054-01-01
LN_MSV_65,Massive Borrower 65,TX,469995,6.70,2024-01-01,2054-01-01
LN_MSV_66,Massive Borrower 66,TX,375281,4.90,2024-01-01,2054-01-01
LN_MSV_67,Massive Borrower 67,TX,331805,1.80,2024-01-01,2054-01-01
LN_MSV_68,Massive Borrower 68,TX,229628,9.50,2024-01-01,2054-01-01
LN_MSV_69,Massive Borrower 69,TX,285166,6.30,2024-01-01,2054-01-01
LN_MSV_70,Massive Borrower 70,TX,52410,2.20,2024-01-01,2054-01-01
LN_MSV_71,Massive Borrower 71,TX,393667,1.20,2024-01-01,2054-01-01
LN_MSV_72,Massive Borrower 72,TX,204521,7.00,2024-01-01,2054-01-01
LN_MSV_73,Massive Borrower 73,TX,249682,3.50,2024-01-01,2054-01-01
LN_MSV_74,Massive Borrower 74,TX,262555,7.30,2024-01-01,2054-01-01
LN_MSV_75,Massive Borrower 75,TX,230657,3.40,2024-01-01,2054-01-01
LN_MSV_76,Massive Borrower 76,TX,485131,1.70,2024-01-01,2054-01-01
LN_MSV_77,Massive Borrower 77,TX,58723,8.40,2024-01-01,2054-01-01
LN_MSV_78,Massive Borrower 78,TX,163598,4.30,2024-01-01,2054-01-01
LN_MSV_79,Massive Borrower 79,TX,185532,1.20,2024-01-01,2054-01-01
LN_MSV_80,Massive Borrower 80,TX,456703,2.00,2024-01-01,2054-01-01
LN_MSV_81,Massive Borrower 81,TX,250209,8.50,2024-01-01,2054-01-01
LN_MSV_82,Massive Borrower 82,TX,300736,6.10,2024-01-01,2054-01-01
LN_MSV_83,Massive Borrower 83,TX,269931,2.40,2024-01-01,2054-01-01
LN_MSV_84,Massive Borrower 84,TX,65640,7.10,2024-01-01,2054-01-01
LN_MSV_85,Massive Borrower 85,TX,443351,9.30,2024-01-01,2054-01-01
LN_MSV_86,Massive Borrower 86,TX,313862,6.50,2024-01-01,2054-01-01
LN_MSV_87,Massive Borrower 87,TX,391739,9.40,2024-01-01,2054-01-01
LN_MSV_88,Massive Borrower 88,TX,105823,8.70,2024-01-01,2054-01-01
LN_MSV_89,Massive Borrower 89,TX,418273,5.60,2024-01-01,2054-01-01
LN_MSV_90,Massive Borrower 90,TX,140500,5.70,2024-01-01,2054-01-01
LN_MSV_91,Massive Borrower 91,TX,234554,6.70,2024-01-01,2054-01-01
LN_MSV_92,Massive Borrower 92,TX,490329,2.20,2024-01-01,2054-01-01
LN_MSV_93,Massive Borrower 93,TX,203254,6.00,2024-01-01,2054-01-01
LN_MSV_94,Massive Borrower 94,TX,251291,2.60,2024-01-01,2054-01-01
LN_MSV_95,Massive Borrower 95,TX,160051,8.70,2024-01-01,2054-01-01
LN_MSV_96,Massive Borrower 96,TX,253604,7.10,2024-01-01,2054-01-01
LN_MSV_97,Massive Borrower 97,TX,252022,8.70,2024-01-01,2054-01-01
LN_MSV_98,Massive Borrower 98,TX,480003,2.80,2024-01-01,2054-01-01
LN_MSV_99,Massive Borrower 99,TX,259845,6.70,2024-01-01,2054-01-01
LN_MSV_100,Massive Borrower 100,TX,429223,9.10,2024-01-01,2054-01-01
LN_MSV_101,Massive Borrower 101,TX,122334,1.70,2024-01-01,2054-01-01
LN_MSV_102,Massive Borrower 102,TX,82504,6.50,2024-01-01,2054-01-01
LN_MSV_103,Massive Borrower 103,TX,403713,8.90,2024-01-01,2054-01-01
LN_MSV_104,Massive Borrower 104,TX,337135,2.70,2024-01-01,2054-01-01
LN_MSV_105,Massive Borrower 105,TX,232828,9.00,2024-01-01,2054-01-01
LN_MSV_106,Massive Borrower 106,TX,430707,6.10,2024-01-01,2054-01-01
LN_MSV_107,Massive Borrower 107,TX,494504,8.50,2024-01-01,2054-01-01
LN_MSV_108,Massive Borrower 108,TX,356373,1.10,2024-01-01,2054-01-01
LN_MSV_109,Massive Borrower 109,TX,101498,8.50,2024-01-01,2054-01-01
LN_MSV_110,Massive Borrower 110,TX,457386,5.40,2024-01-01,2054-01-01
LN_MSV_111,Massive Borrower 111,TX,183343,4.90,2024-01-01,2054-01-01
LN_MSV_112,Massive Borrower 112,TX,317601,2.60,2024-01-01,2054-01-01
LN_MSV_113,Massive Borrower 113,TX,141921,1.60,2024-01-01,2054-01-01
LN_MSV_114,Massive Borrower 114,TX,396501,1.50,2024-01-01,2054-01-01
LN_MSV_115,Massive Borrower 115,TX,121379,3.80,2024-01-01,2054-01-01
LN_MSV_116,Massive Borrower 116,TX,91570,6.40,2024-01-01,2054-01-01
LN_MSV_117,Massive Borrower 117,TX,77711,5.30,2024-01-01,2054-01-01
LN_MSV_118,Massive Borrower 118,TX,445390,8.00,2024-01-01,2054-01-01
LN_MSV_119,Massive Borrower 119,TX,383936,2.10,2024-01-01,2054-01-01
LN_MSV_120,Massive Borrower 120,TX,468828,5.90,2024-01-01,2054-01-01
LN_MSV_121,Massive Borrower 121,TX,420667,1.00,2024-01-01,2054-01-01
LN_MSV_122,Massive Borrower 122,TX,167560,3.40,2024-01-01,2054-01-01
LN_MSV_123,Massive Borrower 123,TX,181760,4.30,2024-01-01,2054-01-01
LN_MSV_124,Massive Borrower 124,TX,325407,6.40,2024-01-01,2054-01-01
LN_MSV_125,Massive Borrower 125,TX,294677,7.70,2024-01-01,2054-01-01
LN_MSV_126,Massive Borrower 126,TX,157837,6.80,2024-01-01,2054-01-01
LN_MSV_127,Massive Borrower 127,TX,190867,5.80,2024-01-01,2054-01-01
LN_MSV_128,Massive Borrower 128,TX,207825,2.80,2024-01-01,2054-01-01
LN_MSV_129,Massive Borrower 129,TX,147791,9.40,2024-01-01,2054-01-01
LN_MSV_130,Massive Borrower 130,TX,401296,7.50,2024-01-01,2054-01-01
LN_MSV_131,Massive Borrower 131,TX,460080,5.50,2024-01-01,2054-01-01
LN_MSV_132,Massive Borrower 132,TX,159149,5.70,2024-01-01,2054-01-01
LN_MSV_133,Massive Borrower 133,TX,201509,4.00,2024-01-01,2054-01-01
LN_MSV_134,Massive Borrower 134,TX,148161,1.50,2024-01-01,2054-01-01
LN_MSV_135,Massive Borrower 135,TX,459552,10.00,2024-01-01,2054-01-01
LN_MSV_136,Massive Borrower 136,TX,74724,9.10,2024-01-01,2054-01-01
LN_MSV_137,Massive Borrower 137,TX,286040,5.50,2024-01-01,2054-01-01
LN_MSV_138,Massive Borrower 138,TX,445167,3.90,2024-01-01,2054-01-01
LN_MSV_139,Massive Borrower 139,TX,217891,7.60,2024-01-01,2054-01-01
LN_MSV_140,Massive Borrower 140,TX,142519,6.60,2024-01-01,2054-01-01
LN_MSV_141,Massive Borrower 141,TX,198454,8.90,2024-01-01,2054-01-01
LN_MSV_142,Massive Borrower 142,TX,188180,6.30,2024-01-01,2054-01-01
LN_MSV_143,Massive Borrower 143,TX,137962,9.30,2024-01-01,2054-01-01
LN_MSV_144,Massive Borrower 144,TX,102391,9.20,2024-01-01,2054-01-01
LN_MSV_145,Massive Borrower 145,TX,372209,2.60,2024-01-01,2054-01-01
LN_MSV_146,Massive Borrower 146,TX,461469,6.90,2024-01-01,2054-01-01
LN_MSV_147,Massive Borrower 147,TX,383381,4.10,2024-01-01,2054-01-01
LN_MSV_148,Massive Borrower 148,TX,237228,7.20,2024-01-01,2054-01-01
LN_MSV_149,Massive Borrower 149,TX,425324,5.50,2024-01-01,2054-01-01
LN_MSV_150,Massive Borrower 150,TX,212241,6.70,2024-01-01,2054-01-01
LN_MSV_151,Massive Borrower 151,TX,212401,7.30,2024-01-01,2054-01-01
LN_MSV_152,Massive Borrower 152,TX,280685,3.40,2024-01-01,2054-01-01
LN_MSV_153,Massive Borrower 153,TX,177838,3.80,2024-01-01,2054-01-01
LN_MSV_154,Massive Borrower 154,TX,202582,3.00,2024-01-01,2054-01-01
LN_MSV_155,Massive Borrower 155,TX,189992,7.10,2024-01-01,2054-01-01
LN_MSV_156,Massive Borrower 156,TX,78229,7.20,2024-01-01,2054-01-01
LN_MSV_157,Massive Borrower 157,TX,95553,4.60,2024-01-01,2054-01-01
LN_MSV_158,Massive Borrower 158,TX,106093,2.70,2024-01-01,2054-01-01
LN_MSV_159,Massive Borrower 159,TX,313330,8.90,2024-01-01,2054-01-01
LN_MSV_160,Massive Borrower 160,TX,422134,6.00,2024-01-01,2054-01-01
LN_MSV_161,Massive Borrower 161,TX,290172,3.30,2024-01-01,2054-01-01
LN_MSV_162,Massive Borrower 162,TX,149049,7.80,2024-01-01,2054-01-01
LN_MSV_163,Massive Borrower 163,TX,464473,3.00,2024-01-01,2054-01-01
LN_MSV_164,Massive Borrower 164,TX,260244,1.90,2024-01-01,2054-01-01
LN_MSV_165,Massive Borrower 165,TX,476903,1.80,2024-01-01,2054-01-01
LN_MSV_166,Massive Borrower 166,TX,67623,7.20,2024-01-01,2054-01-01
LN_MSV_167,Massive Borrower 167,TX,353798,9.50,2024-01-01,2054-01-01
LN_MSV_168,Massive Borrower 168,TX,476300,2.70,2024-01-01,2054-01-01
LN_MSV_169,Massive Borrower 169,TX,222263,2.80,2024-01-01,2054-01-01
LN_MSV_170,Massive Borrower 170,TX,312751,2.10,2024-01-01,2054-01-01
LN_MSV_171,Massive Borrower 171,TX,287033,2.50,2024-01-01,2054-01-01
LN_MSV_172,Massive Borrower 172,TX,120795,3.50,2024-01-01,2054-01-01
LN_MSV_173,Massive Borrower 173,TX,465278,2.80,2024-01-01,2054-01-01
LN_MSV_174,Massive Borrower 174,TX,341210,3.40,2024-01-01,2054-01-01
LN_MSV_175,Massive Borrower 175,TX,137755,2.80,2024-01-01,2054-01-01
LN_MSV_176,Massive Borrower 176,TX,383367,3.80,2024-01-01,2054-01-01
LN_MSV_177,Massive Borrower 177,TX,367768,9.20,2024-01-01,2054-01-01
LN_MSV_178,Massive Borrower 178,TX,68682,8.50,2024-01-01,2054-01-01
LN_MSV_179,Massive Borrower 179,TX,63335,5.70,2024-01-01,2054-01-01
LN_MSV_180,Massive Borrower 180,TX,222317,4.90,2024-01-01,2054-01-01
LN_MSV_181,Massive Borrower 181,TX,314101,7.40,2024-01-01,2054-01-01
LN_MSV_182,Massive Borrower 182,TX,139685,6.80,2024-01-01,2054-01-01
LN_MSV_183,Massive Borrower 183,TX,124823,5.70,2024-01-01,2054-01-01
LN_MSV_184,Massive Borrower 184,TX,377199,2.10,2024-01-01,2054-01-01
LN_MSV_185,Massive Borrower 185,TX,400392,8.60,2024-01-01,2054-01-01
LN_MSV_186,Massive Borrower 186,TX,382982,6.30,2024-01-01,2054-01-01
LN_MSV_187,Massive Borrower 187,TX,405025,9.30,2024-01-01,2054-01-01
LN_MSV_188,Massive Borrower 188,TX,412717,4.40,2024-01-01,2054-01-01
LN_MSV_189,Massive Borrower 189,TX,373381,4.30,2024-01-01,2054-01-01
LN_MSV_190,Massive Borrower 190,TX,136786,6.60,2024-01-01,2054-01-01
LN_MSV_191,Massive Borrower 191,TX,409851,5.40,2024-01-01,2054-01-01
LN_MSV_192,Massive Borrower 192,TX,273069,5.50,2024-01-01,2054-01-01
LN_MSV_193,Massive Borrower 193,TX,57004,4.70,2024-01-01,2054-01-01
LN_MSV_194,Massive Borrower 194,TX,322416,1.80,2024-01-01,2054-01-01
LN_MSV_195,Massive Borrower 195,TX,311517,8.80,2024-01-01,2054-01-01
LN_MSV_196,Massive Borrower 196,TX,466263,6.10,2024-01-01,2054-01-01
LN_MSV_197,Massive Borrower 197,TX,438437,9.20,2024-01-01,2054-01-01
LN_MSV_198,Massive Borrower 198,TX,344838,2.10,2024-01-01,2054-01-01
LN_MSV_199,Massive Borrower 199,TX,402835,6.90,2024-01-01,2054-01-01
LN_MSV_200,Massive Borrower 200,TX,460017,3.80,2024-01-01,2054-01-01
LN_MSV_201,Massive Borrower 201,TX,463767,1.50,2024-01-01,2054-01-01
LN_MSV_202,Massive Borrower 202,TX,349582,3.60,2024-01-01,2054-01-01
LN_MSV_203,Massive Borrower 203,TX,397354,1.60,2024-01-01,2054-01-01
LN_MSV_204,Massive Borrower 204,TX,414041,5.50,2024-01-01,2054-01-01
LN_MSV_205,Massive Borrower 205,TX,295575,3.00,2024-01-01,2054-01-01
LN_MSV_206,Massive Borrower 206,TX,480469,9.30,2024-01-01,2054-01-01
LN_MSV_207,Massive Borrower 207,TX,406373,7.40,2024-01-01,2054-01-01
LN_MSV_208,Massive Borrower 208,TX,260881,9.70,2024-01-01,2054-01-01
LN_MSV_209,Massive Borrower 209,TX,120426,3.60,2024-01-01,2054-01-01
LN_MSV_210,Massive Borrower 210,TX,296132,4.40,2024-01-01,2054-01-01
LN_MSV_211,Massive Borrower 211,TX,293240,1.90,2024-01-01,2054-01-01
LN_MSV_212,Massive Borrower 212,TX,123480,8.00,2024-01-01,2054-01-01
LN_MSV_213,Massive Borrower 213,TX,287786,2.50,2024-01-01,2054-01-01
LN_MSV_214,Massive Borrower 214,TX,262807,7.70,2024-01-01,2054-01-01
LN_MSV_215,Massive Borrower 215,TX,377157,5.40,2024-01-01,2054-01-01
LN_MSV_216,Massive Borrower 216,TX,461665,3.80,2024-01-01,2054-01-01
LN_MSV_217,Massive Borrower 217,TX,178291,7.10,2024-01-01,2054-01-01
LN_MSV_218,Massive Borrower 218,TX,336813,5.90,2024-01-01,2054-01-01
LN_MSV_219,Massive Borrower 219,TX,420556,3.80,2024-01-01,2054-01-01
LN_MSV_220,Massive Borrower 220,TX,64612,6.80,2024-01-01,2054-01-01
LN_MSV_221,Massive Borrower 221,TX,375175,2.60,2024-01-01,2054-01-01
LN_MSV_222,Massive Borrower 222,TX,374970,8.90,2024-01-01,2054-01-01
LN_MSV_223,Massive Borrower 223,TX,459048,8.20,2024-01-01,2054-01-01
LN_MSV_224,Massive Borrower 224,TX,221771,2.70,2024-01-01,2054-01-01
LN_MSV_225,Massive Borrower 225,TX,193096,4.70,2024-01-01,2054-01-01
LN_MSV_226,Massive Borrower 226,TX,196959,1.40,2024-01-01,2054-01-01
LN_MSV_227,Massive Borrower 227,TX,99318,4.80,2024-01-01,2054-01-01
LN_MSV_228,Massive Borrower 228,TX,323807,4.40,2024-01-01,2054-01-01
LN_MSV_229,Massive Borrower 229,TX,75631,9.00,2024-01-01,2054-01-01
LN_MSV_230,Massive Borrower 230,TX,432985,5.40,2024-01-01,2054-01-01
LN_MSV_231,Massive Borrower 231,TX,121905,4.60,2024-01-01,2054-01-01
LN_MSV_232,Massive Borrower 232,TX,332734,6.00,2024-01-01,2054-01-01
LN_MSV_233,Massive Borrower 233,TX,118310,7.60,2024-01-01,2054-01-01
LN_MSV_234,Massive Borrower 234,TX,67116,4.90,2024-01-01,2054-01-01
LN_MSV_235,Massive Borrower 235,TX,163849,8.20,2024-01-01,2054-01-01
LN_MSV_236,Massive Borrower 236,TX,495613,1.30,2024-01-01,2054-01-01
LN_MSV_237,Massive Borrower 237,TX,292675,9.00,2024-01-01,2054-01-01
LN_MSV_238,Massive Borrower 238,TX,67685,7.80,2024-01-01,2054-01-01
LN_MSV_239,Massive Borrower 239,TX,78812,6.90,2024-01-01,2054-01-01
LN_MSV_240,Massive Borrower 240,TX,140174,4.20,2024-01-01,2054-01-01
LN_MSV_241,Massive Borrower 241,TX,383241,6.10,2024-01-01,2054-01-01
LN_MSV_242,Massive Borrower 242,TX,455727,2.00,2024-01-01,2054-01-01
LN_MSV_243,Massive Borrower 243,TX,383430,9.10,2024-01-01,2054-01-01
LN_MSV_244,Massive Borrower 244,TX,321519,6.10,2024-01-01,2054-01-01
LN_MSV_245,Massive Borrower 245,TX,413341,4.20,2024-01-01,2054-01-01
LN_MSV_246,Massive Borrower 246,TX,475409,2.70,2024-01-01,2054-01-01
LN_MSV_247,Massive Borrower 247,TX,423660,6.70,2024-01-01,2054-01-01
LN_MSV_248,Massive Borrower 248,TX,393002,2.90,2024-01-01,2054-01-01
LN_MSV_249,Massive Borrower 249,TX,178783,5.00,2024-01-01,2054-01-01
LN_MSV_250,Massive Borrower 250,TX,350157,1.50,2024-01-01,2054-01-01
LN_MSV_251,Massive Borrower 251,TX,209038,7.40,2024-01-01,2054-01-01
LN_MSV_252,Massive Borrower 252,TX,187391,6.10,2024-01-01,2054-01-01
LN_MSV_253,Massive Borrower 253,TX,448976,6.00,2024-01-01,2054-01-01
LN_MSV_254,Massive Borrower 254,TX,231598,4.90,2024-01-01,2054-01-01
LN_MSV_255,Massive Borrower 255,TX,225633,7.20,2024-01-01,2054-01-01
LN_MSV_256,Massive Borrower 256,TX,427355,8.30,2024-01-01,2054-01-01
LN_MSV_257,Massive Borrower 257,TX,158577,8.50,2024-01-01,2054-01-01
LN_MSV_258,Massive Borrower 258,TX,277604,8.60,2024-01-01,2054-01-01
LN_MSV_259,Massive Borrower 259,TX,150635,8.90,2024-01-01,2054-01-01
LN_MSV_260,Massive Borrower 260,TX,164392,5.90,2024-01-01,2054-01-01
LN_MSV_261,Massive Borrower 261,TX,286664,4.40,2024-01-01,2054-01-01
LN_MSV_262,Massive Borrower 262,TX,213945,9.80,2024-01-01,2054-01-01
LN_MSV_263,Massive Borrower 263,TX,92682,3.60,2024-01-01,2054-01-01
LN_MSV_264,Massive Borrower 264,TX,143622,6.80,2024-01-01,2054-01-01
LN_MSV_265,Massive Borrower 265,TX,238288,2.20,2024-01-01,2054-01-01
LN_MSV_266,Massive Borrower 266,TX,418644,8.80,2024-01-01,2054-01-01
LN_MSV_267,Massive Borrower 267,TX,272232,4.40,2024-01-01,2054-01-01
LN_MSV_268,Massive Borrower 268,TX,162316,2.50,2024-01-01,2054-01-01
LN_MSV_269,Massive Borrower 269,TX,451418,2.80,2024-01-01,2054-01-01
LN_MSV_270,Massive Borrower 270,TX,394477,6.70,2024-01-01,2054-01-01
LN_MSV_271,Massive Borrower 271,TX,282041,9.60,2024-01-01,2054-01-01
LN_MSV_272,Massive Borrower 272,TX,157956,6.40,2024-01-01,2054-01-01
LN_MSV_273,Massive Borrower 273,TX,79782,1.70,2024-01-01,2054-01-01
LN_MSV_274,Massive Borrower 274,TX,322741,7.10,2024-01-01,2054-01-01
LN_MSV_275,Massive Borrower 275,TX,226454,5.80,2024-01-01,2054-01-01
LN_MSV_276,Massive Borrower 276,TX,471497,6.00,2024-01-01,2054-01-01
LN_MSV_277,Massive Borrower 277,TX,175173,3.40,2024-01-01,2054-01-01
LN_MSV_278,Massive Borrower 278,TX,270894,9.00,2024-01-01,2054-01-01
LN_MSV_279,Massive Borrower 279,TX,324948,5.20,2024-01-01,2054-01-01
LN_MSV_280,Massive Borrower 280,TX,60004,7.10,2024-01-01,2054-01-01
LN_MSV_281,Massive Borrower 281,TX,101454,9.30,2024-01-01,2054-01-01
LN_MSV_282,Massive Borrower 282,TX,334912,5.70,2024-01-01,2054-01-01
LN_MSV_283,Massive Borrower 283,TX,470600,2.70,2024-01-01,2054-01-01
LN_MSV_284,Massive Borrower 284,TX,408568,4.10,2024-01-01,2054-01-01
LN_MSV_285,Massive Borrower 285,TX,107415,6.50,2024-01-01,2054-01-01
LN_MSV_286,Massive Borrower 286,TX,290649,4.40,2024-01-01,2054-01-01
LN_MSV_287,Massive Borrower 287,TX,210750,4.30,2024-01-01,2054-01-01
LN_MSV_288,Massive Borrower 288,TX,233839,4.60,2024-01-01,2054-01-01
LN_MSV_289,Massive Borrower 289,TX,73035,9.20,2024-01-01,2054-01-01
LN_MSV_290,Massive Borrower 290,TX,465205,9.60,2024-01-01,2054-01-01
LN_MSV_291,Massive Borrower 291,TX,176122,4.10,2024-01-01,2054-01-01
LN_MSV_292,Massive Borrower 292,TX,467119,2.20,2024-01-01,2054-01-01
LN_MSV_293,Massive Borrower 293,TX,478019,8.70,2024-01-01,2054-01-01
LN_MSV_294,Massive Borrower 294,TX,268148,3.30,2024-01-01,2054-01-01
LN_MSV_295,Massive Borrower 295,TX,115616,2.50,2024-01-01,2054-01-01
LN_MSV_296,Massive Borrower 296,TX,340136,8.40,2024-01-01,2054-01-01
LN_MSV_297,Massive Borrower 297,TX,386281,8.10,2024-01-01,2054-01-01
LN_MSV_298,Massive Borrower 298,TX,174972,7.80,2024-01-01,2054-01-01
LN_MSV_299,Massive Borrower 299,TX,338993,5.90,2024-01-01,2054-01-01
LN_MSV_300,Massive Borrower 300,TX,111234,6.00,2024-01-01,2054-01-01
LN_MSV_301,Massive Borrower 301,TX,76491,7.10,2024-01-01,2054-01-01
LN_MSV_302,Massive Borrower 302,TX,81052,6.90,2024-01-01,2054-01-01
LN_MSV_303,Massive Borrower 303,TX,162186,6.30,2024-01-01,2054-01-01
LN_MSV_304,Massive Borrower 304,TX,167048,4.70,2024-01-01,2054-01-01
LN_MSV_305,Massive Borrower 305,TX,482496,5.70,2024-01-01,2054-01-01
LN_MSV_306,Massive Borrower 306,TX,243350,7.60,2024-01-01,2054-01-01
LN_MSV_307,Massive Borrower 307,TX,456502,2.10,2024-01-01,2054-01-01
LN_MSV_308,Massive Borrower 308,TX,99573,9.50,2024-01-01,2054-01-01
LN_MSV_309,Massive Borrower 309,TX,107634,7.70,2024-01-01,2054-01-01
LN_MSV_310,Massive Borrower 310,TX,130222,6.60,2024-01-01,2054-01-01
LN_MSV_311,Massive Borrower 311,TX,122227,7.30,2024-01-01,2054-01-01
LN_MSV_312,Massive Borrower 312,TX,166156,5.40,2024-01-01,2054-01-01
LN_MSV_313,Massive Borrower 313,TX,286506,4.50,2024-01-01,2054-01-01
LN_MSV_314,Massive Borrower 314,TX,364972,6.80,2024-01-01,2054-01-01
LN_MSV_315,Massive Borrower 315,TX,320840,3.60,2024-01-01,2054-01-01
LN_MSV_316,Massive Borrower 316,TX,460604,2.10,2024-01-01,2054-01-01
LN_MSV_317,Massive Borrower 317,TX,377806,4.90,2024-01-01,2054-01-01
LN_MSV_318,Massive Borrower 318,TX,205712,1.30,2024-01-01,2054-01-01
LN_MSV_319,Massive Borrower 319,TX,79385,1.70,2024-01-01,2054-01-01
LN_MSV_320,Massive Borrower 320,TX,187093,1.80,2024-01-01,2054-01-01
LN_MSV_321,Massive Borrower 321,TX,266111,9.70,2024-01-01,2054-01-01
LN_MSV_322,Massive Borrower 322,TX,123594,2.10,2024-01-01,2054-01-01
LN_MSV_323,Massive Borrower 323,TX,255566,1.40,2024-01-01,2054-01-01
LN_MSV_324,Massive Borrower 324,TX,398048,3.50,2024-01-01,2054-01-01
LN_MSV_325,Massive Borrower 325,TX,129274,8.70,2024-01-01,2054-01-01
LN_MSV_326,Massive Borrower 326,TX,147255,5.70,2024-01-01,2054-01-01
LN_MSV_327,Massive Borrower 327,TX,486282,7.60,2024-01-01,2054-01-01
LN_MSV_328,Massive Borrower 328,TX,327715,8.00,2024-01-01,2054-01-01
LN_MSV_329,Massive Borrower 329,TX,348158,5.70,2024-01-01,2054-01-01
LN_MSV_330,Massive Borrower 330,TX,471902,5.60,2024-01-01,2054-01-01
LN_MSV_331,Massive Borrower 331,TX,417920,7.90,2024-01-01,2054-01-01
LN_MSV_332,Massive Borrower 332,TX,247781,8.80,2024-01-01,2054-01-01
LN_MSV_333,Massive Borrower 333,TX,63492,4.40,2024-01-01,2054-01-01
LN_MSV_334,Massive Borrower 334,TX,452850,5.80,2024-01-01,2054-01-01
LN_MSV_335,Massive Borrower 335,TX,133757,6.90,2024-01-01,2054-01-01
LN_MSV_336,Massive Borrower 336,TX,412621,5.70,2024-01-01,2054-01-01
LN_MSV_337,Massive Borrower 337,TX,105499,3.10,2024-01-01,2054-01-01
LN_MSV_338,Massive Borrower 338,TX,242034,3.50,2024-01-01,2054-01-01
LN_MSV_339,Massive Borrower 339,TX,65174,3.40,2024-01-01,2054-01-01
LN_MSV_340,Massive Borrower 340,TX,183193,5.30,2024-01-01,2054-01-01
LN_MSV_341,Massive Borrower 341,TX,172018,4.40,2024-01-01,2054-01-01
LN_MSV_342,Massive Borrower 342,TX,52197,6.10,2024-01-01,2054-01-01
LN_MSV_343,Massive Borrower 343,TX,425920,8.00,2024-01-01,2054-01-01
LN_MSV_344,Massive Borrower 344,TX,54712,9.40,2024-01-01,2054-01-01
LN_MSV_345,Massive Borrower 345,TX,138636,5.80,2024-01-01,2054-01-01
LN_MSV_346,Massive Borrower 346,TX,129543,6.00,2024-01-01,2054-01-01
LN_MSV_347,Massive Borrower 347,TX,111692,6.90,2024-01-01,2054-01-01
LN_MSV_348,Massive Borrower 348,TX,217683,6.30,2024-01-01,2054-01-01
LN_MSV_349,Massive Borrower 349,TX,133389,5.90,2024-01-01,2054-01-01
LN_MSV_350,Massive Borrower 350,TX,255963,4.20,2024-01-01,2054-01-01
LN_MSV_351,Massive Borrower 351,TX,230580,2.70,2024-01-01,2054-01-01
LN_MSV_352,Massive Borrower 352,TX,309944,7.50,2024-01-01,2054-01-01
LN_MSV_353,Massive Borrower 353,TX,250999,9.10,2024-01-01,2054-01-01
LN_MSV_354,Massive Borrower 354,TX,82750,7.20,2024-01-01,2054-01-01
LN_MSV_355,Massive Borrower 355,TX,139265,4.60,2024-01-01,2054-01-01
LN_MSV_356,Massive Borrower 356,TX,169759,5.00,2024-01-01,2054-01-01
LN_MSV_357,Massive Borrower 357,TX,291547,8.60,2024-01-01,2054-01-01
LN_MSV_358,Massive Borrower 358,TX,338745,1.70,2024-01-01,2054-01-01
LN_MSV_359,Massive Borrower 359,TX,181405,6.10,2024-01-01,2054-01-01
LN_MSV_360,Massive Borrower 360,TX,417983,4.80,2024-01-01,2054-01-01
LN_MSV_361,Massive Borrower 361,TX,246139,4.80,2024-01-01,2054-01-01
LN_MSV_362,Massive Borrower 362,TX,392488,2.90,2024-01-01,2054-01-01
LN_MSV_363,Massive Borrower 363,TX,380128,9.50,2024-01-01,2054-01-01
LN_MSV_364,Massive Borrower 364,TX,354532,4.50,2024-01-01,2054-01-01
LN_MSV_365,Massive Borrower 365,TX,237390,4.20,2024-01-01,2054-01-01
LN_MSV_366,Massive Borrower 366,TX,225510,9.50,2024-01-01,2054-01-01
LN_MSV_367,Massive Borrower 367,TX,343732,3.60,2024-01-01,2054-01-01
LN_MSV_368,Massive Borrower 368,TX,254454,9.00,2024-01-01,2054-01-01
LN_MSV_369,Massive Borrower 369,TX,223442,9.40,2024-01-01,2054-01-01
LN_MSV_370,Massive Borrower 370,TX,65105,2.70,2024-01-01,2054-01-01
LN_MSV_371,Massive Borrower 371,TX,431382,5.60,2024-01-01,2054-01-01
LN_MSV_372,Massive Borrower 372,TX,102343,6.90,2024-01-01,2054-01-01
LN_MSV_373,Massive Borrower 373,TX,234255,7.20,2024-01-01,2054-01-01
LN_MSV_374,Massive Borrower 374,TX,323268,3.10,2024-01-01,2054-01-01
LN_MSV_375,Massive Borrower 375,TX,381069,8.30,2024-01-01,2054-01-01
LN_MSV_376,Massive Borrower 376,TX,185840,4.90,2024-01-01,2054-01-01
LN_MSV_377,Massive Borrower 377,TX,408589,2.40,2024-01-01,2054-01-01
LN_MSV_378,Massive Borrower 378,TX,61143,1.80,2024-01-01,2054-01-01
LN_MSV_379,Massive Borrower 379,TX,387201,2.20,2024-01-01,2054-01-01
LN_MSV_380,Massive Borrower 380,TX,213334,3.30,2024-01-01,2054-01-01
LN_MSV_381,Massive Borrower 381,TX,357452,1.80,2024-01-01,2054-01-01
LN_MSV_382,Massive Borrower 382,TX,68218,8.50,2024-01-01,2054-01-01
LN_MSV_383,Massive Borrower 383,TX,375890,8.20,2024-01-01,2054-01-01
LN_MSV_384,Massive Borrower 384,TX,289081,8.30,2024-01-01,2054-01-01
LN_MSV_385,Massive Borrower 385,TX,187924,3.90,2024-01-01,2054-01-01
LN_MSV_386,Massive Borrower 386,TX,207842,8.60,2024-01-01,2054-01-01
LN_MSV_387,Massive Borrower 387,TX,256554,6.30,2024-01-01,2054-01-01
LN_MSV_388,Massive Borrower 388,TX,314099,7.50,2024-01-01,2054-01-01
LN_MSV_389,Massive Borrower 389,TX,235967,7.00,2024-01-01,2054-01-01
LN_MSV_390,Massive Borrower 390,TX,68579,3.70,2024-01-01,2054-01-01
LN_MSV_391,Massive Borrower 391,TX,321286,5.30,2024-01-01,2054-01-01
LN_MSV_392,Massive Borrower 392,TX,344980,9.50,2024-01-01,2054-01-01
LN_MSV_393,Massive Borrower 393,TX,379867,3.80,2024-01-01,2054-01-01
LN_MSV_394,Massive Borrower 394,TX,182588,6.00,2024-01-01,2054-01-01
LN_MSV_395,Massive Borrower 395,TX,355250,3.30,2024-01-01,2054-01-01
LN_MSV_396,Massive Borrower 396,TX,433624,1.20,2024-01-01,2054-01-01
LN_MSV_397,Massive Borrower 397,TX,93762,4.60,2024-01-01,2054-01-01
LN_MSV_398,Massive Borrower 398,TX,230517,9.90,2024-01-01,2054-01-01
LN_MSV_399,Massive Borrower 399,TX,499034,9.20,2024-01-01,2054-01-01
LN_MSV_400,Massive Borrower 400,TX,79001,1.90,2024-01-01,2054-01-01
LN_MSV_401,Massive Borrower 401,TX,362345,1.60,2024-01-01,2054-01-01
LN_MSV_402,Massive Borrower 402,TX,435315,6.60,2024-01-01,2054-01-01
LN_MSV_403,Massive Borrower 403,TX,185066,4.00,2024-01-01,2054-01-01
LN_MSV_404,Massive Borrower 404,TX,480408,10.00,2024-01-01,2054-01-01
LN_MSV_405,Massive Borrower 405,TX,90497,3.10,2024-01-01,2054-01-01
LN_MSV_406,Massive Borrower 406,TX,482907,8.90,2024-01-01,2054-01-01
LN_MSV_407,Massive Borrower 407,TX,156590,5.00,2024-01-01,2054-01-01
LN_MSV_408,Massive Borrower 408,TX,328917,6.50,2024-01-01,2054-01-01
LN_MSV_409,Massive Borrower 409,TX,298129,7.00,2024-01-01,2054-01-01
LN_MSV_410,Massive Borrower 410,TX,470812,9.10,2024-01-01,2054-01-01
LN_MSV_411,Massive Borrower 411,TX,348768,7.30,2024-01-01,2054-01-01
LN_MSV_412,Massive Borrower 412,TX,166479,4.80,2024-01-01,2054-01-01
LN_MSV_413,Massive Borrower 413,TX,279948,8.90,2024-01-01,2054-01-01
LN_MSV_414,Massive Borrower 414,TX,175223,8.90,2024-01-01,2054-01-01
LN_MSV_415,Massive Borrower 415,TX,411391,2.70,2024-01-01,2054-01-01
LN_MSV_416,Massive Borrower 416,TX,411340,7.80,2024-01-01,2054-01-01
LN_MSV_417,Massive Borrower 417,TX,344510,2.30,2024-01-01,2054-01-01
LN_MSV_418,Massive Borrower 418,TX,406302,8.20,2024-01-01,2054-01-01
LN_MSV_419,Massive Borrower 419,TX,459029,2.80,2024-01-01,2054-01-01
LN_MSV_420,Massive Borrower 420,TX,334229,8.80,2024-01-01,2054-01-01
LN_MSV_421,Massive Borrower 421,TX,254906,5.80,2024-01-01,2054-01-01
LN_MSV_422,Massive Borrower 422,TX,333879,2.10,2024-01-01,2054-01-01
LN_MSV_423,Massive Borrower 423,TX,456520,9.70,2024-01-01,2054-01-01
LN_MSV_424,Massive Borrower 424,TX,488501,6.20,2024-01-01,2054-01-01
LN_MSV_425,Massive Borrower 425,TX,408026,5.40,2024-01-01,2054-01-01
LN_MSV_426,Massive Borrower 426,TX,125737,4.30,2024-01-01,2054-01-01
LN_MSV_427,Massive Borrower 427,TX,52518,1.20,2024-01-01,2054-01-01
LN_MSV_428,Massive Borrower 428,TX,228872,8.50,2024-01-01,2054-01-01
LN_MSV_429,Massive Borrower 429,TX,175805,2.10,2024-01-01,2054-01-01
LN_MSV_430,Massive Borrower 430,TX,206294,8.10,2024-01-01,2054-01-01
LN_MSV_431,Massive Borrower 431,TX,153398,9.10,2024-01-01,2054-01-01
LN_MSV_432,Massive Borrower 432,TX,52259,3.50,2024-01-01,2054-01-01
LN_MSV_433,Massive Borrower 433,TX,279432,2.20,2024-01-01,2054-01-01
LN_MSV_434,Massive Borrower 434,TX,232848,8.80,2024-01-01,2054-01-01
LN_MSV_435,Massive Borrower 435,TX,440192,8.70,2024-01-01,2054-01-01
LN_MSV_436,Massive Borrower 436,TX,248098,10.00,2024-01-01,2054-01-01
LN_MSV_437,Massive Borrower 437,TX,244123,4.70,2024-01-01,2054-01-01
LN_MSV_438,Massive Borrower 438,TX,86569,4.20,2024-01-01,2054-01-01
LN_MSV_439,Massive Borrower 439,TX,103812,1.40,2024-01-01,2054-01-01
LN_MSV_440,Massive Borrower 440,TX,261272,7.20,2024-01-01,2054-01-01
LN_MSV_441,Massive Borrower 441,TX,177060,2.50,2024-01-01,2054-01-01
LN_MSV_442,Massive Borrower 442,TX,113952,7.60,2024-01-01,2054-01-01
LN_MSV_443,Massive Borrower 443,TX,299378,2.10,2024-01-01,2054-01-01
LN_MSV_444,Massive Borrower 444,TX,196907,5.60,2024-01-01,2054-01-01
LN_MSV_445,Massive Borrower 445,TX,477434,7.60,2024-01-01,2054-01-01
LN_MSV_446,Massive Borrower 446,TX,399117,1.00,2024-01-01,2054-01-01
LN_MSV_447,Massive Borrower 447,TX,439264,4.50,2024-01-01,2054-01-01
LN_MSV_448,Massive Borrower 448,TX,103606,9.50,2024-01-01,2054-01-01
LN_MSV_449,Massive Borrower 449,TX,293358,1.70,2024-01-01,2054-01-01
LN_MSV_450,Massive Borrower 450,TX,145680,6.40,2024-01-01,2054-01-01
LN_MSV_451,Massive Borrower 451,TX,78629,4.40,2024-01-01,2054-01-01
LN_MSV_452,Massive Borrower 452,TX,449979,2.50,2024-01-01,2054-01-01
LN_MSV_453,Massive Borrower 453,TX,201446,8.50,2024-01-01,2054-01-01
LN_MSV_454,Massive Borrower 454,TX,162863,9.30,2024-01-01,2054-01-01
LN_MSV_455,Massive Borrower 455,TX,405549,4.80,2024-01-01,2054-01-01
LN_MSV_456,Massive Borrower 456,TX,400992,6.60,2024-01-01,2054-01-01
LN_MSV_457,Massive Borrower 457,TX,387212,7.90,2024-01-01,2054-01-01
LN_MSV_458,Massive Borrower 458,TX,494179,5.70,2024-01-01,2054-01-01
LN_MSV_459,Massive Borrower 459,TX,435943,6.10,2024-01-01,2054-01-01
LN_MSV_460,Massive Borrower 460,TX,232878,6.70,2024-01-01,2054-01-01
LN_MSV_461,Massive Borrower 461,TX,235918,8.20,2024-01-01,2054-01-01
LN_MSV_462,Massive Borrower 462,TX,356465,9.40,2024-01-01,2054-01-01
LN_MSV_463,Massive Borrower 463,TX,444934,2.30,2024-01-01,2054-01-01
LN_MSV_464,Massive Borrower 464,TX,237008,8.10,2024-01-01,2054-01-01
LN_MSV_465,Massive Borrower 465,TX,66136,1.60,2024-01-01,2054-01-01
LN_MSV_466,Massive Borrower 466,TX,463819,2.90,2024-01-01,2054-01-01
LN_MSV_467,Massive Borrower 467,TX,71494,1.40,2024-01-01,2054-01-01
LN_MSV_468,Massive Borrower 468,TX,54478,2.50,2024-01-01,2054-01-01
LN_MSV_469,Massive Borrower 469,TX,218867,7.20,2024-01-01,2054-01-01
LN_MSV_470,Massive Borrower 470,TX,270108,6.20,2024-01-01,2054-01-01
LN_MSV_471,Massive Borrower 471,TX,439379,7.90,2024-01-01,2054-01-01
LN_MSV_472,Massive Borrower 472,TX,101812,3.40,2024-01-01,2054-01-01
LN_MSV_473,Massive Borrower 473,TX,238469,3.40,2024-01-01,2054-01-01
LN_MSV_474,Massive Borrower 474,TX,194807,1.90,2024-01-01,2054-01-01
LN_MSV_475,Massive Borrower 475,TX,354927,8.90,2024-01-01,2054-01-01
LN_MSV_476,Massive Borrower 476,TX,434842,6.50,2024-01-01,2054-01-01
LN_MSV_477,Massive Borrower 477,TX,245459,2.00,2024-01-01,2054-01-01
LN_MSV_478,Massive Borrower 478,TX,303526,8.60,2024-01-01,2054-01-01
LN_MSV_479,Massive Borrower 479,TX,209834,5.40,2024-01-01,2054-01-01
LN_MSV_480,Massive Borrower 480,TX,484526,2.90,2024-01-01,2054-01-01
LN_MSV_481,Massive Borrower 481,TX,248315,5.40,2024-01-01,2054-01-01
LN_MSV_482,Massive Borrower 482,TX,200945,1.10,2024-01-01,2054-01-01
LN_MSV_483,Massive Borrower 483,TX,139914,1.60,2024-01-01,2054-01-01
LN_MSV_484,Massive Borrower 484,TX,282465,6.70,2024-01-01,2054-01-01
LN_MSV_485,Massive Borrower 485,TX,212214,6.80,2024-01-01,2054-01-01
LN_MSV_486,Massive Borrower 486,TX,298127,9.80,2024-01-01,2054-01-01
LN_MSV_487,Massive Borrower 487,TX,175725,8.80,2024-01-01,2054-01-01
LN_MSV_488,Massive Borrower 488,TX,387109,4.70,2024-01-01,2054-01-01
LN_MSV_489,Massive Borrower 489,TX,302584,2.90,2024-01-01,2054-01-01
LN_MSV_490,Massive Borrower 490,TX,101969,8.60,2024-01-01,2054-01-01
LN_MSV_491,Massive Borrower 491,TX,206870,2.20,2024-01-01,2054-01-01
LN_MSV_492,Massive Borrower 492,TX,455698,3.20,2024-01-01,2054-01-01
LN_MSV_493,Massive Borrower 493,TX,90818,5.90,2024-01-01,2054-01-01
LN_MSV_494,Massive Borrower 494,TX,57877,1.50,2024-01-01,2054-01-01
LN_MSV_495,Massive Borrower 495,TX,454196,3.40,2024-01-01,2054-01-01
LN_MSV_496,Massive Borrower 496,TX,405604,1.00,2024-01-01,2054-01-01
LN_MSV_497,Massive Borrower 497,TX,227274,2.20,2024-01-01,2054-01-01
LN_MSV_498,Massive Borrower 498,TX,214296,3.20,2024-01-01,2054-01-01
LN_MSV_499,Massive Borrower 499,TX,310291,3.00,2024-01-01,2054-01-01
LN_MSV_500,Massive Borrower 500,TX,69926,5.40,2024-01-01,2054-01-01
LN_MSV_501,Massive Borrower 501,TX,368504,8.20,2024-01-01,2054-01-01
LN_MSV_502,Massive Borrower 502,TX,446228,7.50,2024-01-01,2054-01-01
LN_MSV_503,Massive Borrower 503,TX,370075,5.20,2024-01-01,2054-01-01
LN_MSV_504,Massive Borrower 504,TX,491665,6.00,2024-01-01,2054-01-01
LN_MSV_505,Massive Borrower 505,TX,183340,7.30,2024-01-01,2054-01-01
LN_MSV_506,Massive Borrower 506,TX,483748,6.20,2024-01-01,2054-01-01
LN_MSV_507,Massive Borrower 507,TX,381361,3.80,2024-01-01,2054-01-01
LN_MSV_508,Massive Borrower 508,TX,92530,9.40,2024-01-01,2054-01-01
LN_MSV_509,Massive Borrower 509,TX,339001,4.20,2024-01-01,2054-01-01
LN_MSV_510,Massive Borrower 510,TX,408368,7.30,2024-01-01,2054-01-01
LN_MSV_511,Massive Borrower 511,TX,265543,4.90,2024-01-01,2054-01-01
LN_MSV_512,Massive Borrower 512,TX,371626,8.10,2024-01-01,2054-01-01
LN_MSV_513,Massive Borrower 513,TX,412774,3.90,2024-01-01,2054-01-01
LN_MSV_514,Massive Borrower 514,TX,298464,8.60,2024-01-01,2054-01-01
LN_MSV_515,Massive Borrower 515,TX,99916,4.40,2024-01-01,2054-01-01
LN_MSV_516,Massive Borrower 516,TX,129551,5.70,2024-01-01,2054-01-01
LN_MSV_517,Massive Borrower 517,TX,232261,2.80,2024-01-01,2054-01-01
LN_MSV_518,Massive Borrower 518,TX,369554,1.90,2024-01-01,2054-01-01
LN_MSV_519,Massive Borrower 519,TX,68295,1.90,2024-01-01,2054-01-01
LN_MSV_520,Massive Borrower 520,TX,293611,3.60,2024-01-01,2054-01-01
LN_MSV_521,Massive Borrower 521,TX,75343,2.60,2024-01-01,2054-01-01
LN_MSV_522,Massive Borrower 522,TX,125159,3.50,2024-01-01,2054-01-01
LN_MSV_523,Massive Borrower 523,TX,485550,3.40,2024-01-01,2054-01-01
LN_MSV_524,Massive Borrower 524,TX,238956,8.30,2024-01-01,2054-01-01
LN_MSV_525,Massive Borrower 525,TX,390280,9.60,2024-01-01,2054-01-01
LN_MSV_526,Massive Borrower 526,TX,72199,7.60,2024-01-01,2054-01-01
LN_MSV_527,Massive Borrower 527,TX,419613,2.50,2024-01-01,2054-01-01
LN_MSV_528,Massive Borrower 528,TX,180530,2.90,2024-01-01,2054-01-01
LN_MSV_529,Massive Borrower 529,TX,152975,5.50,2024-01-01,2054-01-01
LN_MSV_530,Massive Borrower 530,TX,56250,6.80,2024-01-01,2054-01-01
LN_MSV_531,Massive Borrower 531,TX,449753,2.30,2024-01-01,2054-01-01
LN_MSV_532,Massive Borrower 532,TX,196092,9.50,2024-01-01,2054-01-01
LN_MSV_533,Massive Borrower 533,TX,367157,8.90,2024-01-01,2054-01-01
LN_MSV_534,Massive Borrower 534,TX,121847,9.80,2024-01-01,2054-01-01
LN_MSV_535,Massive Borrower 535,TX,380832,8.70,2024-01-01,2054-01-01
LN_MSV_536,Massive Borrower 536,TX,336841,4.20,2024-01-01,2054-01-01
LN_MSV_537,Massive Borrower 537,TX,256031,5.30,2024-01-01,2054-01-01
LN_MSV_538,Massive Borrower 538,TX,305817,9.90,2024-01-01,2054-01-01
LN_MSV_539,Massive Borrower 539,TX,274307,6.30,2024-01-01,2054-01-01
LN_MSV_540,Massive Borrower 540,TX,490785,6.50,2024-01-01,2054-01-01
LN_MSV_541,Massive Borrower 541,TX,403360,1.20,2024-01-01,2054-01-01
LN_MSV_542,Massive Borrower 542,TX,84951,1.20,2024-01-01,2054-01-01
LN_MSV_543,Massive Borrower 543,TX,158228,9.40,2024-01-01,2054-01-01
LN_MSV_544,Massive Borrower 544,TX,253833,9.40,2024-01-01,2054-01-01
LN_MSV_545,Massive Borrower 545,TX,173597,4.80,2024-01-01,2054-01-01
LN_MSV_546,Massive Borrower 546,TX,250598,7.60,2024-01-01,2054-01-01
LN_MSV_547,Massive Borrower 547,TX,204300,1.20,2024-01-01,2054-01-01
LN_MSV_548,Massive Borrower 548,TX,448197,8.80,2024-01-01,2054-01-01
LN_MSV_549,Massive Borrower 549,TX,176782,1.30,2024-01-01,2054-01-01
LN_MSV_550,Massive Borrower 550,TX,414812,1.10,2024-01-01,2054-01-01
LN_MSV_551,Massive Borrower 551,TX,484247,3.70,2024-01-01,2054-01-01
LN_MSV_552,Massive Borrower 552,TX,163665,6.30,2024-01-01,2054-01-01
LN_MSV_553,Massive Borrower 553,TX,404870,7.90,2024-01-01,2054-01-01
LN_MSV_554,Massive Borrower 554,TX,481772,4.80,2024-01-01,2054-01-01
LN_MSV_555,Massive Borrower 555,TX,232815,7.10,2024-01-01,2054-01-01
LN_MSV_556,Massive Borrower 556,TX,403967,5.40,2024-01-01,2054-01-01
LN_MSV_557,Massive Borrower 557,TX,132502,5.70,2024-01-01,2054-01-01
LN_MSV_558,Massive Borrower 558,TX,179834,7.60,2024-01-01,2054-01-01
LN_MSV_559,Massive Borrower 559,TX,142739,1.20,2024-01-01,2054-01-01
LN_MSV_560,Massive Borrower 560,TX,51305,6.90,2024-01-01,2054-01-01
LN_MSV_561,Massive Borrower 561,TX,101220,8.70,2024-01-01,2054-01-01
LN_MSV_562,Massive Borrower 562,TX,115998,3.30,2024-01-01,2054-01-01
LN_MSV_563,Massive Borrower 563,TX,199886,2.20,2024-01-01,2054-01-01
LN_MSV_564,Massive Borrower 564,TX,287501,3.40,2024-01-01,2054-01-01
LN_MSV_565,Massive Borrower 565,TX,265277,8.20,2024-01-01,2054-01-01
LN_MSV_566,Massive Borrower 566,TX,386332,8.00,2024-01-01,2054-01-01
LN_MSV_567,Massive Borrower 567,TX,302706,7.60,2024-01-01,2054-01-01
LN_MSV_568,Massive Borrower 568,TX,346431,2.30,2024-01-01,2054-01-01
LN_MSV_569,Massive Borrower 569,TX,275116,8.50,2024-01-01,2054-01-01
LN_MSV_570,Massive Borrower 570,TX,274221,6.70,2024-01-01,2054-01-01
LN_MSV_571,Massive Borrower 571,TX,346238,3.40,2024-01-01,2054-01-01
LN_MSV_572,Massive Borrower 572,TX,348807,4.30,2024-01-01,2054-01-01
LN_MSV_573,Massive Borrower 573,TX,362517,4.00,2024-01-01,2054-01-01
LN_MSV_574,Massive Borrower 574,TX,129268,5.50,2024-01-01,2054-01-01
LN_MSV_575,Massive Borrower 575,TX,472932,4.00,2024-01-01,2054-01-01
LN_MSV_576,Massive Borrower 576,TX,318182,4.00,2024-01-01,2054-01-01
LN_MSV_577,Massive Borrower 577,TX,488999,8.20,2024-01-01,2054-01-01
LN_MSV_578,Massive Borrower 578,TX,101574,8.50,2024-01-01,2054-01-01
LN_MSV_579,Massive Borrower 579,TX,446426,4.30,2024-01-01,2054-01-01
LN_MSV_580,Massive Borrower 580,TX,485679,3.30,2024-01-01,2054-01-01
LN_MSV_581,Massive Borrower 581,TX,95198,9.30,2024-01-01,2054-01-01
LN_MSV_582,Massive Borrower 582,TX,479430,6.50,2024-01-01,2054-01-01
LN_MSV_583,Massive Borrower 583,TX,229298,7.60,2024-01-01,2054-01-01
LN_MSV_584,Massive Borrower 584,TX,416248,8.60,2024-01-01,2054-01-01
LN_MSV_585,Massive Borrower 585,TX,451387,8.90,2024-01-01,2054-01-01
LN_MSV_586,Massive Borrower 586,TX,124386,6.00,2024-01-01,2054-01-01
LN_MSV_587,Massive Borrower 587,TX,92730,1.50,2024-01-01,2054-01-01
LN_MSV_588,Massive Borrower 588,TX,223960,9.80,2024-01-01,2054-01-01
LN_MSV_589,Massive Borrower 589,TX,374814,3.90,2024-01-01,2054-01-01
LN_MSV_590,Massive Borrower 590,TX,471535,1.30,2024-01-01,2054-01-01
LN_MSV_591,Massive Borrower 591,TX,281623,5.10,2024-01-01,2054-01-01
LN_MSV_592,Massive Borrower 592,TX,95149,7.60,2024-01-01,2054-01-01
LN_MSV_593,Massive Borrower 593,TX,386315,9.20,2024-01-01,2054-01-01
LN_MSV_594,Massive Borrower 594,TX,221689,10.00,2024-01-01,2054-01-01
LN_MSV_595,Massive Borrower 595,TX,201924,9.30,2024-01-01,2054-01-01
LN_MSV_596,Massive Borrower 596,TX,237623,4.40,2024-01-01,2054-01-01
LN_MSV_597,Massive Borrower 597,TX,201975,2.40,2024-01-01,2054-01-01
LN_MSV_598,Massive Borrower 598,TX,429518,3.30,2024-01-01,2054-01-01
LN_MSV_599,Massive Borrower 599,TX,494669,4.30,2024-01-01,2054-01-01
LN_MSV_600,Massive Borrower 600,TX,441449,8.10,2024-01-01,2054-01-01
LN_MSV_601,Massive Borrower 601,TX,78276,9.00,2024-01-01,2054-01-01
LN_MSV_602,Massive Borrower 602,TX,180418,8.20,2024-01-01,2054-01-01
LN_MSV_603,Massive Borrower 603,TX,111035,5.30,2024-01-01,2054-01-01
LN_MSV_604,Massive Borrower 604,TX,315792,6.10,2024-01-01,2054-01-01
LN_MSV_605,Massive Borrower 605,TX,166670,5.20,2024-01-01,2054-01-01
LN_MSV_606,Massive Borrower 606,TX,132174,7.50,2024-01-01,2054-01-01
LN_MSV_607,Massive Borrower 607,TX,274575,4.20,2024-01-01,2054-01-01
LN_MSV_608,Massive Borrower 608,TX,399851,3.00,2024-01-01,2054-01-01
LN_MSV_609,Massive Borrower 609,TX,207213,2.20,2024-01-01,2054-01-01
LN_MSV_610,Massive Borrower 610,TX,76641,1.10,2024-01-01,2054-01-01
LN_MSV_611,Massive Borrower 611,TX,289934,8.30,2024-01-01,2054-01-01
LN_MSV_612,Massive Borrower 612,TX,442227,6.60,2024-01-01,2054-01-01
LN_MSV_613,Massive Borrower 613,TX,372677,5.10,2024-01-01,2054-01-01
LN_MSV_614,Massive Borrower 614,TX,312474,7.00,2024-01-01,2054-01-01
LN_MSV_615,Massive Borrower 615,TX,65257,6.80,2024-01-01,2054-01-01
LN_MSV_616,Massive Borrower 616,TX,481139,8.10,2024-01-01,2054-01-01
LN_MSV_617,Massive Borrower 617,TX,274614,1.00,2024-01-01,2054-01-01
LN_MSV_618,Massive Borrower 618,TX,323012,7.80,2024-01-01,2054-01-01
LN_MSV_619,Massive Borrower 619,TX,65911,2.40,2024-01-01,2054-01-01
LN_MSV_620,Massive Borrower 620,TX,126437,9.80,2024-01-01,2054-01-01
LN_MSV_621,Massive Borrower 621,TX,416070,7.30,2024-01-01,2054-01-01
LN_MSV_622,Massive Borrower 622,TX,499844,2.20,2024-01-01,2054-01-01
LN_MSV_623,Massive Borrower 623,TX,147870,5.20,2024-01-01,2054-01-01
LN_MSV_624,Massive Borrower 624,TX,439308,7.60,2024-01-01,2054-01-01
LN_MSV_625,Massive Borrower 625,TX,109309,8.10,2024-01-01,2054-01-01
LN_MSV_626,Massive Borrower 626,TX,65696,4.70,2024-01-01,2054-01-01
LN_MSV_627,Massive Borrower 627,TX,307789,9.60,2024-01-01,2054-01-01
LN_MSV_628,Massive Borrower 628,TX,51239,1.80,2024-01-01,2054-01-01
LN_MSV_629,Massive Borrower 629,TX,348235,7.30,2024-01-01,2054-01-01
LN_MSV_630,Massive Borrower 630,TX,332152,1.00,2024-01-01,2054-01-01
LN_MSV_631,Massive Borrower 631,TX,391102,5.80,2024-01-01,2054-01-01
LN_MSV_632,Massive Borrower 632,TX,112077,4.70,2024-01-01,2054-01-01
LN_MSV_633,Massive Borrower 633,TX,392929,1.60,2024-01-01,2054-01-01
LN_MSV_634,Massive Borrower 634,TX,258462,1.00,2024-01-01,2054-01-01
LN_MSV_635,Massive Borrower 635,TX,70437,2.40,2024-01-01,2054-01-01
LN_MSV_636,Massive Borrower 636,TX,194018,9.40,2024-01-01,2054-01-01
LN_MSV_637,Massive Borrower 637,TX,350053,9.90,2024-01-01,2054-01-01
LN_MSV_638,Massive Borrower 638,TX,174862,3.40,2024-01-01,2054-01-01
LN_MSV_639,Massive Borrower 639,TX,337830,1.80,2024-01-01,2054-01-01
LN_MSV_640,Massive Borrower 640,TX,391997,3.10,2024-01-01,2054-01-01
LN_MSV_641,Massive Borrower 641,TX,296066,2.70,2024-01-01,2054-01-01
LN_MSV_642,Massive Borrower 642,TX,398349,1.40,2024-01-01,2054-01-01
LN_MSV_643,Massive Borrower 643,TX,339828,9.90,2024-01-01,2054-01-01
LN_MSV_644,Massive Borrower 644,TX,367888,1.60,2024-01-01,2054-01-01
LN_MSV_645,Massive Borrower 645,TX,373763,7.70,2024-01-01,2054-01-01
LN_MSV_646,Massive Borrower 646,TX,159943,6.10,2024-01-01,2054-01-01
LN_MSV_647,Massive Borrower 647,TX,200899,7.10,2024-01-01,2054-01-01
LN_MSV_648,Massive Borrower 648,TX,61227,1.20,2024-01-01,2054-01-01
LN_MSV_649,Massive Borrower 649,TX,108947,4.50,2024-01-01,2054-01-01
LN_MSV_650,Massive Borrower 650,TX,95734,9.00,2024-01-01,2054-01-01
LN_MSV_651,Massive Borrower 651,TX,475319,4.90,2024-01-01,2054-01-01
LN_MSV_652,Massive Borrower 652,TX,56173,3.90,2024-01-01,2054-01-01
LN_MSV_653,Massive Borrower 653,TX,446768,9.50,2024-01-01,2054-01-01
LN_MSV_654,Massive Borrower 654,TX,115260,1.50,2024-01-01,2054-01-01
LN_MSV_655,Massive Borrower 655,TX,349035,6.20,2024-01-01,2054-01-01
LN_MSV_656,Massive Borrower 656,TX,416757,6.60,2024-01-01,2054-01-01
LN_MSV_657,Massive Borrower 657,TX,386642,4.40,2024-01-01,2054-01-01
LN_MSV_658,Massive Borrower 658,TX,408968,1.20,2024-01-01,2054-01-01
LN_MSV_659,Massive Borrower 659,TX,246757,6.50,2024-01-01,2054-01-01
LN_MSV_660,Massive Borrower 660,TX,448344,8.00,2024-01-01,2054-01-01
LN_MSV_661,Massive Borrower 661,TX,417859,8.70,2024-01-01,2054-01-01
LN_MSV_662,Massive Borrower 662,TX,403289,1.00,2024-01-01,2054-01-01
LN_MSV_663,Massive Borrower 663,TX,283952,1.00,2024-01-01,2054-01-01
LN_MSV_664,Massive Borrower 664,TX,172958,4.30,2024-01-01,2054-01-01
LN_MSV_665,Massive Borrower 665,TX,314735,4.00,2024-01-01,2054-01-01
LN_MSV_666,Massive Borrower 666,TX,178906,9.40,2024-01-01,2054-01-01
LN_MSV_667,Massive Borrower 667,TX,361434,9.60,2024-01-01,2054-01-01
LN_MSV_668,Massive Borrower 668,TX,201897,8.40,2024-01-01,2054-01-01
LN_MSV_669,Massive Borrower 669,TX,469177,10.00,2024-01-01,2054-01-01
LN_MSV_670,Massive Borrower 670,TX,481790,8.30,2024-01-01,2054-01-01
LN_MSV_671,Massive Borrower 671,TX,364713,6.30,2024-01-01,2054-01-01
LN_MSV_672,Massive Borrower 672,TX,397918,6.80,2024-01-01,2054-01-01
LN_MSV_673,Massive Borrower 673,TX,220574,5.00,2024-01-01,2054-01-01
LN_MSV_674,Massive Borrower 674,TX,139690,9.90,2024-01-01,2054-01-01
LN_MSV_675,Massive Borrower 675,TX,406176,2.60,2024-01-01,2054-01-01
LN_MSV_676,Massive Borrower 676,TX,84089,7.70,2024-01-01,2054-01-01
LN_MSV_677,Massive Borrower 677,TX,242099,7.60,2024-01-01,2054-01-01
LN_MSV_678,Massive Borrower 678,TX,200291,5.30,2024-01-01,2054-01-01
LN_MSV_679,Massive Borrower 679,TX,281875,8.40,2024-01-01,2054-01-01
LN_MSV_680,Massive Borrower 680,TX,480254,1.70,2024-01-01,2054-01-01
LN_MSV_681,Massive Borrower 681,TX,277396,5.20,2024-01-01,2054-01-01
LN_MSV_682,Massive Borrower 682,TX,67046,2.80,2024-01-01,2054-01-01
LN_MSV_683,Massive Borrower 683,TX,334023,1.50,2024-01-01,2054-01-01
LN_MSV_684,Massive Borrower 684,TX,96689,1.50,2024-01-01,2054-01-01
LN_MSV_685,Massive Borrower 685,TX,455003,7.00,2024-01-01,2054-01-01
LN_MSV_686,Massive Borrower 686,TX,364347,8.20,2024-01-01,2054-01-01
LN_MSV_687,Massive Borrower 687,TX,57192,6.60,2024-01-01,2054-01-01
LN_MSV_688,Massive Borrower 688,TX,222529,8.60,2024-01-01,2054-01-01
LN_MSV_689,Massive Borrower 689,TX,473747,7.00,2024-01-01,2054-01-01
LN_MSV_690,Massive Borrower 690,TX,67662,4.90,2024-01-01,2054-01-01
LN_MSV_691,Massive Borrower 691,TX,402984,9.60,2024-01-01,2054-01-01
LN_MSV_692,Massive Borrower 692,TX,54432,8.20,2024-01-01,2054-01-01
LN_MSV_693,Massive Borrower 693,TX,247048,5.90,2024-01-01,2054-01-01
LN_MSV_694,Massive Borrower 694,TX,59250,6.10,2024-01-01,2054-01-01
LN_MSV_695,Massive Borrower 695,TX,77248,4.50,2024-01-01,2054-01-01
LN_MSV_696,Massive Borrower 696,TX,299652,3.10,2024-01-01,2054-01-01
LN_MSV_697,Massive Borrower 697,TX,102132,4.40,2024-01-01,2054-01-01
LN_MSV_698,Massive Borrower 698,TX,406628,3.70,2024-01-01,2054-01-01
LN_MSV_699,Massive Borrower 699,TX,72601,2.40,2024-01-01,2054-01-01
LN_MSV_700,Massive Borrower 700,TX,213983,5.20,2024-01-01,2054-01-01
LN_MSV_701,Massive Borrower 701,TX,467715,5.40,2024-01-01,2054-01-01
LN_MSV_702,Massive Borrower 702,TX,462613,2.60,2024-01-01,2054-01-01
LN_MSV_703,Massive Borrower 703,TX,301504,4.40,2024-01-01,2054-01-01
LN_MSV_704,Massive Borrower 704,TX,385592,3.80,2024-01-01,2054-01-01
LN_MSV_705,Massive Borrower 705,TX,82185,8.20,2024-01-01,2054-01-01
LN_MSV_706,Massive Borrower 706,TX,255767,3.90,2024-01-01,2054-01-01
LN_MSV_707,Massive Borrower 707,TX,365785,1.70,2024-01-01,2054-01-01
LN_MSV_708,Massive Borrower 708,TX,177629,5.50,2024-01-01,2054-01-01
LN_MSV_709,Massive Borrower 709,TX,360890,2.60,2024-01-01,2054-01-01
LN_MSV_710,Massive Borrower 710,TX,114264,6.80,2024-01-01,2054-01-01
LN_MSV_711,Massive Borrower 711,TX,120941,6.40,2024-01-01,2054-01-01
LN_MSV_712,Massive Borrower 712,TX,262547,2.40,2024-01-01,2054-01-01
LN_MSV_713,Massive Borrower 713,TX,112597,5.50,2024-01-01,2054-01-01
LN_MSV_714,Massive Borrower 714,TX,414340,5.70,2024-01-01,2054-01-01
LN_MSV_715,Massive Borrower 715,TX,174022,6.80,2024-01-01,2054-01-01
LN_MSV_716,Massive Borrower 716,TX,57426,4.70,2024-01-01,2054-01-01
LN_MSV_717,Massive Borrower 717,TX,225533,8.10,2024-01-01,2054-01-01
LN_MSV_718,Massive Borrower 718,TX,477577,1.60,2024-01-01,2054-01-01
LN_MSV_719,Massive Borrower 719,TX,409620,2.60,2024-01-01,2054-01-01
LN_MSV_720,Massive Borrower 720,TX,153740,6.20,2024-01-01,2054-01-01
LN_MSV_721,Massive Borrower 721,TX,173323,3.60,2024-01-01,2054-01-01
LN_MSV_722,Massive Borrower 722,TX,348975,5.10,2024-01-01,2054-01-01
LN_MSV_723,Massive Borrower 723,TX,105343,8.60,2024-01-01,2054-01-01
LN_MSV_724,Massive Borrower 724,TX,408479,1.60,2024-01-01,2054-01-01
LN_MSV_725,Massive Borrower 725,TX,412256,1.20,2024-01-01,2054-01-01
LN_MSV_726,Massive Borrower 726,TX,258970,4.80,2024-01-01,2054-01-01
LN_MSV_727,Massive Borrower 727,TX,258501,5.20,2024-01-01,2054-01-01
LN_MSV_728,Massive Borrower 728,TX,436311,8.50,2024-01-01,2054-01-01
LN_MSV_729,Massive Borrower 729,TX,333928,8.50,2024-01-01,2054-01-01
LN_MSV_730,Massive Borrower 730,TX,80072,2.70,2024-01-01,2054-01-01
LN_MSV_731,Massive Borrower 731,TX,358059,7.00,2024-01-01,2054-01-01
LN_MSV_732,Massive Borrower 732,TX,436006,3.50,2024-01-01,2054-01-01
LN_MSV_733,Massive Borrower 733,TX,218751,9.70,2024-01-01,2054-01-01
LN_MSV_734,Massive Borrower 734,TX,405585,5.80,2024-01-01,2054-01-01
LN_MSV_735,Massive Borrower 735,TX,230579,8.20,2024-01-01,2054-01-01
LN_MSV_736,Massive Borrower 736,TX,165561,7.30,2024-01-01,2054-01-01
LN_MSV_737,Massive Borrower 737,TX,333236,6.00,2024-01-01,2054-01-01
LN_MSV_738,Massive Borrower 738,TX,182391,4.80,2024-01-01,2054-01-01
LN_MSV_739,Massive Borrower 739,TX,361020,5.60,2024-01-01,2054-01-01
LN_MSV_740,Massive Borrower 740,TX,59293,8.90,2024-01-01,2054-01-01
LN_MSV_741,Massive Borrower 741,TX,130384,8.30,2024-01-01,2054-01-01
LN_MSV_742,Massive Borrower 742,TX,497371,6.90,2024-01-01,2054-01-01
LN_MSV_743,Massive Borrower 743,TX,98066,8.80,2024-01-01,2054-01-01
LN_MSV_744,Massive Borrower 744,TX,321724,6.00,2024-01-01,2054-01-01
LN_MSV_745,Massive Borrower 745,TX,484915,3.20,2024-01-01,2054-01-01
LN_MSV_746,Massive Borrower 746,TX,448752,6.40,2024-01-01,2054-01-01
LN_MSV_747,Massive Borrower 747,TX,108251,2.20,2024-01-01,2054-01-01
LN_MSV_748,Massive Borrower 748,TX,423632,4.80,2024-01-01,2054-01-01
LN_MSV_749,Massive Borrower 749,TX,485272,1.60,2024-01-01,2054-01-01
LN_MSV_750,Massive Borrower 750,TX,204885,1.70,2024-01-01,2054-01-01
LN_MSV_751,Massive Borrower 751,TX,90923,1.60,2024-01-01,2054-01-01
LN_MSV_752,Massive Borrower 752,TX,66044,4.90,2024-01-01,2054-01-01
LN_MSV_753,Massive Borrower 753,TX,425271,8.00,2024-01-01,2054-01-01
LN_MSV_754,Massive Borrower 754,TX,361290,8.60,2024-01-01,2054-01-01
LN_MSV_755,Massive Borrower 755,TX,302776,8.00,2024-01-01,2054-01-01
LN_MSV_756,Massive Borrower 756,TX,220952,2.80,2024-01-01,2054-01-01
LN_MSV_757,Massive Borrower 757,TX,116212,4.30,2024-01-01,2054-01-01
LN_MSV_758,Massive Borrower 758,TX,326425,1.10,2024-01-01,2054-01-01
LN_MSV_759,Massive Borrower 759,TX,64806,5.90,2024-01-01,2054-01-01
LN_MSV_760,Massive Borrower 760,TX,203833,9.20,2024-01-01,2054-01-01
LN_MSV_761,Massive Borrower 761,TX,242711,5.10,2024-01-01,2054-01-01
LN_MSV_762,Massive Borrower 762,TX,214409,2.50,2024-01-01,2054-01-01
LN_MSV_763,Massive Borrower 763,TX,426075,1.60,2024-01-01,2054-01-01
LN_MSV_764,Massive Borrower 764,TX,274031,1.80,2024-01-01,2054-01-01
LN_MSV_765,Massive Borrower 765,TX,413567,2.10,2024-01-01,2054-01-01
LN_MSV_766,Massive Borrower 766,TX,167383,1.70,2024-01-01,2054-01-01
LN_MSV_767,Massive Borrower 767,TX,446788,7.50,2024-01-01,2054-01-01
LN_MSV_768,Massive Borrower 768,TX,337109,8.90,2024-01-01,2054-01-01
LN_MSV_769,Massive Borrower 769,TX,176825,3.50,2024-01-01,2054-01-01
LN_MSV_770,Massive Borrower 770,TX,216602,10.00,2024-01-01,2054-01-01
LN_MSV_771,Massive Borrower 771,TX,469403,2.80,2024-01-01,2054-01-01
LN_MSV_772,Massive Borrower 772,TX,412866,8.90,2024-01-01,2054-01-01
LN_MSV_773,Massive Borrower 773,TX,181750,4.80,2024-01-01,2054-01-01
LN_MSV_774,Massive Borrower 774,TX,214962,9.10,2024-01-01,2054-01-01
LN_MSV_775,Massive Borrower 775,TX,212607,3.60,2024-01-01,2054-01-01
LN_MSV_776,Massive Borrower 776,TX,436743,5.00,2024-01-01,2054-01-01
LN_MSV_777,Massive Borrower 777,TX,383884,8.30,2024-01-01,2054-01-01
LN_MSV_778,Massive Borrower 778,TX,253581,3.60,2024-01-01,2054-01-01
LN_MSV_779,Massive Borrower 779,TX,278445,9.30,2024-01-01,2054-01-01
LN_MSV_780,Massive Borrower 780,TX,326608,7.10,2024-01-01,2054-01-01
LN_MSV_781,Massive Borrower 781,TX,456182,1.00,2024-01-01,2054-01-01
LN_MSV_782,Massive Borrower 782,TX,125293,6.50,2024-01-01,2054-01-01
LN_MSV_783,Massive Borrower 783,TX,163665,1.10,2024-01-01,2054-01-01
LN_MSV_784,Massive Borrower 784,TX,283761,9.70,2024-01-01,2054-01-01
LN_MSV_785,Massive Borrower 785,TX,375472,4.60,2024-01-01,2054-01-01
LN_MSV_786,Massive Borrower 786,TX,72806,8.20,2024-01-01,2054-01-01
LN_MSV_787,Massive Borrower 787,TX,468718,5.30,2024-01-01,2054-01-01
LN_MSV_788,Massive Borrower 788,TX,73003,2.50,2024-01-01,2054-01-01
LN_MSV_789,Massive Borrower 789,TX,157183,8.80,2024-01-01,2054-01-01
LN_MSV_790,Massive Borrower 790,TX,113880,6.90,2024-01-01,2054-01-01
LN_MSV_791,Massive Borrower 791,TX,472710,8.10,2024-01-01,2054-01-01
LN_MSV_792,Massive Borrower 792,TX,494589,2.30,2024-01-01,2054-01-01
LN_MSV_793,Massive Borrower 793,TX,394022,2.10,2024-01-01,2054-01-01
LN_MSV_794,Massive Borrower 794,TX,225647,2.40,2024-01-01,2054-01-01
LN_MSV_795,Massive Borrower 795,TX,435187,4.00,2024-01-01,2054-01-01
LN_MSV_796,Massive Borrower 796,TX,358029,1.20,2024-01-01,2054-01-01
LN_MSV_797,Massive Borrower 797,TX,237843,2.70,2024-01-01,2054-01-01
LN_MSV_798,Massive Borrower 798,TX,118556,6.50,2024-01-01,2054-01-01
LN_MSV_799,Massive Borrower 799,TX,108392,4.00,2024-01-01,2054-01-01
LN_MSV_800,Massive Borrower 800,TX,348202,2.70,2024-01-01,2054-01-01
LN_MSV_801,Massive Borrower 801,TX,126806,9.20,2024-01-01,2054-01-01
LN_MSV_802,Massive Borrower 802,TX,142149,1.30,2024-01-01,2054-01-01
LN_MSV_803,Massive Borrower 803,TX,361859,8.80,2024-01-01,2054-01-01
LN_MSV_804,Massive Borrower 804,TX,436714,8.30,2024-01-01,2054-01-01
LN_MSV_805,Massive Borrower 805,TX,259698,1.90,2024-01-01,2054-01-01
LN_MSV_806,Massive Borrower 806,TX,209169,3.70,2024-01-01,2054-01-01
LN_MSV_807,Massive Borrower 807,TX,354839,7.30,2024-01-01,2054-01-01
LN_MSV_808,Massive Borrower 808,TX,114349,2.50,2024-01-01,2054-01-01
LN_MSV_809,Massive Borrower 809,TX,492255,5.00,2024-01-01,2054-01-01
LN_MSV_810,Massive Borrower 810,TX,491896,7.70,2024-01-01,2054-01-01
LN_MSV_811,Massive Borrower 811,TX,441283,4.60,2024-01-01,2054-01-01
LN_MSV_812,Massive Borrower 812,TX,414874,1.20,2024-01-01,2054-01-01
LN_MSV_813,Massive Borrower 813,TX,349482,2.00,2024-01-01,2054-01-01
LN_MSV_814,Massive Borrower 814,TX,309950,8.30,2024-01-01,2054-01-01
LN_MSV_815,Massive Borrower 815,TX,70381,5.80,2024-01-01,2054-01-01
LN_MSV_816,Massive Borrower 816,TX,300161,3.60,2024-01-01,2054-01-01
LN_MSV_817,Massive Borrower 817,TX,471930,7.70,2024-01-01,2054-01-01
LN_MSV_818,Massive Borrower 818,TX,261069,7.80,2024-01-01,2054-01-01
LN_MSV_819,Massive Borrower 819,TX,81880,2.70,2024-01-01,2054-01-01
LN_MSV_820,Massive Borrower 820,TX,457484,7.70,2024-01-01,2054-01-01
LN_MSV_821,Massive Borrower 821,TX,174686,4.20,2024-01-01,2054-01-01
LN_MSV_822,Massive Borrower 822,TX,382587,9.10,2024-01-01,2054-01-01
LN_MSV_823,Massive Borrower 823,TX,498450,4.20,2024-01-01,2054-01-01
LN_MSV_824,Massive Borrower 824,TX,187134,5.20,2024-01-01,2054-01-01
LN_MSV_825,Massive Borrower 825,TX,430940,7.80,2024-01-01,2054-01-01
LN_MSV_826,Massive Borrower 826,TX,332069,2.20,2024-01-01,2054-01-01
LN_MSV_827,Massive Borrower 827,TX,358718,2.00,2024-01-01,2054-01-01
LN_MSV_828,Massive Borrower 828,TX,467356,5.80,2024-01-01,2054-01-01
LN_MSV_829,Massive Borrower 829,TX,67509,5.40,2024-01-01,2054-01-01
LN_MSV_830,Massive Borrower 830,TX,408785,4.70,2024-01-01,2054-01-01
LN_MSV_831,Massive Borrower 831,TX,291422,8.80,2024-01-01,2054-01-01
LN_MSV_832,Massive Borrower 832,TX,101509,6.30,2024-01-01,2054-01-01
LN_MSV_833,Massive Borrower 833,TX,470106,7.30,2024-01-01,2054-01-01
LN_MSV_834,Massive Borrower 834,TX,206447,7.10,2024-01-01,2054-01-01
LN_MSV_835,Massive Borrower 835,TX,368719,4.30,2024-01-01,2054-01-01
LN_MSV_836,Massive Borrower 836,TX,253432,4.60,2024-01-01,2054-01-01
LN_MSV_837,Massive Borrower 837,TX,270481,2.40,2024-01-01,2054-01-01
LN_MSV_838,Massive Borrower 838,TX,204621,1.00,2024-01-01,2054-01-01
LN_MSV_839,Massive Borrower 839,TX,103866,3.50,2024-01-01,2054-01-01
LN_MSV_840,Massive Borrower 840,TX,85366,8.20,2024-01-01,2054-01-01
LN_MSV_841,Massive Borrower 841,TX,456592,2.20,2024-01-01,2054-01-01
LN_MSV_842,Massive Borrower 842,TX,75038,2.30,2024-01-01,2054-01-01
LN_MSV_843,Massive Borrower 843,TX,157049,6.40,2024-01-01,2054-01-01
LN_MSV_844,Massive Borrower 844,TX,268134,4.10,2024-01-01,2054-01-01
LN_MSV_845,Massive Borrower 845,TX,223592,1.20,2024-01-01,2054-01-01
LN_MSV_846,Massive Borrower 846,TX,191996,9.70,2024-01-01,2054-01-01
LN_MSV_847,Massive Borrower 847,TX,432904,4.40,2024-01-01,2054-01-01
LN_MSV_848,Massive Borrower 848,TX,203366,10.00,2024-01-01,2054-01-01
LN_MSV_849,Massive Borrower 849,TX,250921,4.50,2024-01-01,2054-01-01
LN_MSV_850,Massive Borrower 850,TX,214777,2.50,2024-01-01,2054-01-01
LN_MSV_851,Massive Borrower 851,TX,315021,7.20,2024-01-01,2054-01-01
LN_MSV_852,Massive Borrower 852,TX,240599,4.50,2024-01-01,2054-01-01
LN_MSV_853,Massive Borrower 853,TX,386793,6.30,2024-01-01,2054-01-01
LN_MSV_854,Massive Borrower 854,TX,166931,9.00,2024-01-01,2054-01-01
LN_MSV_855,Massive Borrower 855,TX,231246,6.50,2024-01-01,2054-01-01
LN_MSV_856,Massive Borrower 856,TX,466173,1.30,2024-01-01,2054-01-01
LN_MSV_857,Massive Borrower 857,TX,381856,6.80,2024-01-01,2054-01-01
LN_MSV_858,Massive Borrower 858,TX,167844,2.20,2024-01-01,2054-01-01
LN_MSV_859,Massive Borrower 859,TX,190293,2.60,2024-01-01,2054-01-01
LN_MSV_860,Massive Borrower 860,TX,257920,8.20,2024-01-01,2054-01-01
LN_MSV_861,Massive Borrower 861,TX,66718,5.50,2024-01-01,2054-01-01
LN_MSV_862,Massive Borrower 862,TX,238921,9.60,2024-01-01,2054-01-01
LN_MSV_863,Massive Borrower 863,TX,132054,2.40,2024-01-01,2054-01-01
LN_MSV_864,Massive Borrower 864,TX,289999,5.80,2024-01-01,2054-01-01
LN_MSV_865,Massive Borrower 865,TX,252279,3.60,2024-01-01,2054-01-01
LN_MSV_866,Massive Borrower 866,TX,395821,1.20,2024-01-01,2054-01-01
LN_MSV_867,Massive Borrower 867,TX,224093,3.40,2024-01-01,2054-01-01
LN_MSV_868,Massive Borrower 868,TX,494297,8.10,2024-01-01,2054-01-01
LN_MSV_869,Massive Borrower 869,TX,229989,3.60,2024-01-01,2054-01-01
LN_MSV_870,Massive Borrower 870,TX,369475,3.50,2024-01-01,2054-01-01
LN_MSV_871,Massive Borrower 871,TX,413964,1.40,2024-01-01,2054-01-01
LN_MSV_872,Massive Borrower 872,TX,234610,6.80,2024-01-01,2054-01-01
LN_MSV_873,Massive Borrower 873,TX,54320,3.50,2024-01-01,2054-01-01
LN_MSV_874,Massive Borrower 874,TX,353923,3.80,2024-01-01,2054-01-01
LN_MSV_875,Massive Borrower 875,TX,457835,8.80,2024-01-01,2054-01-01
LN_MSV_876,Massive Borrower 876,TX,242315,2.10,2024-01-01,2054-01-01
LN_MSV_877,Massive Borrower 877,TX,254693,7.40,2024-01-01,2054-01-01
LN_MSV_878,Massive Borrower 878,TX,279280,3.20,2024-01-01,2054-01-01
LN_MSV_879,Massive Borrower 879,TX,345563,7.40,2024-01-01,2054-01-01
LN_MSV_880,Massive Borrower 880,TX,492026,3.40,2024-01-01,2054-01-01
LN_MSV_881,Massive Borrower 881,TX,222606,4.40,2024-01-01,2054-01-01
LN_MSV_882,Massive Borrower 882,TX,270908,9.60,2024-01-01,2054-01-01
LN_MSV_883,Massive Borrower 883,TX,460907,9.40,2024-01-01,2054-01-01
LN_MSV_884,Massive Borrower 884,TX,162437,6.70,2024-01-01,2054-01-01
LN_MSV_885,Massive Borrower 885,TX,400284,7.80,2024-01-01,2054-01-01
LN_MSV_886,Massive Borrower 886,TX,461158,1.00,2024-01-01,2054-01-01
LN_MSV_887,Massive Borrower 887,TX,256611,9.50,2024-01-01,2054-01-01
LN_MSV_888,Massive Borrower 888,TX,289786,9.30,2024-01-01,2054-01-01
LN_MSV_889,Massive Borrower 889,TX,453817,2.50,2024-01-01,2054-01-01
LN_MSV_890,Massive Borrower 890,TX,112737,1.40,2024-01-01,2054-01-01
LN_MSV_891,Massive Borrower 891,TX,273894,2.80,2024-01-01,2054-01-01
LN_MSV_892,Massive Borrower 892,TX,243365,8.20,2024-01-01,2054-01-01
LN_MSV_893,Massive Borrower 893,TX,495501,5.70,2024-01-01,2054-01-01
LN_MSV_894,Massive Borrower 894,TX,136773,6.40,2024-01-01,2054-01-01
LN_MSV_895,Massive Borrower 895,TX,133344,1.20,2024-01-01,2054-01-01
LN_MSV_896,Massive Borrower 896,TX,236535,7.10,2024-01-01,2054-01-01
LN_MSV_897,Massive Borrower 897,TX,254678,6.50,2024-01-01,2054-01-01
LN_MSV_898,Massive Borrower 898,TX,497005,5.60,2024-01-01,2054-01-01
LN_MSV_899,Massive Borrower 899,TX,122814,5.30,2024-01-01,2054-01-01
LN_MSV_900,Massive Borrower 900,TX,62434,8.70,2024-01-01,2054-01-01
LN_MSV_901,Massive Borrower 901,TX,104406,9.90,2024-01-01,2054-01-01
LN_MSV_902,Massive Borrower 902,TX,270749,3.10,2024-01-01,2054-01-01
LN_MSV_903,Massive Borrower 903,TX,471974,9.00,2024-01-01,2054-01-01
LN_MSV_904,Massive Borrower 904,TX,267524,8.70,2024-01-01,2054-01-01
LN_MSV_905,Massive Borrower 905,TX,157773,5.10,2024-01-01,2054-01-01
LN_MSV_906,Massive Borrower 906,TX,495021,3.50,2024-01-01,2054-01-01
LN_MSV_907,Massive Borrower 907,TX,246420,6.40,2024-01-01,2054-01-01
LN_MSV_908,Massive Borrower 908,TX,440198,7.00,2024-01-01,2054-01-01
LN_MSV_909,Massive Borrower 909,TX,125954,5.50,2024-01-01,2054-01-01
LN_MSV_910,Massive Borrower 910,TX,445775,4.10,2024-01-01,2054-01-01
LN_MSV_911,Massive Borrower 911,TX,487716,1.30,2024-01-01,2054-01-01
LN_MSV_912,Massive Borrower 912,TX,413804,8.00,2024-01-01,2054-01-01
LN_MSV_913,Massive Borrower 913,TX,320598,5.40,2024-01-01,2054-01-01
LN_MSV_914,Massive Borrower 914,TX,330595,5.60,2024-01-01,2054-01-01
LN_MSV_915,Massive Borrower 915,TX,334173,9.90,2024-01-01,2054-01-01
LN_MSV_916,Massive Borrower 916,TX,319991,1.90,2024-01-01,2054-01-01
LN_MSV_917,Massive Borrower 917,TX,62549,8.60,2024-01-01,2054-01-01
LN_MSV_918,Massive Borrower 918,TX,480964,5.00,2024-01-01,2054-01-01
LN_MSV_919,Massive Borrower 919,TX,432050,9.80,2024-01-01,2054-01-01
LN_MSV_920,Massive Borrower 920,TX,491500,5.20,2024-01-01,2054-01-01
LN_MSV_921,Massive Borrower 921,TX,179656,2.80,2024-01-01,2054-01-01
LN_MSV_922,Massive Borrower 922,TX,193938,7.40,2024-01-01,2054-01-01
LN_MSV_923,Massive Borrower 923,TX,217070,7.90,2024-01-01,2054-01-01
LN_MSV_924,Massive Borrower 924,TX,475799,8.40,2024-01-01,2054-01-01
LN_MSV_925,Massive Borrower 925,TX,176093,5.50,2024-01-01,2054-01-01
LN_MSV_926,Massive Borrower 926,TX,496118,2.40,2024-01-01,2054-01-01
LN_MSV_927,Massive Borrower 927,TX,409406,4.50,2024-01-01,2054-01-01
LN_MSV_928,Massive Borrower 928,TX,165779,5.50,2024-01-01,2054-01-01
LN_MSV_929,Massive Borrower 929,TX,194899,3.20,2024-01-01,2054-01-01
LN_MSV_930,Massive Borrower 930,TX,434021,4.00,2024-01-01,2054-01-01
LN_MSV_931,Massive Borrower 931,TX,69550,7.40,2024-01-01,2054-01-01
LN_MSV_932,Massive Borrower 932,TX,387162,9.00,2024-01-01,2054-01-01
LN_MSV_933,Massive Borrower 933,TX,362365,8.70,2024-01-01,2054-01-01
LN_MSV_934,Massive Borrower 934,TX,429832,5.80,2024-01-01,2054-01-01
LN_MSV_935,Massive Borrower 935,TX,365986,4.20,2024-01-01,2054-01-01
LN_MSV_936,Massive Borrower 936,TX,443660,4.40,2024-01-01,2054-01-01
LN_MSV_937,Massive Borrower 937,TX,118265,8.80,2024-01-01,2054-01-01
LN_MSV_938,Massive Borrower 938,TX,365540,8.10,2024-01-01,2054-01-01
LN_MSV_939,Massive Borrower 939,TX,224054,3.40,2024-01-01,2054-01-01
LN_MSV_940,Massive Borrower 940,TX,342853,1.00,2024-01-01,2054-01-01
LN_MSV_941,Massive Borrower 941,TX,187132,6.60,2024-01-01,2054-01-01
LN_MSV_942,Massive Borrower 942,TX,266918,8.90,2024-01-01,2054-01-01
LN_MSV_943,Massive Borrower 943,TX,299614,7.40,2024-01-01,2054-01-01
LN_MSV_944,Massive Borrower 944,TX,363565,8.70,2024-01-01,2054-01-01
LN_MSV_945,Massive Borrower 945,TX,163585,8.40,2024-01-01,2054-01-01
LN_MSV_946,Massive Borrower 946,TX,152537,6.40,2024-01-01,2054-01-01
LN_MSV_947,Massive Borrower 947,TX,156288,4.60,2024-01-01,2054-01-01
LN_MSV_948,Massive Borrower 948,TX,446071,4.50,2024-01-01,2054-01-01
LN_MSV_949,Massive Borrower 949,TX,195954,6.30,2024-01-01,2054-01-01
LN_MSV_950,Massive Borrower 950,TX,337033,1.90,2024-01-01,2054-01-01
LN_MSV_951,Massive Borrower 951,TX,166869,7.40,2024-01-01,2054-01-01
LN_MSV_952,Massive Borrower 952,TX,189131,5.80,2024-01-01,2054-01-01
LN_MSV_953,Massive Borrower 953,TX,470058,3.20,2024-01-01,2054-01-01
LN_MSV_954,Massive Borrower 954,TX,127926,4.90,2024-01-01,2054-01-01
LN_MSV_955,Massive Borrower 955,TX,94039,2.00,2024-01-01,2054-01-01
LN_MSV_956,Massive Borrower 956,TX,287559,3.20,2024-01-01,2054-01-01
LN_MSV_957,Massive Borrower 957,TX,241586,1.10,2024-01-01,2054-01-01
LN_MSV_958,Massive Borrower 958,TX,288305,7.10,2024-01-01,2054-01-01
LN_MSV_959,Massive Borrower 959,TX,347424,2.20,2024-01-01,2054-01-01
LN_MSV_960,Massive Borrower 960,TX,132901,1.30,2024-01-01,2054-01-01
LN_MSV_961,Massive Borrower 961,TX,260372,8.90,2024-01-01,2054-01-01
LN_MSV_962,Massive Borrower 962,TX,453714,8.60,2024-01-01,2054-01-01
LN_MSV_963,Massive Borrower 963,TX,195506,2.30,2024-01-01,2054-01-01
LN_MSV_964,Massive Borrower 964,TX,329364,7.50,2024-01-01,2054-01-01
LN_MSV_965,Massive Borrower 965,TX,374992,7.40,2024-01-01,2054-01-01
LN_MSV_966,Massive Borrower 966,TX,304233,6.90,2024-01-01,2054-01-01
LN_MSV_967,Massive Borrower 967,TX,442905,1.90,2024-01-01,2054-01-01
LN_MSV_968,Massive Borrower 968,TX,421794,4.40,2024-01-01,2054-01-01
LN_MSV_969,Massive Borrower 969,TX,237621,7.40,2024-01-01,2054-01-01
LN_MSV_970,Massive Borrower 970,TX,64734,4.60,2024-01-01,2054-01-01
LN_MSV_971,Massive Borrower 971,TX,329095,3.80,2024-01-01,2054-01-01
LN_MSV_972,Massive Borrower 972,TX,152424,6.80,2024-01-01,2054-01-01
LN_MSV_973,Massive Borrower 973,TX,250799,10.00,2024-01-01,2054-01-01
LN_MSV_974,Massive Borrower 974,TX,104269,8.30,2024-01-01,2054-01-01
LN_MSV_975,Massive Borrower 975,TX,458619,7.40,2024-01-01,2054-01-01
LN_MSV_976,Massive Borrower 976,TX,461075,9.90,2024-01-01,2054-01-01
LN_MSV_977,Massive Borrower 977,TX,91398,3.50,2024-01-01,2054-01-01
LN_MSV_978,Massive Borrower 978,TX,186365,9.20,2024-01-01,2054-01-01
LN_MSV_979,Massive Borrower 979,TX,251342,8.00,2024-01-01,2054-01-01
LN_MSV_980,Massive Borrower 980,TX,203069,8.30,2024-01-01,2054-01-01
LN_MSV_981,Massive Borrower 981,TX,349765,4.90,2024-01-01,2054-01-01
LN_MSV_982,Massive Borrower 982,TX,91036,2.40,2024-01-01,2054-01-01
LN_MSV_983,Massive Borrower 983,TX,217690,1.30,2024-01-01,2054-01-01
LN_MSV_984,Massive Borrower 984,TX,212316,7.50,2024-01-01,2054-01-01
LN_MSV_985,Massive Borrower 985,TX,138626,3.80,2024-01-01,2054-01-01
LN_MSV_986,Massive Borrower 986,TX,366016,7.90,2024-01-01,2054-01-01
LN_MSV_987,Massive Borrower 987,TX,493324,10.00,2024-01-01,2054-01-01
LN_MSV_988,Massive Borrower 988,TX,145531,8.60,2024-01-01,2054-01-01
LN_MSV_989,Massive Borrower 989,TX,228381,7.00,2024-01-01,2054-01-01
LN_MSV_990,Massive Borrower 990,TX,161597,3.90,2024-01-01,2054-01-01
LN_MSV_991,Massive Borrower 991,TX,290854,6.10,2024-01-01,2054-01-01
LN_MSV_992,Massive Borrower 992,TX,443512,4.00,2024-01-01,2054-01-01
LN_MSV_993,Massive Borrower 993,TX,388941,6.40,2024-01-01,2054-01-01
LN_MSV_994,Massive Borrower 994,TX,88131,3.00,2024-01-01,2054-01-01
LN_MSV_995,Massive Borrower 995,TX,302018,6.60,2024-01-01,2054-01-01
LN_MSV_996,Massive Borrower 996,TX,201319,1.00,2024-01-01,2054-01-01
LN_MSV_997,Massive Borrower 997,TX,290371,2.60,2024-01-01,2054-01-01
LN_MSV_998,Massive Borrower 998,TX,239567,3.20,2024-01-01,2054-01-01
LN_MSV_999,Massive Borrower 999,TX,348911,8.10,2024-01-01,2054-01-01
LN_MSV_1000,Massive Borrower 1000,TX,81471,3.80,2024-01-01,2054-01-01
LN_MSV_1001,Massive Borrower 1001,TX,336893,1.70,2024-01-01,2054-01-01
LN_MSV_1002,Massive Borrower 1002,TX,80582,4.30,2024-01-01,2054-01-01
LN_MSV_1003,Massive Borrower 1003,TX,98103,7.80,2024-01-01,2054-01-01
LN_MSV_1004,Massive Borrower 1004,TX,322639,8.30,2024-01-01,2054-01-01
LN_MSV_1005,Massive Borrower 1005,TX,440167,8.80,2024-01-01,2054-01-01
LN_MSV_1006,Massive Borrower 1006,TX,276547,7.50,2024-01-01,2054-01-01
LN_MSV_1007,Massive Borrower 1007,TX,250988,9.20,2024-01-01,2054-01-01
LN_MSV_1008,Massive Borrower 1008,TX,170374,1.30,2024-01-01,2054-01-01
LN_MSV_1009,Massive Borrower 1009,TX,69030,8.70,2024-01-01,2054-01-01
LN_MSV_1010,Massive Borrower 1010,TX,196830,5.80,2024-01-01,2054-01-01
LN_MSV_1011,Massive Borrower 1011,TX,374354,9.50,2024-01-01,2054-01-01
LN_MSV_1012,Massive Borrower 1012,TX,237127,4.30,2024-01-01,2054-01-01
LN_MSV_1013,Massive Borrower 1013,TX,254964,3.10,2024-01-01,2054-01-01
LN_MSV_1014,Massive Borrower 1014,TX,294791,4.60,2024-01-01,2054-01-01
LN_MSV_1015,Massive Borrower 1015,TX,315537,9.80,2024-01-01,2054-01-01
LN_MSV_1016,Massive Borrower 1016,TX,471113,8.30,2024-01-01,2054-01-01
LN_MSV_1017,Massive Borrower 1017,TX,162787,1.40,2024-01-01,2054-01-01
LN_MSV_1018,Massive Borrower 1018,TX,104516,1.30,2024-01-01,2054-01-01
LN_MSV_1019,Massive Borrower 1019,TX,279291,2.60,2024-01-01,2054-01-01
LN_MSV_1020,Massive Borrower 1020,TX,468773,1.40,2024-01-01,2054-01-01
LN_MSV_1021,Massive Borrower 1021,TX,145779,2.20,2024-01-01,2054-01-01
LN_MSV_1022,Massive Borrower 1022,TX,496420,3.40,2024-01-01,2054-01-01
LN_MSV_1023,Massive Borrower 1023,TX,433675,8.60,2024-01-01,2054-01-01
LN_MSV_1024,Massive Borrower 1024,TX,119589,9.30,2024-01-01,2054-01-01
LN_MSV_1025,Massive Borrower 1025,TX,79313,9.50,2024-01-01,2054-01-01
LN_MSV_1026,Massive Borrower 1026,TX,396114,5.60,2024-01-01,2054-01-01
LN_MSV_1027,Massive Borrower 1027,TX,74238,8.00,2024-01-01,2054-01-01
LN_MSV_1028,Massive Borrower 1028,TX,477086,8.00,2024-01-01,2054-01-01
LN_MSV_1029,Massive Borrower 1029,TX,366539,6.50,2024-01-01,2054-01-01
LN_MSV_1030,Massive Borrower 1030,TX,169178,9.20,2024-01-01,2054-01-01
LN_MSV_1031,Massive Borrower 1031,TX,294312,3.60,2024-01-01,2054-01-01
LN_MSV_1032,Massive Borrower 1032,TX,93884,8.60,2024-01-01,2054-01-01
LN_MSV_1033,Massive Borrower 1033,TX,246769,4.20,2024-01-01,2054-01-01
LN_MSV_1034,Massive Borrower 1034,TX,444815,5.10,2024-01-01,2054-01-01
LN_MSV_1035,Massive Borrower 1035,TX,175202,5.00,2024-01-01,2054-01-01
LN_MSV_1036,Massive Borrower 1036,TX,412373,4.00,2024-01-01,2054-01-01
LN_MSV_1037,Massive Borrower 1037,TX,437014,8.60,2024-01-01,2054-01-01
LN_MSV_1038,Massive Borrower 1038,TX,307740,5.40,2024-01-01,2054-01-01
LN_MSV_1039,Massive Borrower 1039,TX,144481,5.00,2024-01-01,2054-01-01
LN_MSV_1040,Massive Borrower 1040,TX,400278,5.20,2024-01-01,2054-01-01
LN_MSV_1041,Massive Borrower 1041,TX,396506,4.50,2024-01-01,2054-01-01
LN_MSV_1042,Massive Borrower 1042,TX,107716,5.80,2024-01-01,2054-01-01
LN_MSV_1043,Massive Borrower 1043,TX,102658,1.20,2024-01-01,2054-01-01
LN_MSV_1044,Massive Borrower 1044,TX,213192,8.20,2024-01-01,2054-01-01
LN_MSV_1045,Massive Borrower 1045,TX,135589,8.20,2024-01-01,2054-01-01
LN_MSV_1046,Massive Borrower 1046,TX,64024,9.00,2024-01-01,2054-01-01
LN_MSV_1047,Massive Borrower 1047,TX,150718,10.00,2024-01-01,2054-01-01
LN_MSV_1048,Massive Borrower 1048,TX,235239,2.00,2024-01-01,2054-01-01
LN_MSV_1049,Massive Borrower 1049,TX,59123,4.60,2024-01-01,2054-01-01
LN_MSV_1050,Massive Borrower 1050,TX,484227,4.70,2024-01-01,2054-01-01
LN_MSV_1051,Massive Borrower 1051,TX,209010,9.70,2024-01-01,2054-01-01
LN_MSV_1052,Massive Borrower 1052,TX,436933,7.30,2024-01-01,2054-01-01
LN_MSV_1053,Massive Borrower 1053,TX,238046,4.50,2024-01-01,2054-01-01
LN_MSV_1054,Massive Borrower 1054,TX,200448,6.20,2024-01-01,2054-01-01
LN_MSV_1055,Massive Borrower 1055,TX,188522,3.80,2024-01-01,2054-01-01
LN_MSV_1056,Massive Borrower 1056,TX,189725,1.60,2024-01-01,2054-01-01
LN_MSV_1057,Massive Borrower 1057,TX,224889,5.90,2024-01-01,2054-01-01
LN_MSV_1058,Massive Borrower 1058,TX,444234,7.10,2024-01-01,2054-01-01
LN_MSV_1059,Massive Borrower 1059,TX,481776,4.60,2024-01-01,2054-01-01
LN_MSV_1060,Massive Borrower 1060,TX,248790,6.20,2024-01-01,2054-01-01
LN_MSV_1061,Massive Borrower 1061,TX,324602,2.20,2024-01-01,2054-01-01
LN_MSV_1062,Massive Borrower 1062,TX,365295,1.80,2024-01-01,2054-01-01
LN_MSV_1063,Massive Borrower 1063,TX,309868,5.40,2024-01-01,2054-01-01
LN_MSV_1064,Massive Borrower 1064,TX,230898,5.40,2024-01-01,2054-01-01
LN_MSV_1065,Massive Borrower 1065,TX,100517,4.40,2024-01-01,2054-01-01
LN_MSV_1066,Massive Borrower 1066,TX,292060,3.40,2024-01-01,2054-01-01
LN_MSV_1067,Massive Borrower 1067,TX,107733,3.20,2024-01-01,2054-01-01
LN_MSV_1068,Massive Borrower 1068,TX,286005,8.50,2024-01-01,2054-01-01
LN_MSV_1069,Massive Borrower 1069,TX,447995,6.80,2024-01-01,2054-01-01
LN_MSV_1070,Massive Borrower 1070,TX,345951,7.00,2024-01-01,2054-01-01
LN_MSV_1071,Massive Borrower 1071,TX,56206,8.90,2024-01-01,2054-01-01
LN_MSV_1072,Massive Borrower 1072,TX,291279,7.40,2024-01-01,2054-01-01
LN_MSV_1073,Massive Borrower 1073,TX,377737,9.80,2024-01-01,2054-01-01
LN_MSV_1074,Massive Borrower 1074,TX,441653,3.50,2024-01-01,2054-01-01
LN_MSV_1075,Massive Borrower 1075,TX,289592,1.60,2024-01-01,2054-01-01
LN_MSV_1076,Massive Borrower 1076,TX,328873,4.10,2024-01-01,2054-01-01
LN_MSV_1077,Massive Borrower 1077,TX,310603,6.90,2024-01-01,2054-01-01
LN_MSV_1078,Massive Borrower 1078,TX,260926,5.60,2024-01-01,2054-01-01
LN_MSV_1079,Massive Borrower 1079,TX,400312,3.60,2024-01-01,2054-01-01
LN_MSV_1080,Massive Borrower 1080,TX,335252,6.60,2024-01-01,2054-01-01
LN_MSV_1081,Massive Borrower 1081,TX,281992,6.10,2024-01-01,2054-01-01
LN_MSV_1082,Massive Borrower 1082,TX,80399,4.80,2024-01-01,2054-01-01
LN_MSV_1083,Massive Borrower 1083,TX,342783,7.00,2024-01-01,2054-01-01
LN_MSV_1084,Massive Borrower 1084,TX,147442,8.80,2024-01-01,2054-01-01
LN_MSV_1085,Massive Borrower 1085,TX,471392,8.10,2024-01-01,2054-01-01
LN_MSV_1086,Massive Borrower 1086,TX,342469,9.40,2024-01-01,2054-01-01
LN_MSV_1087,Massive Borrower 1087,TX,356273,1.10,2024-01-01,2054-01-01
LN_MSV_1088,Massive Borrower 1088,TX,407337,5.10,2024-01-01,2054-01-01
LN_MSV_1089,Massive Borrower 1089,TX,137174,8.30,2024-01-01,2054-01-01
LN_MSV_1090,Massive Borrower 1090,TX,54706,1.10,2024-01-01,2054-01-01
LN_MSV_1091,Massive Borrower 1091,TX,484364,4.30,2024-01-01,2054-01-01
LN_MSV_1092,Massive Borrower 1092,TX,447741,5.50,2024-01-01,2054-01-01
LN_MSV_1093,Massive Borrower 1093,TX,54970,2.90,2024-01-01,2054-01-01
LN_MSV_1094,Massive Borrower 1094,TX,268061,2.60,2024-01-01,2054-01-01
LN_MSV_1095,Massive Borrower 1095,TX,485408,1.80,2024-01-01,2054-01-01
LN_MSV_1096,Massive Borrower 1096,TX,96091,2.40,2024-01-01,2054-01-01
LN_MSV_1097,Massive Borrower 1097,TX,343083,2.10,2024-01-01,2054-01-01
LN_MSV_1098,Massive Borrower 1098,TX,231582,4.40,2024-01-01,2054-01-01
LN_MSV_1099,Massive Borrower 1099,TX,171359,8.30,2024-01-01,2054-01-01
LN_MSV_1100,Massive Borrower 1100,TX,236191,6.40,2024-01-01,2054-01-01
LN_MSV_1101,Massive Borrower 1101,TX,177183,5.20,2024-01-01,2054-01-01
LN_MSV_1102,Massive Borrower 1102,TX,117271,9.00,2024-01-01,2054-01-01
LN_MSV_1103,Massive Borrower 1103,TX,440584,7.20,2024-01-01,2054-01-01
LN_MSV_1104,Massive Borrower 1104,TX,116399,2.50,2024-01-01,2054-01-01
LN_MSV_1105,Massive Borrower 1105,TX,180781,3.60,2024-01-01,2054-01-01
LN_MSV_1106,Massive Borrower 1106,TX,355380,9.40,2024-01-01,2054-01-01
LN_MSV_1107,Massive Borrower 1107,TX,371189,9.80,2024-01-01,2054-01-01
LN_MSV_1108,Massive Borrower 1108,TX,235795,9.10,2024-01-01,2054-01-01
LN_MSV_1109,Massive Borrower 1109,TX,467016,4.00,2024-01-01,2054-01-01
LN_MSV_1110,Massive Borrower 1110,TX,440944,9.50,2024-01-01,2054-01-01
LN_MSV_1111,Massive Borrower 1111,TX,182297,8.90,2024-01-01,2054-01-01
LN_MSV_1112,Massive Borrower 1112,TX,468186,1.00,2024-01-01,2054-01-01
LN_MSV_1113,Massive Borrower 1113,TX,304274,1.10,2024-01-01,2054-01-01
LN_MSV_1114,Massive Borrower 1114,TX,443377,3.90,2024-01-01,2054-01-01
LN_MSV_1115,Massive Borrower 1115,TX,161154,7.00,2024-01-01,2054-01-01
LN_MSV_1116,Massive Borrower 1116,TX,424233,1.70,2024-01-01,2054-01-01
LN_MSV_1117,Massive Borrower 1117,TX,127078,7.60,2024-01-01,2054-01-01
LN_MSV_1118,Massive Borrower 1118,TX,291074,6.80,2024-01-01,2054-01-01
LN_MSV_1119,Massive Borrower 1119,TX,340920,7.20,2024-01-01,2054-01-01
LN_MSV_1120,Massive Borrower 1120,TX,108180,2.50,2024-01-01,2054-01-01
LN_MSV_1121,Massive Borrower 1121,TX,285562,1.70,2024-01-01,2054-01-01
LN_MSV_1122,Massive Borrower 1122,TX,483974,9.70,2024-01-01,2054-01-01
LN_MSV_1123,Massive Borrower 1123,TX,293598,1.10,2024-01-01,2054-01-01
LN_MSV_1124,Massive Borrower 1124,TX,436707,5.70,2024-01-01,2054-01-01
LN_MSV_1125,Massive Borrower 1125,TX,483028,7.70,2024-01-01,2054-01-01
LN_MSV_1126,Massive Borrower 1126,TX,370885,6.90,2024-01-01,2054-01-01
LN_MSV_1127,Massive Borrower 1127,TX,157965,7.00,2024-01-01,2054-01-01
LN_MSV_1128,Massive Borrower 1128,TX,188782,2.40,2024-01-01,2054-01-01
LN_MSV_1129,Massive Borrower 1129,TX,148383,3.30,2024-01-01,2054-01-01
LN_MSV_1130,Massive Borrower 1130,TX,382513,2.70,2024-01-01,2054-01-01
LN_MSV_1131,Massive Borrower 1131,TX,310280,4.20,2024-01-01,2054-01-01
LN_MSV_1132,Massive Borrower 1132,TX,192896,6.00,2024-01-01,2054-01-01
LN_MSV_1133,Massive Borrower 1133,TX,314331,10.00,2024-01-01,2054-01-01
LN_MSV_1134,Massive Borrower 1134,TX,314020,3.70,2024-01-01,2054-01-01
LN_MSV_1135,Massive Borrower 1135,TX,201876,2.00,2024-01-01,2054-01-01
LN_MSV_1136,Massive Borrower 1136,TX,262125,9.00,2024-01-01,2054-01-01
LN_MSV_1137,Massive Borrower 1137,TX,284385,3.20,2024-01-01,2054-01-01
LN_MSV_1138,Massive Borrower 1138,TX,385552,9.70,2024-01-01,2054-01-01
LN_MSV_1139,Massive Borrower 1139,TX,232387,2.10,2024-01-01,2054-01-01
LN_MSV_1140,Massive Borrower 1140,TX,343289,6.90,2024-01-01,2054-01-01
LN_MSV_1141,Massive Borrower 1141,TX,345701,8.50,2024-01-01,2054-01-01
LN_MSV_1142,Massive Borrower 1142,TX,52407,9.70,2024-01-01,2054-01-01
LN_MSV_1143,Massive Borrower 1143,TX,94734,6.00,2024-01-01,2054-01-01
LN_MSV_1144,Massive Borrower 1144,TX,80111,9.40,2024-01-01,2054-01-01
LN_MSV_1145,Massive Borrower 1145,TX,475711,2.30,2024-01-01,2054-01-01
LN_MSV_1146,Massive Borrower 1146,TX,99132,3.10,2024-01-01,2054-01-01
LN_MSV_1147,Massive Borrower 1147,TX,231984,8.80,2024-01-01,2054-01-01
LN_MSV_1148,Massive Borrower 1148,TX,143248,3.10,2024-01-01,2054-01-01
LN_MSV_1149,Massive Borrower 1149,TX,212215,5.80,2024-01-01,2054-01-01
LN_MSV_1150,Massive Borrower 1150,TX,469939,9.70,2024-01-01,2054-01-01
LN_MSV_1151,Massive Borrower 1151,TX,392479,6.20,2024-01-01,2054-01-01
LN_MSV_1152,Massive Borrower 1152,TX,359803,8.00,2024-01-01,2054-01-01
LN_MSV_1153,Massive Borrower 1153,TX,122488,8.70,2024-01-01,2054-01-01
LN_MSV_1154,Massive Borrower 1154,TX,233376,7.20,2024-01-01,2054-01-01
LN_MSV_1155,Massive Borrower 1155,TX,286977,3.50,2024-01-01,2054-01-01
LN_MSV_1156,Massive Borrower 1156,TX,437038,10.00,2024-01-01,2054-01-01
LN_MSV_1157,Massive Borrower 1157,TX,273424,6.00,2024-01-01,2054-01-01
LN_MSV_1158,Massive Borrower 1158,TX,261037,7.70,2024-01-01,2054-01-01
LN_MSV_1159,Massive Borrower 1159,TX,130064,2.80,2024-01-01,2054-01-01
LN_MSV_1160,Massive Borrower 1160,TX,257497,4.50,2024-01-01,2054-01-01
LN_MSV_1161,Massive Borrower 1161,TX,112776,6.60,2024-01-01,2054-01-01
LN_MSV_1162,Massive Borrower 1162,TX,75138,2.80,2024-01-01,2054-01-01
LN_MSV_1163,Massive Borrower 1163,TX,394786,3.50,2024-01-01,2054-01-01
LN_MSV_1164,Massive Borrower 1164,TX,134380,5.00,2024-01-01,2054-01-01
LN_MSV_1165,Massive Borrower 1165,TX,128352,8.40,2024-01-01,2054-01-01
LN_MSV_1166,Massive Borrower 1166,TX,380938,2.50,2024-01-01,2054-01-01
LN_MSV_1167,Massive Borrower 1167,TX,325831,4.90,2024-01-01,2054-01-01
LN_MSV_1168,Massive Borrower 1168,TX,134464,4.40,2024-01-01,2054-01-01
LN_MSV_1169,Massive Borrower 1169,TX,355167,1.40,2024-01-01,2054-01-01
LN_MSV_1170,Massive Borrower 1170,TX,487886,6.90,2024-01-01,2054-01-01
LN_MSV_1171,Massive Borrower 1171,TX,461001,1.60,2024-01-01,2054-01-01
LN_MSV_1172,Massive Borrower 1172,TX,488309,6.90,2024-01-01,2054-01-01
LN_MSV_1173,Massive Borrower 1173,TX,352643,1.50,2024-01-01,2054-01-01
LN_MSV_1174,Massive Borrower 1174,TX,333293,3.40,2024-01-01,2054-01-01
LN_MSV_1175,Massive Borrower 1175,TX,495988,8.70,2024-01-01,2054-01-01
LN_MSV_1176,Massive Borrower 1176,TX,243205,2.10,2024-01-01,2054-01-01
LN_MSV_1177,Massive Borrower 1177,TX,290104,2.40,2024-01-01,2054-01-01
LN_MSV_1178,Massive Borrower 1178,TX,85507,4.70,2024-01-01,2054-01-01
LN_MSV_1179,Massive Borrower 1179,TX,239744,4.60,2024-01-01,2054-01-01
LN_MSV_1180,Massive Borrower 1180,TX,158707,2.30,2024-01-01,2054-01-01
LN_MSV_1181,Massive Borrower 1181,TX,443091,5.10,2024-01-01,2054-01-01
LN_MSV_1182,Massive Borrower 1182,TX,331045,2.80,2024-01-01,2054-01-01
LN_MSV_1183,Massive Borrower 1183,TX,158994,9.00,2024-01-01,2054-01-01
LN_MSV_1184,Massive Borrower 1184,TX,340033,4.00,2024-01-01,2054-01-01
LN_MSV_1185,Massive Borrower 1185,TX,464151,7.80,2024-01-01,2054-01-01
LN_MSV_1186,Massive Borrower 1186,TX,430441,1.20,2024-01-01,2054-01-01
LN_MSV_1187,Massive Borrower 1187,TX,461240,1.80,2024-01-01,2054-01-01
LN_MSV_1188,Massive Borrower 1188,TX,457530,8.10,2024-01-01,2054-01-01
LN_MSV_1189,Massive Borrower 1189,TX,162780,5.90,2024-01-01,2054-01-01
LN_MSV_1190,Massive Borrower 1190,TX,133646,1.10,2024-01-01,2054-01-01
LN_MSV_1191,Massive Borrower 1191,TX,446449,4.00,2024-01-01,2054-01-01
LN_MSV_1192,Massive Borrower 1192,TX,253565,1.20,2024-01-01,2054-01-01
LN_MSV_1193,Massive Borrower 1193,TX,149297,8.00,2024-01-01,2054-01-01
LN_MSV_1194,Massive Borrower 1194,TX,207937,9.90,2024-01-01,2054-01-01
LN_MSV_1195,Massive Borrower 1195,TX,367412,1.10,2024-01-01,2054-01-01
LN_MSV_1196,Massive Borrower 1196,TX,94646,5.00,2024-01-01,2054-01-01
LN_MSV_1197,Massive Borrower 1197,TX,448570,9.60,2024-01-01,2054-01-01
LN_MSV_1198,Massive Borrower 1198,TX,492078,6.70,2024-01-01,2054-01-01
LN_MSV_1199,Massive Borrower 1199,TX,133343,4.00,2024-01-01,2054-01-01
LN_MSV_1200,Massive Borrower 1200,TX,313006,2.40,2024-01-01,2054-01-01
LN_MSV_1201,Massive Borrower 1201,TX,419191,8.10,2024-01-01,2054-01-01
LN_MSV_1202,Massive Borrower 1202,TX,53301,3.00,2024-01-01,2054-01-01
LN_MSV_1203,Massive Borrower 1203,TX,414743,5.00,2024-01-01,2054-01-01
LN_MSV_1204,Massive Borrower 1204,TX,378170,7.60,2024-01-01,2054-01-01
LN_MSV_1205,Massive Borrower 1205,TX,341549,2.40,2024-01-01,2054-01-01
LN_MSV_1206,Massive Borrower 1206,TX,144209,8.90,2024-01-01,2054-01-01
LN_MSV_1207,Massive Borrower 1207,TX,219684,2.50,2024-01-01,2054-01-01
LN_MSV_1208,Massive Borrower 1208,TX,354199,3.60,2024-01-01,2054-01-01
LN_MSV_1209,Massive Borrower 1209,TX,50760,7.90,2024-01-01,2054-01-01
LN_MSV_1210,Massive Borrower 1210,TX,280396,1.40,2024-01-01,2054-01-01
LN_MSV_1211,Massive Borrower 1211,TX,341637,7.30,2024-01-01,2054-01-01
LN_MSV_1212,Massive Borrower 1212,TX,109768,6.20,2024-01-01,2054-01-01
LN_MSV_1213,Massive Borrower 1213,TX,405289,1.10,2024-01-01,2054-01-01
LN_MSV_1214,Massive Borrower 1214,TX,174400,3.90,2024-01-01,2054-01-01
LN_MSV_1215,Massive Borrower 1215,TX,284870,3.60,2024-01-01,2054-01-01
LN_MSV_1216,Massive Borrower 1216,TX,143254,4.00,2024-01-01,2054-01-01
LN_MSV_1217,Massive Borrower 1217,TX,239002,7.90,2024-01-01,2054-01-01
LN_MSV_1218,Massive Borrower 1218,TX,101688,4.10,2024-01-01,2054-01-01
LN_MSV_1219,Massive Borrower 1219,TX,218084,1.90,2024-01-01,2054-01-01
LN_MSV_1220,Massive Borrower 1220,TX,252668,4.70,2024-01-01,2054-01-01
LN_MSV_1221,Massive Borrower 1221,TX,447458,1.00,2024-01-01,2054-01-01
LN_MSV_1222,Massive Borrower 1222,TX,140298,6.40,2024-01-01,2054-01-01
LN_MSV_1223,Massive Borrower 1223,TX,78441,3.40,2024-01-01,2054-01-01
LN_MSV_1224,Massive Borrower 1224,TX,259308,9.70,2024-01-01,2054-01-01
LN_MSV_1225,Massive Borrower 1225,TX,284444,7.60,2024-01-01,2054-01-01
LN_MSV_1226,Massive Borrower 1226,TX,477219,3.40,2024-01-01,2054-01-01
LN_MSV_1227,Massive Borrower 1227,TX,234672,1.10,2024-01-01,2054-01-01
LN_MSV_1228,Massive Borrower 1228,TX,351964,7.40,2024-01-01,2054-01-01
LN_MSV_1229,Massive Borrower 1229,TX,404374,5.90,2024-01-01,2054-01-01
LN_MSV_1230,Massive Borrower 1230,TX,191068,4.10,2024-01-01,2054-01-01
LN_MSV_1231,Massive Borrower 1231,TX,262078,5.90,2024-01-01,2054-01-01
LN_MSV_1232,Massive Borrower 1232,TX,350213,8.30,2024-01-01,2054-01-01
LN_MSV_1233,Massive Borrower 1233,TX,260141,9.40,2024-01-01,2054-01-01
LN_MSV_1234,Massive Borrower 1234,TX,223692,3.50,2024-01-01,2054-01-01
LN_MSV_1235,Massive Borrower 1235,TX,155954,4.90,2024-01-01,2054-01-01
LN_MSV_1236,Massive Borrower 1236,TX,180425,8.20,2024-01-01,2054-01-01
LN_MSV_1237,Massive Borrower 1237,TX,321010,6.40,2024-01-01,2054-01-01
LN_MSV_1238,Massive Borrower 1238,TX,357305,4.80,2024-01-01,2054-01-01
LN_MSV_1239,Massive Borrower 1239,TX,364517,2.70,2024-01-01,2054-01-01
LN_MSV_1240,Massive Borrower 1240,TX,308975,5.50,2024-01-01,2054-01-01
LN_MSV_1241,Massive Borrower 1241,TX,228364,7.10,2024-01-01,2054-01-01
LN_MSV_1242,Massive Borrower 1242,TX,483220,4.80,2024-01-01,2054-01-01
LN_MSV_1243,Massive Borrower 1243,TX,228899,4.40,2024-01-01,2054-01-01
LN_MSV_1244,Massive Borrower 1244,TX,193601,3.50,2024-01-01,2054-01-01
LN_MSV_1245,Massive Borrower 1245,TX,124753,4.80,2024-01-01,2054-01-01
LN_MSV_1246,Massive Borrower 1246,TX,489997,8.10,2024-01-01,2054-01-01
LN_MSV_1247,Massive Borrower 1247,TX,383374,8.10,2024-01-01,2054-01-01
LN_MSV_1248,Massive Borrower 1248,TX,160809,3.20,2024-01-01,2054-01-01
LN_MSV_1249,Massive Borrower 1249,TX,350601,2.70,2024-01-01,2054-01-01
LN_MSV_1250,Massive Borrower 1250,TX,63373,9.10,2024-01-01,2054-01-01
LN_MSV_1251,Massive Borrower 1251,TX,147208,3.00,2024-01-01,2054-01-01
LN_MSV_1252,Massive Borrower 1252,TX,474752,2.90,2024-01-01,2054-01-01
LN_MSV_1253,Massive Borrower 1253,TX,475438,8.30,2024-01-01,2054-01-01
LN_MSV_1254,Massive Borrower 1254,TX,83921,1.00,2024-01-01,2054-01-01
LN_MSV_1255,Massive Borrower 1255,TX,306104,4.10,2024-01-01,2054-01-01
LN_MSV_1256,Massive Borrower 1256,TX,287366,9.60,2024-01-01,2054-01-01
LN_MSV_1257,Massive Borrower 1257,TX,279723,5.00,2024-01-01,2054-01-01
LN_MSV_1258,Massive Borrower 1258,TX,355687,2.00,2024-01-01,2054-01-01
LN_MSV_1259,Massive Borrower 1259,TX,330805,7.70,2024-01-01,2054-01-01
LN_MSV_1260,Massive Borrower 1260,TX,159910,3.50,2024-01-01,2054-01-01
LN_MSV_1261,Massive Borrower 1261,TX,144121,8.60,2024-01-01,2054-01-01
LN_MSV_1262,Massive Borrower 1262,TX,245722,3.80,2024-01-01,2054-01-01
LN_MSV_1263,Massive Borrower 1263,TX,484981,1.90,2024-01-01,2054-01-01
LN_MSV_1264,Massive Borrower 1264,TX,420901,4.10,2024-01-01,2054-01-01
LN_MSV_1265,Massive Borrower 1265,TX,378893,3.00,2024-01-01,2054-01-01
LN_MSV_1266,Massive Borrower 1266,TX,119522,5.70,2024-01-01,2054-01-01
LN_MSV_1267,Massive Borrower 1267,TX,248939,3.70,2024-01-01,2054-01-01
LN_MSV_1268,Massive Borrower 1268,TX,467082,5.30,2024-01-01,2054-01-01
LN_MSV_1269,Massive Borrower 1269,TX,477492,8.00,2024-01-01,2054-01-01
LN_MSV_1270,Massive Borrower 1270,TX,237002,7.00,2024-01-01,2054-01-01
LN_MSV_1271,Massive Borrower 1271,TX,246467,4.10,2024-01-01,2054-01-01
LN_MSV_1272,Massive Borrower 1272,TX,392507,9.40,2024-01-01,2054-01-01
LN_MSV_1273,Massive Borrower 1273,TX,117496,4.10,2024-01-01,2054-01-01
LN_MSV_1274,Massive Borrower 1274,TX,284499,2.70,2024-01-01,2054-01-01
LN_MSV_1275,Massive Borrower 1275,TX,287536,9.80,2024-01-01,2054-01-01
LN_MSV_1276,Massive Borrower 1276,TX,330292,3.80,2024-01-01,2054-01-01
LN_MSV_1277,Massive Borrower 1277,TX,257996,3.00,2024-01-01,2054-01-01
LN_MSV_1278,Massive Borrower 1278,TX,180517,10.00,2024-01-01,2054-01-01
LN_MSV_1279,Massive Borrower 1279,TX,313012,8.00,2024-01-01,2054-01-01
LN_MSV_1280,Massive Borrower 1280,TX,341611,7.90,2024-01-01,2054-01-01
LN_MSV_1281,Massive Borrower 1281,TX,433658,7.50,2024-01-01,2054-01-01
LN_MSV_1282,Massive Borrower 1282,TX,345514,7.60,2024-01-01,2054-01-01
LN_MSV_1283,Massive Borrower 1283,TX,132595,5.10,2024-01-01,2054-01-01
LN_MSV_1284,Massive Borrower 1284,TX,427222,5.90,2024-01-01,2054-01-01
LN_MSV_1285,Massive Borrower 1285,TX,454524,6.80,2024-01-01,2054-01-01
LN_MSV_1286,Massive Borrower 1286,TX,50175,8.80,2024-01-01,2054-01-01
LN_MSV_1287,Massive Borrower 1287,TX,67394,4.90,2024-01-01,2054-01-01
LN_MSV_1288,Massive Borrower 1288,TX,145590,9.80,2024-01-01,2054-01-01
LN_MSV_1289,Massive Borrower 1289,TX,388113,9.30,2024-01-01,2054-01-01
LN_MSV_1290,Massive Borrower 1290,TX,344513,9.10,2024-01-01,2054-01-01
LN_MSV_1291,Massive Borrower 1291,TX,362926,8.20,2024-01-01,2054-01-01
LN_MSV_1292,Massive Borrower 1292,TX,265165,1.20,2024-01-01,2054-01-01
LN_MSV_1293,Massive Borrower 1293,TX,131586,1.50,2024-01-01,2054-01-01
LN_MSV_1294,Massive Borrower 1294,TX,259906,2.00,2024-01-01,2054-01-01
LN_MSV_1295,Massive Borrower 1295,TX,264422,3.90,2024-01-01,2054-01-01
LN_MSV_1296,Massive Borrower 1296,TX,288572,4.20,2024-01-01,2054-01-01
LN_MSV_1297,Massive Borrower 1297,TX,402471,7.60,2024-01-01,2054-01-01
LN_MSV_1298,Massive Borrower 1298,TX,477460,8.70,2024-01-01,2054-01-01
LN_MSV_1299,Massive Borrower 1299,TX,230150,1.20,2024-01-01,2054-01-01
LN_MSV_1300,Massive Borrower 1300,TX,414266,6.60,2024-01-01,2054-01-01
LN_MSV_1301,Massive Borrower 1301,TX,499212,4.80,2024-01-01,2054-01-01
LN_MSV_1302,Massive Borrower 1302,TX,459204,3.90,2024-01-01,2054-01-01
LN_MSV_1303,Massive Borrower 1303,TX,464224,5.10,2024-01-01,2054-01-01
LN_MSV_1304,Massive Borrower 1304,TX,347232,2.70,2024-01-01,2054-01-01
LN_MSV_1305,Massive Borrower 1305,TX,488530,4.80,2024-01-01,2054-01-01
LN_MSV_1306,Massive Borrower 1306,TX,445298,4.10,2024-01-01,2054-01-01
LN_MSV_1307,Massive Borrower 1307,TX,491740,6.40,2024-01-01,2054-01-01
LN_MSV_1308,Massive Borrower 1308,TX,137049,6.10,2024-01-01,2054-01-01
LN_MSV_1309,Massive Borrower 1309,TX,55281,4.30,2024-01-01,2054-01-01
LN_MSV_1310,Massive Borrower 1310,TX,312889,7.10,2024-01-01,2054-01-01
LN_MSV_1311,Massive Borrower 1311,TX,205475,5.70,2024-01-01,2054-01-01
LN_MSV_1312,Massive Borrower 1312,TX,239954,6.60,2024-01-01,2054-01-01
LN_MSV_1313,Massive Borrower 1313,TX,77332,7.30,2024-01-01,2054-01-01
LN_MSV_1314,Massive Borrower 1314,TX,74705,6.30,2024-01-01,2054-01-01
LN_MSV_1315,Massive Borrower 1315,TX,359715,6.90,2024-01-01,2054-01-01
LN_MSV_1316,Massive Borrower 1316,TX,359363,6.40,2024-01-01,2054-01-01
LN_MSV_1317,Massive Borrower 1317,TX,420329,7.80,2024-01-01,2054-01-01
LN_MSV_1318,Massive Borrower 1318,TX,55201,4.00,2024-01-01,2054-01-01
LN_MSV_1319,Massive Borrower 1319,TX,68758,8.60,2024-01-01,2054-01-01
LN_MSV_1320,Massive Borrower 1320,TX,145517,7.00,2024-01-01,2054-01-01
LN_MSV_1321,Massive Borrower 1321,TX,419556,3.80,2024-01-01,2054-01-01
LN_MSV_1322,Massive Borrower 1322,TX,148688,2.00,2024-01-01,2054-01-01
LN_MSV_1323,Massive Borrower 1323,TX,486521,4.90,2024-01-01,2054-01-01
LN_MSV_1324,Massive Borrower 1324,TX,483099,5.20,2024-01-01,2054-01-01
LN_MSV_1325,Massive Borrower 1325,TX,436292,9.60,2024-01-01,2054-01-01
LN_MSV_1326,Massive Borrower 1326,TX,365220,9.50,2024-01-01,2054-01-01
LN_MSV_1327,Massive Borrower 1327,TX,432792,6.80,2024-01-01,2054-01-01
LN_MSV_1328,Massive Borrower 1328,TX,55417,6.20,2024-01-01,2054-01-01
LN_MSV_1329,Massive Borrower 1329,TX,395346,5.70,2024-01-01,2054-01-01
LN_MSV_1330,Massive Borrower 1330,TX,448704,8.10,2024-01-01,2054-01-01
LN_MSV_1331,Massive Borrower 1331,TX,294834,1.50,2024-01-01,2054-01-01
LN_MSV_1332,Massive Borrower 1332,TX,299634,3.00,2024-01-01,2054-01-01
LN_MSV_1333,Massive Borrower 1333,TX,260616,2.00,2024-01-01,2054-01-01
LN_MSV_1334,Massive Borrower 1334,TX,162404,9.40,2024-01-01,2054-01-01
LN_MSV_1335,Massive Borrower 1335,TX,228000,5.20,2024-01-01,2054-01-01
LN_MSV_1336,Massive Borrower 1336,TX,456923,2.50,2024-01-01,2054-01-01
LN_MSV_1337,Massive Borrower 1337,TX,318448,8.80,2024-01-01,2054-01-01
LN_MSV_1338,Massive Borrower 1338,TX,434447,9.40,2024-01-01,2054-01-01
LN_MSV_1339,Massive Borrower 1339,TX,352457,1.50,2024-01-01,2054-01-01
LN_MSV_1340,Massive Borrower 1340,TX,191327,7.40,2024-01-01,2054-01-01
LN_MSV_1341,Massive Borrower 1341,TX,431799,5.20,2024-01-01,2054-01-01
LN_MSV_1342,Massive Borrower 1342,TX,379524,1.90,2024-01-01,2054-01-01
LN_MSV_1343,Massive Borrower 1343,TX,230528,3.80,2024-01-01,2054-01-01
LN_MSV_1344,Massive Borrower 1344,TX,493157,3.70,2024-01-01,2054-01-01
LN_MSV_1345,Massive Borrower 1345,TX,224611,7.70,2024-01-01,2054-01-01
LN_MSV_1346,Massive Borrower 1346,TX,315315,2.80,2024-01-01,2054-01-01
LN_MSV_1347,Massive Borrower 1347,TX,196667,8.30,2024-01-01,2054-01-01
LN_MSV_1348,Massive Borrower 1348,TX,173297,6.00,2024-01-01,2054-01-01
LN_MSV_1349,Massive Borrower 1349,TX,197489,1.50,2024-01-01,2054-01-01
LN_MSV_1350,Massive Borrower 1350,TX,75732,9.30,2024-01-01,2054-01-01
LN_MSV_1351,Massive Borrower 1351,TX,220004,6.50,2024-01-01,2054-01-01
LN_MSV_1352,Massive Borrower 1352,TX,266058,1.60,2024-01-01,2054-01-01
LN_MSV_1353,Massive Borrower 1353,TX,188479,7.30,2024-01-01,2054-01-01
LN_MSV_1354,Massive Borrower 1354,TX,154915,9.60,2024-01-01,2054-01-01
LN_MSV_1355,Massive Borrower 1355,TX,232918,4.60,2024-01-01,2054-01-01
LN_MSV_1356,Massive Borrower 1356,TX,487183,5.10,2024-01-01,2054-01-01
LN_MSV_1357,Massive Borrower 1357,TX,207984,9.80,2024-01-01,2054-01-01
LN_MSV_1358,Massive Borrower 1358,TX,105183,4.00,2024-01-01,2054-01-01
LN_MSV_1359,Massive Borrower 1359,TX,330044,1.20,2024-01-01,2054-01-01
LN_MSV_1360,Massive Borrower 1360,TX,342074,2.80,2024-01-01,2054-01-01
LN_MSV_1361,Massive Borrower 1361,TX,300613,9.00,2024-01-01,2054-01-01
LN_MSV_1362,Massive Borrower 1362,TX,377309,5.30,2024-01-01,2054-01-01
LN_MSV_1363,Massive Borrower 1363,TX,321345,1.90,2024-01-01,2054-01-01
LN_MSV_1364,Massive Borrower 1364,TX,178195,7.50,2024-01-01,2054-01-01
LN_MSV_1365,Massive Borrower 1365,TX,238597,7.00,2024-01-01,2054-01-01
LN_MSV_1366,Massive Borrower 1366,TX,324345,4.50,2024-01-01,2054-01-01
LN_MSV_1367,Massive Borrower 1367,TX,346935,8.60,2024-01-01,2054-01-01
LN_MSV_1368,Massive Borrower 1368,TX,476908,9.00,2024-01-01,2054-01-01
LN_MSV_1369,Massive Borrower 1369,TX,206941,5.80,2024-01-01,2054-01-01
LN_MSV_1370,Massive Borrower 1370,TX,303540,9.10,2024-01-01,2054-01-01
LN_MSV_1371,Massive Borrower 1371,TX,451169,5.60,2024-01-01,2054-01-01
LN_MSV_1372,Massive Borrower 1372,TX,467679,6.40,2024-01-01,2054-01-01
LN_MSV_1373,Massive Borrower 1373,TX,81095,6.70,2024-01-01,2054-01-01
LN_MSV_1374,Massive Borrower 1374,TX,452908,2.90,2024-01-01,2054-01-01
LN_MSV_1375,Massive Borrower 1375,TX,115894,7.60,2024-01-01,2054-01-01
LN_MSV_1376,Massive Borrower 1376,TX,395232,5.30,2024-01-01,2054-01-01
LN_MSV_1377,Massive Borrower 1377,TX,247680,2.00,2024-01-01,2054-01-01
LN_MSV_1378,Massive Borrower 1378,TX,255537,4.50,2024-01-01,2054-01-01
LN_MSV_1379,Massive Borrower 1379,TX,251771,7.10,2024-01-01,2054-01-01
LN_MSV_1380,Massive Borrower 1380,TX,263726,6.10,2024-01-01,2054-01-01
LN_MSV_1381,Massive Borrower 1381,TX,214804,6.60,2024-01-01,2054-01-01
LN_MSV_1382,Massive Borrower 1382,TX,74682,4.10,2024-01-01,2054-01-01
LN_MSV_1383,Massive Borrower 1383,TX,342297,4.10,2024-01-01,2054-01-01
LN_MSV_1384,Massive Borrower 1384,TX,223471,8.60,2024-01-01,2054-01-01
LN_MSV_1385,Massive Borrower 1385,TX,73385,5.00,2024-01-01,2054-01-01
LN_MSV_1386,Massive Borrower 1386,TX,208378,2.10,2024-01-01,2054-01-01
LN_MSV_1387,Massive Borrower 1387,TX,147534,1.80,2024-01-01,2054-01-01
LN_MSV_1388,Massive Borrower 1388,TX,379289,5.90,2024-01-01,2054-01-01
LN_MSV_1389,Massive Borrower 1389,TX,322038,1.70,2024-01-01,2054-01-01
LN_MSV_1390,Massive Borrower 1390,TX,130989,2.10,2024-01-01,2054-01-01
LN_MSV_1391,Massive Borrower 1391,TX,127843,5.30,2024-01-01,2054-01-01
LN_MSV_1392,Massive Borrower 1392,TX,107810,8.80,2024-01-01,2054-01-01
LN_MSV_1393,Massive Borrower 1393,TX,400119,5.50,2024-01-01,2054-01-01
LN_MSV_1394,Massive Borrower 1394,TX,416593,8.00,2024-01-01,2054-01-01
LN_MSV_1395,Massive Borrower 1395,TX,161695,7.00,2024-01-01,2054-01-01
LN_MSV_1396,Massive Borrower 1396,TX,399334,6.30,2024-01-01,2054-01-01
LN_MSV_1397,Massive Borrower 1397,TX,188142,8.10,2024-01-01,2054-01-01
LN_MSV_1398,Massive Borrower 1398,TX,356317,6.90,2024-01-01,2054-01-01
LN_MSV_1399,Massive Borrower 1399,TX,237287,6.20,2024-01-01,2054-01-01
LN_MSV_1400,Massive Borrower 1400,TX,485481,4.20,2024-01-01,2054-01-01
LN_MSV_1401,Massive Borrower 1401,TX,258951,2.90,2024-01-01,2054-01-01
LN_MSV_1402,Massive Borrower 1402,TX,371519,4.80,2024-01-01,2054-01-01
LN_MSV_1403,Massive Borrower 1403,TX,425592,4.10,2024-01-01,2054-01-01
LN_MSV_1404,Massive Borrower 1404,TX,149551,7.60,2024-01-01,2054-01-01
LN_MSV_1405,Massive Borrower 1405,TX,87509,3.40,2024-01-01,2054-01-01
LN_MSV_1406,Massive Borrower 1406,TX,78616,5.00,2024-01-01,2054-01-01
LN_MSV_1407,Massive Borrower 1407,TX,475746,6.10,2024-01-01,2054-01-01
LN_MSV_1408,Massive Borrower 1408,TX,135307,7.20,2024-01-01,2054-01-01
LN_MSV_1409,Massive Borrower 1409,TX,143697,3.00,2024-01-01,2054-01-01
LN_MSV_1410,Massive Borrower 1410,TX,442941,2.90,2024-01-01,2054-01-01
LN_MSV_1411,Massive Borrower 1411,TX,478600,8.00,2024-01-01,2054-01-01
LN_MSV_1412,Massive Borrower 1412,TX,308967,7.80,2024-01-01,2054-01-01
LN_MSV_1413,Massive Borrower 1413,TX,284302,2.70,2024-01-01,2054-01-01
LN_MSV_1414,Massive Borrower 1414,TX,208457,5.30,2024-01-01,2054-01-01
LN_MSV_1415,Massive Borrower 1415,TX,232938,5.40,2024-01-01,2054-01-01
LN_MSV_1416,Massive Borrower 1416,TX,303491,3.70,2024-01-01,2054-01-01
LN_MSV_1417,Massive Borrower 1417,TX,322063,3.60,2024-01-01,2054-01-01
LN_MSV_1418,Massive Borrower 1418,TX,270089,5.50,2024-01-01,2054-01-01
LN_MSV_1419,Massive Borrower 1419,TX,431288,1.40,2024-01-01,2054-01-01
LN_MSV_1420,Massive Borrower 1420,TX,164633,2.00,2024-01-01,2054-01-01
LN_MSV_1421,Massive Borrower 1421,TX,138093,8.10,2024-01-01,2054-01-01
LN_MSV_1422,Massive Borrower 1422,TX,108392,7.80,2024-01-01,2054-01-01
LN_MSV_1423,Massive Borrower 1423,TX,310675,2.90,2024-01-01,2054-01-01
LN_MSV_1424,Massive Borrower 1424,TX,456259,4.40,2024-01-01,2054-01-01
LN_MSV_1425,Massive Borrower 1425,TX,137429,9.90,2024-01-01,2054-01-01
LN_MSV_1426,Massive Borrower 1426,TX,151609,4.50,2024-01-01,2054-01-01
LN_MSV_1427,Massive Borrower 1427,TX,279878,1.20,2024-01-01,2054-01-01
LN_MSV_1428,Massive Borrower 1428,TX,306470,4.70,2024-01-01,2054-01-01
LN_MSV_1429,Massive Borrower 1429,TX,129675,9.50,2024-01-01,2054-01-01
LN_MSV_1430,Massive Borrower 1430,TX,409753,5.00,2024-01-01,2054-01-01
LN_MSV_1431,Massive Borrower 1431,TX,68118,9.10,2024-01-01,2054-01-01
LN_MSV_1432,Massive Borrower 1432,TX,98124,9.30,2024-01-01,2054-01-01
LN_MSV_1433,Massive Borrower 1433,TX,345744,1.20,2024-01-01,2054-01-01
LN_MSV_1434,Massive Borrower 1434,TX,457607,10.00,2024-01-01,2054-01-01
LN_MSV_1435,Massive Borrower 1435,TX,200203,2.80,2024-01-01,2054-01-01
LN_MSV_1436,Massive Borrower 1436,TX,285997,7.40,2024-01-01,2054-01-01
LN_MSV_1437,Massive Borrower 1437,TX,65268,3.20,2024-01-01,2054-01-01
LN_MSV_1438,Massive Borrower 1438,TX,425903,4.10,2024-01-01,2054-01-01
LN_MSV_1439,Massive Borrower 1439,TX,274626,4.10,2024-01-01,2054-01-01
LN_MSV_1440,Massive Borrower 1440,TX,298225,8.50,2024-01-01,2054-01-01
LN_MSV_1441,Massive Borrower 1441,TX,352037,6.80,2024-01-01,2054-01-01
LN_MSV_1442,Massive Borrower 1442,TX,276785,8.30,2024-01-01,2054-01-01
LN_MSV_1443,Massive Borrower 1443,TX,315324,3.20,2024-01-01,2054-01-01
LN_MSV_1444,Massive Borrower 1444,TX,88295,2.40,2024-01-01,2054-01-01
LN_MSV_1445,Massive Borrower 1445,TX,112433,6.60,2024-01-01,2054-01-01
LN_MSV_1446,Massive Borrower 1446,TX,106107,6.60,2024-01-01,2054-01-01
LN_MSV_1447,Massive Borrower 1447,TX,127330,1.30,2024-01-01,2054-01-01
LN_MSV_1448,Massive Borrower 1448,TX,428515,4.60,2024-01-01,2054-01-01
LN_MSV_1449,Massive Borrower 1449,TX,180734,6.70,2024-01-01,2054-01-01
LN_MSV_1450,Massive Borrower 1450,TX,342742,6.30,2024-01-01,2054-01-01
LN_MSV_1451,Massive Borrower 1451,TX,311992,6.90,2024-01-01,2054-01-01
LN_MSV_1452,Massive Borrower 1452,TX,240880,5.20,2024-01-01,2054-01-01
LN_MSV_1453,Massive Borrower 1453,TX,203076,4.40,2024-01-01,2054-01-01
LN_MSV_1454,Massive Borrower 1454,TX,387391,4.60,2024-01-01,2054-01-01
LN_MSV_1455,Massive Borrower 1455,TX,413020,1.60,2024-01-01,2054-01-01
LN_MSV_1456,Massive Borrower 1456,TX,320616,7.10,2024-01-01,2054-01-01
LN_MSV_1457,Massive Borrower 1457,TX,140747,8.60,2024-01-01,2054-01-01
LN_MSV_1458,Massive Borrower 1458,TX,138812,6.60,2024-01-01,2054-01-01
LN_MSV_1459,Massive Borrower 1459,TX,79729,7.60,2024-01-01,2054-01-01
LN_MSV_1460,Massive Borrower 1460,TX,349654,4.90,2024-01-01,2054-01-01
LN_MSV_1461,Massive Borrower 1461,TX,252428,8.40,2024-01-01,2054-01-01
LN_MSV_1462,Massive Borrower 1462,TX,307229,6.30,2024-01-01,2054-01-01
LN_MSV_1463,Massive Borrower 1463,TX,156854,9.90,2024-01-01,2054-01-01
LN_MSV_1464,Massive Borrower 1464,TX,102369,1.30,2024-01-01,2054-01-01
LN_MSV_1465,Massive Borrower 1465,TX,463571,1.20,2024-01-01,2054-01-01
LN_MSV_1466,Massive Borrower 1466,TX,199637,8.80,2024-01-01,2054-01-01
LN_MSV_1467,Massive Borrower 1467,TX,340008,5.90,2024-01-01,2054-01-01
LN_MSV_1468,Massive Borrower 1468,TX,380313,4.90,2024-01-01,2054-01-01
LN_MSV_1469,Massive Borrower 1469,TX,478618,2.30,2024-01-01,2054-01-01
LN_MSV_1470,Massive Borrower 1470,TX,101320,1.50,2024-01-01,2054-01-01
LN_MSV_1471,Massive Borrower 1471,TX,452581,5.50,2024-01-01,2054-01-01
LN_MSV_1472,Massive Borrower 1472,TX,142949,1.40,2024-01-01,2054-01-01
LN_MSV_1473,Massive Borrower 1473,TX,252883,1.00,2024-01-01,2054-01-01
LN_MSV_1474,Massive Borrower 1474,TX,201210,9.40,2024-01-01,2054-01-01
LN_MSV_1475,Massive Borrower 1475,TX,452855,8.40,2024-01-01,2054-01-01
LN_MSV_1476,Massive Borrower 1476,TX,396331,5.40,2024-01-01,2054-01-01
LN_MSV_1477,Massive Borrower 1477,TX,243020,9.30,2024-01-01,2054-01-01
LN_MSV_1478,Massive Borrower 1478,TX,389448,1.90,2024-01-01,2054-01-01
LN_MSV_1479,Massive Borrower 1479,TX,359833,5.30,2024-01-01,2054-01-01
LN_MSV_1480,Massive Borrower 1480,TX,74477,5.90,2024-01-01,2054-01-01
LN_MSV_1481,Massive Borrower 1481,TX,60221,2.20,2024-01-01,2054-01-01
LN_MSV_1482,Massive Borrower 1482,TX,164818,7.30,2024-01-01,2054-01-01
LN_MSV_1483,Massive Borrower 1483,TX,433078,1.30,2024-01-01,2054-01-01
LN_MSV_1484,Massive Borrower 1484,TX,381960,8.70,2024-01-01,2054-01-01
LN_MSV_1485,Massive Borrower 1485,TX,367871,9.00,2024-01-01,2054-01-01
LN_MSV_1486,Massive Borrower 1486,TX,460712,6.50,2024-01-01,2054-01-01
LN_MSV_1487,Massive Borrower 1487,TX,105957,8.70,2024-01-01,2054-01-01
LN_MSV_1488,Massive Borrower 1488,TX,344708,5.60,2024-01-01,2054-01-01
LN_MSV_1489,Massive Borrower 1489,TX,263162,1.10,2024-01-01,2054-01-01
LN_MSV_1490,Massive Borrower 1490,TX,123609,2.80,2024-01-01,2054-01-01
LN_MSV_1491,Massive Borrower 1491,TX,178629,7.80,2024-01-01,2054-01-01
LN_MSV_1492,Massive Borrower 1492,TX,50735,9.10,2024-01-01,2054-01-01
LN_MSV_1493,Massive Borrower 1493,TX,410173,7.50,2024-01-01,2054-01-01
LN_MSV_1494,Massive Borrower 1494,TX,262096,4.50,2024-01-01,2054-01-01
LN_MSV_1495,Massive Borrower 1495,TX,171682,7.90,2024-01-01,2054-01-01
LN_MSV_1496,Massive Borrower 1496,TX,144260,3.70,2024-01-01,2054-01-01
LN_MSV_1497,Massive Borrower 1497,TX,242574,7.90,2024-01-01,2054-01-01
LN_MSV_1498,Massive Borrower 1498,TX,80939,1.40,2024-01-01,2054-01-01
LN_MSV_1499,Massive Borrower 1499,TX,256004,3.80,2024-01-01,2054-01-01
LN_MSV_1500,Massive Borrower 1500,TX,326780,3.80,2024-01-01,2054-01-01
LN_MSV_1501,Massive Borrower 1501,TX,123308,5.50,2024-01-01,2054-01-01
LN_MSV_1502,Massive Borrower 1502,TX,220494,5.10,2024-01-01,2054-01-01
LN_MSV_1503,Massive Borrower 1503,TX,121423,1.10,2024-01-01,2054-01-01
LN_MSV_1504,Massive Borrower 1504,TX,113973,9.30,2024-01-01,2054-01-01
LN_MSV_1505,Massive Borrower 1505,TX,275941,8.50,2024-01-01,2054-01-01
LN_MSV_1506,Massive Borrower 1506,TX,130329,6.60,2024-01-01,2054-01-01
LN_MSV_1507,Massive Borrower 1507,TX,71950,6.30,2024-01-01,2054-01-01
LN_MSV_1508,Massive Borrower 1508,TX,271108,2.30,2024-01-01,2054-01-01
LN_MSV_1509,Massive Borrower 1509,TX,119189,5.10,2024-01-01,2054-01-01
LN_MSV_1510,Massive Borrower 1510,TX,424694,2.00,2024-01-01,2054-01-01
LN_MSV_1511,Massive Borrower 1511,TX,188446,1.10,2024-01-01,2054-01-01
LN_MSV_1512,Massive Borrower 1512,TX,86836,8.70,2024-01-01,2054-01-01
LN_MSV_1513,Massive Borrower 1513,TX,378750,3.30,2024-01-01,2054-01-01
LN_MSV_1514,Massive Borrower 1514,TX,475577,3.80,2024-01-01,2054-01-01
LN_MSV_1515,Massive Borrower 1515,TX,373416,1.40,2024-01-01,2054-01-01
LN_MSV_1516,Massive Borrower 1516,TX,318487,7.50,2024-01-01,2054-01-01
LN_MSV_1517,Massive Borrower 1517,TX,290863,4.70,2024-01-01,2054-01-01
LN_MSV_1518,Massive Borrower 1518,TX,63587,6.20,2024-01-01,2054-01-01
LN_MSV_1519,Massive Borrower 1519,TX,73366,9.20,2024-01-01,2054-01-01
LN_MSV_1520,Massive Borrower 1520,TX,441148,8.30,2024-01-01,2054-01-01
LN_MSV_1521,Massive Borrower 1521,TX,166759,3.30,2024-01-01,2054-01-01
LN_MSV_1522,Massive Borrower 1522,TX,101161,7.20,2024-01-01,2054-01-01
LN_MSV_1523,Massive Borrower 1523,TX,86828,6.00,2024-01-01,2054-01-01
LN_MSV_1524,Massive Borrower 1524,TX,140187,1.80,2024-01-01,2054-01-01
LN_MSV_1525,Massive Borrower 1525,TX,167652,2.60,2024-01-01,2054-01-01
LN_MSV_1526,Massive Borrower 1526,TX,322077,4.50,2024-01-01,2054-01-01
LN_MSV_1527,Massive Borrower 1527,TX,451680,6.00,2024-01-01,2054-01-01
LN_MSV_1528,Massive Borrower 1528,TX,470405,4.20,2024-01-01,2054-01-01
LN_MSV_1529,Massive Borrower 1529,TX,388024,7.90,2024-01-01,2054-01-01
LN_MSV_1530,Massive Borrower 1530,TX,295006,2.10,2024-01-01,2054-01-01
LN_MSV_1531,Massive Borrower 1531,TX,441359,5.20,2024-01-01,2054-01-01
LN_MSV_1532,Massive Borrower 1532,TX,435916,5.50,2024-01-01,2054-01-01
LN_MSV_1533,Massive Borrower 1533,TX,458349,4.50,2024-01-01,2054-01-01
LN_MSV_1534,Massive Borrower 1534,TX,245646,3.00,2024-01-01,2054-01-01
LN_MSV_1535,Massive Borrower 1535,TX,125988,1.00,2024-01-01,2054-01-01
LN_MSV_1536,Massive Borrower 1536,TX,268613,8.30,2024-01-01,2054-01-01
LN_MSV_1537,Massive Borrower 1537,TX,131952,2.20,2024-01-01,2054-01-01
LN_MSV_1538,Massive Borrower 1538,TX,332656,2.70,2024-01-01,2054-01-01
LN_MSV_1539,Massive Borrower 1539,TX,374014,3.00,2024-01-01,2054-01-01
LN_MSV_1540,Massive Borrower 1540,TX,420424,9.30,2024-01-01,2054-01-01
LN_MSV_1541,Massive Borrower 1541,TX,379691,5.10,2024-01-01,2054-01-01
LN_MSV_1542,Massive Borrower 1542,TX,382175,7.00,2024-01-01,2054-01-01
LN_MSV_1543,Massive Borrower 1543,TX,185851,9.00,2024-01-01,2054-01-01
LN_MSV_1544,Massive Borrower 1544,TX,248227,7.00,2024-01-01,2054-01-01
LN_MSV_1545,Massive Borrower 1545,TX,224395,4.00,2024-01-01,2054-01-01
LN_MSV_1546,Massive Borrower 1546,TX,320274,7.40,2024-01-01,2054-01-01
LN_MSV_1547,Massive Borrower 1547,TX,102807,7.50,2024-01-01,2054-01-01
LN_MSV_1548,Massive Borrower 1548,TX,380025,1.00,2024-01-01,2054-01-01
LN_MSV_1549,Massive Borrower 1549,TX,93312,4.90,2024-01-01,2054-01-01
LN_MSV_1550,Massive Borrower 1550,TX,344788,6.80,2024-01-01,2054-01-01
LN_MSV_1551,Massive Borrower 1551,TX,422517,7.40,2024-01-01,2054-01-01
LN_MSV_1552,Massive Borrower 1552,TX,429013,6.70,2024-01-01,2054-01-01
LN_MSV_1553,Massive Borrower 1553,TX,100761,5.50,2024-01-01,2054-01-01
LN_MSV_1554,Massive Borrower 1554,TX,245353,1.30,2024-01-01,2054-01-01
LN_MSV_1555,Massive Borrower 1555,TX,270069,1.40,2024-01-01,2054-01-01
LN_MSV_1556,Massive Borrower 1556,TX,169956,2.70,2024-01-01,2054-01-01
LN_MSV_1557,Massive Borrower 1557,TX,167846,4.50,2024-01-01,2054-01-01
LN_MSV_1558,Massive Borrower 1558,TX,402855,8.00,2024-01-01,2054-01-01
LN_MSV_1559,Massive Borrower 1559,TX,356851,7.80,2024-01-01,2054-01-01
LN_MSV_1560,Massive Borrower 1560,TX,440122,7.60,2024-01-01,2054-01-01
LN_MSV_1561,Massive Borrower 1561,TX,236112,7.00,2024-01-01,2054-01-01
LN_MSV_1562,Massive Borrower 1562,TX,346437,9.20,2024-01-01,2054-01-01
LN_MSV_1563,Massive Borrower 1563,TX,92908,4.90,2024-01-01,2054-01-01
LN_MSV_1564,Massive Borrower 1564,TX,182305,4.10,2024-01-01,2054-01-01
LN_MSV_1565,Massive Borrower 1565,TX,206825,3.20,2024-01-01,2054-01-01
LN_MSV_1566,Massive Borrower 1566,TX,402050,8.90,2024-01-01,2054-01-01
LN_MSV_1567,Massive Borrower 1567,TX,278520,8.40,2024-01-01,2054-01-01
LN_MSV_1568,Massive Borrower 1568,TX,86187,2.60,2024-01-01,2054-01-01
LN_MSV_1569,Massive Borrower 1569,TX,200253,6.20,2024-01-01,2054-01-01
LN_MSV_1570,Massive Borrower 1570,TX,319419,6.80,2024-01-01,2054-01-01
LN_MSV_1571,Massive Borrower 1571,TX,75641,7.20,2024-01-01,2054-01-01
LN_MSV_1572,Massive Borrower 1572,TX,229732,7.30,2024-01-01,2054-01-01
LN_MSV_1573,Massive Borrower 1573,TX,57274,2.30,2024-01-01,2054-01-01
LN_MSV_1574,Massive Borrower 1574,TX,332598,6.90,2024-01-01,2054-01-01
LN_MSV_1575,Massive Borrower 1575,TX,450677,4.70,2024-01-01,2054-01-01
LN_MSV_1576,Massive Borrower 1576,TX,213657,1.30,2024-01-01,2054-01-01
LN_MSV_1577,Massive Borrower 1577,TX,433696,4.30,2024-01-01,2054-01-01
LN_MSV_1578,Massive Borrower 1578,TX,149394,7.00,2024-01-01,2054-01-01
LN_MSV_1579,Massive Borrower 1579,TX,454079,4.60,2024-01-01,2054-01-01
LN_MSV_1580,Massive Borrower 1580,TX,207637,1.10,2024-01-01,2054-01-01
LN_MSV_1581,Massive Borrower 1581,TX,466637,4.40,2024-01-01,2054-01-01
LN_MSV_1582,Massive Borrower 1582,TX,280722,9.80,2024-01-01,2054-01-01
LN_MSV_1583,Massive Borrower 1583,TX,93374,8.70,2024-01-01,2054-01-01
LN_MSV_1584,Massive Borrower 1584,TX,364163,6.30,2024-01-01,2054-01-01
LN_MSV_1585,Massive Borrower 1585,TX,290509,2.80,2024-01-01,2054-01-01
LN_MSV_1586,Massive Borrower 1586,TX,70209,1.40,2024-01-01,2054-01-01
LN_MSV_1587,Massive Borrower 1587,TX,413892,2.90,2024-01-01,2054-01-01
LN_MSV_1588,Massive Borrower 1588,TX,423862,2.00,2024-01-01,2054-01-01
LN_MSV_1589,Massive Borrower 1589,TX,235579,5.80,2024-01-01,2054-01-01
LN_MSV_1590,Massive Borrower 1590,TX,385655,8.10,2024-01-01,2054-01-01
LN_MSV_1591,Massive Borrower 1591,TX,369205,2.30,2024-01-01,2054-01-01
LN_MSV_1592,Massive Borrower 1592,TX,109780,9.50,2024-01-01,2054-01-01
LN_MSV_1593,Massive Borrower 1593,TX,172753,4.60,2024-01-01,2054-01-01
LN_MSV_1594,Massive Borrower 1594,TX,305070,5.20,2024-01-01,2054-01-01
LN_MSV_1595,Massive Borrower 1595,TX,288568,5.80,2024-01-01,2054-01-01
LN_MSV_1596,Massive Borrower 1596,TX,217447,3.40,2024-01-01,2054-01-01
LN_MSV_1597,Massive Borrower 1597,TX,118984,1.20,2024-01-01,2054-01-01
LN_MSV_1598,Massive Borrower 1598,TX,265390,5.30,2024-01-01,2054-01-01
LN_MSV_1599,Massive Borrower 1599,TX,99149,6.80,2024-01-01,2054-01-01
LN_MSV_1600,Massive Borrower 1600,TX,356164,3.70,2024-01-01,2054-01-01
LN_MSV_1601,Massive Borrower 1601,TX,379235,9.60,2024-01-01,2054-01-01
LN_MSV_1602,Massive Borrower 1602,TX,241412,4.00,2024-01-01,2054-01-01
LN_MSV_1603,Massive Borrower 1603,TX,77636,3.90,2024-01-01,2054-01-01
LN_MSV_1604,Massive Borrower 1604,TX,328050,4.50,2024-01-01,2054-01-01
LN_MSV_1605,Massive Borrower 1605,TX,53745,9.60,2024-01-01,2054-01-01
LN_MSV_1606,Massive Borrower 1606,TX,206562,8.20,2024-01-01,2054-01-01
LN_MSV_1607,Massive Borrower 1607,TX,249150,3.40,2024-01-01,2054-01-01
LN_MSV_1608,Massive Borrower 1608,TX,174446,1.20,2024-01-01,2054-01-01
LN_MSV_1609,Massive Borrower 1609,TX,260059,9.90,2024-01-01,2054-01-01
LN_MSV_1610,Massive Borrower 1610,TX,443306,7.00,2024-01-01,2054-01-01
LN_MSV_1611,Massive Borrower 1611,TX,411277,4.40,2024-01-01,2054-01-01
LN_MSV_1612,Massive Borrower 1612,TX,410316,7.30,2024-01-01,2054-01-01
LN_MSV_1613,Massive Borrower 1613,TX,242822,5.40,2024-01-01,2054-01-01
LN_MSV_1614,Massive Borrower 1614,TX,416135,1.10,2024-01-01,2054-01-01
LN_MSV_1615,Massive Borrower 1615,TX,339312,5.70,2024-01-01,2054-01-01
LN_MSV_1616,Massive Borrower 1616,TX,436108,2.40,2024-01-01,2054-01-01
LN_MSV_1617,Massive Borrower 1617,TX,447309,8.50,2024-01-01,2054-01-01
LN_MSV_1618,Massive Borrower 1618,TX,142669,5.60,2024-01-01,2054-01-01
LN_MSV_1619,Massive Borrower 1619,TX,389079,4.00,2024-01-01,2054-01-01
LN_MSV_1620,Massive Borrower 1620,TX,133556,7.90,2024-01-01,2054-01-01
LN_MSV_1621,Massive Borrower 1621,TX,256902,5.50,2024-01-01,2054-01-01
LN_MSV_1622,Massive Borrower 1622,TX,298281,7.30,2024-01-01,2054-01-01
LN_MSV_1623,Massive Borrower 1623,TX,260738,2.80,2024-01-01,2054-01-01
LN_MSV_1624,Massive Borrower 1624,TX,352162,4.10,2024-01-01,2054-01-01
LN_MSV_1625,Massive Borrower 1625,TX,225599,1.10,2024-01-01,2054-01-01
LN_MSV_1626,Massive Borrower 1626,TX,441208,2.10,2024-01-01,2054-01-01
LN_MSV_1627,Massive Borrower 1627,TX,329457,7.30,2024-01-01,2054-01-01
LN_MSV_1628,Massive Borrower 1628,TX,210234,3.90,2024-01-01,2054-01-01
LN_MSV_1629,Massive Borrower 1629,TX,322649,9.60,2024-01-01,2054-01-01
LN_MSV_1630,Massive Borrower 1630,TX,94395,3.40,2024-01-01,2054-01-01
LN_MSV_1631,Massive Borrower 1631,TX,390671,3.80,2024-01-01,2054-01-01
LN_MSV_1632,Massive Borrower 1632,TX,283306,6.50,2024-01-01,2054-01-01
LN_MSV_1633,Massive Borrower 1633,TX,366506,3.80,2024-01-01,2054-01-01
LN_MSV_1634,Massive Borrower 1634,TX,438668,3.70,2024-01-01,2054-01-01
LN_MSV_1635,Massive Borrower 1635,TX,309274,1.00,2024-01-01,2054-01-01
LN_MSV_1636,Massive Borrower 1636,TX,282403,9.50,2024-01-01,2054-01-01
LN_MSV_1637,Massive Borrower 1637,TX,91811,5.00,2024-01-01,2054-01-01
LN_MSV_1638,Massive Borrower 1638,TX,184487,6.40,2024-01-01,2054-01-01
LN_MSV_1639,Massive Borrower 1639,TX,156377,4.20,2024-01-01,2054-01-01
LN_MSV_1640,Massive Borrower 1640,TX,111371,5.30,2024-01-01,2054-01-01
LN_MSV_1641,Massive Borrower 1641,TX,315844,3.00,2024-01-01,2054-01-01
LN_MSV_1642,Massive Borrower 1642,TX,56793,5.00,2024-01-01,2054-01-01
LN_MSV_1643,Massive Borrower 1643,TX,85384,9.10,2024-01-01,2054-01-01
LN_MSV_1644,Massive Borrower 1644,TX,475273,5.70,2024-01-01,2054-01-01
LN_MSV_1645,Massive Borrower 1645,TX,224984,6.80,2024-01-01,2054-01-01
LN_MSV_1646,Massive Borrower 1646,TX,80260,1.10,2024-01-01,2054-01-01
LN_MSV_1647,Massive Borrower 1647,TX,127842,1.50,2024-01-01,2054-01-01
LN_MSV_1648,Massive Borrower 1648,TX,136013,1.50,2024-01-01,2054-01-01
LN_MSV_1649,Massive Borrower 1649,TX,439479,2.50,2024-01-01,2054-01-01
LN_MSV_1650,Massive Borrower 1650,TX,339207,8.00,2024-01-01,2054-01-01
LN_MSV_1651,Massive Borrower 1651,TX,205200,1.60,2024-01-01,2054-01-01
LN_MSV_1652,Massive Borrower 1652,TX,338147,3.00,2024-01-01,2054-01-01
LN_MSV_1653,Massive Borrower 1653,TX,453583,1.50,2024-01-01,2054-01-01
LN_MSV_1654,Massive Borrower 1654,TX,70593,3.70,2024-01-01,2054-01-01
LN_MSV_1655,Massive Borrower 1655,TX,74478,2.60,2024-01-01,2054-01-01
LN_MSV_1656,Massive Borrower 1656,TX,206329,9.40,2024-01-01,2054-01-01
LN_MSV_1657,Massive Borrower 1657,TX,150312,3.00,2024-01-01,2054-01-01
LN_MSV_1658,Massive Borrower 1658,TX,277622,3.10,2024-01-01,2054-01-01
LN_MSV_1659,Massive Borrower 1659,TX,86348,8.30,2024-01-01,2054-01-01
LN_MSV_1660,Massive Borrower 1660,TX,476296,1.60,2024-01-01,2054-01-01
LN_MSV_1661,Massive Borrower 1661,TX,265793,10.00,2024-01-01,2054-01-01
LN_MSV_1662,Massive Borrower 1662,TX,466887,8.30,2024-01-01,2054-01-01
LN_MSV_1663,Massive Borrower 1663,TX,477821,1.00,2024-01-01,2054-01-01
LN_MSV_1664,Massive Borrower 1664,TX,237225,8.00,2024-01-01,2054-01-01
LN_MSV_1665,Massive Borrower 1665,TX,141761,8.70,2024-01-01,2054-01-01
LN_MSV_1666,Massive Borrower 1666,TX,390831,7.60,2024-01-01,2054-01-01
LN_MSV_1667,Massive Borrower 1667,TX,302535,6.20,2024-01-01,2054-01-01
LN_MSV_1668,Massive Borrower 1668,TX,301053,5.80,2024-01-01,2054-01-01
LN_MSV_1669,Massive Borrower 1669,TX,303691,9.90,2024-01-01,2054-01-01
LN_MSV_1670,Massive Borrower 1670,TX,466382,3.10,2024-01-01,2054-01-01
LN_MSV_1671,Massive Borrower 1671,TX,146166,1.50,2024-01-01,2054-01-01
LN_MSV_1672,Massive Borrower 1672,TX,133691,7.20,2024-01-01,2054-01-01
LN_MSV_1673,Massive Borrower 1673,TX,446129,5.80,2024-01-01,2054-01-01
LN_MSV_1674,Massive Borrower 1674,TX,348018,2.30,2024-01-01,2054-01-01
LN_MSV_1675,Massive Borrower 1675,TX,438724,2.90,2024-01-01,2054-01-01
LN_MSV_1676,Massive Borrower 1676,TX,151680,2.50,2024-01-01,2054-01-01
LN_MSV_1677,Massive Borrower 1677,TX,319698,4.50,2024-01-01,2054-01-01
LN_MSV_1678,Massive Borrower 1678,TX,441092,1.60,2024-01-01,2054-01-01
LN_MSV_1679,Massive Borrower 1679,TX,213403,8.70,2024-01-01,2054-01-01
LN_MSV_1680,Massive Borrower 1680,TX,462245,1.40,2024-01-01,2054-01-01
LN_MSV_1681,Massive Borrower 1681,TX,475009,9.00,2024-01-01,2054-01-01
LN_MSV_1682,Massive Borrower 1682,TX,268025,4.10,2024-01-01,2054-01-01
LN_MSV_1683,Massive Borrower 1683,TX,499795,4.70,2024-01-01,2054-01-01
LN_MSV_1684,Massive Borrower 1684,TX,124472,4.90,2024-01-01,2054-01-01
LN_MSV_1685,Massive Borrower 1685,TX,403451,9.00,2024-01-01,2054-01-01
LN_MSV_1686,Massive Borrower 1686,TX,468730,8.00,2024-01-01,2054-01-01
LN_MSV_1687,Massive Borrower 1687,TX,235736,7.30,2024-01-01,2054-01-01
LN_MSV_1688,Massive Borrower 1688,TX,340101,9.50,2024-01-01,2054-01-01
LN_MSV_1689,Massive Borrower 1689,TX,470005,6.80,2024-01-01,2054-01-01
LN_MSV_1690,Massive Borrower 1690,TX,372326,7.60,2024-01-01,2054-01-01
LN_MSV_1691,Massive Borrower 1691,TX,116255,9.30,2024-01-01,2054-01-01
LN_MSV_1692,Massive Borrower 1692,TX,214049,4.90,2024-01-01,2054-01-01
LN_MSV_1693,Massive Borrower 1693,TX,227802,5.50,2024-01-01,2054-01-01
LN_MSV_1694,Massive Borrower 1694,TX,61456,7.90,2024-01-01,2054-01-01
LN_MSV_1695,Massive Borrower 1695,TX,50491,4.90,2024-01-01,2054-01-01
LN_MSV_1696,Massive Borrower 1696,TX,270554,5.30,2024-01-01,2054-01-01
LN_MSV_1697,Massive Borrower 1697,TX,484906,1.60,2024-01-01,2054-01-01
LN_MSV_1698,Massive Borrower 1698,TX,410533,3.10,2024-01-01,2054-01-01
LN_MSV_1699,Massive Borrower 1699,TX,242337,7.80,2024-01-01,2054-01-01
LN_MSV_1700,Massive Borrower 1700,TX,428307,2.60,2024-01-01,2054-01-01
LN_MSV_1701,Massive Borrower 1701,TX,59762,3.70,2024-01-01,2054-01-01
LN_MSV_1702,Massive Borrower 1702,TX,69572,8.30,2024-01-01,2054-01-01
LN_MSV_1703,Massive Borrower 1703,TX,384974,2.90,2024-01-01,2054-01-01
LN_MSV_1704,Massive Borrower 1704,TX,486175,5.10,2024-01-01,2054-01-01
LN_MSV_1705,Massive Borrower 1705,TX,58695,1.80,2024-01-01,2054-01-01
LN_MSV_1706,Massive Borrower 1706,TX,433924,1.10,2024-01-01,2054-01-01
LN_MSV_1707,Massive Borrower 1707,TX,403356,1.00,2024-01-01,2054-01-01
LN_MSV_1708,Massive Borrower 1708,TX,311933,3.70,2024-01-01,2054-01-01
LN_MSV_1709,Massive Borrower 1709,TX,161222,7.60,2024-01-01,2054-01-01
LN_MSV_1710,Massive Borrower 1710,TX,212393,3.20,2024-01-01,2054-01-01
LN_MSV_1711,Massive Borrower 1711,TX,77479,8.80,2024-01-01,2054-01-01
LN_MSV_1712,Massive Borrower 1712,TX,198873,7.50,2024-01-01,2054-01-01
LN_MSV_1713,Massive Borrower 1713,TX,166120,3.50,2024-01-01,2054-01-01
LN_MSV_1714,Massive Borrower 1714,TX,204867,4.40,2024-01-01,2054-01-01
LN_MSV_1715,Massive Borrower 1715,TX,463698,6.70,2024-01-01,2054-01-01
LN_MSV_1716,Massive Borrower 1716,TX,480192,9.00,2024-01-01,2054-01-01
LN_MSV_1717,Massive Borrower 1717,TX,67783,4.70,2024-01-01,2054-01-01
LN_MSV_1718,Massive Borrower 1718,TX,213135,4.80,2024-01-01,2054-01-01
LN_MSV_1719,Massive Borrower 1719,TX,332698,6.90,2024-01-01,2054-01-01
LN_MSV_1720,Massive Borrower 1720,TX,400880,4.20,2024-01-01,2054-01-01
LN_MSV_1721,Massive Borrower 1721,TX,186309,2.40,2024-01-01,2054-01-01
LN_MSV_1722,Massive Borrower 1722,TX,346137,3.60,2024-01-01,2054-01-01
LN_MSV_1723,Massive Borrower 1723,TX,354889,6.10,2024-01-01,2054-01-01
LN_MSV_1724,Massive Borrower 1724,TX,409246,1.70,2024-01-01,2054-01-01
LN_MSV_1725,Massive Borrower 1725,TX,442459,7.80,2024-01-01,2054-01-01
LN_MSV_1726,Massive Borrower 1726,TX,351355,4.80,2024-01-01,2054-01-01
LN_MSV_1727,Massive Borrower 1727,TX,236834,6.60,2024-01-01,2054-01-01
LN_MSV_1728,Massive Borrower 1728,TX,410828,9.80,2024-01-01,2054-01-01
LN_MSV_1729,Massive Borrower 1729,TX,481557,9.30,2024-01-01,2054-01-01
LN_MSV_1730,Massive Borrower 1730,TX,407025,8.10,2024-01-01,2054-01-01
LN_MSV_1731,Massive Borrower 1731,TX,415389,5.10,2024-01-01,2054-01-01
LN_MSV_1732,Massive Borrower 1732,TX,468650,5.10,2024-01-01,2054-01-01
LN_MSV_1733,Massive Borrower 1733,TX,195040,10.00,2024-01-01,2054-01-01
LN_MSV_1734,Massive Borrower 1734,TX,210331,1.00,2024-01-01,2054-01-01
LN_MSV_1735,Massive Borrower 1735,TX,359845,8.60,2024-01-01,2054-01-01
LN_MSV_1736,Massive Borrower 1736,TX,331560,3.60,2024-01-01,2054-01-01
LN_MSV_1737,Massive Borrower 1737,TX,385107,4.70,2024-01-01,2054-01-01
LN_MSV_1738,Massive Borrower 1738,TX,332652,1.90,2024-01-01,2054-01-01
LN_MSV_1739,Massive Borrower 1739,TX,258218,2.70,2024-01-01,2054-01-01
LN_MSV_1740,Massive Borrower 1740,TX,204604,8.50,2024-01-01,2054-01-01
LN_MSV_1741,Massive Borrower 1741,TX,199811,2.40,2024-01-01,2054-01-01
LN_MSV_1742,Massive Borrower 1742,TX,350389,3.00,2024-01-01,2054-01-01
LN_MSV_1743,Massive Borrower 1743,TX,202149,7.70,2024-01-01,2054-01-01
LN_MSV_1744,Massive Borrower 1744,TX,209803,8.10,2024-01-01,2054-01-01
LN_MSV_1745,Massive Borrower 1745,TX,461985,5.80,2024-01-01,2054-01-01
LN_MSV_1746,Massive Borrower 1746,TX,51433,2.00,2024-01-01,2054-01-01
LN_MSV_1747,Massive Borrower 1747,TX,85043,9.80,2024-01-01,2054-01-01
LN_MSV_1748,Massive Borrower 1748,TX,324973,9.90,2024-01-01,2054-01-01
LN_MSV_1749,Massive Borrower 1749,TX,114506,6.70,2024-01-01,2054-01-01
LN_MSV_1750,Massive Borrower 1750,TX,272209,4.00,2024-01-01,2054-01-01
LN_MSV_1751,Massive Borrower 1751,TX,494818,1.30,2024-01-01,2054-01-01
LN_MSV_1752,Massive Borrower 1752,TX,391274,9.40,2024-01-01,2054-01-01
LN_MSV_1753,Massive Borrower 1753,TX,134602,2.60,2024-01-01,2054-01-01
LN_MSV_1754,Massive Borrower 1754,TX,465939,2.20,2024-01-01,2054-01-01
LN_MSV_1755,Massive Borrower 1755,TX,73761,5.60,2024-01-01,2054-01-01
LN_MSV_1756,Massive Borrower 1756,TX,211479,8.80,2024-01-01,2054-01-01
LN_MSV_1757,Massive Borrower 1757,TX,105954,2.90,2024-01-01,2054-01-01
LN_MSV_1758,Massive Borrower 1758,TX,456109,2.10,2024-01-01,2054-01-01
LN_MSV_1759,Massive Borrower 1759,TX,204605,2.70,2024-01-01,2054-01-01
LN_MSV_1760,Massive Borrower 1760,TX,424475,2.70,2024-01-01,2054-01-01
LN_MSV_1761,Massive Borrower 1761,TX,432333,8.60,2024-01-01,2054-01-01
LN_MSV_1762,Massive Borrower 1762,TX,187561,2.90,2024-01-01,2054-01-01
LN_MSV_1763,Massive Borrower 1763,TX,220895,9.80,2024-01-01,2054-01-01
LN_MSV_1764,Massive Borrower 1764,TX,424731,7.60,2024-01-01,2054-01-01
LN_MSV_1765,Massive Borrower 1765,TX,430646,2.70,2024-01-01,2054-01-01
LN_MSV_1766,Massive Borrower 1766,TX,291521,8.70,2024-01-01,2054-01-01
LN_MSV_1767,Massive Borrower 1767,TX,128482,3.40,2024-01-01,2054-01-01
LN_MSV_1768,Massive Borrower 1768,TX,448399,6.90,2024-01-01,2054-01-01
LN_MSV_1769,Massive Borrower 1769,TX,189988,6.70,2024-01-01,2054-01-01
LN_MSV_1770,Massive Borrower 1770,TX,203567,2.70,2024-01-01,2054-01-01
LN_MSV_1771,Massive Borrower 1771,TX,265083,2.80,2024-01-01,2054-01-01
LN_MSV_1772,Massive Borrower 1772,TX,178554,7.80,2024-01-01,2054-01-01
LN_MSV_1773,Massive Borrower 1773,TX,118093,7.40,2024-01-01,2054-01-01
LN_MSV_1774,Massive Borrower 1774,TX,116443,4.60,2024-01-01,2054-01-01
LN_MSV_1775,Massive Borrower 1775,TX,66673,2.90,2024-01-01,2054-01-01
LN_MSV_1776,Massive Borrower 1776,TX,216626,3.10,2024-01-01,2054-01-01
LN_MSV_1777,Massive Borrower 1777,TX,381727,9.80,2024-01-01,2054-01-01
LN_MSV_1778,Massive Borrower 1778,TX,437588,7.90,2024-01-01,2054-01-01
LN_MSV_1779,Massive Borrower 1779,TX,270275,8.30,2024-01-01,2054-01-01
LN_MSV_1780,Massive Borrower 1780,TX,138850,4.30,2024-01-01,2054-01-01
LN_MSV_1781,Massive Borrower 1781,TX,457659,3.80,2024-01-01,2054-01-01
LN_MSV_1782,Massive Borrower 1782,TX,408613,4.00,2024-01-01,2054-01-01
LN_MSV_1783,Massive Borrower 1783,TX,163043,6.60,2024-01-01,2054-01-01
LN_MSV_1784,Massive Borrower 1784,TX,254880,1.50,2024-01-01,2054-01-01
LN_MSV_1785,Massive Borrower 1785,TX,492209,9.00,2024-01-01,2054-01-01
LN_MSV_1786,Massive Borrower 1786,TX,254453,7.00,2024-01-01,2054-01-01
LN_MSV_1787,Massive Borrower 1787,TX,67494,4.40,2024-01-01,2054-01-01
LN_MSV_1788,Massive Borrower 1788,TX,87013,8.40,2024-01-01,2054-01-01
LN_MSV_1789,Massive Borrower 1789,TX,63747,5.70,2024-01-01,2054-01-01
LN_MSV_1790,Massive Borrower 1790,TX,394197,8.40,2024-01-01,2054-01-01
LN_MSV_1791,Massive Borrower 1791,TX,415037,5.50,2024-01-01,2054-01-01
LN_MSV_1792,Massive Borrower 1792,TX,411988,3.10,2024-01-01,2054-01-01
LN_MSV_1793,Massive Borrower 1793,TX,346040,8.40,2024-01-01,2054-01-01
LN_MSV_1794,Massive Borrower 1794,TX,411154,7.10,2024-01-01,2054-01-01
LN_MSV_1795,Massive Borrower 1795,TX,285587,4.80,2024-01-01,2054-01-01
LN_MSV_1796,Massive Borrower 1796,TX,59434,3.80,2024-01-01,2054-01-01
LN_MSV_1797,Massive Borrower 1797,TX,411445,3.50,2024-01-01,2054-01-01
LN_MSV_1798,Massive Borrower 1798,TX,258905,1.90,2024-01-01,2054-01-01
LN_MSV_1799,Massive Borrower 1799,TX,156099,3.70,2024-01-01,2054-01-01
LN_MSV_1800,Massive Borrower 1800,TX,343473,3.20,2024-01-01,2054-01-01
LN_MSV_1801,Massive Borrower 1801,TX,392133,7.30,2024-01-01,2054-01-01
LN_MSV_1802,Massive Borrower 1802,TX,52442,5.50,2024-01-01,2054-01-01
LN_MSV_1803,Massive Borrower 1803,TX,304085,1.80,2024-01-01,2054-01-01
LN_MSV_1804,Massive Borrower 1804,TX,359415,8.60,2024-01-01,2054-01-01
LN_MSV_1805,Massive Borrower 1805,TX,272405,3.50,2024-01-01,2054-01-01
LN_MSV_1806,Massive Borrower 1806,TX,282017,3.40,2024-01-01,2054-01-01
LN_MSV_1807,Massive Borrower 1807,TX,149456,6.30,2024-01-01,2054-01-01
LN_MSV_1808,Massive Borrower 1808,TX,452417,9.30,2024-01-01,2054-01-01
LN_MSV_1809,Massive Borrower 1809,TX,449881,4.60,2024-01-01,2054-01-01
LN_MSV_1810,Massive Borrower 1810,TX,277691,7.30,2024-01-01,2054-01-01
LN_MSV_1811,Massive Borrower 1811,TX,147451,2.40,2024-01-01,2054-01-01
LN_MSV_1812,Massive Borrower 1812,TX,54499,2.50,2024-01-01,2054-01-01
LN_MSV_1813,Massive Borrower 1813,TX,94468,4.00,2024-01-01,2054-01-01
LN_MSV_1814,Massive Borrower 1814,TX,485859,1.40,2024-01-01,2054-01-01
LN_MSV_1815,Massive Borrower 1815,TX,378704,1.70,2024-01-01,2054-01-01
LN_MSV_1816,Massive Borrower 1816,TX,240067,6.70,2024-01-01,2054-01-01
LN_MSV_1817,Massive Borrower 1817,TX,234656,5.20,2024-01-01,2054-01-01
LN_MSV_1818,Massive Borrower 1818,TX,209756,4.80,2024-01-01,2054-01-01
LN_MSV_1819,Massive Borrower 1819,TX,204474,4.30,2024-01-01,2054-01-01
LN_MSV_1820,Massive Borrower 1820,TX,436211,9.50,2024-01-01,2054-01-01
LN_MSV_1821,Massive Borrower 1821,TX,178727,2.80,2024-01-01,2054-01-01
LN_MSV_1822,Massive Borrower 1822,TX,419345,7.20,2024-01-01,2054-01-01
LN_MSV_1823,Massive Borrower 1823,TX,279735,5.30,2024-01-01,2054-01-01
LN_MSV_1824,Massive Borrower 1824,TX,451545,3.60,2024-01-01,2054-01-01
LN_MSV_1825,Massive Borrower 1825,TX,376078,10.00,2024-01-01,2054-01-01
LN_MSV_1826,Massive Borrower 1826,TX,144291,7.40,2024-01-01,2054-01-01
LN_MSV_1827,Massive Borrower 1827,TX,57381,2.80,2024-01-01,2054-01-01
LN_MSV_1828,Massive Borrower 1828,TX,332529,5.50,2024-01-01,2054-01-01
LN_MSV_1829,Massive Borrower 1829,TX,264887,8.20,2024-01-01,2054-01-01
LN_MSV_1830,Massive Borrower 1830,TX,478210,4.00,2024-01-01,2054-01-01
LN_MSV_1831,Massive Borrower 1831,TX,418866,8.00,2024-01-01,2054-01-01
LN_MSV_1832,Massive Borrower 1832,TX,456167,1.70,2024-01-01,2054-01-01
LN_MSV_1833,Massive Borrower 1833,TX,426629,4.90,2024-01-01,2054-01-01
LN_MSV_1834,Massive Borrower 1834,TX,296302,3.70,2024-01-01,2054-01-01
LN_MSV_1835,Massive Borrower 1835,TX,489755,1.90,2024-01-01,2054-01-01
LN_MSV_1836,Massive Borrower 1836,TX,169421,9.30,2024-01-01,2054-01-01
LN_MSV_1837,Massive Borrower 1837,TX,358591,1.30,2024-01-01,2054-01-01
LN_MSV_1838,Massive Borrower 1838,TX,467418,8.80,2024-01-01,2054-01-01
LN_MSV_1839,Massive Borrower 1839,TX,214354,5.80,2024-01-01,2054-01-01
LN_MSV_1840,Massive Borrower 1840,TX,108956,1.30,2024-01-01,2054-01-01
LN_MSV_1841,Massive Borrower 1841,TX,303031,9.20,2024-01-01,2054-01-01
LN_MSV_1842,Massive Borrower 1842,TX,327376,7.00,2024-01-01,2054-01-01
LN_MSV_1843,Massive Borrower 1843,TX,127797,7.90,2024-01-01,2054-01-01
LN_MSV_1844,Massive Borrower 1844,TX,284649,1.50,2024-01-01,2054-01-01
LN_MSV_1845,Massive Borrower 1845,TX,218249,1.50,2024-01-01,2054-01-01
LN_MSV_1846,Massive Borrower 1846,TX,135096,2.90,2024-01-01,2054-01-01
LN_MSV_1847,Massive Borrower 1847,TX,493957,4.40,2024-01-01,2054-01-01
LN_MSV_1848,Massive Borrower 1848,TX,90268,9.90,2024-01-01,2054-01-01
LN_MSV_1849,Massive Borrower 1849,TX,254060,3.50,2024-01-01,2054-01-01
LN_MSV_1850,Massive Borrower 1850,TX,446082,7.00,2024-01-01,2054-01-01
LN_MSV_1851,Massive Borrower 1851,TX,318701,1.10,2024-01-01,2054-01-01
LN_MSV_1852,Massive Borrower 1852,TX,169998,7.50,2024-01-01,2054-01-01
LN_MSV_1853,Massive Borrower 1853,TX,303284,2.00,2024-01-01,2054-01-01
LN_MSV_1854,Massive Borrower 1854,TX,73505,2.10,2024-01-01,2054-01-01
LN_MSV_1855,Massive Borrower 1855,TX,355729,4.30,2024-01-01,2054-01-01
LN_MSV_1856,Massive Borrower 1856,TX,342887,8.30,2024-01-01,2054-01-01
LN_MSV_1857,Massive Borrower 1857,TX,194973,5.70,2024-01-01,2054-01-01
LN_MSV_1858,Massive Borrower 1858,TX,80147,8.00,2024-01-01,2054-01-01
LN_MSV_1859,Massive Borrower 1859,TX,83115,7.70,2024-01-01,2054-01-01
LN_MSV_1860,Massive Borrower 1860,TX,241997,4.80,2024-01-01,2054-01-01
LN_MSV_1861,Massive Borrower 1861,TX,273223,1.00,2024-01-01,2054-01-01
LN_MSV_1862,Massive Borrower 1862,TX,267011,8.80,2024-01-01,2054-01-01
LN_MSV_1863,Massive Borrower 1863,TX,475072,8.40,2024-01-01,2054-01-01
LN_MSV_1864,Massive Borrower 1864,TX,270653,1.50,2024-01-01,2054-01-01
LN_MSV_1865,Massive Borrower 1865,TX,438055,4.10,2024-01-01,2054-01-01
LN_MSV_1866,Massive Borrower 1866,TX,71710,6.50,2024-01-01,2054-01-01
LN_MSV_1867,Massive Borrower 1867,TX,280203,4.70,2024-01-01,2054-01-01
LN_MSV_1868,Massive Borrower 1868,TX,370749,8.90,2024-01-01,2054-01-01
LN_MSV_1869,Massive Borrower 1869,TX,291660,6.00,2024-01-01,2054-01-01
LN_MSV_1870,Massive Borrower 1870,TX,369645,6.20,2024-01-01,2054-01-01
LN_MSV_1871,Massive Borrower 1871,TX,393787,5.80,2024-01-01,2054-01-01
LN_MSV_1872,Massive Borrower 1872,TX,252902,4.20,2024-01-01,2054-01-01
LN_MSV_1873,Massive Borrower 1873,TX,240131,7.20,2024-01-01,2054-01-01
LN_MSV_1874,Massive Borrower 1874,TX,205287,8.70,2024-01-01,2054-01-01
LN_MSV_1875,Massive Borrower 1875,TX,407653,7.70,2024-01-01,2054-01-01
LN_MSV_1876,Massive Borrower 1876,TX,379349,1.20,2024-01-01,2054-01-01
LN_MSV_1877,Massive Borrower 1877,TX,381283,6.50,2024-01-01,2054-01-01
LN_MSV_1878,Massive Borrower 1878,TX,485291,7.90,2024-01-01,2054-01-01
LN_MSV_1879,Massive Borrower 1879,TX,184004,9.50,2024-01-01,2054-01-01
LN_MSV_1880,Massive Borrower 1880,TX,55411,8.70,2024-01-01,2054-01-01
LN_MSV_1881,Massive Borrower 1881,TX,119804,8.00,2024-01-01,2054-01-01
LN_MSV_1882,Massive Borrower 1882,TX,267237,5.30,2024-01-01,2054-01-01
LN_MSV_1883,Massive Borrower 1883,TX,143231,1.90,2024-01-01,2054-01-01
LN_MSV_1884,Massive Borrower 1884,TX,286353,7.30,2024-01-01,2054-01-01
LN_MSV_1885,Massive Borrower 1885,TX,219309,9.70,2024-01-01,2054-01-01
LN_MSV_1886,Massive Borrower 1886,TX,235252,6.20,2024-01-01,2054-01-01
LN_MSV_1887,Massive Borrower 1887,TX,361397,4.90,2024-01-01,2054-01-01
LN_MSV_1888,Massive Borrower 1888,TX,353822,3.50,2024-01-01,2054-01-01
LN_MSV_1889,Massive Borrower 1889,TX,481856,1.50,2024-01-01,2054-01-01
LN_MSV_1890,Massive Borrower 1890,TX,431503,9.30,2024-01-01,2054-01-01
LN_MSV_1891,Massive Borrower 1891,TX,411578,3.20,2024-01-01,2054-01-01
LN_MSV_1892,Massive Borrower 1892,TX,444469,3.30,2024-01-01,2054-01-01
LN_MSV_1893,Massive Borrower 1893,TX,191388,1.60,2024-01-01,2054-01-01
LN_MSV_1894,Massive Borrower 1894,TX,379298,1.60,2024-01-01,2054-01-01
LN_MSV_1895,Massive Borrower 1895,TX,105213,7.30,2024-01-01,2054-01-01
LN_MSV_1896,Massive Borrower 1896,TX,405839,4.40,2024-01-01,2054-01-01
LN_MSV_1897,Massive Borrower 1897,TX,356330,7.50,2024-01-01,2054-01-01
LN_MSV_1898,Massive Borrower 1898,TX,241920,3.30,2024-01-01,2054-01-01
LN_MSV_1899,Massive Borrower 1899,TX,459659,5.40,2024-01-01,2054-01-01
LN_MSV_1900,Massive Borrower 1900,TX,439343,4.90,2024-01-01,2054-01-01
LN_MSV_1901,Massive Borrower 1901,TX,451870,4.80,2024-01-01,2054-01-01
LN_MSV_1902,Massive Borrower 1902,TX,82797,2.20,2024-01-01,2054-01-01
LN_MSV_1903,Massive Borrower 1903,TX,230475,5.00,2024-01-01,2054-01-01
LN_MSV_1904,Massive Borrower 1904,TX,115386,2.20,2024-01-01,2054-01-01
LN_MSV_1905,Massive Borrower 1905,TX,461090,1.10,2024-01-01,2054-01-01
LN_MSV_1906,Massive Borrower 1906,TX,203829,8.30,2024-01-01,2054-01-01
LN_MSV_1907,Massive Borrower 1907,TX,362681,6.30,2024-01-01,2054-01-01
LN_MSV_1908,Massive Borrower 1908,TX,287084,9.90,2024-01-01,2054-01-01
LN_MSV_1909,Massive Borrower 1909,TX,451219,10.00,2024-01-01,2054-01-01
LN_MSV_1910,Massive Borrower 1910,TX,192746,3.10,2024-01-01,2054-01-01
LN_MSV_1911,Massive Borrower 1911,TX,185185,7.60,2024-01-01,2054-01-01
LN_MSV_1912,Massive Borrower 1912,TX,430400,9.20,2024-01-01,2054-01-01
LN_MSV_1913,Massive Borrower 1913,TX,317397,1.10,2024-01-01,2054-01-01
LN_MSV_1914,Massive Borrower 1914,TX,165614,2.30,2024-01-01,2054-01-01
LN_MSV_1915,Massive Borrower 1915,TX,443835,4.20,2024-01-01,2054-01-01
LN_MSV_1916,Massive Borrower 1916,TX,493652,7.90,2024-01-01,2054-01-01
LN_MSV_1917,Massive Borrower 1917,TX,102837,2.90,2024-01-01,2054-01-01
LN_MSV_1918,Massive Borrower 1918,TX,340227,10.00,2024-01-01,2054-01-01
LN_MSV_1919,Massive Borrower 1919,TX,446635,9.40,2024-01-01,2054-01-01
LN_MSV_1920,Massive Borrower 1920,TX,73462,1.20,2024-01-01,2054-01-01
LN_MSV_1921,Massive Borrower 1921,TX,253058,5.70,2024-01-01,2054-01-01
LN_MSV_1922,Massive Borrower 1922,TX,259361,8.50,2024-01-01,2054-01-01
LN_MSV_1923,Massive Borrower 1923,TX,201180,9.10,2024-01-01,2054-01-01
LN_MSV_1924,Massive Borrower 1924,TX,181076,7.50,2024-01-01,2054-01-01
LN_MSV_1925,Massive Borrower 1925,TX,257806,2.40,2024-01-01,2054-01-01
LN_MSV_1926,Massive Borrower 1926,TX,443958,6.20,2024-01-01,2054-01-01
LN_MSV_1927,Massive Borrower 1927,TX,274748,4.60,2024-01-01,2054-01-01
LN_MSV_1928,Massive Borrower 1928,TX,147838,4.50,2024-01-01,2054-01-01
LN_MSV_1929,Massive Borrower 1929,TX,337055,9.80,2024-01-01,2054-01-01
LN_MSV_1930,Massive Borrower 1930,TX,434823,9.40,2024-01-01,2054-01-01
LN_MSV_1931,Massive Borrower 1931,TX,414026,3.80,2024-01-01,2054-01-01
LN_MSV_1932,Massive Borrower 1932,TX,271226,7.00,2024-01-01,2054-01-01
LN_MSV_1933,Massive Borrower 1933,TX,247982,4.90,2024-01-01,2054-01-01
LN_MSV_1934,Massive Borrower 1934,TX,215191,3.90,2024-01-01,2054-01-01
LN_MSV_1935,Massive Borrower 1935,TX,255241,2.40,2024-01-01,2054-01-01
LN_MSV_1936,Massive Borrower 1936,TX,98927,4.70,2024-01-01,2054-01-01
LN_MSV_1937,Massive Borrower 1937,TX,362246,6.90,2024-01-01,2054-01-01
LN_MSV_1938,Massive Borrower 1938,TX,226185,4.60,2024-01-01,2054-01-01
LN_MSV_1939,Massive Borrower 1939,TX,430700,2.40,2024-01-01,2054-01-01
LN_MSV_1940,Massive Borrower 1940,TX,159910,3.00,2024-01-01,2054-01-01
LN_MSV_1941,Massive Borrower 1941,TX,337076,6.80,2024-01-01,2054-01-01
LN_MSV_1942,Massive Borrower 1942,TX,320284,4.10,2024-01-01,2054-01-01
LN_MSV_1943,Massive Borrower 1943,TX,241677,3.60,2024-01-01,2054-01-01
LN_MSV_1944,Massive Borrower 1944,TX,381627,9.70,2024-01-01,2054-01-01
LN_MSV_1945,Massive Borrower 1945,TX,258328,6.70,2024-01-01,2054-01-01
LN_MSV_1946,Massive Borrower 1946,TX,351086,5.50,2024-01-01,2054-01-01
LN_MSV_1947,Massive Borrower 1947,TX,55665,1.10,2024-01-01,2054-01-01
LN_MSV_1948,Massive Borrower 1948,TX,249503,8.00,2024-01-01,2054-01-01
LN_MSV_1949,Massive Borrower 1949,TX,102128,6.20,2024-01-01,2054-01-01
LN_MSV_1950,Massive Borrower 1950,TX,326569,7.50,2024-01-01,2054-01-01
LN_MSV_1951,Massive Borrower 1951,TX,359051,9.20,2024-01-01,2054-01-01
LN_MSV_1952,Massive Borrower 1952,TX,386217,9.20,2024-01-01,2054-01-01
LN_MSV_1953,Massive Borrower 1953,TX,418982,5.90,2024-01-01,2054-01-01
LN_MSV_1954,Massive Borrower 1954,TX,157438,8.50,2024-01-01,2054-01-01
LN_MSV_1955,Massive Borrower 1955,TX,214590,8.10,2024-01-01,2054-01-01
LN_MSV_1956,Massive Borrower 1956,TX,184014,6.10,2024-01-01,2054-01-01
LN_MSV_1957,Massive Borrower 1957,TX,496312,3.90,2024-01-01,2054-01-01
LN_MSV_1958,Massive Borrower 1958,TX,232913,2.10,2024-01-01,2054-01-01
LN_MSV_1959,Massive Borrower 1959,TX,106054,6.90,2024-01-01,2054-01-01
LN_MSV_1960,Massive Borrower 1960,TX,268319,6.10,2024-01-01,2054-01-01
LN_MSV_1961,Massive Borrower 1961,TX,495970,1.50,2024-01-01,2054-01-01
LN_MSV_1962,Massive Borrower 1962,TX,196350,9.20,2024-01-01,2054-01-01
LN_MSV_1963,Massive Borrower 1963,TX,346022,5.60,2024-01-01,2054-01-01
LN_MSV_1964,Massive Borrower 1964,TX,455176,9.80,2024-01-01,2054-01-01
LN_MSV_1965,Massive Borrower 1965,TX,314420,6.20,2024-01-01,2054-01-01
LN_MSV_1966,Massive Borrower 1966,TX,230457,3.40,2024-01-01,2054-01-01
LN_MSV_1967,Massive Borrower 1967,TX,228657,8.20,2024-01-01,2054-01-01
LN_MSV_1968,Massive Borrower 1968,TX,392839,7.30,2024-01-01,2054-01-01
LN_MSV_1969,Massive Borrower 1969,TX,405173,7.70,2024-01-01,2054-01-01
LN_MSV_1970,Massive Borrower 1970,TX,408254,3.90,2024-01-01,2054-01-01
LN_MSV_1971,Massive Borrower 1971,TX,453056,4.70,2024-01-01,2054-01-01
LN_MSV_1972,Massive Borrower 1972,TX,173342,4.30,2024-01-01,2054-01-01
LN_MSV_1973,Massive Borrower 1973,TX,437253,8.00,2024-01-01,2054-01-01
LN_MSV_1974,Massive Borrower 1974,TX,376890,7.20,2024-01-01,2054-01-01
LN_MSV_1975,Massive Borrower 1975,TX,437681,8.90,2024-01-01,2054-01-01
LN_MSV_1976,Massive Borrower 1976,TX,247247,2.60,2024-01-01,2054-01-01
LN_MSV_1977,Massive Borrower 1977,TX,410171,6.80,2024-01-01,2054-01-01
LN_MSV_1978,Massive Borrower 1978,TX,111940,5.50,2024-01-01,2054-01-01
LN_MSV_1979,Massive Borrower 1979,TX,381079,9.90,2024-01-01,2054-01-01
LN_MSV_1980,Massive Borrower 1980,TX,53997,7.10,2024-01-01,2054-01-01
LN_MSV_1981,Massive Borrower 1981,TX,152120,7.20,2024-01-01,2054-01-01
LN_MSV_1982,Massive Borrower 1982,TX,396203,1.00,2024-01-01,2054-01-01
LN_MSV_1983,Massive Borrower 1983,TX,144697,7.70,2024-01-01,2054-01-01
LN_MSV_1984,Massive Borrower 1984,TX,314448,2.50,2024-01-01,2054-01-01
LN_MSV_1985,Massive Borrower 1985,TX,434104,8.80,2024-01-01,2054-01-01
LN_MSV_1986,Massive Borrower 1986,TX,343339,4.20,2024-01-01,2054-01-01
LN_MSV_1987,Massive Borrower 1987,TX,330609,1.20,2024-01-01,2054-01-01
LN_MSV_1988,Massive Borrower 1988,TX,119805,5.40,2024-01-01,2054-01-01
LN_MSV_1989,Massive Borrower 1989,TX,241495,7.90,2024-01-01,2054-01-01
LN_MSV_1990,Massive Borrower 1990,TX,61940,1.30,2024-01-01,2054-01-01
LN_MSV_1991,Massive Borrower 1991,TX,307502,5.50,2024-01-01,2054-01-01
LN_MSV_1992,Massive Borrower 1992,TX,186207,2.30,2024-01-01,2054-01-01
LN_MSV_1993,Massive Borrower 1993,TX,139726,8.30,2024-01-01,2054-01-01
LN_MSV_1994,Massive Borrower 1994,TX,226966,1.30,2024-01-01,2054-01-01
LN_MSV_1995,Massive Borrower 1995,TX,250142,4.00,2024-01-01,2054-01-01
LN_MSV_1996,Massive Borrower 1996,TX,488193,1.20,2024-01-01,2054-01-01
LN_MSV_1997,Massive Borrower 1997,TX,102263,5.70,2024-01-01,2054-01-01
LN_MSV_1998,Massive Borrower 1998,TX,379946,9.50,2024-01-01,2054-01-01
LN_MSV_1999,Massive Borrower 1999,TX,478986,7.90,2024-01-01,2054-01-01
LN_MSV_2000,Massive Borrower 2000,TX,85590,6.30,2024-01-01,2054-01-01
LN_MSV_2001,Massive Borrower 2001,TX,249644,9.40,2024-01-01,2054-01-01
LN_MSV_2002,Massive Borrower 2002,TX,327300,9.80,2024-01-01,2054-01-01
LN_MSV_2003,Massive Borrower 2003,TX,72282,1.90,2024-01-01,2054-01-01
LN_MSV_2004,Massive Borrower 2004,TX,94854,7.80,2024-01-01,2054-01-01
LN_MSV_2005,Massive Borrower 2005,TX,253198,3.80,2024-01-01,2054-01-01
LN_MSV_2006,Massive Borrower 2006,TX,346087,6.20,2024-01-01,2054-01-01
LN_MSV_2007,Massive Borrower 2007,TX,154172,1.90,2024-01-01,2054-01-01
LN_MSV_2008,Massive Borrower 2008,TX,250148,5.70,2024-01-01,2054-01-01
LN_MSV_2009,Massive Borrower 2009,TX,126532,6.30,2024-01-01,2054-01-01
LN_MSV_2010,Massive Borrower 2010,TX,209779,7.60,2024-01-01,2054-01-01
LN_MSV_2011,Massive Borrower 2011,TX,123585,6.30,2024-01-01,2054-01-01
LN_MSV_2012,Massive Borrower 2012,TX,292524,6.70,2024-01-01,2054-01-01
LN_MSV_2013,Massive Borrower 2013,TX,61536,9.70,2024-01-01,2054-01-01
LN_MSV_2014,Massive Borrower 2014,TX,123752,6.50,2024-01-01,2054-01-01
LN_MSV_2015,Massive Borrower 2015,TX,66421,3.80,2024-01-01,2054-01-01
LN_MSV_2016,Massive Borrower 2016,TX,315162,1.50,2024-01-01,2054-01-01
LN_MSV_2017,Massive Borrower 2017,TX,480764,4.10,2024-01-01,2054-01-01
LN_MSV_2018,Massive Borrower 2018,TX,319852,2.90,2024-01-01,2054-01-01
LN_MSV_2019,Massive Borrower 2019,TX,293696,8.80,2024-01-01,2054-01-01
LN_MSV_2020,Massive Borrower 2020,TX,277331,9.50,2024-01-01,2054-01-01
LN_MSV_2021,Massive Borrower 2021,TX,196315,2.90,2024-01-01,2054-01-01
LN_MSV_2022,Massive Borrower 2022,TX,103307,5.50,2024-01-01,2054-01-01
LN_MSV_2023,Massive Borrower 2023,TX,118369,8.80,2024-01-01,2054-01-01
LN_MSV_2024,Massive Borrower 2024,TX,126431,1.00,2024-01-01,2054-01-01
LN_MSV_2025,Massive Borrower 2025,TX,213485,7.00,2024-01-01,2054-01-01
LN_MSV_2026,Massive Borrower 2026,TX,86047,8.70,2024-01-01,2054-01-01
LN_MSV_2027,Massive Borrower 2027,TX,129658,1.20,2024-01-01,2054-01-01
LN_MSV_2028,Massive Borrower 2028,TX,379520,7.30,2024-01-01,2054-01-01
LN_MSV_2029,Massive Borrower 2029,TX,278323,6.30,2024-01-01,2054-01-01
LN_MSV_2030,Massive Borrower 2030,TX,240751,8.80,2024-01-01,2054-01-01
LN_MSV_2031,Massive Borrower 2031,TX,350470,5.40,2024-01-01,2054-01-01
LN_MSV_2032,Massive Borrower 2032,TX,307063,9.50,2024-01-01,2054-01-01
LN_MSV_2033,Massive Borrower 2033,TX,324371,6.70,2024-01-01,2054-01-01
LN_MSV_2034,Massive Borrower 2034,TX,417058,1.80,2024-01-01,2054-01-01
LN_MSV_2035,Massive Borrower 2035,TX,281797,8.90,2024-01-01,2054-01-01
LN_MSV_2036,Massive Borrower 2036,TX,323765,9.00,2024-01-01,2054-01-01
LN_MSV_2037,Massive Borrower 2037,TX,157070,3.70,2024-01-01,2054-01-01
LN_MSV_2038,Massive Borrower 2038,TX,181079,5.20,2024-01-01,2054-01-01
LN_MSV_2039,Massive Borrower 2039,TX,89137,3.60,2024-01-01,2054-01-01
LN_MSV_2040,Massive Borrower 2040,TX,227789,2.80,2024-01-01,2054-01-01
LN_MSV_2041,Massive Borrower 2041,TX,84727,6.80,2024-01-01,2054-01-01
LN_MSV_2042,Massive Borrower 2042,TX,212517,9.30,2024-01-01,2054-01-01
LN_MSV_2043,Massive Borrower 2043,TX,116205,4.20,2024-01-01,2054-01-01
LN_MSV_2044,Massive Borrower 2044,TX,238620,2.70,2024-01-01,2054-01-01
LN_MSV_2045,Massive Borrower 2045,TX,254096,4.80,2024-01-01,2054-01-01
LN_MSV_2046,Massive Borrower 2046,TX,175726,4.20,2024-01-01,2054-01-01
LN_MSV_2047,Massive Borrower 2047,TX,54547,3.80,2024-01-01,2054-01-01
LN_MSV_2048,Massive Borrower 2048,TX,115845,6.70,2024-01-01,2054-01-01
LN_MSV_2049,Massive Borrower 2049,TX,399160,2.50,2024-01-01,2054-01-01
LN_MSV_2050,Massive Borrower 2050,TX,289668,9.40,2024-01-01,2054-01-01
LN_MSV_2051,Massive Borrower 2051,TX,405611,2.70,2024-01-01,2054-01-01
LN_MSV_2052,Massive Borrower 2052,TX,127507,3.10,2024-01-01,2054-01-01
LN_MSV_2053,Massive Borrower 2053,TX,408982,2.70,2024-01-01,2054-01-01
LN_MSV_2054,Massive Borrower 2054,TX,485963,10.00,2024-01-01,2054-01-01
LN_MSV_2055,Massive Borrower 2055,TX,427139,9.00,2024-01-01,2054-01-01
LN_MSV_2056,Massive Borrower 2056,TX,410159,4.20,2024-01-01,2054-01-01
LN_MSV_2057,Massive Borrower 2057,TX,328960,6.70,2024-01-01,2054-01-01
LN_MSV_2058,Massive Borrower 2058,TX,471407,7.80,2024-01-01,2054-01-01
LN_MSV_2059,Massive Borrower 2059,TX,356497,9.10,2024-01-01,2054-01-01
LN_MSV_2060,Massive Borrower 2060,TX,301473,4.20,2024-01-01,2054-01-01
LN_MSV_2061,Massive Borrower 2061,TX,446635,1.30,2024-01-01,2054-01-01
LN_MSV_2062,Massive Borrower 2062,TX,231588,5.50,2024-01-01,2054-01-01
LN_MSV_2063,Massive Borrower 2063,TX,69856,6.50,2024-01-01,2054-01-01
LN_MSV_2064,Massive Borrower 2064,TX,418719,2.90,2024-01-01,2054-01-01
LN_MSV_2065,Massive Borrower 2065,TX,370164,8.30,2024-01-01,2054-01-01
LN_MSV_2066,Massive Borrower 2066,TX,341419,5.00,2024-01-01,2054-01-01
LN_MSV_2067,Massive Borrower 2067,TX,177835,7.20,2024-01-01,2054-01-01
LN_MSV_2068,Massive Borrower 2068,TX,97224,2.40,2024-01-01,2054-01-01
LN_MSV_2069,Massive Borrower 2069,TX,157762,3.40,2024-01-01,2054-01-01
LN_MSV_2070,Massive Borrower 2070,TX,206280,5.80,2024-01-01,2054-01-01
LN_MSV_2071,Massive Borrower 2071,TX,75546,8.50,2024-01-01,2054-01-01
LN_MSV_2072,Massive Borrower 2072,TX,206207,3.50,2024-01-01,2054-01-01
LN_MSV_2073,Massive Borrower 2073,TX,486144,4.60,2024-01-01,2054-01-01
LN_MSV_2074,Massive Borrower 2074,TX,107510,1.50,2024-01-01,2054-01-01
LN_MSV_2075,Massive Borrower 2075,TX,218485,2.20,2024-01-01,2054-01-01
LN_MSV_2076,Massive Borrower 2076,TX,257520,5.20,2024-01-01,2054-01-01
LN_MSV_2077,Massive Borrower 2077,TX,471408,1.60,2024-01-01,2054-01-01
LN_MSV_2078,Massive Borrower 2078,TX,456391,7.60,2024-01-01,2054-01-01
LN_MSV_2079,Massive Borrower 2079,TX,449957,8.30,2024-01-01,2054-01-01
LN_MSV_2080,Massive Borrower 2080,TX,356132,3.10,2024-01-01,2054-01-01
LN_MSV_2081,Massive Borrower 2081,TX,440400,3.60,2024-01-01,2054-01-01
LN_MSV_2082,Massive Borrower 2082,TX,241229,5.70,2024-01-01,2054-01-01
LN_MSV_2083,Massive Borrower 2083,TX,424520,8.40,2024-01-01,2054-01-01
LN_MSV_2084,Massive Borrower 2084,TX,143185,1.80,2024-01-01,2054-01-01
LN_MSV_2085,Massive Borrower 2085,TX,240688,3.10,2024-01-01,2054-01-01
LN_MSV_2086,Massive Borrower 2086,TX,205871,6.60,2024-01-01,2054-01-01
LN_MSV_2087,Massive Borrower 2087,TX,354050,7.60,2024-01-01,2054-01-01
LN_MSV_2088,Massive Borrower 2088,TX,179710,2.10,2024-01-01,2054-01-01
LN_MSV_2089,Massive Borrower 2089,TX,101214,4.50,2024-01-01,2054-01-01
LN_MSV_2090,Massive Borrower 2090,TX,351926,2.10,2024-01-01,2054-01-01
LN_MSV_2091,Massive Borrower 2091,TX,249801,2.60,2024-01-01,2054-01-01
LN_MSV_2092,Massive Borrower 2092,TX,126653,3.20,2024-01-01,2054-01-01
LN_MSV_2093,Massive Borrower 2093,TX,294094,6.60,2024-01-01,2054-01-01
LN_MSV_2094,Massive Borrower 2094,TX,433439,8.70,2024-01-01,2054-01-01
LN_MSV_2095,Massive Borrower 2095,TX,314380,5.80,2024-01-01,2054-01-01
LN_MSV_2096,Massive Borrower 2096,TX,381624,6.70,2024-01-01,2054-01-01
LN_MSV_2097,Massive Borrower 2097,TX,407207,2.40,2024-01-01,2054-01-01
LN_MSV_2098,Massive Borrower 2098,TX,378324,9.30,2024-01-01,2054-01-01
LN_MSV_2099,Massive Borrower 2099,TX,286303,1.30,2024-01-01,2054-01-01
LN_MSV_2100,Massive Borrower 2100,TX,182072,8.90,2024-01-01,2054-01-01
LN_MSV_2101,Massive Borrower 2101,TX,188915,5.10,2024-01-01,2054-01-01
LN_MSV_2102,Massive Borrower 2102,TX,120081,7.70,2024-01-01,2054-01-01
LN_MSV_2103,Massive Borrower 2103,TX,58659,10.00,2024-01-01,2054-01-01
LN_MSV_2104,Massive Borrower 2104,TX,311410,3.60,2024-01-01,2054-01-01
LN_MSV_2105,Massive Borrower 2105,TX,97840,4.90,2024-01-01,2054-01-01
LN_MSV_2106,Massive Borrower 2106,TX,494734,2.00,2024-01-01,2054-01-01
LN_MSV_2107,Massive Borrower 2107,TX,196613,4.00,2024-01-01,2054-01-01
LN_MSV_2108,Massive Borrower 2108,TX,369069,3.00,2024-01-01,2054-01-01
LN_MSV_2109,Massive Borrower 2109,TX,451588,1.90,2024-01-01,2054-01-01
LN_MSV_2110,Massive Borrower 2110,TX,246503,4.80,2024-01-01,2054-01-01
LN_MSV_2111,Massive Borrower 2111,TX,260708,2.60,2024-01-01,2054-01-01
LN_MSV_2112,Massive Borrower 2112,TX,385846,5.90,2024-01-01,2054-01-01
LN_MSV_2113,Massive Borrower 2113,TX,350065,4.70,2024-01-01,2054-01-01
LN_MSV_2114,Massive Borrower 2114,TX,454515,7.90,2024-01-01,2054-01-01
LN_MSV_2115,Massive Borrower 2115,TX,471753,3.20,2024-01-01,2054-01-01
LN_MSV_2116,Massive Borrower 2116,TX,436794,9.20,2024-01-01,2054-01-01
LN_MSV_2117,Massive Borrower 2117,TX,275527,2.20,2024-01-01,2054-01-01
LN_MSV_2118,Massive Borrower 2118,TX,389555,4.20,2024-01-01,2054-01-01
LN_MSV_2119,Massive Borrower 2119,TX,398682,2.80,2024-01-01,2054-01-01
LN_MSV_2120,Massive Borrower 2120,TX,425417,8.60,2024-01-01,2054-01-01
LN_MSV_2121,Massive Borrower 2121,TX,264392,7.50,2024-01-01,2054-01-01
LN_MSV_2122,Massive Borrower 2122,TX,335967,8.30,2024-01-01,2054-01-01
LN_MSV_2123,Massive Borrower 2123,TX,191707,8.70,2024-01-01,2054-01-01
LN_MSV_2124,Massive Borrower 2124,TX,438064,3.40,2024-01-01,2054-01-01
LN_MSV_2125,Massive Borrower 2125,TX,137475,3.10,2024-01-01,2054-01-01
LN_MSV_2126,Massive Borrower 2126,TX,447268,8.30,2024-01-01,2054-01-01
LN_MSV_2127,Massive Borrower 2127,TX,432064,5.90,2024-01-01,2054-01-01
LN_MSV_2128,Massive Borrower 2128,TX,178963,8.20,2024-01-01,2054-01-01
LN_MSV_2129,Massive Borrower 2129,TX,432932,5.50,2024-01-01,2054-01-01
LN_MSV_2130,Massive Borrower 2130,TX,318556,8.80,2024-01-01,2054-01-01
LN_MSV_2131,Massive Borrower 2131,TX,86858,7.20,2024-01-01,2054-01-01
LN_MSV_2132,Massive Borrower 2132,TX,482302,9.20,2024-01-01,2054-01-01
LN_MSV_2133,Massive Borrower 2133,TX,85079,3.30,2024-01-01,2054-01-01
LN_MSV_2134,Massive Borrower 2134,TX,298539,8.20,2024-01-01,2054-01-01
LN_MSV_2135,Massive Borrower 2135,TX,251789,6.60,2024-01-01,2054-01-01
LN_MSV_2136,Massive Borrower 2136,TX,444567,5.10,2024-01-01,2054-01-01
LN_MSV_2137,Massive Borrower 2137,TX,93478,2.40,2024-01-01,2054-01-01
LN_MSV_2138,Massive Borrower 2138,TX,305649,9.50,2024-01-01,2054-01-01
LN_MSV_2139,Massive Borrower 2139,TX,137441,4.40,2024-01-01,2054-01-01
LN_MSV_2140,Massive Borrower 2140,TX,370918,9.00,2024-01-01,2054-01-01
LN_MSV_2141,Massive Borrower 2141,TX,113556,2.90,2024-01-01,2054-01-01
LN_MSV_2142,Massive Borrower 2142,TX,82991,2.80,2024-01-01,2054-01-01
LN_MSV_2143,Massive Borrower 2143,TX,451711,5.70,2024-01-01,2054-01-01
LN_MSV_2144,Massive Borrower 2144,TX,119847,2.50,2024-01-01,2054-01-01
LN_MSV_2145,Massive Borrower 2145,TX,50516,9.90,2024-01-01,2054-01-01
LN_MSV_2146,Massive Borrower 2146,TX,111317,5.40,2024-01-01,2054-01-01
LN_MSV_2147,Massive Borrower 2147,TX,313478,9.50,2024-01-01,2054-01-01
LN_MSV_2148,Massive Borrower 2148,TX,311081,7.20,2024-01-01,2054-01-01
LN_MSV_2149,Massive Borrower 2149,TX,409917,8.90,2024-01-01,2054-01-01
LN_MSV_2150,Massive Borrower 2150,TX,71902,5.20,2024-01-01,2054-01-01
LN_MSV_2151,Massive Borrower 2151,TX,76470,5.80,2024-01-01,2054-01-01
LN_MSV_2152,Massive Borrower 2152,TX,218722,2.00,2024-01-01,2054-01-01
LN_MSV_2153,Massive Borrower 2153,TX,349834,8.20,2024-01-01,2054-01-01
LN_MSV_2154,Massive Borrower 2154,TX,337440,2.00,2024-01-01,2054-01-01
LN_MSV_2155,Massive Borrower 2155,TX,484846,5.20,2024-01-01,2054-01-01
LN_MSV_2156,Massive Borrower 2156,TX,173598,2.80,2024-01-01,2054-01-01
LN_MSV_2157,Massive Borrower 2157,TX,90318,4.90,2024-01-01,2054-01-01
LN_MSV_2158,Massive Borrower 2158,TX,490405,1.10,2024-01-01,2054-01-01
LN_MSV_2159,Massive Borrower 2159,TX,176414,2.20,2024-01-01,2054-01-01
LN_MSV_2160,Massive Borrower 2160,TX,353787,3.10,2024-01-01,2054-01-01
LN_MSV_2161,Massive Borrower 2161,TX,213311,6.10,2024-01-01,2054-01-01
LN_MSV_2162,Massive Borrower 2162,TX,111787,6.40,2024-01-01,2054-01-01
LN_MSV_2163,Massive Borrower 2163,TX,314766,1.60,2024-01-01,2054-01-01
LN_MSV_2164,Massive Borrower 2164,TX,229950,3.20,2024-01-01,2054-01-01
LN_MSV_2165,Massive Borrower 2165,TX,107639,9.90,2024-01-01,2054-01-01
LN_MSV_2166,Massive Borrower 2166,TX,53748,4.10,2024-01-01,2054-01-01
LN_MSV_2167,Massive Borrower 2167,TX,182778,8.50,2024-01-01,2054-01-01
LN_MSV_2168,Massive Borrower 2168,TX,340259,4.40,2024-01-01,2054-01-01
LN_MSV_2169,Massive Borrower 2169,TX,83726,4.70,2024-01-01,2054-01-01
LN_MSV_2170,Massive Borrower 2170,TX,206447,8.50,2024-01-01,2054-01-01
LN_MSV_2171,Massive Borrower 2171,TX,365701,1.60,2024-01-01,2054-01-01
LN_MSV_2172,Massive Borrower 2172,TX,348996,5.70,2024-01-01,2054-01-01
LN_MSV_2173,Massive Borrower 2173,TX,445782,7.00,2024-01-01,2054-01-01
LN_MSV_2174,Massive Borrower 2174,TX,349390,2.70,2024-01-01,2054-01-01
LN_MSV_2175,Massive Borrower 2175,TX,351149,8.60,2024-01-01,2054-01-01
LN_MSV_2176,Massive Borrower 2176,TX,202245,7.80,2024-01-01,2054-01-01
LN_MSV_2177,Massive Borrower 2177,TX,289560,8.00,2024-01-01,2054-01-01
LN_MSV_2178,Massive Borrower 2178,TX,114424,5.70,2024-01-01,2054-01-01
LN_MSV_2179,Massive Borrower 2179,TX,311211,5.50,2024-01-01,2054-01-01
LN_MSV_2180,Massive Borrower 2180,TX,100991,9.10,2024-01-01,2054-01-01
LN_MSV_2181,Massive Borrower 2181,TX,102599,5.80,2024-01-01,2054-01-01
LN_MSV_2182,Massive Borrower 2182,TX,90518,6.60,2024-01-01,2054-01-01
LN_MSV_2183,Massive Borrower 2183,TX,98350,8.70,2024-01-01,2054-01-01
LN_MSV_2184,Massive Borrower 2184,TX,361337,3.20,2024-01-01,2054-01-01
LN_MSV_2185,Massive Borrower 2185,TX,134878,9.40,2024-01-01,2054-01-01
LN_MSV_2186,Massive Borrower 2186,TX,483638,1.30,2024-01-01,2054-01-01
LN_MSV_2187,Massive Borrower 2187,TX,333569,3.80,2024-01-01,2054-01-01
LN_MSV_2188,Massive Borrower 2188,TX,476734,1.80,2024-01-01,2054-01-01
LN_MSV_2189,Massive Borrower 2189,TX,466560,7.50,2024-01-01,2054-01-01
LN_MSV_2190,Massive Borrower 2190,TX,341811,6.10,2024-01-01,2054-01-01
LN_MSV_2191,Massive Borrower 2191,TX,113991,6.90,2024-01-01,2054-01-01
LN_MSV_2192,Massive Borrower 2192,TX,465487,6.00,2024-01-01,2054-01-01
LN_MSV_2193,Massive Borrower 2193,TX,133788,8.60,2024-01-01,2054-01-01
LN_MSV_2194,Massive Borrower 2194,TX,342295,3.10,2024-01-01,2054-01-01
LN_MSV_2195,Massive Borrower 2195,TX,256103,10.00,2024-01-01,2054-01-01
LN_MSV_2196,Massive Borrower 2196,TX,184791,9.50,2024-01-01,2054-01-01
LN_MSV_2197,Massive Borrower 2197,TX,174029,9.60,2024-01-01,2054-01-01
LN_MSV_2198,Massive Borrower 2198,TX,179335,2.50,2024-01-01,2054-01-01
LN_MSV_2199,Massive Borrower 2199,TX,366499,2.50,2024-01-01,2054-01-01
LN_MSV_2200,Massive Borrower 2200,TX,219413,9.80,2024-01-01,2054-01-01
LN_MSV_2201,Massive Borrower 2201,TX,345260,7.40,2024-01-01,2054-01-01
LN_MSV_2202,Massive Borrower 2202,TX,117879,7.40,2024-01-01,2054-01-01
LN_MSV_2203,Massive Borrower 2203,TX,125202,4.80,2024-01-01,2054-01-01
LN_MSV_2204,Massive Borrower 2204,TX,130264,9.40,2024-01-01,2054-01-01
LN_MSV_2205,Massive Borrower 2205,TX,467099,3.90,2024-01-01,2054-01-01
LN_MSV_2206,Massive Borrower 2206,TX,358013,3.70,2024-01-01,2054-01-01
LN_MSV_2207,Massive Borrower 2207,TX,470714,6.40,2024-01-01,2054-01-01
LN_MSV_2208,Massive Borrower 2208,TX,315074,9.20,2024-01-01,2054-01-01
LN_MSV_2209,Massive Borrower 2209,TX,410932,8.20,2024-01-01,2054-01-01
LN_MSV_2210,Massive Borrower 2210,TX,348506,3.70,2024-01-01,2054-01-01
LN_MSV_2211,Massive Borrower 2211,TX,417493,8.20,2024-01-01,2054-01-01
LN_MSV_2212,Massive Borrower 2212,TX,312508,2.60,2024-01-01,2054-01-01
LN_MSV_2213,Massive Borrower 2213,TX,470764,3.20,2024-01-01,2054-01-01
LN_MSV_2214,Massive Borrower 2214,TX,89498,2.80,2024-01-01,2054-01-01
LN_MSV_2215,Massive Borrower 2215,TX,221022,7.70,2024-01-01,2054-01-01
LN_MSV_2216,Massive Borrower 2216,TX,453919,7.20,2024-01-01,2054-01-01
LN_MSV_2217,Massive Borrower 2217,TX,98109,1.40,2024-01-01,2054-01-01
LN_MSV_2218,Massive Borrower 2218,TX,134535,9.10,2024-01-01,2054-01-01
LN_MSV_2219,Massive Borrower 2219,TX,365001,6.90,2024-01-01,2054-01-01
LN_MSV_2220,Massive Borrower 2220,TX,345513,9.90,2024-01-01,2054-01-01
LN_MSV_2221,Massive Borrower 2221,TX,342912,5.50,2024-01-01,2054-01-01
LN_MSV_2222,Massive Borrower 2222,TX,207856,5.50,2024-01-01,2054-01-01
LN_MSV_2223,Massive Borrower 2223,TX,127803,1.70,2024-01-01,2054-01-01
LN_MSV_2224,Massive Borrower 2224,TX,278239,3.80,2024-01-01,2054-01-01
LN_MSV_2225,Massive Borrower 2225,TX,127490,2.00,2024-01-01,2054-01-01
LN_MSV_2226,Massive Borrower 2226,TX,104000,7.10,2024-01-01,2054-01-01
LN_MSV_2227,Massive Borrower 2227,TX,209009,2.60,2024-01-01,2054-01-01
LN_MSV_2228,Massive Borrower 2228,TX,323923,9.20,2024-01-01,2054-01-01
LN_MSV_2229,Massive Borrower 2229,TX,219960,1.00,2024-01-01,2054-01-01
LN_MSV_2230,Massive Borrower 2230,TX,105644,5.10,2024-01-01,2054-01-01
LN_MSV_2231,Massive Borrower 2231,TX,234562,2.60,2024-01-01,2054-01-01
LN_MSV_2232,Massive Borrower 2232,TX,358129,1.20,2024-01-01,2054-01-01
LN_MSV_2233,Massive Borrower 2233,TX,454145,6.40,2024-01-01,2054-01-01
LN_MSV_2234,Massive Borrower 2234,TX,116206,9.90,2024-01-01,2054-01-01
LN_MSV_2235,Massive Borrower 2235,TX,191693,9.30,2024-01-01,2054-01-01
LN_MSV_2236,Massive Borrower 2236,TX,438590,8.00,2024-01-01,2054-01-01
LN_MSV_2237,Massive Borrower 2237,TX,198339,1.10,2024-01-01,2054-01-01
LN_MSV_2238,Massive Borrower 2238,TX,347738,3.10,2024-01-01,2054-01-01
LN_MSV_2239,Massive Borrower 2239,TX,384075,6.80,2024-01-01,2054-01-01
LN_MSV_2240,Massive Borrower 2240,TX,286382,3.60,2024-01-01,2054-01-01
LN_MSV_2241,Massive Borrower 2241,TX,490289,5.40,2024-01-01,2054-01-01
LN_MSV_2242,Massive Borrower 2242,TX,494607,1.30,2024-01-01,2054-01-01
LN_MSV_2243,Massive Borrower 2243,TX,226299,7.70,2024-01-01,2054-01-01
LN_MSV_2244,Massive Borrower 2244,TX,130293,5.60,2024-01-01,2054-01-01
LN_MSV_2245,Massive Borrower 2245,TX,241996,7.30,2024-01-01,2054-01-01
LN_MSV_2246,Massive Borrower 2246,TX,159663,4.70,2024-01-01,2054-01-01
LN_MSV_2247,Massive Borrower 2247,TX,220680,5.10,2024-01-01,2054-01-01
LN_MSV_2248,Massive Borrower 2248,TX,318816,5.60,2024-01-01,2054-01-01
LN_MSV_2249,Massive Borrower 2249,TX,64963,4.40,2024-01-01,2054-01-01
LN_MSV_2250,Massive Borrower 2250,TX,332436,4.20,2024-01-01,2054-01-01
LN_MSV_2251,Massive Borrower 2251,TX,197592,8.80,2024-01-01,2054-01-01
LN_MSV_2252,Massive Borrower 2252,TX,64097,3.80,2024-01-01,2054-01-01
LN_MSV_2253,Massive Borrower 2253,TX,327629,3.30,2024-01-01,2054-01-01
LN_MSV_2254,Massive Borrower 2254,TX,420651,1.50,2024-01-01,2054-01-01
LN_MSV_2255,Massive Borrower 2255,TX,307532,1.00,2024-01-01,2054-01-01
LN_MSV_2256,Massive Borrower 2256,TX,305367,3.60,2024-01-01,2054-01-01
LN_MSV_2257,Massive Borrower 2257,TX,420743,5.50,2024-01-01,2054-01-01
LN_MSV_2258,Massive Borrower 2258,TX,351550,5.40,2024-01-01,2054-01-01
LN_MSV_2259,Massive Borrower 2259,TX,183253,7.50,2024-01-01,2054-01-01
LN_MSV_2260,Massive Borrower 2260,TX,323254,1.80,2024-01-01,2054-01-01
LN_MSV_2261,Massive Borrower 2261,TX,217927,4.00,2024-01-01,2054-01-01
LN_MSV_2262,Massive Borrower 2262,TX,462201,1.70,2024-01-01,2054-01-01
LN_MSV_2263,Massive Borrower 2263,TX,379104,4.10,2024-01-01,2054-01-01
LN_MSV_2264,Massive Borrower 2264,TX,171352,4.90,2024-01-01,2054-01-01
LN_MSV_2265,Massive Borrower 2265,TX,216769,5.90,2024-01-01,2054-01-01
LN_MSV_2266,Massive Borrower 2266,TX,189820,4.70,2024-01-01,2054-01-01
LN_MSV_2267,Massive Borrower 2267,TX,278060,8.00,2024-01-01,2054-01-01
LN_MSV_2268,Massive Borrower 2268,TX,315758,5.20,2024-01-01,2054-01-01
LN_MSV_2269,Massive Borrower 2269,TX,112248,6.60,2024-01-01,2054-01-01
LN_MSV_2270,Massive Borrower 2270,TX,193796,9.70,2024-01-01,2054-01-01
LN_MSV_2271,Massive Borrower 2271,TX,140906,1.80,2024-01-01,2054-01-01
LN_MSV_2272,Massive Borrower 2272,TX,98923,1.80,2024-01-01,2054-01-01
LN_MSV_2273,Massive Borrower 2273,TX,56428,4.40,2024-01-01,2054-01-01
LN_MSV_2274,Massive Borrower 2274,TX,382160,2.00,2024-01-01,2054-01-01
LN_MSV_2275,Massive Borrower 2275,TX,384008,8.40,2024-01-01,2054-01-01
LN_MSV_2276,Massive Borrower 2276,TX,175697,8.40,2024-01-01,2054-01-01
LN_MSV_2277,Massive Borrower 2277,TX,463127,2.40,2024-01-01,2054-01-01
LN_MSV_2278,Massive Borrower 2278,TX,485955,5.30,2024-01-01,2054-01-01
LN_MSV_2279,Massive Borrower 2279,TX,132985,4.40,2024-01-01,2054-01-01
LN_MSV_2280,Massive Borrower 2280,TX,369977,1.90,2024-01-01,2054-01-01
LN_MSV_2281,Massive Borrower 2281,TX,360051,1.20,2024-01-01,2054-01-01
LN_MSV_2282,Massive Borrower 2282,TX,384572,8.20,2024-01-01,2054-01-01
LN_MSV_2283,Massive Borrower 2283,TX,56316,8.20,2024-01-01,2054-01-01
LN_MSV_2284,Massive Borrower 2284,TX,369633,9.50,2024-01-01,2054-01-01
LN_MSV_2285,Massive Borrower 2285,TX,72925,10.00,2024-01-01,2054-01-01
LN_MSV_2286,Massive Borrower 2286,TX,477314,2.10,2024-01-01,2054-01-01
LN_MSV_2287,Massive Borrower 2287,TX,354361,5.70,2024-01-01,2054-01-01
LN_MSV_2288,Massive Borrower 2288,TX,305603,7.90,2024-01-01,2054-01-01
LN_MSV_2289,Massive Borrower 2289,TX,396961,3.50,2024-01-01,2054-01-01
LN_MSV_2290,Massive Borrower 2290,TX,274360,4.70,2024-01-01,2054-01-01
LN_MSV_2291,Massive Borrower 2291,TX,273168,1.10,2024-01-01,2054-01-01
LN_MSV_2292,Massive Borrower 2292,TX,382962,7.70,2024-01-01,2054-01-01
LN_MSV_2293,Massive Borrower 2293,TX,99962,8.70,2024-01-01,2054-01-01
LN_MSV_2294,Massive Borrower 2294,TX,191977,6.50,2024-01-01,2054-01-01
LN_MSV_2295,Massive Borrower 2295,TX,376586,6.60,2024-01-01,2054-01-01
LN_MSV_2296,Massive Borrower 2296,TX,223928,1.40,2024-01-01,2054-01-01
LN_MSV_2297,Massive Borrower 2297,TX,457234,3.80,2024-01-01,2054-01-01
LN_MSV_2298,Massive Borrower 2298,TX,180879,2.70,2024-01-01,2054-01-01
LN_MSV_2299,Massive Borrower 2299,TX,164099,9.40,2024-01-01,2054-01-01
LN_MSV_2300,Massive Borrower 2300,TX,211805,7.20,2024-01-01,2054-01-01
LN_MSV_2301,Massive Borrower 2301,TX,134151,2.60,2024-01-01,2054-01-01
LN_MSV_2302,Massive Borrower 2302,TX,351217,5.20,2024-01-01,2054-01-01
LN_MSV_2303,Massive Borrower 2303,TX,180759,4.50,2024-01-01,2054-01-01
LN_MSV_2304,Massive Borrower 2304,TX,86421,5.20,2024-01-01,2054-01-01
LN_MSV_2305,Massive Borrower 2305,TX,188570,8.30,2024-01-01,2054-01-01
LN_MSV_2306,Massive Borrower 2306,TX,286508,3.40,2024-01-01,2054-01-01
LN_MSV_2307,Massive Borrower 2307,TX,499291,1.00,2024-01-01,2054-01-01
LN_MSV_2308,Massive Borrower 2308,TX,103928,4.30,2024-01-01,2054-01-01
LN_MSV_2309,Massive Borrower 2309,TX,297803,4.80,2024-01-01,2054-01-01
LN_MSV_2310,Massive Borrower 2310,TX,399058,8.50,2024-01-01,2054-01-01
LN_MSV_2311,Massive Borrower 2311,TX,450066,5.50,2024-01-01,2054-01-01
LN_MSV_2312,Massive Borrower 2312,TX,86028,8.40,2024-01-01,2054-01-01
LN_MSV_2313,Massive Borrower 2313,TX,394807,2.50,2024-01-01,2054-01-01
LN_MSV_2314,Massive Borrower 2314,TX,392855,3.60,2024-01-01,2054-01-01
LN_MSV_2315,Massive Borrower 2315,TX,309003,3.70,2024-01-01,2054-01-01
LN_MSV_2316,Massive Borrower 2316,TX,491882,4.90,2024-01-01,2054-01-01
LN_MSV_2317,Massive Borrower 2317,TX,279317,3.60,2024-01-01,2054-01-01
LN_MSV_2318,Massive Borrower 2318,TX,490097,3.00,2024-01-01,2054-01-01
LN_MSV_2319,Massive Borrower 2319,TX,460883,7.50,2024-01-01,2054-01-01
LN_MSV_2320,Massive Borrower 2320,TX,177376,4.20,2024-01-01,2054-01-01
LN_MSV_2321,Massive Borrower 2321,TX,325345,8.40,2024-01-01,2054-01-01
LN_MSV_2322,Massive Borrower 2322,TX,481232,4.50,2024-01-01,2054-01-01
LN_MSV_2323,Massive Borrower 2323,TX,81558,7.60,2024-01-01,2054-01-01
LN_MSV_2324,Massive Borrower 2324,TX,399567,1.80,2024-01-01,2054-01-01
LN_MSV_2325,Massive Borrower 2325,TX,177518,9.60,2024-01-01,2054-01-01
LN_MSV_2326,Massive Borrower 2326,TX,78490,5.50,2024-01-01,2054-01-01
LN_MSV_2327,Massive Borrower 2327,TX,483145,5.50,2024-01-01,2054-01-01
LN_MSV_2328,Massive Borrower 2328,TX,125755,3.20,2024-01-01,2054-01-01
LN_MSV_2329,Massive Borrower 2329,TX,436414,8.80,2024-01-01,2054-01-01
LN_MSV_2330,Massive Borrower 2330,TX,133396,3.60,2024-01-01,2054-01-01
LN_MSV_2331,Massive Borrower 2331,TX,359950,8.60,2024-01-01,2054-01-01
LN_MSV_2332,Massive Borrower 2332,TX,351494,6.30,2024-01-01,2054-01-01
LN_MSV_2333,Massive Borrower 2333,TX,136385,4.60,2024-01-01,2054-01-01
LN_MSV_2334,Massive Borrower 2334,TX,375444,9.10,2024-01-01,2054-01-01
LN_MSV_2335,Massive Borrower 2335,TX,486580,4.10,2024-01-01,2054-01-01
LN_MSV_2336,Massive Borrower 2336,TX,127352,2.30,2024-01-01,2054-01-01
LN_MSV_2337,Massive Borrower 2337,TX,325263,2.20,2024-01-01,2054-01-01
LN_MSV_2338,Massive Borrower 2338,TX,345178,2.10,2024-01-01,2054-01-01
LN_MSV_2339,Massive Borrower 2339,TX,409753,6.50,2024-01-01,2054-01-01
LN_MSV_2340,Massive Borrower 2340,TX,407263,5.70,2024-01-01,2054-01-01
LN_MSV_2341,Massive Borrower 2341,TX,266207,9.40,2024-01-01,2054-01-01
LN_MSV_2342,Massive Borrower 2342,TX,405819,1.50,2024-01-01,2054-01-01
LN_MSV_2343,Massive Borrower 2343,TX,215221,8.90,2024-01-01,2054-01-01
LN_MSV_2344,Massive Borrower 2344,TX,433689,2.80,2024-01-01,2054-01-01
LN_MSV_2345,Massive Borrower 2345,TX,191957,3.30,2024-01-01,2054-01-01
LN_MSV_2346,Massive Borrower 2346,TX,97228,1.00,2024-01-01,2054-01-01
LN_MSV_2347,Massive Borrower 2347,TX,386278,4.60,2024-01-01,2054-01-01
LN_MSV_2348,Massive Borrower 2348,TX,288932,5.90,2024-01-01,2054-01-01
LN_MSV_2349,Massive Borrower 2349,TX,151251,6.10,2024-01-01,2054-01-01
LN_MSV_2350,Massive Borrower 2350,TX,205488,6.60,2024-01-01,2054-01-01
LN_MSV_2351,Massive Borrower 2351,TX,473251,8.50,2024-01-01,2054-01-01
LN_MSV_2352,Massive Borrower 2352,TX,430379,5.40,2024-01-01,2054-01-01
LN_MSV_2353,Massive Borrower 2353,TX,300056,4.00,2024-01-01,2054-01-01
LN_MSV_2354,Massive Borrower 2354,TX,387755,2.40,2024-01-01,2054-01-01
LN_MSV_2355,Massive Borrower 2355,TX,320727,2.60,2024-01-01,2054-01-01
LN_MSV_2356,Massive Borrower 2356,TX,420846,6.70,2024-01-01,2054-01-01
LN_MSV_2357,Massive Borrower 2357,TX,158717,5.40,2024-01-01,2054-01-01
LN_MSV_2358,Massive Borrower 2358,TX,438299,8.10,2024-01-01,2054-01-01
LN_MSV_2359,Massive Borrower 2359,TX,116275,3.70,2024-01-01,2054-01-01
LN_MSV_2360,Massive Borrower 2360,TX,457827,5.20,2024-01-01,2054-01-01
LN_MSV_2361,Massive Borrower 2361,TX,272198,8.70,2024-01-01,2054-01-01
LN_MSV_2362,Massive Borrower 2362,TX,145008,2.40,2024-01-01,2054-01-01
LN_MSV_2363,Massive Borrower 2363,TX,162373,4.20,2024-01-01,2054-01-01
LN_MSV_2364,Massive Borrower 2364,TX,108434,1.30,2024-01-01,2054-01-01
LN_MSV_2365,Massive Borrower 2365,TX,408327,3.30,2024-01-01,2054-01-01
LN_MSV_2366,Massive Borrower 2366,TX,493895,5.10,2024-01-01,2054-01-01
LN_MSV_2367,Massive Borrower 2367,TX,498753,8.80,2024-01-01,2054-01-01
LN_MSV_2368,Massive Borrower 2368,TX,460305,9.00,2024-01-01,2054-01-01
LN_MSV_2369,Massive Borrower 2369,TX,135725,5.30,2024-01-01,2054-01-01
LN_MSV_2370,Massive Borrower 2370,TX,314402,8.80,2024-01-01,2054-01-01
LN_MSV_2371,Massive Borrower 2371,TX,55307,6.10,2024-01-01,2054-01-01
LN_MSV_2372,Massive Borrower 2372,TX,174306,9.20,2024-01-01,2054-01-01
LN_MSV_2373,Massive Borrower 2373,TX,279528,4.20,2024-01-01,2054-01-01
LN_MSV_2374,Massive Borrower 2374,TX,317040,3.70,2024-01-01,2054-01-01
LN_MSV_2375,Massive Borrower 2375,TX,205882,9.80,2024-01-01,2054-01-01
LN_MSV_2376,Massive Borrower 2376,TX,176260,8.20,2024-01-01,2054-01-01
LN_MSV_2377,Massive Borrower 2377,TX,129518,9.00,2024-01-01,2054-01-01
LN_MSV_2378,Massive Borrower 2378,TX,154461,2.10,2024-01-01,2054-01-01
LN_MSV_2379,Massive Borrower 2379,TX,474874,3.50,2024-01-01,2054-01-01
LN_MSV_2380,Massive Borrower 2380,TX,100719,3.50,2024-01-01,2054-01-01
LN_MSV_2381,Massive Borrower 2381,TX,75513,9.40,2024-01-01,2054-01-01
LN_MSV_2382,Massive Borrower 2382,TX,451763,9.00,2024-01-01,2054-01-01
LN_MSV_2383,Massive Borrower 2383,TX,477370,9.10,2024-01-01,2054-01-01
LN_MSV_2384,Massive Borrower 2384,TX,277925,8.20,2024-01-01,2054-01-01
LN_MSV_2385,Massive Borrower 2385,TX,420184,5.30,2024-01-01,2054-01-01
LN_MSV_2386,Massive Borrower 2386,TX,144383,8.50,2024-01-01,2054-01-01
LN_MSV_2387,Massive Borrower 2387,TX,392253,8.90,2024-01-01,2054-01-01
LN_MSV_2388,Massive Borrower 2388,TX,418183,7.70,2024-01-01,2054-01-01
LN_MSV_2389,Massive Borrower 2389,TX,487671,1.00,2024-01-01,2054-01-01
LN_MSV_2390,Massive Borrower 2390,TX,199196,7.50,2024-01-01,2054-01-01
LN_MSV_2391,Massive Borrower 2391,TX,442129,6.10,2024-01-01,2054-01-01
LN_MSV_2392,Massive Borrower 2392,TX,486513,6.60,2024-01-01,2054-01-01
LN_MSV_2393,Massive Borrower 2393,TX,260506,1.70,2024-01-01,2054-01-01
LN_MSV_2394,Massive Borrower 2394,TX,121133,3.30,2024-01-01,2054-01-01
LN_MSV_2395,Massive Borrower 2395,TX,144444,5.90,2024-01-01,2054-01-01
LN_MSV_2396,Massive Borrower 2396,TX,203418,8.30,2024-01-01,2054-01-01
LN_MSV_2397,Massive Borrower 2397,TX,316233,6.20,2024-01-01,2054-01-01
LN_MSV_2398,Massive Borrower 2398,TX,404863,6.10,2024-01-01,2054-01-01
LN_MSV_2399,Massive Borrower 2399,TX,470779,4.00,2024-01-01,2054-01-01
LN_MSV_2400,Massive Borrower 2400,TX,390297,6.90,2024-01-01,2054-01-01
LN_MSV_2401,Massive Borrower 2401,TX,255945,4.10,2024-01-01,2054-01-01
LN_MSV_2402,Massive Borrower 2402,TX,83142,7.60,2024-01-01,2054-01-01
LN_MSV_2403,Massive Borrower 2403,TX,141282,3.10,2024-01-01,2054-01-01
LN_MSV_2404,Massive Borrower 2404,TX,357396,9.90,2024-01-01,2054-01-01
LN_MSV_2405,Massive Borrower 2405,TX,205697,3.20,2024-01-01,2054-01-01
LN_MSV_2406,Massive Borrower 2406,TX,172888,2.60,2024-01-01,2054-01-01
LN_MSV_2407,Massive Borrower 2407,TX,470381,8.90,2024-01-01,2054-01-01
LN_MSV_2408,Massive Borrower 2408,TX,399501,7.30,2024-01-01,2054-01-01
LN_MSV_2409,Massive Borrower 2409,TX,52069,2.40,2024-01-01,2054-01-01
LN_MSV_2410,Massive Borrower 2410,TX,225434,9.20,2024-01-01,2054-01-01
LN_MSV_2411,Massive Borrower 2411,TX,275430,8.30,2024-01-01,2054-01-01
LN_MSV_2412,Massive Borrower 2412,TX,68855,9.20,2024-01-01,2054-01-01
LN_MSV_2413,Massive Borrower 2413,TX,149771,8.30,2024-01-01,2054-01-01
LN_MSV_2414,Massive Borrower 2414,TX,95410,6.00,2024-01-01,2054-01-01
LN_MSV_2415,Massive Borrower 2415,TX,448236,2.30,2024-01-01,2054-01-01
LN_MSV_2416,Massive Borrower 2416,TX,393580,8.60,2024-01-01,2054-01-01
LN_MSV_2417,Massive Borrower 2417,TX,353927,4.30,2024-01-01,2054-01-01
LN_MSV_2418,Massive Borrower 2418,TX,89489,8.50,2024-01-01,2054-01-01
LN_MSV_2419,Massive Borrower 2419,TX,148083,6.80,2024-01-01,2054-01-01
LN_MSV_2420,Massive Borrower 2420,TX,410763,1.10,2024-01-01,2054-01-01
LN_MSV_2421,Massive Borrower 2421,TX,290312,3.60,2024-01-01,2054-01-01
LN_MSV_2422,Massive Borrower 2422,TX,403231,9.60,2024-01-01,2054-01-01
LN_MSV_2423,Massive Borrower 2423,TX,202684,9.60,2024-01-01,2054-01-01
LN_MSV_2424,Massive Borrower 2424,TX,72028,3.80,2024-01-01,2054-01-01
LN_MSV_2425,Massive Borrower 2425,TX,242868,4.10,2024-01-01,2054-01-01
LN_MSV_2426,Massive Borrower 2426,TX,108631,8.00,2024-01-01,2054-01-01
LN_MSV_2427,Massive Borrower 2427,TX,163806,9.40,2024-01-01,2054-01-01
LN_MSV_2428,Massive Borrower 2428,TX,123742,1.60,2024-01-01,2054-01-01
LN_MSV_2429,Massive Borrower 2429,TX,496065,3.10,2024-01-01,2054-01-01
LN_MSV_2430,Massive Borrower 2430,TX,374461,7.90,2024-01-01,2054-01-01
LN_MSV_2431,Massive Borrower 2431,TX,336693,2.50,2024-01-01,2054-01-01
LN_MSV_2432,Massive Borrower 2432,TX,350849,2.10,2024-01-01,2054-01-01
LN_MSV_2433,Massive Borrower 2433,TX,462141,3.30,2024-01-01,2054-01-01
LN_MSV_2434,Massive Borrower 2434,TX,121201,4.50,2024-01-01,2054-01-01
LN_MSV_2435,Massive Borrower 2435,TX,92459,10.00,2024-01-01,2054-01-01
LN_MSV_2436,Massive Borrower 2436,TX,423748,8.90,2024-01-01,2054-01-01
LN_MSV_2437,Massive Borrower 2437,TX,473047,2.60,2024-01-01,2054-01-01
LN_MSV_2438,Massive Borrower 2438,TX,221276,5.30,2024-01-01,2054-01-01
LN_MSV_2439,Massive Borrower 2439,TX,175821,3.50,2024-01-01,2054-01-01
LN_MSV_2440,Massive Borrower 2440,TX,417250,2.80,2024-01-01,2054-01-01
LN_MSV_2441,Massive Borrower 2441,TX,196178,5.10,2024-01-01,2054-01-01
LN_MSV_2442,Massive Borrower 2442,TX,402734,5.90,2024-01-01,2054-01-01
LN_MSV_2443,Massive Borrower 2443,TX,225407,6.30,2024-01-01,2054-01-01
LN_MSV_2444,Massive Borrower 2444,TX,169479,6.00,2024-01-01,2054-01-01
LN_MSV_2445,Massive Borrower 2445,TX,219977,7.80,2024-01-01,2054-01-01
LN_MSV_2446,Massive Borrower 2446,TX,329925,7.40,2024-01-01,2054-01-01
LN_MSV_2447,Massive Borrower 2447,TX,161711,5.80,2024-01-01,2054-01-01
LN_MSV_2448,Massive Borrower 2448,TX,476015,5.70,2024-01-01,2054-01-01
LN_MSV_2449,Massive Borrower 2449,TX,400137,6.00,2024-01-01,2054-01-01
LN_MSV_2450,Massive Borrower 2450,TX,153181,5.10,2024-01-01,2054-01-01
LN_MSV_2451,Massive Borrower 2451,TX,393237,6.60,2024-01-01,2054-01-01
LN_MSV_2452,Massive Borrower 2452,TX,230071,3.30,2024-01-01,2054-01-01
LN_MSV_2453,Massive Borrower 2453,TX,78564,10.00,2024-01-01,2054-01-01
LN_MSV_2454,Massive Borrower 2454,TX,154618,7.10,2024-01-01,2054-01-01
LN_MSV_2455,Massive Borrower 2455,TX,256436,6.50,2024-01-01,2054-01-01
LN_MSV_2456,Massive Borrower 2456,TX,410220,3.90,2024-01-01,2054-01-01
LN_MSV_2457,Massive Borrower 2457,TX,251482,5.10,2024-01-01,2054-01-01
LN_MSV_2458,Massive Borrower 2458,TX,238771,10.00,2024-01-01,2054-01-01
LN_MSV_2459,Massive Borrower 2459,TX,83786,3.50,2024-01-01,2054-01-01
LN_MSV_2460,Massive Borrower 2460,TX,55439,9.60,2024-01-01,2054-01-01
LN_MSV_2461,Massive Borrower 2461,TX,342894,8.60,2024-01-01,2054-01-01
LN_MSV_2462,Massive Borrower 2462,TX,393574,1.00,2024-01-01,2054-01-01
LN_MSV_2463,Massive Borrower 2463,TX,473213,9.80,2024-01-01,2054-01-01
LN_MSV_2464,Massive Borrower 2464,TX,285878,4.50,2024-01-01,2054-01-01
LN_MSV_2465,Massive Borrower 2465,TX,83334,6.00,2024-01-01,2054-01-01
LN_MSV_2466,Massive Borrower 2466,TX,282326,3.10,2024-01-01,2054-01-01
LN_MSV_2467,Massive Borrower 2467,TX,371136,1.40,2024-01-01,2054-01-01
LN_MSV_2468,Massive Borrower 2468,TX,316359,10.00,2024-01-01,2054-01-01
LN_MSV_2469,Massive Borrower 2469,TX,479646,1.40,2024-01-01,2054-01-01
LN_MSV_2470,Massive Borrower 2470,TX,326315,2.10,2024-01-01,2054-01-01
LN_MSV_2471,Massive Borrower 2471,TX,268322,5.50,2024-01-01,2054-01-01
LN_MSV_2472,Massive Borrower 2472,TX,385361,2.70,2024-01-01,2054-01-01
LN_MSV_2473,Massive Borrower 2473,TX,247165,8.80,2024-01-01,2054-01-01
LN_MSV_2474,Massive Borrower 2474,TX,187573,8.70,2024-01-01,2054-01-01
LN_MSV_2475,Massive Borrower 2475,TX,218349,3.80,2024-01-01,2054-01-01
LN_MSV_2476,Massive Borrower 2476,TX,185570,2.50,2024-01-01,2054-01-01
LN_MSV_2477,Massive Borrower 2477,TX,445386,3.80,2024-01-01,2054-01-01
LN_MSV_2478,Massive Borrower 2478,TX,94036,4.00,2024-01-01,2054-01-01
LN_MSV_2479,Massive Borrower 2479,TX,499466,4.20,2024-01-01,2054-01-01
LN_MSV_2480,Massive Borrower 2480,TX,422543,6.50,2024-01-01,2054-01-01
LN_MSV_2481,Massive Borrower 2481,TX,148811,2.80,2024-01-01,2054-01-01
LN_MSV_2482,Massive Borrower 2482,TX,255711,9.60,2024-01-01,2054-01-01
LN_MSV_2483,Massive Borrower 2483,TX,295763,6.00,2024-01-01,2054-01-01
LN_MSV_2484,Massive Borrower 2484,TX,194125,1.10,2024-01-01,2054-01-01
LN_MSV_2485,Massive Borrower 2485,TX,73665,6.30,2024-01-01,2054-01-01
LN_MSV_2486,Massive Borrower 2486,TX,194595,4.00,2024-01-01,2054-01-01
LN_MSV_2487,Massive Borrower 2487,TX,263243,1.70,2024-01-01,2054-01-01
LN_MSV_2488,Massive Borrower 2488,TX,227748,5.70,2024-01-01,2054-01-01
LN_MSV_2489,Massive Borrower 2489,TX,260115,9.40,2024-01-01,2054-01-01
LN_MSV_2490,Massive Borrower 2490,TX,230394,1.10,2024-01-01,2054-01-01
LN_MSV_2491,Massive Borrower 2491,TX,227832,8.50,2024-01-01,2054-01-01
LN_MSV_2492,Massive Borrower 2492,TX,147027,5.70,2024-01-01,2054-01-01
LN_MSV_2493,Massive Borrower 2493,TX,121559,2.80,2024-01-01,2054-01-01
LN_MSV_2494,Massive Borrower 2494,TX,491434,9.60,2024-01-01,2054-01-01
LN_MSV_2495,Massive Borrower 2495,TX,295936,1.90,2024-01-01,2054-01-01
LN_MSV_2496,Massive Borrower 2496,TX,218515,7.40,2024-01-01,2054-01-01
LN_MSV_2497,Massive Borrower 2497,TX,291285,4.20,2024-01-01,2054-01-01
LN_MSV_2498,Massive Borrower 2498,TX,313035,9.30,2024-01-01,2054-01-01
LN_MSV_2499,Massive Borrower 2499,TX,424296,3.20,2024-01-01,2054-01-01
LN_MSV_2500,Massive Borrower 2500,TX,290765,9.30,2024-01-01,2054-01-01
LN_MSV_2501,Massive Borrower 2501,TX,193524,9.30,2024-01-01,2054-01-01
LN_MSV_2502,Massive Borrower 2502,TX,227326,9.90,2024-01-01,2054-01-01
LN_MSV_2503,Massive Borrower 2503,TX,379755,6.30,2024-01-01,2054-01-01
LN_MSV_2504,Massive Borrower 2504,TX,426340,5.70,2024-01-01,2054-01-01
LN_MSV_2505,Massive Borrower 2505,TX,400629,5.40,2024-01-01,2054-01-01
LN_MSV_2506,Massive Borrower 2506,TX,88675,7.00,2024-01-01,2054-01-01
LN_MSV_2507,Massive Borrower 2507,TX,474715,5.40,2024-01-01,2054-01-01
LN_MSV_2508,Massive Borrower 2508,TX,224660,9.10,2024-01-01,2054-01-01
LN_MSV_2509,Massive Borrower 2509,TX,349639,1.50,2024-01-01,2054-01-01
LN_MSV_2510,Massive Borrower 2510,TX,85843,3.70,2024-01-01,2054-01-01
LN_MSV_2511,Massive Borrower 2511,TX,412867,2.30,2024-01-01,2054-01-01
LN_MSV_2512,Massive Borrower 2512,TX,94079,5.20,2024-01-01,2054-01-01
LN_MSV_2513,Massive Borrower 2513,TX,389622,2.40,2024-01-01,2054-01-01
LN_MSV_2514,Massive Borrower 2514,TX,484981,7.10,2024-01-01,2054-01-01
LN_MSV_2515,Massive Borrower 2515,TX,283710,6.90,2024-01-01,2054-01-01
LN_MSV_2516,Massive Borrower 2516,TX,218888,5.10,2024-01-01,2054-01-01
LN_MSV_2517,Massive Borrower 2517,TX,318304,9.40,2024-01-01,2054-01-01
LN_MSV_2518,Massive Borrower 2518,TX,60148,3.90,2024-01-01,2054-01-01
LN_MSV_2519,Massive Borrower 2519,TX,477172,1.90,2024-01-01,2054-01-01
LN_MSV_2520,Massive Borrower 2520,TX,439420,6.40,2024-01-01,2054-01-01
LN_MSV_2521,Massive Borrower 2521,TX,288745,5.20,2024-01-01,2054-01-01
LN_MSV_2522,Massive Borrower 2522,TX,75378,3.00,2024-01-01,2054-01-01
LN_MSV_2523,Massive Borrower 2523,TX,96781,8.10,2024-01-01,2054-01-01
LN_MSV_2524,Massive Borrower 2524,TX,456678,8.90,2024-01-01,2054-01-01
LN_MSV_2525,Massive Borrower 2525,TX,156809,1.00,2024-01-01,2054-01-01
LN_MSV_2526,Massive Borrower 2526,TX,466338,2.00,2024-01-01,2054-01-01
LN_MSV_2527,Massive Borrower 2527,TX,183712,2.30,2024-01-01,2054-01-01
LN_MSV_2528,Massive Borrower 2528,TX,214061,2.40,2024-01-01,2054-01-01
LN_MSV_2529,Massive Borrower 2529,TX,131731,5.50,2024-01-01,2054-01-01
LN_MSV_2530,Massive Borrower 2530,TX,236568,6.90,2024-01-01,2054-01-01
LN_MSV_2531,Massive Borrower 2531,TX,129565,4.40,2024-01-01,2054-01-01
LN_MSV_2532,Massive Borrower 2532,TX,215824,10.00,2024-01-01,2054-01-01
LN_MSV_2533,Massive Borrower 2533,TX,150080,8.90,2024-01-01,2054-01-01
LN_MSV_2534,Massive Borrower 2534,TX,378482,2.00,2024-01-01,2054-01-01
LN_MSV_2535,Massive Borrower 2535,TX,452352,1.40,2024-01-01,2054-01-01
LN_MSV_2536,Massive Borrower 2536,TX,103970,2.40,2024-01-01,2054-01-01
LN_MSV_2537,Massive Borrower 2537,TX,459980,7.40,2024-01-01,2054-01-01
LN_MSV_2538,Massive Borrower 2538,TX,322882,6.50,2024-01-01,2054-01-01
LN_MSV_2539,Massive Borrower 2539,TX,442660,6.60,2024-01-01,2054-01-01
LN_MSV_2540,Massive Borrower 2540,TX,213737,6.50,2024-01-01,2054-01-01
LN_MSV_2541,Massive Borrower 2541,TX,412753,5.70,2024-01-01,2054-01-01
LN_MSV_2542,Massive Borrower 2542,TX,396625,7.40,2024-01-01,2054-01-01
LN_MSV_2543,Massive Borrower 2543,TX,390828,5.60,2024-01-01,2054-01-01
LN_MSV_2544,Massive Borrower 2544,TX,330478,4.10,2024-01-01,2054-01-01
LN_MSV_2545,Massive Borrower 2545,TX,490298,5.80,2024-01-01,2054-01-01
LN_MSV_2546,Massive Borrower 2546,TX,63052,8.00,2024-01-01,2054-01-01
LN_MSV_2547,Massive Borrower 2547,TX,464671,7.90,2024-01-01,2054-01-01
LN_MSV_2548,Massive Borrower 2548,TX,406729,2.40,2024-01-01,2054-01-01
LN_MSV_2549,Massive Borrower 2549,TX,205970,5.60,2024-01-01,2054-01-01
LN_MSV_2550,Massive Borrower 2550,TX,170122,8.10,2024-01-01,2054-01-01
LN_MSV_2551,Massive Borrower 2551,TX,286070,3.10,2024-01-01,2054-01-01
LN_MSV_2552,Massive Borrower 2552,TX,55706,4.20,2024-01-01,2054-01-01
LN_MSV_2553,Massive Borrower 2553,TX,197896,6.90,2024-01-01,2054-01-01
LN_MSV_2554,Massive Borrower 2554,TX,409402,6.90,2024-01-01,2054-01-01
LN_MSV_2555,Massive Borrower 2555,TX,368202,1.80,2024-01-01,2054-01-01
LN_MSV_2556,Massive Borrower 2556,TX,423161,5.90,2024-01-01,2054-01-01
LN_MSV_2557,Massive Borrower 2557,TX,53316,2.20,2024-01-01,2054-01-01
LN_MSV_2558,Massive Borrower 2558,TX,478164,2.50,2024-01-01,2054-01-01
LN_MSV_2559,Massive Borrower 2559,TX,380668,4.70,2024-01-01,2054-01-01
LN_MSV_2560,Massive Borrower 2560,TX,192825,7.50,2024-01-01,2054-01-01
LN_MSV_2561,Massive Borrower 2561,TX,228862,7.10,2024-01-01,2054-01-01
LN_MSV_2562,Massive Borrower 2562,TX,288883,7.80,2024-01-01,2054-01-01
LN_MSV_2563,Massive Borrower 2563,TX,346706,6.40,2024-01-01,2054-01-01
LN_MSV_2564,Massive Borrower 2564,TX,330853,8.10,2024-01-01,2054-01-01
LN_MSV_2565,Massive Borrower 2565,TX,402495,4.00,2024-01-01,2054-01-01
LN_MSV_2566,Massive Borrower 2566,TX,160341,8.80,2024-01-01,2054-01-01
LN_MSV_2567,Massive Borrower 2567,TX,283859,5.60,2024-01-01,2054-01-01
LN_MSV_2568,Massive Borrower 2568,TX,497762,3.30,2024-01-01,2054-01-01
LN_MSV_2569,Massive Borrower 2569,TX,108818,4.60,2024-01-01,2054-01-01
LN_MSV_2570,Massive Borrower 2570,TX,428802,9.70,2024-01-01,2054-01-01
LN_MSV_2571,Massive Borrower 2571,TX,424150,4.20,2024-01-01,2054-01-01
LN_MSV_2572,Massive Borrower 2572,TX,317486,1.20,2024-01-01,2054-01-01
LN_MSV_2573,Massive Borrower 2573,TX,257051,2.80,2024-01-01,2054-01-01
LN_MSV_2574,Massive Borrower 2574,TX,282688,1.90,2024-01-01,2054-01-01
LN_MSV_2575,Massive Borrower 2575,TX,228933,1.80,2024-01-01,2054-01-01
LN_MSV_2576,Massive Borrower 2576,TX,101707,1.00,2024-01-01,2054-01-01
LN_MSV_2577,Massive Borrower 2577,TX,315856,3.80,2024-01-01,2054-01-01
LN_MSV_2578,Massive Borrower 2578,TX,159659,3.70,2024-01-01,2054-01-01
LN_MSV_2579,Massive Borrower 2579,TX,315630,7.10,2024-01-01,2054-01-01
LN_MSV_2580,Massive Borrower 2580,TX,88960,9.00,2024-01-01,2054-01-01
LN_MSV_2581,Massive Borrower 2581,TX,429059,6.00,2024-01-01,2054-01-01
LN_MSV_2582,Massive Borrower 2582,TX,384011,3.30,2024-01-01,2054-01-01
LN_MSV_2583,Massive Borrower 2583,TX,69974,6.90,2024-01-01,2054-01-01
LN_MSV_2584,Massive Borrower 2584,TX,227043,9.00,2024-01-01,2054-01-01
LN_MSV_2585,Massive Borrower 2585,TX,284244,2.60,2024-01-01,2054-01-01
LN_MSV_2586,Massive Borrower 2586,TX,308071,3.50,2024-01-01,2054-01-01
LN_MSV_2587,Massive Borrower 2587,TX,265527,4.40,2024-01-01,2054-01-01
LN_MSV_2588,Massive Borrower 2588,TX,405718,7.80,2024-01-01,2054-01-01
LN_MSV_2589,Massive Borrower 2589,TX,282353,3.20,2024-01-01,2054-01-01
LN_MSV_2590,Massive Borrower 2590,TX,65994,3.60,2024-01-01,2054-01-01
LN_MSV_2591,Massive Borrower 2591,TX,411835,8.20,2024-01-01,2054-01-01
LN_MSV_2592,Massive Borrower 2592,TX,119464,4.90,2024-01-01,2054-01-01
LN_MSV_2593,Massive Borrower 2593,TX,79939,6.10,2024-01-01,2054-01-01
LN_MSV_2594,Massive Borrower 2594,TX,223036,9.70,2024-01-01,2054-01-01
LN_MSV_2595,Massive Borrower 2595,TX,207449,4.50,2024-01-01,2054-01-01
LN_MSV_2596,Massive Borrower 2596,TX,191068,3.60,2024-01-01,2054-01-01
LN_MSV_2597,Massive Borrower 2597,TX,431998,9.70,2024-01-01,2054-01-01
LN_MSV_2598,Massive Borrower 2598,TX,70575,7.60,2024-01-01,2054-01-01
LN_MSV_2599,Massive Borrower 2599,TX,382233,2.90,2024-01-01,2054-01-01
LN_MSV_2600,Massive Borrower 2600,TX,156305,4.80,2024-01-01,2054-01-01
LN_MSV_2601,Massive Borrower 2601,TX,181762,4.20,2024-01-01,2054-01-01
LN_MSV_2602,Massive Borrower 2602,TX,323473,9.50,2024-01-01,2054-01-01
LN_MSV_2603,Massive Borrower 2603,TX,299995,10.00,2024-01-01,2054-01-01
LN_MSV_2604,Massive Borrower 2604,TX,97584,2.60,2024-01-01,2054-01-01
LN_MSV_2605,Massive Borrower 2605,TX,257996,3.90,2024-01-01,2054-01-01
LN_MSV_2606,Massive Borrower 2606,TX,146705,7.70,2024-01-01,2054-01-01
LN_MSV_2607,Massive Borrower 2607,TX,440819,8.20,2024-01-01,2054-01-01
LN_MSV_2608,Massive Borrower 2608,TX,370378,1.00,2024-01-01,2054-01-01
LN_MSV_2609,Massive Borrower 2609,TX,216430,1.00,2024-01-01,2054-01-01
LN_MSV_2610,Massive Borrower 2610,TX,440223,9.70,2024-01-01,2054-01-01
LN_MSV_2611,Massive Borrower 2611,TX,405419,2.70,2024-01-01,2054-01-01
LN_MSV_2612,Massive Borrower 2612,TX,262664,2.40,2024-01-01,2054-01-01
LN_MSV_2613,Massive Borrower 2613,TX,248391,8.20,2024-01-01,2054-01-01
LN_MSV_2614,Massive Borrower 2614,TX,224767,3.00,2024-01-01,2054-01-01
LN_MSV_2615,Massive Borrower 2615,TX,341702,1.20,2024-01-01,2054-01-01
LN_MSV_2616,Massive Borrower 2616,TX,96992,2.10,2024-01-01,2054-01-01
LN_MSV_2617,Massive Borrower 2617,TX,136561,3.30,2024-01-01,2054-01-01
LN_MSV_2618,Massive Borrower 2618,TX,323298,1.50,2024-01-01,2054-01-01
LN_MSV_2619,Massive Borrower 2619,TX,232304,1.80,2024-01-01,2054-01-01
LN_MSV_2620,Massive Borrower 2620,TX,196028,5.20,2024-01-01,2054-01-01
LN_MSV_2621,Massive Borrower 2621,TX,82966,8.90,2024-01-01,2054-01-01
LN_MSV_2622,Massive Borrower 2622,TX,314162,7.00,2024-01-01,2054-01-01
LN_MSV_2623,Massive Borrower 2623,TX,239342,1.90,2024-01-01,2054-01-01
LN_MSV_2624,Massive Borrower 2624,TX,480510,1.90,2024-01-01,2054-01-01
LN_MSV_2625,Massive Borrower 2625,TX,499804,2.00,2024-01-01,2054-01-01
LN_MSV_2626,Massive Borrower 2626,TX,191002,7.50,2024-01-01,2054-01-01
LN_MSV_2627,Massive Borrower 2627,TX,271766,9.60,2024-01-01,2054-01-01
LN_MSV_2628,Massive Borrower 2628,TX,239019,2.50,2024-01-01,2054-01-01
LN_MSV_2629,Massive Borrower 2629,TX,85668,8.30,2024-01-01,2054-01-01
LN_MSV_2630,Massive Borrower 2630,TX,302669,2.30,2024-01-01,2054-01-01
LN_MSV_2631,Massive Borrower 2631,TX,390783,4.30,2024-01-01,2054-01-01
LN_MSV_2632,Massive Borrower 2632,TX,432991,5.20,2024-01-01,2054-01-01
LN_MSV_2633,Massive Borrower 2633,TX,233461,9.80,2024-01-01,2054-01-01
LN_MSV_2634,Massive Borrower 2634,TX,493385,9.90,2024-01-01,2054-01-01
LN_MSV_2635,Massive Borrower 2635,TX,325425,7.00,2024-01-01,2054-01-01
LN_MSV_2636,Massive Borrower 2636,TX,261704,4.10,2024-01-01,2054-01-01
LN_MSV_2637,Massive Borrower 2637,TX,244174,2.20,2024-01-01,2054-01-01
LN_MSV_2638,Massive Borrower 2638,TX,390538,3.20,2024-01-01,2054-01-01
LN_MSV_2639,Massive Borrower 2639,TX,108992,6.80,2024-01-01,2054-01-01
LN_MSV_2640,Massive Borrower 2640,TX,68208,8.20,2024-01-01,2054-01-01
LN_MSV_2641,Massive Borrower 2641,TX,211634,9.30,2024-01-01,2054-01-01
LN_MSV_2642,Massive Borrower 2642,TX,67615,7.30,2024-01-01,2054-01-01
LN_MSV_2643,Massive Borrower 2643,TX,475136,1.20,2024-01-01,2054-01-01
LN_MSV_2644,Massive Borrower 2644,TX,397330,7.20,2024-01-01,2054-01-01
LN_MSV_2645,Massive Borrower 2645,TX,375119,8.40,2024-01-01,2054-01-01
LN_MSV_2646,Massive Borrower 2646,TX,479608,3.40,2024-01-01,2054-01-01
LN_MSV_2647,Massive Borrower 2647,TX,409600,1.50,2024-01-01,2054-01-01
LN_MSV_2648,Massive Borrower 2648,TX,50110,2.10,2024-01-01,2054-01-01
LN_MSV_2649,Massive Borrower 2649,TX,214202,2.00,2024-01-01,2054-01-01
LN_MSV_2650,Massive Borrower 2650,TX,352305,2.30,2024-01-01,2054-01-01
LN_MSV_2651,Massive Borrower 2651,TX,469747,1.20,2024-01-01,2054-01-01
LN_MSV_2652,Massive Borrower 2652,TX,218307,8.30,2024-01-01,2054-01-01
LN_MSV_2653,Massive Borrower 2653,TX,450093,1.50,2024-01-01,2054-01-01
LN_MSV_2654,Massive Borrower 2654,TX,363472,1.40,2024-01-01,2054-01-01
LN_MSV_2655,Massive Borrower 2655,TX,123460,3.10,2024-01-01,2054-01-01
LN_MSV_2656,Massive Borrower 2656,TX,180446,5.70,2024-01-01,2054-01-01
LN_MSV_2657,Massive Borrower 2657,TX,412191,9.40,2024-01-01,2054-01-01
LN_MSV_2658,Massive Borrower 2658,TX,81672,1.30,2024-01-01,2054-01-01
LN_MSV_2659,Massive Borrower 2659,TX,86885,8.10,2024-01-01,2054-01-01
LN_MSV_2660,Massive Borrower 2660,TX,366484,5.90,2024-01-01,2054-01-01
LN_MSV_2661,Massive Borrower 2661,TX,484510,8.20,2024-01-01,2054-01-01
LN_MSV_2662,Massive Borrower 2662,TX,427988,9.70,2024-01-01,2054-01-01
LN_MSV_2663,Massive Borrower 2663,TX,338778,2.60,2024-01-01,2054-01-01
LN_MSV_2664,Massive Borrower 2664,TX,214818,2.90,2024-01-01,2054-01-01
LN_MSV_2665,Massive Borrower 2665,TX,235160,7.50,2024-01-01,2054-01-01
LN_MSV_2666,Massive Borrower 2666,TX,484815,8.90,2024-01-01,2054-01-01
LN_MSV_2667,Massive Borrower 2667,TX,410723,7.40,2024-01-01,2054-01-01
LN_MSV_2668,Massive Borrower 2668,TX,194746,9.70,2024-01-01,2054-01-01
LN_MSV_2669,Massive Borrower 2669,TX,448821,4.50,2024-01-01,2054-01-01
LN_MSV_2670,Massive Borrower 2670,TX,413932,9.40,2024-01-01,2054-01-01
LN_MSV_2671,Massive Borrower 2671,TX,336531,3.50,2024-01-01,2054-01-01
LN_MSV_2672,Massive Borrower 2672,TX,115208,7.00,2024-01-01,2054-01-01
LN_MSV_2673,Massive Borrower 2673,TX,400647,5.00,2024-01-01,2054-01-01
LN_MSV_2674,Massive Borrower 2674,TX,187549,4.30,2024-01-01,2054-01-01
LN_MSV_2675,Massive Borrower 2675,TX,487669,5.30,2024-01-01,2054-01-01
LN_MSV_2676,Massive Borrower 2676,TX,264379,5.40,2024-01-01,2054-01-01
LN_MSV_2677,Massive Borrower 2677,TX,351120,2.90,2024-01-01,2054-01-01
LN_MSV_2678,Massive Borrower 2678,TX,364821,3.60,2024-01-01,2054-01-01
LN_MSV_2679,Massive Borrower 2679,TX,437507,6.50,2024-01-01,2054-01-01
LN_MSV_2680,Massive Borrower 2680,TX,107842,6.40,2024-01-01,2054-01-01
LN_MSV_2681,Massive Borrower 2681,TX,214426,3.00,2024-01-01,2054-01-01
LN_MSV_2682,Massive Borrower 2682,TX,494372,9.00,2024-01-01,2054-01-01
LN_MSV_2683,Massive Borrower 2683,TX,125009,4.40,2024-01-01,2054-01-01
LN_MSV_2684,Massive Borrower 2684,TX,258192,4.10,2024-01-01,2054-01-01
LN_MSV_2685,Massive Borrower 2685,TX,416513,4.30,2024-01-01,2054-01-01
LN_MSV_2686,Massive Borrower 2686,TX,301510,4.10,2024-01-01,2054-01-01
LN_MSV_2687,Massive Borrower 2687,TX,147065,2.90,2024-01-01,2054-01-01
LN_MSV_2688,Massive Borrower 2688,TX,380203,8.70,2024-01-01,2054-01-01
LN_MSV_2689,Massive Borrower 2689,TX,57948,8.10,2024-01-01,2054-01-01
LN_MSV_2690,Massive Borrower 2690,TX,265869,2.30,2024-01-01,2054-01-01
LN_MSV_2691,Massive Borrower 2691,TX,73909,3.10,2024-01-01,2054-01-01
LN_MSV_2692,Massive Borrower 2692,TX,341174,6.40,2024-01-01,2054-01-01
LN_MSV_2693,Massive Borrower 2693,TX,381878,7.80,2024-01-01,2054-01-01
LN_MSV_2694,Massive Borrower 2694,TX,195125,7.70,2024-01-01,2054-01-01
LN_MSV_2695,Massive Borrower 2695,TX,247226,7.90,2024-01-01,2054-01-01
LN_MSV_2696,Massive Borrower 2696,TX,307472,4.80,2024-01-01,2054-01-01
LN_MSV_2697,Massive Borrower 2697,TX,131270,5.30,2024-01-01,2054-01-01
LN_MSV_2698,Massive Borrower 2698,TX,327746,2.90,2024-01-01,2054-01-01
LN_MSV_2699,Massive Borrower 2699,TX,339277,9.40,2024-01-01,2054-01-01
LN_MSV_2700,Massive Borrower 2700,TX,165414,9.40,2024-01-01,2054-01-01
LN_MSV_2701,Massive Borrower 2701,TX,285777,6.70,2024-01-01,2054-01-01
LN_MSV_2702,Massive Borrower 2702,TX,349435,5.30,2024-01-01,2054-01-01
LN_MSV_2703,Massive Borrower 2703,TX,143540,6.70,2024-01-01,2054-01-01
LN_MSV_2704,Massive Borrower 2704,TX,460443,8.30,2024-01-01,2054-01-01
LN_MSV_2705,Massive Borrower 2705,TX,325605,5.40,2024-01-01,2054-01-01
LN_MSV_2706,Massive Borrower 2706,TX,332579,10.00,2024-01-01,2054-01-01
LN_MSV_2707,Massive Borrower 2707,TX,432784,7.20,2024-01-01,2054-01-01
LN_MSV_2708,Massive Borrower 2708,TX,477122,1.90,2024-01-01,2054-01-01
LN_MSV_2709,Massive Borrower 2709,TX,169873,5.70,2024-01-01,2054-01-01
LN_MSV_2710,Massive Borrower 2710,TX,331531,1.70,2024-01-01,2054-01-01
LN_MSV_2711,Massive Borrower 2711,TX,265328,6.80,2024-01-01,2054-01-01
LN_MSV_2712,Massive Borrower 2712,TX,151344,5.60,2024-01-01,2054-01-01
LN_MSV_2713,Massive Borrower 2713,TX,340084,3.00,2024-01-01,2054-01-01
LN_MSV_2714,Massive Borrower 2714,TX,139956,5.00,2024-01-01,2054-01-01
LN_MSV_2715,Massive Borrower 2715,TX,499190,2.30,2024-01-01,2054-01-01
LN_MSV_2716,Massive Borrower 2716,TX,290391,4.10,2024-01-01,2054-01-01
LN_MSV_2717,Massive Borrower 2717,TX,103604,8.60,2024-01-01,2054-01-01
LN_MSV_2718,Massive Borrower 2718,TX,358036,9.90,2024-01-01,2054-01-01
LN_MSV_2719,Massive Borrower 2719,TX,130496,5.40,2024-01-01,2054-01-01
LN_MSV_2720,Massive Borrower 2720,TX,169672,3.30,2024-01-01,2054-01-01
LN_MSV_2721,Massive Borrower 2721,TX,193948,9.90,2024-01-01,2054-01-01
LN_MSV_2722,Massive Borrower 2722,TX,111183,9.70,2024-01-01,2054-01-01
LN_MSV_2723,Massive Borrower 2723,TX,64633,5.80,2024-01-01,2054-01-01
LN_MSV_2724,Massive Borrower 2724,TX,217804,9.30,2024-01-01,2054-01-01
LN_MSV_2725,Massive Borrower 2725,TX,252437,9.60,2024-01-01,2054-01-01
LN_MSV_2726,Massive Borrower 2726,TX,339292,9.30,2024-01-01,2054-01-01
LN_MSV_2727,Massive Borrower 2727,TX,310284,6.50,2024-01-01,2054-01-01
LN_MSV_2728,Massive Borrower 2728,TX,438159,6.50,2024-01-01,2054-01-01
LN_MSV_2729,Massive Borrower 2729,TX,95484,5.00,2024-01-01,2054-01-01
LN_MSV_2730,Massive Borrower 2730,TX,102532,2.50,2024-01-01,2054-01-01
LN_MSV_2731,Massive Borrower 2731,TX,489626,5.20,2024-01-01,2054-01-01
LN_MSV_2732,Massive Borrower 2732,TX,146106,4.50,2024-01-01,2054-01-01
LN_MSV_2733,Massive Borrower 2733,TX,201409,2.20,2024-01-01,2054-01-01
LN_MSV_2734,Massive Borrower 2734,TX,376597,3.20,2024-01-01,2054-01-01
LN_MSV_2735,Massive Borrower 2735,TX,228863,2.00,2024-01-01,2054-01-01
LN_MSV_2736,Massive Borrower 2736,TX,180988,7.00,2024-01-01,2054-01-01
LN_MSV_2737,Massive Borrower 2737,TX,496038,9.10,2024-01-01,2054-01-01
LN_MSV_2738,Massive Borrower 2738,TX,101734,6.60,2024-01-01,2054-01-01
LN_MSV_2739,Massive Borrower 2739,TX,159284,1.40,2024-01-01,2054-01-01
LN_MSV_2740,Massive Borrower 2740,TX,229589,7.20,2024-01-01,2054-01-01
LN_MSV_2741,Massive Borrower 2741,TX,386573,3.10,2024-01-01,2054-01-01
LN_MSV_2742,Massive Borrower 2742,TX,424934,5.90,2024-01-01,2054-01-01
LN_MSV_2743,Massive Borrower 2743,TX,331962,8.40,2024-01-01,2054-01-01
LN_MSV_2744,Massive Borrower 2744,TX,451867,2.20,2024-01-01,2054-01-01
LN_MSV_2745,Massive Borrower 2745,TX,466510,9.60,2024-01-01,2054-01-01
LN_MSV_2746,Massive Borrower 2746,TX,147236,3.00,2024-01-01,2054-01-01
LN_MSV_2747,Massive Borrower 2747,TX,57485,8.40,2024-01-01,2054-01-01
LN_MSV_2748,Massive Borrower 2748,TX,68653,2.60,2024-01-01,2054-01-01
LN_MSV_2749,Massive Borrower 2749,TX,401034,7.20,2024-01-01,2054-01-01
LN_MSV_2750,Massive Borrower 2750,TX,201152,2.30,2024-01-01,2054-01-01
LN_MSV_2751,Massive Borrower 2751,TX,399134,3.60,2024-01-01,2054-01-01
LN_MSV_2752,Massive Borrower 2752,TX,255191,6.60,2024-01-01,2054-01-01
LN_MSV_2753,Massive Borrower 2753,TX,241534,5.30,2024-01-01,2054-01-01
LN_MSV_2754,Massive Borrower 2754,TX,251347,8.50,2024-01-01,2054-01-01
LN_MSV_2755,Massive Borrower 2755,TX,314000,8.50,2024-01-01,2054-01-01
LN_MSV_2756,Massive Borrower 2756,TX,137177,3.50,2024-01-01,2054-01-01
LN_MSV_2757,Massive Borrower 2757,TX,412324,4.20,2024-01-01,2054-01-01
LN_MSV_2758,Massive Borrower 2758,TX,173478,1.20,2024-01-01,2054-01-01
LN_MSV_2759,Massive Borrower 2759,TX,200864,4.10,2024-01-01,2054-01-01
LN_MSV_2760,Massive Borrower 2760,TX,260124,9.60,2024-01-01,2054-01-01
LN_MSV_2761,Massive Borrower 2761,TX,50638,6.80,2024-01-01,2054-01-01
LN_MSV_2762,Massive Borrower 2762,TX,455732,3.70,2024-01-01,2054-01-01
LN_MSV_2763,Massive Borrower 2763,TX,296299,3.00,2024-01-01,2054-01-01
LN_MSV_2764,Massive Borrower 2764,TX,352985,1.10,2024-01-01,2054-01-01
LN_MSV_2765,Massive Borrower 2765,TX,476732,5.10,2024-01-01,2054-01-01
LN_MSV_2766,Massive Borrower 2766,TX,433155,2.70,2024-01-01,2054-01-01
LN_MSV_2767,Massive Borrower 2767,TX,440056,9.60,2024-01-01,2054-01-01
LN_MSV_2768,Massive Borrower 2768,TX,350310,5.60,2024-01-01,2054-01-01
LN_MSV_2769,Massive Borrower 2769,TX,210612,10.00,2024-01-01,2054-01-01
LN_MSV_2770,Massive Borrower 2770,TX,284563,6.80,2024-01-01,2054-01-01
LN_MSV_2771,Massive Borrower 2771,TX,482620,5.40,2024-01-01,2054-01-01
LN_MSV_2772,Massive Borrower 2772,TX,417150,3.60,2024-01-01,2054-01-01
LN_MSV_2773,Massive Borrower 2773,TX,173155,8.20,2024-01-01,2054-01-01
LN_MSV_2774,Massive Borrower 2774,TX,238589,2.70,2024-01-01,2054-01-01
LN_MSV_2775,Massive Borrower 2775,TX,366999,7.30,2024-01-01,2054-01-01
LN_MSV_2776,Massive Borrower 2776,TX,158634,8.60,2024-01-01,2054-01-01
LN_MSV_2777,Massive Borrower 2777,TX,416255,3.10,2024-01-01,2054-01-01
LN_MSV_2778,Massive Borrower 2778,TX,256668,7.90,2024-01-01,2054-01-01
LN_MSV_2779,Massive Borrower 2779,TX,410694,2.60,2024-01-01,2054-01-01
LN_MSV_2780,Massive Borrower 2780,TX,71662,4.40,2024-01-01,2054-01-01
LN_MSV_2781,Massive Borrower 2781,TX,377844,2.00,2024-01-01,2054-01-01
LN_MSV_2782,Massive Borrower 2782,TX,367195,9.10,2024-01-01,2054-01-01
LN_MSV_2783,Massive Borrower 2783,TX,481510,6.90,2024-01-01,2054-01-01
LN_MSV_2784,Massive Borrower 2784,TX,114147,9.60,2024-01-01,2054-01-01
LN_MSV_2785,Massive Borrower 2785,TX,470207,8.90,2024-01-01,2054-01-01
LN_MSV_2786,Massive Borrower 2786,TX,202770,8.20,2024-01-01,2054-01-01
LN_MSV_2787,Massive Borrower 2787,TX,425813,1.60,2024-01-01,2054-01-01
LN_MSV_2788,Massive Borrower 2788,TX,300209,3.40,2024-01-01,2054-01-01
LN_MSV_2789,Massive Borrower 2789,TX,289952,6.10,2024-01-01,2054-01-01
LN_MSV_2790,Massive Borrower 2790,TX,107065,6.50,2024-01-01,2054-01-01
LN_MSV_2791,Massive Borrower 2791,TX,368921,4.90,2024-01-01,2054-01-01
LN_MSV_2792,Massive Borrower 2792,TX,275813,7.70,2024-01-01,2054-01-01
LN_MSV_2793,Massive Borrower 2793,TX,113460,8.40,2024-01-01,2054-01-01
LN_MSV_2794,Massive Borrower 2794,TX,415074,4.30,2024-01-01,2054-01-01
LN_MSV_2795,Massive Borrower 2795,TX,109451,4.90,2024-01-01,2054-01-01
LN_MSV_2796,Massive Borrower 2796,TX,298994,9.40,2024-01-01,2054-01-01
LN_MSV_2797,Massive Borrower 2797,TX,215444,4.00,2024-01-01,2054-01-01
LN_MSV_2798,Massive Borrower 2798,TX,386510,7.70,2024-01-01,2054-01-01
LN_MSV_2799,Massive Borrower 2799,TX,149650,3.30,2024-01-01,2054-01-01
LN_MSV_2800,Massive Borrower 2800,TX,383804,5.10,2024-01-01,2054-01-01
LN_MSV_2801,Massive Borrower 2801,TX,212959,4.20,2024-01-01,2054-01-01
LN_MSV_2802,Massive Borrower 2802,TX,367646,1.60,2024-01-01,2054-01-01
LN_MSV_2803,Massive Borrower 2803,TX,141897,2.80,2024-01-01,2054-01-01
LN_MSV_2804,Massive Borrower 2804,TX,465824,3.80,2024-01-01,2054-01-01
LN_MSV_2805,Massive Borrower 2805,TX,313058,9.00,2024-01-01,2054-01-01
LN_MSV_2806,Massive Borrower 2806,TX,496116,1.40,2024-01-01,2054-01-01
LN_MSV_2807,Massive Borrower 2807,TX,474004,1.70,2024-01-01,2054-01-01
LN_MSV_2808,Massive Borrower 2808,TX,102782,9.40,2024-01-01,2054-01-01
LN_MSV_2809,Massive Borrower 2809,TX,76021,3.00,2024-01-01,2054-01-01
LN_MSV_2810,Massive Borrower 2810,TX,153333,9.00,2024-01-01,2054-01-01
LN_MSV_2811,Massive Borrower 2811,TX,194234,6.50,2024-01-01,2054-01-01
LN_MSV_2812,Massive Borrower 2812,TX,359302,2.60,2024-01-01,2054-01-01
LN_MSV_2813,Massive Borrower 2813,TX,474142,7.30,2024-01-01,2054-01-01
LN_MSV_2814,Massive Borrower 2814,TX,109389,9.90,2024-01-01,2054-01-01
LN_MSV_2815,Massive Borrower 2815,TX,246652,2.20,2024-01-01,2054-01-01
LN_MSV_2816,Massive Borrower 2816,TX,473335,4.90,2024-01-01,2054-01-01
LN_MSV_2817,Massive Borrower 2817,TX,272914,8.00,2024-01-01,2054-01-01
LN_MSV_2818,Massive Borrower 2818,TX,97236,2.80,2024-01-01,2054-01-01
LN_MSV_2819,Massive Borrower 2819,TX,444082,7.10,2024-01-01,2054-01-01
LN_MSV_2820,Massive Borrower 2820,TX,188133,8.80,2024-01-01,2054-01-01
LN_MSV_2821,Massive Borrower 2821,TX,78153,5.40,2024-01-01,2054-01-01
LN_MSV_2822,Massive Borrower 2822,TX,240707,9.70,2024-01-01,2054-01-01
LN_MSV_2823,Massive Borrower 2823,TX,274917,4.80,2024-01-01,2054-01-01
LN_MSV_2824,Massive Borrower 2824,TX,174275,7.80,2024-01-01,2054-01-01
LN_MSV_2825,Massive Borrower 2825,TX,307410,6.70,2024-01-01,2054-01-01
LN_MSV_2826,Massive Borrower 2826,TX,408621,4.10,2024-01-01,2054-01-01
LN_MSV_2827,Massive Borrower 2827,TX,60598,3.00,2024-01-01,2054-01-01
LN_MSV_2828,Massive Borrower 2828,TX,486199,4.40,2024-01-01,2054-01-01
LN_MSV_2829,Massive Borrower 2829,TX,282272,6.00,2024-01-01,2054-01-01
LN_MSV_2830,Massive Borrower 2830,TX,139160,4.60,2024-01-01,2054-01-01
LN_MSV_2831,Massive Borrower 2831,TX,64902,6.60,2024-01-01,2054-01-01
LN_MSV_2832,Massive Borrower 2832,TX,451419,4.00,2024-01-01,2054-01-01
LN_MSV_2833,Massive Borrower 2833,TX,215933,4.40,2024-01-01,2054-01-01
LN_MSV_2834,Massive Borrower 2834,TX,456267,7.00,2024-01-01,2054-01-01
LN_MSV_2835,Massive Borrower 2835,TX,195998,4.00,2024-01-01,2054-01-01
LN_MSV_2836,Massive Borrower 2836,TX,262919,5.90,2024-01-01,2054-01-01
LN_MSV_2837,Massive Borrower 2837,TX,207906,8.30,2024-01-01,2054-01-01
LN_MSV_2838,Massive Borrower 2838,TX,416445,4.10,2024-01-01,2054-01-01
LN_MSV_2839,Massive Borrower 2839,TX,253547,4.10,2024-01-01,2054-01-01
LN_MSV_2840,Massive Borrower 2840,TX,469193,9.00,2024-01-01,2054-01-01
LN_MSV_2841,Massive Borrower 2841,TX,194571,3.70,2024-01-01,2054-01-01
LN_MSV_2842,Massive Borrower 2842,TX,393498,1.10,2024-01-01,2054-01-01
LN_MSV_2843,Massive Borrower 2843,TX,86003,8.40,2024-01-01,2054-01-01
LN_MSV_2844,Massive Borrower 2844,TX,50134,8.60,2024-01-01,2054-01-01
LN_MSV_2845,Massive Borrower 2845,TX,355556,9.30,2024-01-01,2054-01-01
LN_MSV_2846,Massive Borrower 2846,TX,201171,2.80,2024-01-01,2054-01-01
LN_MSV_2847,Massive Borrower 2847,TX,352338,1.40,2024-01-01,2054-01-01
LN_MSV_2848,Massive Borrower 2848,TX,289439,6.00,2024-01-01,2054-01-01
LN_MSV_2849,Massive Borrower 2849,TX,238731,9.60,2024-01-01,2054-01-01
LN_MSV_2850,Massive Borrower 2850,TX,62500,9.00,2024-01-01,2054-01-01
LN_MSV_2851,Massive Borrower 2851,TX,351874,2.90,2024-01-01,2054-01-01
LN_MSV_2852,Massive Borrower 2852,TX,378120,3.00,2024-01-01,2054-01-01
LN_MSV_2853,Massive Borrower 2853,TX,468722,2.60,2024-01-01,2054-01-01
LN_MSV_2854,Massive Borrower 2854,TX,267475,2.70,2024-01-01,2054-01-01
LN_MSV_2855,Massive Borrower 2855,TX,163188,6.20,2024-01-01,2054-01-01
LN_MSV_2856,Massive Borrower 2856,TX,283686,9.80,2024-01-01,2054-01-01
LN_MSV_2857,Massive Borrower 2857,TX,219659,5.00,2024-01-01,2054-01-01
LN_MSV_2858,Massive Borrower 2858,TX,151146,4.80,2024-01-01,2054-01-01
LN_MSV_2859,Massive Borrower 2859,TX,203790,3.70,2024-01-01,2054-01-01
LN_MSV_2860,Massive Borrower 2860,TX,102076,6.10,2024-01-01,2054-01-01
LN_MSV_2861,Massive Borrower 2861,TX,158981,8.20,2024-01-01,2054-01-01
LN_MSV_2862,Massive Borrower 2862,TX,188538,2.80,2024-01-01,2054-01-01
LN_MSV_2863,Massive Borrower 2863,TX,188338,7.70,2024-01-01,2054-01-01
LN_MSV_2864,Massive Borrower 2864,TX,244476,7.10,2024-01-01,2054-01-01
LN_MSV_2865,Massive Borrower 2865,TX,283090,8.70,2024-01-01,2054-01-01
LN_MSV_2866,Massive Borrower 2866,TX,251892,4.60,2024-01-01,2054-01-01
LN_MSV_2867,Massive Borrower 2867,TX,109408,8.30,2024-01-01,2054-01-01
LN_MSV_2868,Massive Borrower 2868,TX,181501,6.20,2024-01-01,2054-01-01
LN_MSV_2869,Massive Borrower 2869,TX,328192,6.50,2024-01-01,2054-01-01
LN_MSV_2870,Massive Borrower 2870,TX,302342,7.60,2024-01-01,2054-01-01
LN_MSV_2871,Massive Borrower 2871,TX,119326,5.90,2024-01-01,2054-01-01
LN_MSV_2872,Massive Borrower 2872,TX,109756,4.20,2024-01-01,2054-01-01
LN_MSV_2873,Massive Borrower 2873,TX,179957,6.70,2024-01-01,2054-01-01
LN_MSV_2874,Massive Borrower 2874,TX,282103,2.80,2024-01-01,2054-01-01
LN_MSV_2875,Massive Borrower 2875,TX,225374,2.60,2024-01-01,2054-01-01
LN_MSV_2876,Massive Borrower 2876,TX,61150,9.90,2024-01-01,2054-01-01
LN_MSV_2877,Massive Borrower 2877,TX,172667,1.50,2024-01-01,2054-01-01
LN_MSV_2878,Massive Borrower 2878,TX,384314,7.20,2024-01-01,2054-01-01
LN_MSV_2879,Massive Borrower 2879,TX,238503,1.30,2024-01-01,2054-01-01
LN_MSV_2880,Massive Borrower 2880,TX,92721,1.20,2024-01-01,2054-01-01
LN_MSV_2881,Massive Borrower 2881,TX,131094,5.60,2024-01-01,2054-01-01
LN_MSV_2882,Massive Borrower 2882,TX,53852,9.60,2024-01-01,2054-01-01
LN_MSV_2883,Massive Borrower 2883,TX,280095,6.30,2024-01-01,2054-01-01
LN_MSV_2884,Massive Borrower 2884,TX,85796,7.90,2024-01-01,2054-01-01
LN_MSV_2885,Massive Borrower 2885,TX,400104,2.50,2024-01-01,2054-01-01
LN_MSV_2886,Massive Borrower 2886,TX,63336,7.50,2024-01-01,2054-01-01
LN_MSV_2887,Massive Borrower 2887,TX,486669,6.10,2024-01-01,2054-01-01
LN_MSV_2888,Massive Borrower 2888,TX,252457,1.20,2024-01-01,2054-01-01
LN_MSV_2889,Massive Borrower 2889,TX,494997,9.50,2024-01-01,2054-01-01
LN_MSV_2890,Massive Borrower 2890,TX,213441,4.30,2024-01-01,2054-01-01
LN_MSV_2891,Massive Borrower 2891,TX,83931,2.90,2024-01-01,2054-01-01
LN_MSV_2892,Massive Borrower 2892,TX,283861,1.10,2024-01-01,2054-01-01
LN_MSV_2893,Massive Borrower 2893,TX,223141,5.20,2024-01-01,2054-01-01
LN_MSV_2894,Massive Borrower 2894,TX,253577,4.40,2024-01-01,2054-01-01
LN_MSV_2895,Massive Borrower 2895,TX,152142,4.50,2024-01-01,2054-01-01
LN_MSV_2896,Massive Borrower 2896,TX,194660,3.20,2024-01-01,2054-01-01
LN_MSV_2897,Massive Borrower 2897,TX,424965,8.30,2024-01-01,2054-01-01
LN_MSV_2898,Massive Borrower 2898,TX,372649,10.00,2024-01-01,2054-01-01
LN_MSV_2899,Massive Borrower 2899,TX,370762,1.60,2024-01-01,2054-01-01
LN_MSV_2900,Massive Borrower 2900,TX,246244,2.50,2024-01-01,2054-01-01
LN_MSV_2901,Massive Borrower 2901,TX,353060,5.00,2024-01-01,2054-01-01
LN_MSV_2902,Massive Borrower 2902,TX,179944,5.60,2024-01-01,2054-01-01
LN_MSV_2903,Massive Borrower 2903,TX,50399,9.40,2024-01-01,2054-01-01
LN_MSV_2904,Massive Borrower 2904,TX,55561,3.50,2024-01-01,2054-01-01
LN_MSV_2905,Massive Borrower 2905,TX,209044,4.60,2024-01-01,2054-01-01
LN_MSV_2906,Massive Borrower 2906,TX,155532,7.60,2024-01-01,2054-01-01
LN_MSV_2907,Massive Borrower 2907,TX,481707,5.30,2024-01-01,2054-01-01
LN_MSV_2908,Massive Borrower 2908,TX,259553,7.10,2024-01-01,2054-01-01
LN_MSV_2909,Massive Borrower 2909,TX,190569,9.10,2024-01-01,2054-01-01
LN_MSV_2910,Massive Borrower 2910,TX,81312,8.00,2024-01-01,2054-01-01
LN_MSV_2911,Massive Borrower 2911,TX,60649,1.50,2024-01-01,2054-01-01
LN_MSV_2912,Massive Borrower 2912,TX,421902,5.00,2024-01-01,2054-01-01
LN_MSV_2913,Massive Borrower 2913,TX,199830,9.30,2024-01-01,2054-01-01
LN_MSV_2914,Massive Borrower 2914,TX,333770,10.00,2024-01-01,2054-01-01
LN_MSV_2915,Massive Borrower 2915,TX,60317,5.00,2024-01-01,2054-01-01
LN_MSV_2916,Massive Borrower 2916,TX,300962,3.20,2024-01-01,2054-01-01
LN_MSV_2917,Massive Borrower 2917,TX,372389,9.10,2024-01-01,2054-01-01
LN_MSV_2918,Massive Borrower 2918,TX,349558,6.20,2024-01-01,2054-01-01
LN_MSV_2919,Massive Borrower 2919,TX,307159,3.90,2024-01-01,2054-01-01
LN_MSV_2920,Massive Borrower 2920,TX,303737,8.50,2024-01-01,2054-01-01
LN_MSV_2921,Massive Borrower 2921,TX,151771,7.10,2024-01-01,2054-01-01
LN_MSV_2922,Massive Borrower 2922,TX,499894,3.70,2024-01-01,2054-01-01
LN_MSV_2923,Massive Borrower 2923,TX,232617,7.80,2024-01-01,2054-01-01
LN_MSV_2924,Massive Borrower 2924,TX,224077,1.50,2024-01-01,2054-01-01
LN_MSV_2925,Massive Borrower 2925,TX,174093,4.60,2024-01-01,2054-01-01
LN_MSV_2926,Massive Borrower 2926,TX,287495,7.00,2024-01-01,2054-01-01
LN_MSV_2927,Massive Borrower 2927,TX,68321,3.00,2024-01-01,2054-01-01
LN_MSV_2928,Massive Borrower 2928,TX,56511,4.90,2024-01-01,2054-01-01
LN_MSV_2929,Massive Borrower 2929,TX,124732,1.50,2024-01-01,2054-01-01
LN_MSV_2930,Massive Borrower 2930,TX,431581,9.50,2024-01-01,2054-01-01
LN_MSV_2931,Massive Borrower 2931,TX,491228,8.10,2024-01-01,2054-01-01
LN_MSV_2932,Massive Borrower 2932,TX,193855,9.10,2024-01-01,2054-01-01
LN_MSV_2933,Massive Borrower 2933,TX,81551,5.80,2024-01-01,2054-01-01
LN_MSV_2934,Massive Borrower 2934,TX,387811,7.90,2024-01-01,2054-01-01
LN_MSV_2935,Massive Borrower 2935,TX,333238,6.70,2024-01-01,2054-01-01
LN_MSV_2936,Massive Borrower 2936,TX,217175,3.60,2024-01-01,2054-01-01
LN_MSV_2937,Massive Borrower 2937,TX,275127,3.70,2024-01-01,2054-01-01
LN_MSV_2938,Massive Borrower 2938,TX,122729,4.50,2024-01-01,2054-01-01
LN_MSV_2939,Massive Borrower 2939,TX,390325,2.40,2024-01-01,2054-01-01
LN_MSV_2940,Massive Borrower 2940,TX,404066,6.30,2024-01-01,2054-01-01
LN_MSV_2941,Massive Borrower 2941,TX,102661,2.10,2024-01-01,2054-01-01
LN_MSV_2942,Massive Borrower 2942,TX,327674,2.40,2024-01-01,2054-01-01
LN_MSV_2943,Massive Borrower 2943,TX,170830,3.30,2024-01-01,2054-01-01
LN_MSV_2944,Massive Borrower 2944,TX,353459,3.50,2024-01-01,2054-01-01
LN_MSV_2945,Massive Borrower 2945,TX,436034,6.10,2024-01-01,2054-01-01
LN_MSV_2946,Massive Borrower 2946,TX,131899,4.40,2024-01-01,2054-01-01
LN_MSV_2947,Massive Borrower 2947,TX,58124,8.00,2024-01-01,2054-01-01
LN_MSV_2948,Massive Borrower 2948,TX,460778,3.10,2024-01-01,2054-01-01
LN_MSV_2949,Massive Borrower 2949,TX,390860,8.70,2024-01-01,2054-01-01
LN_MSV_2950,Massive Borrower 2950,TX,167297,6.10,2024-01-01,2054-01-01
LN_MSV_2951,Massive Borrower 2951,TX,62582,4.40,2024-01-01,2054-01-01
LN_MSV_2952,Massive Borrower 2952,TX,323551,9.30,2024-01-01,2054-01-01
LN_MSV_2953,Massive Borrower 2953,TX,266263,2.90,2024-01-01,2054-01-01
LN_MSV_2954,Massive Borrower 2954,TX,408325,9.00,2024-01-01,2054-01-01
LN_MSV_2955,Massive Borrower 2955,TX,365693,5.20,2024-01-01,2054-01-01
LN_MSV_2956,Massive Borrower 2956,TX,280646,5.60,2024-01-01,2054-01-01
LN_MSV_2957,Massive Borrower 2957,TX,382963,7.60,2024-01-01,2054-01-01
LN_MSV_2958,Massive Borrower 2958,TX,299735,3.10,2024-01-01,2054-01-01
LN_MSV_2959,Massive Borrower 2959,TX,392717,3.50,2024-01-01,2054-01-01
LN_MSV_2960,Massive Borrower 2960,TX,370799,6.00,2024-01-01,2054-01-01
LN_MSV_2961,Massive Borrower 2961,TX,364853,9.90,2024-01-01,2054-01-01
LN_MSV_2962,Massive Borrower 2962,TX,113311,8.40,2024-01-01,2054-01-01
LN_MSV_2963,Massive Borrower 2963,TX,349534,5.50,2024-01-01,2054-01-01
LN_MSV_2964,Massive Borrower 2964,TX,394770,7.20,2024-01-01,2054-01-01
LN_MSV_2965,Massive Borrower 2965,TX,271145,1.00,2024-01-01,2054-01-01
LN_MSV_2966,Massive Borrower 2966,TX,298194,9.50,2024-01-01,2054-01-01
LN_MSV_2967,Massive Borrower 2967,TX,115517,5.90,2024-01-01,2054-01-01
LN_MSV_2968,Massive Borrower 2968,TX,273232,2.00,2024-01-01,2054-01-01
LN_MSV_2969,Massive Borrower 2969,TX,495250,3.80,2024-01-01,2054-01-01
LN_MSV_2970,Massive Borrower 2970,TX,480867,9.80,2024-01-01,2054-01-01
LN_MSV_2971,Massive Borrower 2971,TX,459942,3.90,2024-01-01,2054-01-01
LN_MSV_2972,Massive Borrower 2972,TX,375730,3.30,2024-01-01,2054-01-01
LN_MSV_2973,Massive Borrower 2973,TX,459851,6.70,2024-01-01,2054-01-01
LN_MSV_2974,Massive Borrower 2974,TX,495397,8.50,2024-01-01,2054-01-01
LN_MSV_2975,Massive Borrower 2975,TX,303607,10.00,2024-01-01,2054-01-01
LN_MSV_2976,Massive Borrower 2976,TX,355857,7.90,2024-01-01,2054-01-01
LN_MSV_2977,Massive Borrower 2977,TX,337885,4.50,2024-01-01,2054-01-01
LN_MSV_2978,Massive Borrower 2978,TX,293044,2.10,2024-01-01,2054-01-01
LN_MSV_2979,Massive Borrower 2979,TX,157834,9.70,2024-01-01,2054-01-01
LN_MSV_2980,Massive Borrower 2980,TX,433384,5.70,2024-01-01,2054-01-01
LN_MSV_2981,Massive Borrower 2981,TX,126296,6.10,2024-01-01,2054-01-01
LN_MSV_2982,Massive Borrower 2982,TX,371134,5.20,2024-01-01,2054-01-01
LN_MSV_2983,Massive Borrower 2983,TX,295236,1.90,2024-01-01,2054-01-01
LN_MSV_2984,Massive Borrower 2984,TX,494470,5.20,2024-01-01,2054-01-01
LN_MSV_2985,Massive Borrower 2985,TX,475927,3.40,2024-01-01,2054-01-01
LN_MSV_2986,Massive Borrower 2986,TX,337264,1.70,2024-01-01,2054-01-01
LN_MSV_2987,Massive Borrower 2987,TX,147392,1.10,2024-01-01,2054-01-01
LN_MSV_2988,Massive Borrower 2988,TX,135476,9.80,2024-01-01,2054-01-01
LN_MSV_2989,Massive Borrower 2989,TX,283530,6.00,2024-01-01,2054-01-01
LN_MSV_2990,Massive Borrower 2990,TX,324501,4.80,2024-01-01,2054-01-01
LN_MSV_2991,Massive Borrower 2991,TX,339991,1.70,2024-01-01,2054-01-01
LN_MSV_2992,Massive Borrower 2992,TX,240562,7.40,2024-01-01,2054-01-01
LN_MSV_2993,Massive Borrower 2993,TX,308018,5.00,2024-01-01,2054-01-01
LN_MSV_2994,Massive Borrower 2994,TX,255578,2.40,2024-01-01,2054-01-01
LN_MSV_2995,Massive Borrower 2995,TX,83308,7.60,2024-01-01,2054-01-01
LN_MSV_2996,Massive Borrower 2996,TX,489646,4.70,2024-01-01,2054-01-01
LN_MSV_2997,Massive Borrower 2997,TX,386428,1.00,2024-01-01,2054-01-01
LN_MSV_2998,Massive Borrower 2998,TX,453869,3.20,2024-01-01,2054-01-01
LN_MSV_2999,Massive Borrower 2999,TX,332538,3.40,2024-01-01,2054-01-01
LN_MSV_3000,Massive Borrower 3000,TX,496960,7.00,2024-01-01,2054-01-01
LN_MSV_3001,Massive Borrower 3001,TX,159154,7.80,2024-01-01,2054-01-01
LN_MSV_3002,Massive Borrower 3002,TX,134428,6.20,2024-01-01,2054-01-01
LN_MSV_3003,Massive Borrower 3003,TX,243765,4.20,2024-01-01,2054-01-01
LN_MSV_3004,Massive Borrower 3004,TX,197529,3.90,2024-01-01,2054-01-01
LN_MSV_3005,Massive Borrower 3005,TX,399334,9.70,2024-01-01,2054-01-01
LN_MSV_3006,Massive Borrower 3006,TX,171407,3.90,2024-01-01,2054-01-01
LN_MSV_3007,Massive Borrower 3007,TX,50346,4.10,2024-01-01,2054-01-01
LN_MSV_3008,Massive Borrower 3008,TX,413290,4.80,2024-01-01,2054-01-01
LN_MSV_3009,Massive Borrower 3009,TX,459059,3.70,2024-01-01,2054-01-01
LN_MSV_3010,Massive Borrower 3010,TX,62781,7.10,2024-01-01,2054-01-01
LN_MSV_3011,Massive Borrower 3011,TX,334692,4.80,2024-01-01,2054-01-01
LN_MSV_3012,Massive Borrower 3012,TX,203684,7.30,2024-01-01,2054-01-01
LN_MSV_3013,Massive Borrower 3013,TX,224632,9.60,2024-01-01,2054-01-01
LN_MSV_3014,Massive Borrower 3014,TX,499578,4.00,2024-01-01,2054-01-01
LN_MSV_3015,Massive Borrower 3015,TX,428367,2.80,2024-01-01,2054-01-01
LN_MSV_3016,Massive Borrower 3016,TX,372935,6.40,2024-01-01,2054-01-01
LN_MSV_3017,Massive Borrower 3017,TX,130461,4.30,2024-01-01,2054-01-01
LN_MSV_3018,Massive Borrower 3018,TX,426712,5.90,2024-01-01,2054-01-01
LN_MSV_3019,Massive Borrower 3019,TX,192527,4.10,2024-01-01,2054-01-01
LN_MSV_3020,Massive Borrower 3020,TX,305240,8.60,2024-01-01,2054-01-01
LN_MSV_3021,Massive Borrower 3021,TX,155971,8.80,2024-01-01,2054-01-01
LN_MSV_3022,Massive Borrower 3022,TX,60883,2.40,2024-01-01,2054-01-01
LN_MSV_3023,Massive Borrower 3023,TX,169287,7.30,2024-01-01,2054-01-01
LN_MSV_3024,Massive Borrower 3024,TX,438429,3.10,2024-01-01,2054-01-01
LN_MSV_3025,Massive Borrower 3025,TX,359711,7.30,2024-01-01,2054-01-01
LN_MSV_3026,Massive Borrower 3026,TX,258106,3.50,2024-01-01,2054-01-01
LN_MSV_3027,Massive Borrower 3027,TX,454454,4.50,2024-01-01,2054-01-01
LN_MSV_3028,Massive Borrower 3028,TX,259435,3.50,2024-01-01,2054-01-01
LN_MSV_3029,Massive Borrower 3029,TX,306712,8.10,2024-01-01,2054-01-01
LN_MSV_3030,Massive Borrower 3030,TX,307508,7.90,2024-01-01,2054-01-01
LN_MSV_3031,Massive Borrower 3031,TX,237790,8.60,2024-01-01,2054-01-01
LN_MSV_3032,Massive Borrower 3032,TX,325644,2.80,2024-01-01,2054-01-01
LN_MSV_3033,Massive Borrower 3033,TX,318481,9.10,2024-01-01,2054-01-01
LN_MSV_3034,Massive Borrower 3034,TX,339544,6.90,2024-01-01,2054-01-01
LN_MSV_3035,Massive Borrower 3035,TX,248709,8.80,2024-01-01,2054-01-01
LN_MSV_3036,Massive Borrower 3036,TX,314863,7.90,2024-01-01,2054-01-01
LN_MSV_3037,Massive Borrower 3037,TX,342604,7.40,2024-01-01,2054-01-01
LN_MSV_3038,Massive Borrower 3038,TX,145096,4.80,2024-01-01,2054-01-01
LN_MSV_3039,Massive Borrower 3039,TX,220035,5.70,2024-01-01,2054-01-01
LN_MSV_3040,Massive Borrower 3040,TX,91132,6.30,2024-01-01,2054-01-01
LN_MSV_3041,Massive Borrower 3041,TX,53184,8.80,2024-01-01,2054-01-01
LN_MSV_3042,Massive Borrower 3042,TX,492945,7.50,2024-01-01,2054-01-01
LN_MSV_3043,Massive Borrower 3043,TX,279831,3.50,2024-01-01,2054-01-01
LN_MSV_3044,Massive Borrower 3044,TX,287590,7.90,2024-01-01,2054-01-01
LN_MSV_3045,Massive Borrower 3045,TX,166154,3.70,2024-01-01,2054-01-01
LN_MSV_3046,Massive Borrower 3046,TX,177990,1.20,2024-01-01,2054-01-01
LN_MSV_3047,Massive Borrower 3047,TX,261435,7.90,2024-01-01,2054-01-01
LN_MSV_3048,Massive Borrower 3048,TX,304945,6.50,2024-01-01,2054-01-01
LN_MSV_3049,Massive Borrower 3049,TX,419959,3.10,2024-01-01,2054-01-01
LN_MSV_3050,Massive Borrower 3050,TX,411140,2.30,2024-01-01,2054-01-01
LN_MSV_3051,Massive Borrower 3051,TX,449841,8.50,2024-01-01,2054-01-01
LN_MSV_3052,Massive Borrower 3052,TX,88403,9.10,2024-01-01,2054-01-01
LN_MSV_3053,Massive Borrower 3053,TX,119182,10.00,2024-01-01,2054-01-01
LN_MSV_3054,Massive Borrower 3054,TX,386543,2.00,2024-01-01,2054-01-01
LN_MSV_3055,Massive Borrower 3055,TX,178033,1.70,2024-01-01,2054-01-01
LN_MSV_3056,Massive Borrower 3056,TX,460677,9.60,2024-01-01,2054-01-01
LN_MSV_3057,Massive Borrower 3057,TX,112562,10.00,2024-01-01,2054-01-01
LN_MSV_3058,Massive Borrower 3058,TX,123261,9.40,2024-01-01,2054-01-01
LN_MSV_3059,Massive Borrower 3059,TX,338461,5.00,2024-01-01,2054-01-01
LN_MSV_3060,Massive Borrower 3060,TX,205256,2.80,2024-01-01,2054-01-01
LN_MSV_3061,Massive Borrower 3061,TX,226418,5.00,2024-01-01,2054-01-01
LN_MSV_3062,Massive Borrower 3062,TX,245536,8.30,2024-01-01,2054-01-01
LN_MSV_3063,Massive Borrower 3063,TX,89122,6.10,2024-01-01,2054-01-01
LN_MSV_3064,Massive Borrower 3064,TX,148537,2.70,2024-01-01,2054-01-01
LN_MSV_3065,Massive Borrower 3065,TX,388001,3.20,2024-01-01,2054-01-01
LN_MSV_3066,Massive Borrower 3066,TX,231208,8.20,2024-01-01,2054-01-01
LN_MSV_3067,Massive Borrower 3067,TX,353708,2.00,2024-01-01,2054-01-01
LN_MSV_3068,Massive Borrower 3068,TX,327793,9.40,2024-01-01,2054-01-01
LN_MSV_3069,Massive Borrower 3069,TX,172884,4.90,2024-01-01,2054-01-01
LN_MSV_3070,Massive Borrower 3070,TX,379856,5.50,2024-01-01,2054-01-01
LN_MSV_3071,Massive Borrower 3071,TX,208101,8.80,2024-01-01,2054-01-01
LN_MSV_3072,Massive Borrower 3072,TX,381047,1.00,2024-01-01,2054-01-01
LN_MSV_3073,Massive Borrower 3073,TX,140527,7.30,2024-01-01,2054-01-01
LN_MSV_3074,Massive Borrower 3074,TX,406839,5.00,2024-01-01,2054-01-01
LN_MSV_3075,Massive Borrower 3075,TX,139586,2.40,2024-01-01,2054-01-01
LN_MSV_3076,Massive Borrower 3076,TX,363891,6.50,2024-01-01,2054-01-01
LN_MSV_3077,Massive Borrower 3077,TX,239600,4.30,2024-01-01,2054-01-01
LN_MSV_3078,Massive Borrower 3078,TX,354128,10.00,2024-01-01,2054-01-01
LN_MSV_3079,Massive Borrower 3079,TX,435666,2.40,2024-01-01,2054-01-01
LN_MSV_3080,Massive Borrower 3080,TX,133279,7.50,2024-01-01,2054-01-01
LN_MSV_3081,Massive Borrower 3081,TX,434653,1.30,2024-01-01,2054-01-01
LN_MSV_3082,Massive Borrower 3082,TX,432259,5.10,2024-01-01,2054-01-01
LN_MSV_3083,Massive Borrower 3083,TX,479652,4.70,2024-01-01,2054-01-01
LN_MSV_3084,Massive Borrower 3084,TX,355621,8.00,2024-01-01,2054-01-01
LN_MSV_3085,Massive Borrower 3085,TX,213591,8.80,2024-01-01,2054-01-01
LN_MSV_3086,Massive Borrower 3086,TX,84711,8.10,2024-01-01,2054-01-01
LN_MSV_3087,Massive Borrower 3087,TX,141409,8.60,2024-01-01,2054-01-01
LN_MSV_3088,Massive Borrower 3088,TX,181998,9.40,2024-01-01,2054-01-01
LN_MSV_3089,Massive Borrower 3089,TX,474781,8.00,2024-01-01,2054-01-01
LN_MSV_3090,Massive Borrower 3090,TX,298145,9.00,2024-01-01,2054-01-01
LN_MSV_3091,Massive Borrower 3091,TX,342894,5.50,2024-01-01,2054-01-01
LN_MSV_3092,Massive Borrower 3092,TX,330398,4.40,2024-01-01,2054-01-01
LN_MSV_3093,Massive Borrower 3093,TX,122960,6.90,2024-01-01,2054-01-01
LN_MSV_3094,Massive Borrower 3094,TX,442257,3.00,2024-01-01,2054-01-01
LN_MSV_3095,Massive Borrower 3095,TX,326398,3.60,2024-01-01,2054-01-01
LN_MSV_3096,Massive Borrower 3096,TX,90204,3.40,2024-01-01,2054-01-01
LN_MSV_3097,Massive Borrower 3097,TX,475017,4.50,2024-01-01,2054-01-01
LN_MSV_3098,Massive Borrower 3098,TX,233510,4.90,2024-01-01,2054-01-01
LN_MSV_3099,Massive Borrower 3099,TX,450995,9.90,2024-01-01,2054-01-01
LN_MSV_3100,Massive Borrower 3100,TX,332292,1.10,2024-01-01,2054-01-01
LN_MSV_3101,Massive Borrower 3101,TX,435779,2.40,2024-01-01,2054-01-01
LN_MSV_3102,Massive Borrower 3102,TX,300547,4.80,2024-01-01,2054-01-01
LN_MSV_3103,Massive Borrower 3103,TX,329724,2.80,2024-01-01,2054-01-01
LN_MSV_3104,Massive Borrower 3104,TX,75383,8.30,2024-01-01,2054-01-01
LN_MSV_3105,Massive Borrower 3105,TX,66378,7.60,2024-01-01,2054-01-01
LN_MSV_3106,Massive Borrower 3106,TX,138099,2.80,2024-01-01,2054-01-01
LN_MSV_3107,Massive Borrower 3107,TX,405733,8.50,2024-01-01,2054-01-01
LN_MSV_3108,Massive Borrower 3108,TX,67453,8.40,2024-01-01,2054-01-01
LN_MSV_3109,Massive Borrower 3109,TX,274432,4.40,2024-01-01,2054-01-01
LN_MSV_3110,Massive Borrower 3110,TX,193054,4.70,2024-01-01,2054-01-01
LN_MSV_3111,Massive Borrower 3111,TX,370356,9.80,2024-01-01,2054-01-01
LN_MSV_3112,Massive Borrower 3112,TX,217547,6.70,2024-01-01,2054-01-01
LN_MSV_3113,Massive Borrower 3113,TX,338616,7.60,2024-01-01,2054-01-01
LN_MSV_3114,Massive Borrower 3114,TX,149849,4.60,2024-01-01,2054-01-01
LN_MSV_3115,Massive Borrower 3115,TX,120740,1.20,2024-01-01,2054-01-01
LN_MSV_3116,Massive Borrower 3116,TX,152566,2.20,2024-01-01,2054-01-01
LN_MSV_3117,Massive Borrower 3117,TX,421002,1.90,2024-01-01,2054-01-01
LN_MSV_3118,Massive Borrower 3118,TX,315845,1.00,2024-01-01,2054-01-01
LN_MSV_3119,Massive Borrower 3119,TX,282986,6.90,2024-01-01,2054-01-01
LN_MSV_3120,Massive Borrower 3120,TX,242961,3.80,2024-01-01,2054-01-01
LN_MSV_3121,Massive Borrower 3121,TX,55333,4.60,2024-01-01,2054-01-01
LN_MSV_3122,Massive Borrower 3122,TX,198958,9.90,2024-01-01,2054-01-01
LN_MSV_3123,Massive Borrower 3123,TX,103144,1.40,2024-01-01,2054-01-01
LN_MSV_3124,Massive Borrower 3124,TX,419150,8.80,2024-01-01,2054-01-01
LN_MSV_3125,Massive Borrower 3125,TX,279070,2.10,2024-01-01,2054-01-01
LN_MSV_3126,Massive Borrower 3126,TX,100259,4.60,2024-01-01,2054-01-01
LN_MSV_3127,Massive Borrower 3127,TX,280968,1.30,2024-01-01,2054-01-01
LN_MSV_3128,Massive Borrower 3128,TX,488660,6.50,2024-01-01,2054-01-01
LN_MSV_3129,Massive Borrower 3129,TX,161969,2.40,2024-01-01,2054-01-01
LN_MSV_3130,Massive Borrower 3130,TX,54437,6.90,2024-01-01,2054-01-01
LN_MSV_3131,Massive Borrower 3131,TX,325237,6.70,2024-01-01,2054-01-01
LN_MSV_3132,Massive Borrower 3132,TX,354237,3.70,2024-01-01,2054-01-01
LN_MSV_3133,Massive Borrower 3133,TX,92783,6.40,2024-01-01,2054-01-01
LN_MSV_3134,Massive Borrower 3134,TX,185376,1.60,2024-01-01,2054-01-01
LN_MSV_3135,Massive Borrower 3135,TX,91489,6.50,2024-01-01,2054-01-01
LN_MSV_3136,Massive Borrower 3136,TX,171986,5.90,2024-01-01,2054-01-01
LN_MSV_3137,Massive Borrower 3137,TX,441681,5.20,2024-01-01,2054-01-01
LN_MSV_3138,Massive Borrower 3138,TX,134612,5.60,2024-01-01,2054-01-01
LN_MSV_3139,Massive Borrower 3139,TX,95819,7.40,2024-01-01,2054-01-01
LN_MSV_3140,Massive Borrower 3140,TX,307160,9.10,2024-01-01,2054-01-01
LN_MSV_3141,Massive Borrower 3141,TX,85345,7.10,2024-01-01,2054-01-01
LN_MSV_3142,Massive Borrower 3142,TX,459663,5.50,2024-01-01,2054-01-01
LN_MSV_3143,Massive Borrower 3143,TX,447538,5.30,2024-01-01,2054-01-01
LN_MSV_3144,Massive Borrower 3144,TX,260990,1.40,2024-01-01,2054-01-01
LN_MSV_3145,Massive Borrower 3145,TX,202407,5.10,2024-01-01,2054-01-01
LN_MSV_3146,Massive Borrower 3146,TX,97865,9.90,2024-01-01,2054-01-01
LN_MSV_3147,Massive Borrower 3147,TX,103331,8.90,2024-01-01,2054-01-01
LN_MSV_3148,Massive Borrower 3148,TX,213802,9.30,2024-01-01,2054-01-01
LN_MSV_3149,Massive Borrower 3149,TX,78346,6.70,2024-01-01,2054-01-01
LN_MSV_3150,Massive Borrower 3150,TX,154312,2.90,2024-01-01,2054-01-01
LN_MSV_3151,Massive Borrower 3151,TX,418792,3.20,2024-01-01,2054-01-01
LN_MSV_3152,Massive Borrower 3152,TX,336527,6.80,2024-01-01,2054-01-01
LN_MSV_3153,Massive Borrower 3153,TX,326757,2.30,2024-01-01,2054-01-01
LN_MSV_3154,Massive Borrower 3154,TX,202218,8.60,2024-01-01,2054-01-01
LN_MSV_3155,Massive Borrower 3155,TX,316693,9.50,2024-01-01,2054-01-01
LN_MSV_3156,Massive Borrower 3156,TX,360390,9.80,2024-01-01,2054-01-01
LN_MSV_3157,Massive Borrower 3157,TX,142631,6.20,2024-01-01,2054-01-01
LN_MSV_3158,Massive Borrower 3158,TX,174380,3.10,2024-01-01,2054-01-01
LN_MSV_3159,Massive Borrower 3159,TX,478381,5.50,2024-01-01,2054-01-01
LN_MSV_3160,Massive Borrower 3160,TX,76382,4.20,2024-01-01,2054-01-01
LN_MSV_3161,Massive Borrower 3161,TX,283221,3.40,2024-01-01,2054-01-01
LN_MSV_3162,Massive Borrower 3162,TX,338992,8.20,2024-01-01,2054-01-01
LN_MSV_3163,Massive Borrower 3163,TX,350750,2.40,2024-01-01,2054-01-01
LN_MSV_3164,Massive Borrower 3164,TX,205960,1.50,2024-01-01,2054-01-01
LN_MSV_3165,Massive Borrower 3165,TX,119492,1.10,2024-01-01,2054-01-01
LN_MSV_3166,Massive Borrower 3166,TX,84107,5.60,2024-01-01,2054-01-01
LN_MSV_3167,Massive Borrower 3167,TX,60960,10.00,2024-01-01,2054-01-01
LN_MSV_3168,Massive Borrower 3168,TX,285298,5.80,2024-01-01,2054-01-01
LN_MSV_3169,Massive Borrower 3169,TX,80173,6.40,2024-01-01,2054-01-01
LN_MSV_3170,Massive Borrower 3170,TX,364282,2.80,2024-01-01,2054-01-01
LN_MSV_3171,Massive Borrower 3171,TX,239310,8.00,2024-01-01,2054-01-01
LN_MSV_3172,Massive Borrower 3172,TX,460266,1.40,2024-01-01,2054-01-01
LN_MSV_3173,Massive Borrower 3173,TX,360698,4.20,2024-01-01,2054-01-01
LN_MSV_3174,Massive Borrower 3174,TX,415722,9.30,2024-01-01,2054-01-01
LN_MSV_3175,Massive Borrower 3175,TX,106438,9.00,2024-01-01,2054-01-01
LN_MSV_3176,Massive Borrower 3176,TX,72211,1.50,2024-01-01,2054-01-01
LN_MSV_3177,Massive Borrower 3177,TX,430186,4.60,2024-01-01,2054-01-01
LN_MSV_3178,Massive Borrower 3178,TX,452356,3.00,2024-01-01,2054-01-01
LN_MSV_3179,Massive Borrower 3179,TX,383367,1.90,2024-01-01,2054-01-01
LN_MSV_3180,Massive Borrower 3180,TX,58621,3.30,2024-01-01,2054-01-01
LN_MSV_3181,Massive Borrower 3181,TX,351123,3.70,2024-01-01,2054-01-01
LN_MSV_3182,Massive Borrower 3182,TX,186636,6.00,2024-01-01,2054-01-01
LN_MSV_3183,Massive Borrower 3183,TX,73351,5.70,2024-01-01,2054-01-01
LN_MSV_3184,Massive Borrower 3184,TX,208613,7.50,2024-01-01,2054-01-01
LN_MSV_3185,Massive Borrower 3185,TX,307455,9.80,2024-01-01,2054-01-01
LN_MSV_3186,Massive Borrower 3186,TX,339551,2.40,2024-01-01,2054-01-01
LN_MSV_3187,Massive Borrower 3187,TX,102914,6.30,2024-01-01,2054-01-01
LN_MSV_3188,Massive Borrower 3188,TX,405341,2.00,2024-01-01,2054-01-01
LN_MSV_3189,Massive Borrower 3189,TX,218580,1.00,2024-01-01,2054-01-01
LN_MSV_3190,Massive Borrower 3190,TX,402815,3.50,2024-01-01,2054-01-01
LN_MSV_3191,Massive Borrower 3191,TX,342197,3.30,2024-01-01,2054-01-01
LN_MSV_3192,Massive Borrower 3192,TX,91548,1.00,2024-01-01,2054-01-01
LN_MSV_3193,Massive Borrower 3193,TX,445145,7.00,2024-01-01,2054-01-01
LN_MSV_3194,Massive Borrower 3194,TX,363513,1.10,2024-01-01,2054-01-01
LN_MSV_3195,Massive Borrower 3195,TX,472660,5.80,2024-01-01,2054-01-01
LN_MSV_3196,Massive Borrower 3196,TX,238113,6.80,2024-01-01,2054-01-01
LN_MSV_3197,Massive Borrower 3197,TX,128698,2.10,2024-01-01,2054-01-01
LN_MSV_3198,Massive Borrower 3198,TX,419246,1.00,2024-01-01,2054-01-01
LN_MSV_3199,Massive Borrower 3199,TX,68403,7.40,2024-01-01,2054-01-01
LN_MSV_3200,Massive Borrower 3200,TX,215500,4.10,2024-01-01,2054-01-01
LN_MSV_3201,Massive Borrower 3201,TX,69100,6.60,2024-01-01,2054-01-01
LN_MSV_3202,Massive Borrower 3202,TX,495838,2.40,2024-01-01,2054-01-01
LN_MSV_3203,Massive Borrower 3203,TX,196281,1.80,2024-01-01,2054-01-01
LN_MSV_3204,Massive Borrower 3204,TX,154531,5.60,2024-01-01,2054-01-01
LN_MSV_3205,Massive Borrower 3205,TX,249593,2.70,2024-01-01,2054-01-01
LN_MSV_3206,Massive Borrower 3206,TX,290287,5.50,2024-01-01,2054-01-01
LN_MSV_3207,Massive Borrower 3207,TX,232681,4.60,2024-01-01,2054-01-01
LN_MSV_3208,Massive Borrower 3208,TX,97960,6.40,2024-01-01,2054-01-01
LN_MSV_3209,Massive Borrower 3209,TX,76998,7.90,2024-01-01,2054-01-01
LN_MSV_3210,Massive Borrower 3210,TX,488301,7.70,2024-01-01,2054-01-01
LN_MSV_3211,Massive Borrower 3211,TX,443299,8.20,2024-01-01,2054-01-01
LN_MSV_3212,Massive Borrower 3212,TX,405647,9.20,2024-01-01,2054-01-01
LN_MSV_3213,Massive Borrower 3213,TX,466836,4.60,2024-01-01,2054-01-01
LN_MSV_3214,Massive Borrower 3214,TX,84377,4.60,2024-01-01,2054-01-01
LN_MSV_3215,Massive Borrower 3215,TX,274179,7.20,2024-01-01,2054-01-01
LN_MSV_3216,Massive Borrower 3216,TX,255012,3.40,2024-01-01,2054-01-01
LN_MSV_3217,Massive Borrower 3217,TX,180205,1.10,2024-01-01,2054-01-01
LN_MSV_3218,Massive Borrower 3218,TX,142779,9.70,2024-01-01,2054-01-01
LN_MSV_3219,Massive Borrower 3219,TX,324847,6.20,2024-01-01,2054-01-01
LN_MSV_3220,Massive Borrower 3220,TX,377193,5.30,2024-01-01,2054-01-01
LN_MSV_3221,Massive Borrower 3221,TX,411383,6.90,2024-01-01,2054-01-01
LN_MSV_3222,Massive Borrower 3222,TX,402123,8.00,2024-01-01,2054-01-01
LN_MSV_3223,Massive Borrower 3223,TX,313777,9.10,2024-01-01,2054-01-01
LN_MSV_3224,Massive Borrower 3224,TX,301998,7.00,2024-01-01,2054-01-01
LN_MSV_3225,Massive Borrower 3225,TX,109168,2.20,2024-01-01,2054-01-01
LN_MSV_3226,Massive Borrower 3226,TX,438079,9.50,2024-01-01,2054-01-01
LN_MSV_3227,Massive Borrower 3227,TX,387457,9.80,2024-01-01,2054-01-01
LN_MSV_3228,Massive Borrower 3228,TX,388657,9.40,2024-01-01,2054-01-01
LN_MSV_3229,Massive Borrower 3229,TX,128900,1.10,2024-01-01,2054-01-01
LN_MSV_3230,Massive Borrower 3230,TX,134881,8.40,2024-01-01,2054-01-01
LN_MSV_3231,Massive Borrower 3231,TX,240829,5.60,2024-01-01,2054-01-01
LN_MSV_3232,Massive Borrower 3232,TX,101480,2.40,2024-01-01,2054-01-01
LN_MSV_3233,Massive Borrower 3233,TX,490643,2.70,2024-01-01,2054-01-01
LN_MSV_3234,Massive Borrower 3234,TX,197130,6.80,2024-01-01,2054-01-01
LN_MSV_3235,Massive Borrower 3235,TX,414791,3.90,2024-01-01,2054-01-01
LN_MSV_3236,Massive Borrower 3236,TX,450483,9.70,2024-01-01,2054-01-01
LN_MSV_3237,Massive Borrower 3237,TX,174875,6.90,2024-01-01,2054-01-01
LN_MSV_3238,Massive Borrower 3238,TX,200831,4.80,2024-01-01,2054-01-01
LN_MSV_3239,Massive Borrower 3239,TX,228164,5.10,2024-01-01,2054-01-01
LN_MSV_3240,Massive Borrower 3240,TX,315906,8.40,2024-01-01,2054-01-01
LN_MSV_3241,Massive Borrower 3241,TX,72383,9.80,2024-01-01,2054-01-01
LN_MSV_3242,Massive Borrower 3242,TX,101935,1.40,2024-01-01,2054-01-01
LN_MSV_3243,Massive Borrower 3243,TX,336942,5.00,2024-01-01,2054-01-01
LN_MSV_3244,Massive Borrower 3244,TX,194311,1.80,2024-01-01,2054-01-01
LN_MSV_3245,Massive Borrower 3245,TX,413433,6.60,2024-01-01,2054-01-01
LN_MSV_3246,Massive Borrower 3246,TX,212081,4.10,2024-01-01,2054-01-01
LN_MSV_3247,Massive Borrower 3247,TX,412655,3.60,2024-01-01,2054-01-01
LN_MSV_3248,Massive Borrower 3248,TX,112504,8.80,2024-01-01,2054-01-01
LN_MSV_3249,Massive Borrower 3249,TX,293068,8.00,2024-01-01,2054-01-01
LN_MSV_3250,Massive Borrower 3250,TX,374915,2.30,2024-01-01,2054-01-01
LN_MSV_3251,Massive Borrower 3251,TX,476090,5.20,2024-01-01,2054-01-01
LN_MSV_3252,Massive Borrower 3252,TX,245452,5.10,2024-01-01,2054-01-01
LN_MSV_3253,Massive Borrower 3253,TX,372917,7.50,2024-01-01,2054-01-01
LN_MSV_3254,Massive Borrower 3254,TX,114828,8.40,2024-01-01,2054-01-01
LN_MSV_3255,Massive Borrower 3255,TX,399210,2.80,2024-01-01,2054-01-01
LN_MSV_3256,Massive Borrower 3256,TX,226758,8.80,2024-01-01,2054-01-01
LN_MSV_3257,Massive Borrower 3257,TX,240550,8.90,2024-01-01,2054-01-01
LN_MSV_3258,Massive Borrower 3258,TX,187692,2.60,2024-01-01,2054-01-01
LN_MSV_3259,Massive Borrower 3259,TX,131484,7.50,2024-01-01,2054-01-01
LN_MSV_3260,Massive Borrower 3260,TX,202670,6.80,2024-01-01,2054-01-01
LN_MSV_3261,Massive Borrower 3261,TX,53151,4.90,2024-01-01,2054-01-01
LN_MSV_3262,Massive Borrower 3262,TX,367785,9.10,2024-01-01,2054-01-01
LN_MSV_3263,Massive Borrower 3263,TX,186901,6.80,2024-01-01,2054-01-01
LN_MSV_3264,Massive Borrower 3264,TX,381336,4.90,2024-01-01,2054-01-01
LN_MSV_3265,Massive Borrower 3265,TX,426269,2.30,2024-01-01,2054-01-01
LN_MSV_3266,Massive Borrower 3266,TX,171275,6.60,2024-01-01,2054-01-01
LN_MSV_3267,Massive Borrower 3267,TX,126895,8.60,2024-01-01,2054-01-01
LN_MSV_3268,Massive Borrower 3268,TX,152351,7.90,2024-01-01,2054-01-01
LN_MSV_3269,Massive Borrower 3269,TX,406574,3.40,2024-01-01,2054-01-01
LN_MSV_3270,Massive Borrower 3270,TX,169059,4.30,2024-01-01,2054-01-01
LN_MSV_3271,Massive Borrower 3271,TX,438943,4.30,2024-01-01,2054-01-01
LN_MSV_3272,Massive Borrower 3272,TX,146264,6.30,2024-01-01,2054-01-01
LN_MSV_3273,Massive Borrower 3273,TX,351870,6.00,2024-01-01,2054-01-01
LN_MSV_3274,Massive Borrower 3274,TX,365941,1.00,2024-01-01,2054-01-01
LN_MSV_3275,Massive Borrower 3275,TX,126533,3.90,2024-01-01,2054-01-01
LN_MSV_3276,Massive Borrower 3276,TX,402861,2.40,2024-01-01,2054-01-01
LN_MSV_3277,Massive Borrower 3277,TX,354549,4.50,2024-01-01,2054-01-01
LN_MSV_3278,Massive Borrower 3278,TX,364975,6.40,2024-01-01,2054-01-01
LN_MSV_3279,Massive Borrower 3279,TX,491652,1.50,2024-01-01,2054-01-01
LN_MSV_3280,Massive Borrower 3280,TX,402654,6.70,2024-01-01,2054-01-01
LN_MSV_3281,Massive Borrower 3281,TX,152435,6.60,2024-01-01,2054-01-01
LN_MSV_3282,Massive Borrower 3282,TX,281918,6.80,2024-01-01,2054-01-01
LN_MSV_3283,Massive Borrower 3283,TX,455623,2.10,2024-01-01,2054-01-01
LN_MSV_3284,Massive Borrower 3284,TX,85174,6.70,2024-01-01,2054-01-01
LN_MSV_3285,Massive Borrower 3285,TX,98252,5.90,2024-01-01,2054-01-01
LN_MSV_3286,Massive Borrower 3286,TX,313276,1.10,2024-01-01,2054-01-01
LN_MSV_3287,Massive Borrower 3287,TX,328206,3.20,2024-01-01,2054-01-01
LN_MSV_3288,Massive Borrower 3288,TX,483189,4.00,2024-01-01,2054-01-01
LN_MSV_3289,Massive Borrower 3289,TX,340024,6.50,2024-01-01,2054-01-01
LN_MSV_3290,Massive Borrower 3290,TX,437330,5.20,2024-01-01,2054-01-01
LN_MSV_3291,Massive Borrower 3291,TX,438854,1.20,2024-01-01,2054-01-01
LN_MSV_3292,Massive Borrower 3292,TX,52818,5.70,2024-01-01,2054-01-01
LN_MSV_3293,Massive Borrower 3293,TX,335232,8.60,2024-01-01,2054-01-01
LN_MSV_3294,Massive Borrower 3294,TX,179951,3.10,2024-01-01,2054-01-01
LN_MSV_3295,Massive Borrower 3295,TX,160368,1.30,2024-01-01,2054-01-01
LN_MSV_3296,Massive Borrower 3296,TX,252675,9.00,2024-01-01,2054-01-01
LN_MSV_3297,Massive Borrower 3297,TX,149650,3.30,2024-01-01,2054-01-01
LN_MSV_3298,Massive Borrower 3298,TX,211607,9.40,2024-01-01,2054-01-01
LN_MSV_3299,Massive Borrower 3299,TX,399039,6.00,2024-01-01,2054-01-01
LN_MSV_3300,Massive Borrower 3300,TX,290004,4.80,2024-01-01,2054-01-01
LN_MSV_3301,Massive Borrower 3301,TX,69925,3.70,2024-01-01,2054-01-01
LN_MSV_3302,Massive Borrower 3302,TX,224997,4.80,2024-01-01,2054-01-01
LN_MSV_3303,Massive Borrower 3303,TX,165522,7.50,2024-01-01,2054-01-01
LN_MSV_3304,Massive Borrower 3304,TX,418662,6.30,2024-01-01,2054-01-01
LN_MSV_3305,Massive Borrower 3305,TX,377588,5.20,2024-01-01,2054-01-01
LN_MSV_3306,Massive Borrower 3306,TX,224677,5.90,2024-01-01,2054-01-01
LN_MSV_3307,Massive Borrower 3307,TX,343846,6.00,2024-01-01,2054-01-01
LN_MSV_3308,Massive Borrower 3308,TX,246402,2.50,2024-01-01,2054-01-01
LN_MSV_3309,Massive Borrower 3309,TX,411432,3.20,2024-01-01,2054-01-01
LN_MSV_3310,Massive Borrower 3310,TX,244711,1.50,2024-01-01,2054-01-01
LN_MSV_3311,Massive Borrower 3311,TX,288777,1.80,2024-01-01,2054-01-01
LN_MSV_3312,Massive Borrower 3312,TX,307684,1.60,2024-01-01,2054-01-01
LN_MSV_3313,Massive Borrower 3313,TX,94551,5.60,2024-01-01,2054-01-01
LN_MSV_3314,Massive Borrower 3314,TX,132182,7.40,2024-01-01,2054-01-01
LN_MSV_3315,Massive Borrower 3315,TX,482882,3.60,2024-01-01,2054-01-01
LN_MSV_3316,Massive Borrower 3316,TX,418864,3.20,2024-01-01,2054-01-01
LN_MSV_3317,Massive Borrower 3317,TX,99238,6.20,2024-01-01,2054-01-01
LN_MSV_3318,Massive Borrower 3318,TX,351055,4.10,2024-01-01,2054-01-01
LN_MSV_3319,Massive Borrower 3319,TX,153874,5.40,2024-01-01,2054-01-01
LN_MSV_3320,Massive Borrower 3320,TX,422724,6.40,2024-01-01,2054-01-01
LN_MSV_3321,Massive Borrower 3321,TX,65037,8.20,2024-01-01,2054-01-01
LN_MSV_3322,Massive Borrower 3322,TX,333784,8.90,2024-01-01,2054-01-01
LN_MSV_3323,Massive Borrower 3323,TX,321095,9.10,2024-01-01,2054-01-01
LN_MSV_3324,Massive Borrower 3324,TX,122898,1.80,2024-01-01,2054-01-01
LN_MSV_3325,Massive Borrower 3325,TX,219823,1.60,2024-01-01,2054-01-01
LN_MSV_3326,Massive Borrower 3326,TX,479753,5.00,2024-01-01,2054-01-01
LN_MSV_3327,Massive Borrower 3327,TX,62070,6.40,2024-01-01,2054-01-01
LN_MSV_3328,Massive Borrower 3328,TX,251414,1.40,2024-01-01,2054-01-01
LN_MSV_3329,Massive Borrower 3329,TX,113858,9.30,2024-01-01,2054-01-01
LN_MSV_3330,Massive Borrower 3330,TX,213373,7.20,2024-01-01,2054-01-01
LN_MSV_3331,Massive Borrower 3331,TX,372044,2.00,2024-01-01,2054-01-01
LN_MSV_3332,Massive Borrower 3332,TX,304549,9.50,2024-01-01,2054-01-01
LN_MSV_3333,Massive Borrower 3333,TX,396600,2.80,2024-01-01,2054-01-01
LN_MSV_3334,Massive Borrower 3334,TX,239496,1.10,2024-01-01,2054-01-01
LN_MSV_3335,Massive Borrower 3335,TX,121009,8.20,2024-01-01,2054-01-01
LN_MSV_3336,Massive Borrower 3336,TX,433571,3.20,2024-01-01,2054-01-01
LN_MSV_3337,Massive Borrower 3337,TX,126816,1.00,2024-01-01,2054-01-01
LN_MSV_3338,Massive Borrower 3338,TX,407494,9.10,2024-01-01,2054-01-01
LN_MSV_3339,Massive Borrower 3339,TX,433775,7.30,2024-01-01,2054-01-01
LN_MSV_3340,Massive Borrower 3340,TX,124851,7.70,2024-01-01,2054-01-01
LN_MSV_3341,Massive Borrower 3341,TX,494963,1.10,2024-01-01,2054-01-01
LN_MSV_3342,Massive Borrower 3342,TX,365562,4.70,2024-01-01,2054-01-01
LN_MSV_3343,Massive Borrower 3343,TX,82272,6.90,2024-01-01,2054-01-01
LN_MSV_3344,Massive Borrower 3344,TX,286851,6.30,2024-01-01,2054-01-01
LN_MSV_3345,Massive Borrower 3345,TX,482622,4.60,2024-01-01,2054-01-01
LN_MSV_3346,Massive Borrower 3346,TX,407643,9.60,2024-01-01,2054-01-01
LN_MSV_3347,Massive Borrower 3347,TX,462552,8.50,2024-01-01,2054-01-01
LN_MSV_3348,Massive Borrower 3348,TX,174660,3.70,2024-01-01,2054-01-01
LN_MSV_3349,Massive Borrower 3349,TX,56935,8.10,2024-01-01,2054-01-01
LN_MSV_3350,Massive Borrower 3350,TX,113675,5.30,2024-01-01,2054-01-01
LN_MSV_3351,Massive Borrower 3351,TX,475734,5.50,2024-01-01,2054-01-01
LN_MSV_3352,Massive Borrower 3352,TX,306860,7.40,2024-01-01,2054-01-01
LN_MSV_3353,Massive Borrower 3353,TX,347098,10.00,2024-01-01,2054-01-01
LN_MSV_3354,Massive Borrower 3354,TX,447353,1.70,2024-01-01,2054-01-01
LN_MSV_3355,Massive Borrower 3355,TX,140371,6.40,2024-01-01,2054-01-01
LN_MSV_3356,Massive Borrower 3356,TX,449551,6.20,2024-01-01,2054-01-01
LN_MSV_3357,Massive Borrower 3357,TX,154571,4.80,2024-01-01,2054-01-01
LN_MSV_3358,Massive Borrower 3358,TX,398732,4.60,2024-01-01,2054-01-01
LN_MSV_3359,Massive Borrower 3359,TX,359467,6.20,2024-01-01,2054-01-01
LN_MSV_3360,Massive Borrower 3360,TX,279659,4.30,2024-01-01,2054-01-01
LN_MSV_3361,Massive Borrower 3361,TX,226260,8.40,2024-01-01,2054-01-01
LN_MSV_3362,Massive Borrower 3362,TX,327320,6.30,2024-01-01,2054-01-01
LN_MSV_3363,Massive Borrower 3363,TX,225132,7.50,2024-01-01,2054-01-01
LN_MSV_3364,Massive Borrower 3364,TX,260797,7.00,2024-01-01,2054-01-01
LN_MSV_3365,Massive Borrower 3365,TX,57701,7.70,2024-01-01,2054-01-01
LN_MSV_3366,Massive Borrower 3366,TX,195964,1.70,2024-01-01,2054-01-01
LN_MSV_3367,Massive Borrower 3367,TX,174599,4.00,2024-01-01,2054-01-01
LN_MSV_3368,Massive Borrower 3368,TX,76404,4.50,2024-01-01,2054-01-01
LN_MSV_3369,Massive Borrower 3369,TX,305150,1.90,2024-01-01,2054-01-01
LN_MSV_3370,Massive Borrower 3370,TX,184987,3.60,2024-01-01,2054-01-01
LN_MSV_3371,Massive Borrower 3371,TX,251284,7.80,2024-01-01,2054-01-01
LN_MSV_3372,Massive Borrower 3372,TX,363852,7.70,2024-01-01,2054-01-01
LN_MSV_3373,Massive Borrower 3373,TX,324375,6.70,2024-01-01,2054-01-01
LN_MSV_3374,Massive Borrower 3374,TX,126841,7.60,2024-01-01,2054-01-01
LN_MSV_3375,Massive Borrower 3375,TX,164770,3.30,2024-01-01,2054-01-01
LN_MSV_3376,Massive Borrower 3376,TX,319223,9.00,2024-01-01,2054-01-01
LN_MSV_3377,Massive Borrower 3377,TX,465334,5.90,2024-01-01,2054-01-01
LN_MSV_3378,Massive Borrower 3378,TX,144930,1.30,2024-01-01,2054-01-01
LN_MSV_3379,Massive Borrower 3379,TX,461916,4.80,2024-01-01,2054-01-01
LN_MSV_3380,Massive Borrower 3380,TX,466499,6.60,2024-01-01,2054-01-01
LN_MSV_3381,Massive Borrower 3381,TX,102676,3.10,2024-01-01,2054-01-01
LN_MSV_3382,Massive Borrower 3382,TX,248493,7.20,2024-01-01,2054-01-01
LN_MSV_3383,Massive Borrower 3383,TX,139179,2.00,2024-01-01,2054-01-01
LN_MSV_3384,Massive Borrower 3384,TX,420056,7.90,2024-01-01,2054-01-01
LN_MSV_3385,Massive Borrower 3385,TX,332909,9.80,2024-01-01,2054-01-01
LN_MSV_3386,Massive Borrower 3386,TX,267947,2.80,2024-01-01,2054-01-01
LN_MSV_3387,Massive Borrower 3387,TX,415521,5.10,2024-01-01,2054-01-01
LN_MSV_3388,Massive Borrower 3388,TX,211924,1.20,2024-01-01,2054-01-01
LN_MSV_3389,Massive Borrower 3389,TX,322590,7.10,2024-01-01,2054-01-01
LN_MSV_3390,Massive Borrower 3390,TX,112796,3.50,2024-01-01,2054-01-01
LN_MSV_3391,Massive Borrower 3391,TX,59388,1.90,2024-01-01,2054-01-01
LN_MSV_3392,Massive Borrower 3392,TX,132775,2.50,2024-01-01,2054-01-01
LN_MSV_3393,Massive Borrower 3393,TX,297201,6.10,2024-01-01,2054-01-01
LN_MSV_3394,Massive Borrower 3394,TX,123111,7.60,2024-01-01,2054-01-01
LN_MSV_3395,Massive Borrower 3395,TX,68947,8.70,2024-01-01,2054-01-01
LN_MSV_3396,Massive Borrower 3396,TX,150005,6.00,2024-01-01,2054-01-01
LN_MSV_3397,Massive Borrower 3397,TX,191887,8.70,2024-01-01,2054-01-01
LN_MSV_3398,Massive Borrower 3398,TX,420397,1.40,2024-01-01,2054-01-01
LN_MSV_3399,Massive Borrower 3399,TX,317198,5.00,2024-01-01,2054-01-01
LN_MSV_3400,Massive Borrower 3400,TX,385076,1.60,2024-01-01,2054-01-01
LN_MSV_3401,Massive Borrower 3401,TX,490833,5.80,2024-01-01,2054-01-01
LN_MSV_3402,Massive Borrower 3402,TX,98886,9.40,2024-01-01,2054-01-01
LN_MSV_3403,Massive Borrower 3403,TX,73986,2.40,2024-01-01,2054-01-01
LN_MSV_3404,Massive Borrower 3404,TX,124958,1.00,2024-01-01,2054-01-01
LN_MSV_3405,Massive Borrower 3405,TX,191738,8.30,2024-01-01,2054-01-01
LN_MSV_3406,Massive Borrower 3406,TX,145401,1.30,2024-01-01,2054-01-01
LN_MSV_3407,Massive Borrower 3407,TX,96208,3.90,2024-01-01,2054-01-01
LN_MSV_3408,Massive Borrower 3408,TX,293535,8.30,2024-01-01,2054-01-01
LN_MSV_3409,Massive Borrower 3409,TX,309078,6.20,2024-01-01,2054-01-01
LN_MSV_3410,Massive Borrower 3410,TX,449911,5.70,2024-01-01,2054-01-01
LN_MSV_3411,Massive Borrower 3411,TX,366230,6.80,2024-01-01,2054-01-01
LN_MSV_3412,Massive Borrower 3412,TX,178434,2.40,2024-01-01,2054-01-01
LN_MSV_3413,Massive Borrower 3413,TX,60328,6.40,2024-01-01,2054-01-01
LN_MSV_3414,Massive Borrower 3414,TX,457668,4.10,2024-01-01,2054-01-01
LN_MSV_3415,Massive Borrower 3415,TX,209617,3.40,2024-01-01,2054-01-01
LN_MSV_3416,Massive Borrower 3416,TX,122135,6.70,2024-01-01,2054-01-01
LN_MSV_3417,Massive Borrower 3417,TX,482510,3.20,2024-01-01,2054-01-01
LN_MSV_3418,Massive Borrower 3418,TX,300599,7.20,2024-01-01,2054-01-01
LN_MSV_3419,Massive Borrower 3419,TX,358265,4.50,2024-01-01,2054-01-01
LN_MSV_3420,Massive Borrower 3420,TX,206758,1.80,2024-01-01,2054-01-01
LN_MSV_3421,Massive Borrower 3421,TX,373474,1.40,2024-01-01,2054-01-01
LN_MSV_3422,Massive Borrower 3422,TX,239504,9.60,2024-01-01,2054-01-01
LN_MSV_3423,Massive Borrower 3423,TX,316317,1.00,2024-01-01,2054-01-01
LN_MSV_3424,Massive Borrower 3424,TX,258052,7.80,2024-01-01,2054-01-01
LN_MSV_3425,Massive Borrower 3425,TX,235946,6.40,2024-01-01,2054-01-01
LN_MSV_3426,Massive Borrower 3426,TX,225220,9.00,2024-01-01,2054-01-01
LN_MSV_3427,Massive Borrower 3427,TX,427308,9.80,2024-01-01,2054-01-01
LN_MSV_3428,Massive Borrower 3428,TX,358978,2.40,2024-01-01,2054-01-01
LN_MSV_3429,Massive Borrower 3429,TX,364282,9.60,2024-01-01,2054-01-01
LN_MSV_3430,Massive Borrower 3430,TX,431913,4.00,2024-01-01,2054-01-01
LN_MSV_3431,Massive Borrower 3431,TX,126668,8.80,2024-01-01,2054-01-01
LN_MSV_3432,Massive Borrower 3432,TX,255462,5.00,2024-01-01,2054-01-01
LN_MSV_3433,Massive Borrower 3433,TX,335684,9.00,2024-01-01,2054-01-01
LN_MSV_3434,Massive Borrower 3434,TX,288203,8.90,2024-01-01,2054-01-01
LN_MSV_3435,Massive Borrower 3435,TX,134451,2.30,2024-01-01,2054-01-01
LN_MSV_3436,Massive Borrower 3436,TX,234750,5.60,2024-01-01,2054-01-01
LN_MSV_3437,Massive Borrower 3437,TX,347791,5.40,2024-01-01,2054-01-01
LN_MSV_3438,Massive Borrower 3438,TX,492517,5.20,2024-01-01,2054-01-01
LN_MSV_3439,Massive Borrower 3439,TX,76373,3.60,2024-01-01,2054-01-01
LN_MSV_3440,Massive Borrower 3440,TX,378669,4.50,2024-01-01,2054-01-01
LN_MSV_3441,Massive Borrower 3441,TX,137354,4.10,2024-01-01,2054-01-01
LN_MSV_3442,Massive Borrower 3442,TX,185508,3.30,2024-01-01,2054-01-01
LN_MSV_3443,Massive Borrower 3443,TX,259885,7.30,2024-01-01,2054-01-01
LN_MSV_3444,Massive Borrower 3444,TX,377750,2.50,2024-01-01,2054-01-01
LN_MSV_3445,Massive Borrower 3445,TX,118523,4.70,2024-01-01,2054-01-01
LN_MSV_3446,Massive Borrower 3446,TX,354147,4.70,2024-01-01,2054-01-01
LN_MSV_3447,Massive Borrower 3447,TX,76045,9.70,2024-01-01,2054-01-01
LN_MSV_3448,Massive Borrower 3448,TX,214260,9.10,2024-01-01,2054-01-01
LN_MSV_3449,Massive Borrower 3449,TX,348752,3.70,2024-01-01,2054-01-01
LN_MSV_3450,Massive Borrower 3450,TX,453247,7.10,2024-01-01,2054-01-01
LN_MSV_3451,Massive Borrower 3451,TX,430365,2.70,2024-01-01,2054-01-01
LN_MSV_3452,Massive Borrower 3452,TX,324326,9.90,2024-01-01,2054-01-01
LN_MSV_3453,Massive Borrower 3453,TX,425665,6.80,2024-01-01,2054-01-01
LN_MSV_3454,Massive Borrower 3454,TX,472701,9.50,2024-01-01,2054-01-01
LN_MSV_3455,Massive Borrower 3455,TX,492230,5.10,2024-01-01,2054-01-01
LN_MSV_3456,Massive Borrower 3456,TX,459419,1.70,2024-01-01,2054-01-01
LN_MSV_3457,Massive Borrower 3457,TX,56071,7.00,2024-01-01,2054-01-01
LN_MSV_3458,Massive Borrower 3458,TX,394591,4.70,2024-01-01,2054-01-01
LN_MSV_3459,Massive Borrower 3459,TX,217101,5.80,2024-01-01,2054-01-01
LN_MSV_3460,Massive Borrower 3460,TX,329190,6.60,2024-01-01,2054-01-01
LN_MSV_3461,Massive Borrower 3461,TX,396297,6.40,2024-01-01,2054-01-01
LN_MSV_3462,Massive Borrower 3462,TX,195952,3.20,2024-01-01,2054-01-01
LN_MSV_3463,Massive Borrower 3463,TX,419320,9.80,2024-01-01,2054-01-01
LN_MSV_3464,Massive Borrower 3464,TX,285449,5.50,2024-01-01,2054-01-01
LN_MSV_3465,Massive Borrower 3465,TX,87774,6.40,2024-01-01,2054-01-01
LN_MSV_3466,Massive Borrower 3466,TX,374453,5.10,2024-01-01,2054-01-01
LN_MSV_3467,Massive Borrower 3467,TX,351732,10.00,2024-01-01,2054-01-01
LN_MSV_3468,Massive Borrower 3468,TX,271379,6.30,2024-01-01,2054-01-01
LN_MSV_3469,Massive Borrower 3469,TX,152665,8.00,2024-01-01,2054-01-01
LN_MSV_3470,Massive Borrower 3470,TX,291591,4.10,2024-01-01,2054-01-01
LN_MSV_3471,Massive Borrower 3471,TX,449108,8.80,2024-01-01,2054-01-01
LN_MSV_3472,Massive Borrower 3472,TX,261348,2.50,2024-01-01,2054-01-01
LN_MSV_3473,Massive Borrower 3473,TX,161903,2.30,2024-01-01,2054-01-01
LN_MSV_3474,Massive Borrower 3474,TX,331955,4.50,2024-01-01,2054-01-01
LN_MSV_3475,Massive Borrower 3475,TX,62436,6.50,2024-01-01,2054-01-01
LN_MSV_3476,Massive Borrower 3476,TX,210804,4.40,2024-01-01,2054-01-01
LN_MSV_3477,Massive Borrower 3477,TX,154897,9.60,2024-01-01,2054-01-01
LN_MSV_3478,Massive Borrower 3478,TX,374142,1.30,2024-01-01,2054-01-01
LN_MSV_3479,Massive Borrower 3479,TX,457427,8.90,2024-01-01,2054-01-01
LN_MSV_3480,Massive Borrower 3480,TX,131768,1.40,2024-01-01,2054-01-01
LN_MSV_3481,Massive Borrower 3481,TX,205125,8.80,2024-01-01,2054-01-01
LN_MSV_3482,Massive Borrower 3482,TX,103483,5.20,2024-01-01,2054-01-01
LN_MSV_3483,Massive Borrower 3483,TX,66052,7.20,2024-01-01,2054-01-01
LN_MSV_3484,Massive Borrower 3484,TX,59330,2.80,2024-01-01,2054-01-01
LN_MSV_3485,Massive Borrower 3485,TX,363497,4.20,2024-01-01,2054-01-01
LN_MSV_3486,Massive Borrower 3486,TX,272083,6.10,2024-01-01,2054-01-01
LN_MSV_3487,Massive Borrower 3487,TX,362887,5.70,2024-01-01,2054-01-01
LN_MSV_3488,Massive Borrower 3488,TX,159474,9.60,2024-01-01,2054-01-01
LN_MSV_3489,Massive Borrower 3489,TX,86769,6.50,2024-01-01,2054-01-01
LN_MSV_3490,Massive Borrower 3490,TX,106981,9.90,2024-01-01,2054-01-01
LN_MSV_3491,Massive Borrower 3491,TX,239477,9.30,2024-01-01,2054-01-01
LN_MSV_3492,Massive Borrower 3492,TX,138346,3.70,2024-01-01,2054-01-01
LN_MSV_3493,Massive Borrower 3493,TX,157453,8.90,2024-01-01,2054-01-01
LN_MSV_3494,Massive Borrower 3494,TX,377930,1.50,2024-01-01,2054-01-01
LN_MSV_3495,Massive Borrower 3495,TX,241797,9.40,2024-01-01,2054-01-01
LN_MSV_3496,Massive Borrower 3496,TX,449290,8.90,2024-01-01,2054-01-01
LN_MSV_3497,Massive Borrower 3497,TX,438604,8.40,2024-01-01,2054-01-01
LN_MSV_3498,Massive Borrower 3498,TX,213496,3.20,2024-01-01,2054-01-01
LN_MSV_3499,Massive Borrower 3499,TX,416321,7.00,2024-01-01,2054-01-01
LN_MSV_3500,Massive Borrower 3500,TX,68529,7.00,2024-01-01,2054-01-01
LN_MSV_3501,Massive Borrower 3501,TX,100391,1.80,2024-01-01,2054-01-01
LN_MSV_3502,Massive Borrower 3502,TX,375214,8.60,2024-01-01,2054-01-01
LN_MSV_3503,Massive Borrower 3503,TX,188331,9.20,2024-01-01,2054-01-01
LN_MSV_3504,Massive Borrower 3504,TX,466290,7.70,2024-01-01,2054-01-01
LN_MSV_3505,Massive Borrower 3505,TX,357249,4.30,2024-01-01,2054-01-01
LN_MSV_3506,Massive Borrower 3506,TX,116096,7.70,2024-01-01,2054-01-01
LN_MSV_3507,Massive Borrower 3507,TX,224407,8.40,2024-01-01,2054-01-01
LN_MSV_3508,Massive Borrower 3508,TX,418544,2.50,2024-01-01,2054-01-01
LN_MSV_3509,Massive Borrower 3509,TX,344702,3.50,2024-01-01,2054-01-01
LN_MSV_3510,Massive Borrower 3510,TX,499629,3.90,2024-01-01,2054-01-01
LN_MSV_3511,Massive Borrower 3511,TX,192585,4.30,2024-01-01,2054-01-01
LN_MSV_3512,Massive Borrower 3512,TX,290548,7.70,2024-01-01,2054-01-01
LN_MSV_3513,Massive Borrower 3513,TX,261094,4.10,2024-01-01,2054-01-01
LN_MSV_3514,Massive Borrower 3514,TX,350891,2.90,2024-01-01,2054-01-01
LN_MSV_3515,Massive Borrower 3515,TX,231724,9.70,2024-01-01,2054-01-01
LN_MSV_3516,Massive Borrower 3516,TX,137281,1.80,2024-01-01,2054-01-01
LN_MSV_3517,Massive Borrower 3517,TX,194385,1.50,2024-01-01,2054-01-01
LN_MSV_3518,Massive Borrower 3518,TX,496687,3.90,2024-01-01,2054-01-01
LN_MSV_3519,Massive Borrower 3519,TX,402240,7.10,2024-01-01,2054-01-01
LN_MSV_3520,Massive Borrower 3520,TX,313313,2.50,2024-01-01,2054-01-01
LN_MSV_3521,Massive Borrower 3521,TX,461644,7.20,2024-01-01,2054-01-01
LN_MSV_3522,Massive Borrower 3522,TX,344740,2.20,2024-01-01,2054-01-01
LN_MSV_3523,Massive Borrower 3523,TX,195690,4.90,2024-01-01,2054-01-01
LN_MSV_3524,Massive Borrower 3524,TX,290007,6.00,2024-01-01,2054-01-01
LN_MSV_3525,Massive Borrower 3525,TX,469621,5.10,2024-01-01,2054-01-01
LN_MSV_3526,Massive Borrower 3526,TX,486779,3.30,2024-01-01,2054-01-01
LN_MSV_3527,Massive Borrower 3527,TX,203773,9.80,2024-01-01,2054-01-01
LN_MSV_3528,Massive Borrower 3528,TX,157507,9.70,2024-01-01,2054-01-01
LN_MSV_3529,Massive Borrower 3529,TX,425385,6.80,2024-01-01,2054-01-01
LN_MSV_3530,Massive Borrower 3530,TX,492053,7.00,2024-01-01,2054-01-01
LN_MSV_3531,Massive Borrower 3531,TX,279105,1.10,2024-01-01,2054-01-01
LN_MSV_3532,Massive Borrower 3532,TX,199434,7.40,2024-01-01,2054-01-01
LN_MSV_3533,Massive Borrower 3533,TX,425932,5.00,2024-01-01,2054-01-01
LN_MSV_3534,Massive Borrower 3534,TX,208837,6.30,2024-01-01,2054-01-01
LN_MSV_3535,Massive Borrower 3535,TX,170153,3.30,2024-01-01,2054-01-01
LN_MSV_3536,Massive Borrower 3536,TX,146487,8.20,2024-01-01,2054-01-01
LN_MSV_3537,Massive Borrower 3537,TX,471467,1.40,2024-01-01,2054-01-01
LN_MSV_3538,Massive Borrower 3538,TX,489201,4.80,2024-01-01,2054-01-01
LN_MSV_3539,Massive Borrower 3539,TX,276770,4.40,2024-01-01,2054-01-01
LN_MSV_3540,Massive Borrower 3540,TX,257174,7.40,2024-01-01,2054-01-01
LN_MSV_3541,Massive Borrower 3541,TX,180675,8.50,2024-01-01,2054-01-01
LN_MSV_3542,Massive Borrower 3542,TX,275173,2.20,2024-01-01,2054-01-01
LN_MSV_3543,Massive Borrower 3543,TX,473213,6.20,2024-01-01,2054-01-01
LN_MSV_3544,Massive Borrower 3544,TX,227336,4.30,2024-01-01,2054-01-01
LN_MSV_3545,Massive Borrower 3545,TX,361373,6.10,2024-01-01,2054-01-01
LN_MSV_3546,Massive Borrower 3546,TX,448455,5.90,2024-01-01,2054-01-01
LN_MSV_3547,Massive Borrower 3547,TX,193790,9.10,2024-01-01,2054-01-01
LN_MSV_3548,Massive Borrower 3548,TX,344978,7.10,2024-01-01,2054-01-01
LN_MSV_3549,Massive Borrower 3549,TX,105096,2.20,2024-01-01,2054-01-01
LN_MSV_3550,Massive Borrower 3550,TX,265559,3.60,2024-01-01,2054-01-01
LN_MSV_3551,Massive Borrower 3551,TX,420474,9.60,2024-01-01,2054-01-01
LN_MSV_3552,Massive Borrower 3552,TX,342061,7.80,2024-01-01,2054-01-01
LN_MSV_3553,Massive Borrower 3553,TX,366348,6.30,2024-01-01,2054-01-01
LN_MSV_3554,Massive Borrower 3554,TX,54193,4.50,2024-01-01,2054-01-01
LN_MSV_3555,Massive Borrower 3555,TX,316342,1.70,2024-01-01,2054-01-01
LN_MSV_3556,Massive Borrower 3556,TX,215863,1.50,2024-01-01,2054-01-01
LN_MSV_3557,Massive Borrower 3557,TX,196682,8.10,2024-01-01,2054-01-01
LN_MSV_3558,Massive Borrower 3558,TX,421807,4.90,2024-01-01,2054-01-01
LN_MSV_3559,Massive Borrower 3559,TX,191372,3.70,2024-01-01,2054-01-01
LN_MSV_3560,Massive Borrower 3560,TX,478910,1.30,2024-01-01,2054-01-01
LN_MSV_3561,Massive Borrower 3561,TX,387497,9.00,2024-01-01,2054-01-01
LN_MSV_3562,Massive Borrower 3562,TX,396978,5.40,2024-01-01,2054-01-01
LN_MSV_3563,Massive Borrower 3563,TX,394316,4.80,2024-01-01,2054-01-01
LN_MSV_3564,Massive Borrower 3564,TX,102359,9.80,2024-01-01,2054-01-01
LN_MSV_3565,Massive Borrower 3565,TX,63626,2.20,2024-01-01,2054-01-01
LN_MSV_3566,Massive Borrower 3566,TX,303285,7.90,2024-01-01,2054-01-01
LN_MSV_3567,Massive Borrower 3567,TX,389474,6.20,2024-01-01,2054-01-01
LN_MSV_3568,Massive Borrower 3568,TX,398246,4.20,2024-01-01,2054-01-01
LN_MSV_3569,Massive Borrower 3569,TX,95363,7.20,2024-01-01,2054-01-01
LN_MSV_3570,Massive Borrower 3570,TX,452210,5.50,2024-01-01,2054-01-01
LN_MSV_3571,Massive Borrower 3571,TX,158216,7.50,2024-01-01,2054-01-01
LN_MSV_3572,Massive Borrower 3572,TX,412623,7.70,2024-01-01,2054-01-01
LN_MSV_3573,Massive Borrower 3573,TX,408636,7.10,2024-01-01,2054-01-01
LN_MSV_3574,Massive Borrower 3574,TX,341048,6.70,2024-01-01,2054-01-01
LN_MSV_3575,Massive Borrower 3575,TX,264141,5.50,2024-01-01,2054-01-01
LN_MSV_3576,Massive Borrower 3576,TX,85491,2.10,2024-01-01,2054-01-01
LN_MSV_3577,Massive Borrower 3577,TX,324880,9.90,2024-01-01,2054-01-01
LN_MSV_3578,Massive Borrower 3578,TX,127796,5.20,2024-01-01,2054-01-01
LN_MSV_3579,Massive Borrower 3579,TX,70730,3.70,2024-01-01,2054-01-01
LN_MSV_3580,Massive Borrower 3580,TX,115700,1.30,2024-01-01,2054-01-01
LN_MSV_3581,Massive Borrower 3581,TX,371986,3.80,2024-01-01,2054-01-01
LN_MSV_3582,Massive Borrower 3582,TX,403718,3.10,2024-01-01,2054-01-01
LN_MSV_3583,Massive Borrower 3583,TX,86206,3.50,2024-01-01,2054-01-01
LN_MSV_3584,Massive Borrower 3584,TX,401743,1.00,2024-01-01,2054-01-01
LN_MSV_3585,Massive Borrower 3585,TX,93172,5.40,2024-01-01,2054-01-01
LN_MSV_3586,Massive Borrower 3586,TX,214936,4.60,2024-01-01,2054-01-01
LN_MSV_3587,Massive Borrower 3587,TX,179438,9.00,2024-01-01,2054-01-01
LN_MSV_3588,Massive Borrower 3588,TX,226585,1.20,2024-01-01,2054-01-01
LN_MSV_3589,Massive Borrower 3589,TX,86137,3.90,2024-01-01,2054-01-01
LN_MSV_3590,Massive Borrower 3590,TX,169795,9.50,2024-01-01,2054-01-01
LN_MSV_3591,Massive Borrower 3591,TX,370729,8.50,2024-01-01,2054-01-01
LN_MSV_3592,Massive Borrower 3592,TX,110746,3.20,2024-01-01,2054-01-01
LN_MSV_3593,Massive Borrower 3593,TX,137910,7.40,2024-01-01,2054-01-01
LN_MSV_3594,Massive Borrower 3594,TX,343474,8.70,2024-01-01,2054-01-01
LN_MSV_3595,Massive Borrower 3595,TX,52349,7.90,2024-01-01,2054-01-01
LN_MSV_3596,Massive Borrower 3596,TX,287488,1.70,2024-01-01,2054-01-01
LN_MSV_3597,Massive Borrower 3597,TX,180884,9.80,2024-01-01,2054-01-01
LN_MSV_3598,Massive Borrower 3598,TX,466322,2.10,2024-01-01,2054-01-01
LN_MSV_3599,Massive Borrower 3599,TX,241372,9.10,2024-01-01,2054-01-01
LN_MSV_3600,Massive Borrower 3600,TX,267013,2.90,2024-01-01,2054-01-01
LN_MSV_3601,Massive Borrower 3601,TX,386785,4.90,2024-01-01,2054-01-01
LN_MSV_3602,Massive Borrower 3602,TX,325414,3.10,2024-01-01,2054-01-01
LN_MSV_3603,Massive Borrower 3603,TX,253699,1.50,2024-01-01,2054-01-01
LN_MSV_3604,Massive Borrower 3604,TX,139554,5.20,2024-01-01,2054-01-01
LN_MSV_3605,Massive Borrower 3605,TX,364420,5.90,2024-01-01,2054-01-01
LN_MSV_3606,Massive Borrower 3606,TX,485436,5.50,2024-01-01,2054-01-01
LN_MSV_3607,Massive Borrower 3607,TX,286839,5.80,2024-01-01,2054-01-01
LN_MSV_3608,Massive Borrower 3608,TX,355112,5.50,2024-01-01,2054-01-01
LN_MSV_3609,Massive Borrower 3609,TX,339684,2.20,2024-01-01,2054-01-01
LN_MSV_3610,Massive Borrower 3610,TX,225167,8.30,2024-01-01,2054-01-01
LN_MSV_3611,Massive Borrower 3611,TX,50684,4.70,2024-01-01,2054-01-01
LN_MSV_3612,Massive Borrower 3612,TX,263884,3.50,2024-01-01,2054-01-01
LN_MSV_3613,Massive Borrower 3613,TX,361911,6.10,2024-01-01,2054-01-01
LN_MSV_3614,Massive Borrower 3614,TX,204823,5.30,2024-01-01,2054-01-01
LN_MSV_3615,Massive Borrower 3615,TX,478191,9.40,2024-01-01,2054-01-01
LN_MSV_3616,Massive Borrower 3616,TX,59820,5.10,2024-01-01,2054-01-01
LN_MSV_3617,Massive Borrower 3617,TX,158562,3.20,2024-01-01,2054-01-01
LN_MSV_3618,Massive Borrower 3618,TX,297837,3.40,2024-01-01,2054-01-01
LN_MSV_3619,Massive Borrower 3619,TX,249603,1.40,2024-01-01,2054-01-01
LN_MSV_3620,Massive Borrower 3620,TX,213592,4.60,2024-01-01,2054-01-01
LN_MSV_3621,Massive Borrower 3621,TX,449673,7.90,2024-01-01,2054-01-01
LN_MSV_3622,Massive Borrower 3622,TX,431339,9.90,2024-01-01,2054-01-01
LN_MSV_3623,Massive Borrower 3623,TX,458934,2.80,2024-01-01,2054-01-01
LN_MSV_3624,Massive Borrower 3624,TX,425882,6.80,2024-01-01,2054-01-01
LN_MSV_3625,Massive Borrower 3625,TX,430491,7.30,2024-01-01,2054-01-01
LN_MSV_3626,Massive Borrower 3626,TX,420884,8.60,2024-01-01,2054-01-01
LN_MSV_3627,Massive Borrower 3627,TX,362891,8.60,2024-01-01,2054-01-01
LN_MSV_3628,Massive Borrower 3628,TX,157175,7.80,2024-01-01,2054-01-01
LN_MSV_3629,Massive Borrower 3629,TX,311486,6.40,2024-01-01,2054-01-01
LN_MSV_3630,Massive Borrower 3630,TX,492464,4.00,2024-01-01,2054-01-01
LN_MSV_3631,Massive Borrower 3631,TX,330237,9.70,2024-01-01,2054-01-01
LN_MSV_3632,Massive Borrower 3632,TX,250724,2.50,2024-01-01,2054-01-01
LN_MSV_3633,Massive Borrower 3633,TX,229761,4.70,2024-01-01,2054-01-01
LN_MSV_3634,Massive Borrower 3634,TX,83384,4.80,2024-01-01,2054-01-01
LN_MSV_3635,Massive Borrower 3635,TX,349782,8.70,2024-01-01,2054-01-01
LN_MSV_3636,Massive Borrower 3636,TX,488183,8.20,2024-01-01,2054-01-01
LN_MSV_3637,Massive Borrower 3637,TX,170554,8.50,2024-01-01,2054-01-01
LN_MSV_3638,Massive Borrower 3638,TX,437867,5.90,2024-01-01,2054-01-01
LN_MSV_3639,Massive Borrower 3639,TX,278759,7.10,2024-01-01,2054-01-01
LN_MSV_3640,Massive Borrower 3640,TX,370030,3.60,2024-01-01,2054-01-01
LN_MSV_3641,Massive Borrower 3641,TX,161764,5.30,2024-01-01,2054-01-01
LN_MSV_3642,Massive Borrower 3642,TX,180694,2.30,2024-01-01,2054-01-01
LN_MSV_3643,Massive Borrower 3643,TX,394084,9.10,2024-01-01,2054-01-01
LN_MSV_3644,Massive Borrower 3644,TX,71376,2.00,2024-01-01,2054-01-01
LN_MSV_3645,Massive Borrower 3645,TX,333556,1.60,2024-01-01,2054-01-01
LN_MSV_3646,Massive Borrower 3646,TX,113653,6.70,2024-01-01,2054-01-01
LN_MSV_3647,Massive Borrower 3647,TX,233060,7.40,2024-01-01,2054-01-01
LN_MSV_3648,Massive Borrower 3648,TX,124313,8.90,2024-01-01,2054-01-01
LN_MSV_3649,Massive Borrower 3649,TX,91283,1.10,2024-01-01,2054-01-01
LN_MSV_3650,Massive Borrower 3650,TX,386101,4.80,2024-01-01,2054-01-01
LN_MSV_3651,Massive Borrower 3651,TX,351447,3.30,2024-01-01,2054-01-01
LN_MSV_3652,Massive Borrower 3652,TX,347783,5.60,2024-01-01,2054-01-01
LN_MSV_3653,Massive Borrower 3653,TX,360385,9.80,2024-01-01,2054-01-01
LN_MSV_3654,Massive Borrower 3654,TX,486611,5.00,2024-01-01,2054-01-01
LN_MSV_3655,Massive Borrower 3655,TX,212695,3.70,2024-01-01,2054-01-01
LN_MSV_3656,Massive Borrower 3656,TX,403024,2.40,2024-01-01,2054-01-01
LN_MSV_3657,Massive Borrower 3657,TX,209816,8.80,2024-01-01,2054-01-01
LN_MSV_3658,Massive Borrower 3658,TX,267856,5.00,2024-01-01,2054-01-01
LN_MSV_3659,Massive Borrower 3659,TX,353826,6.10,2024-01-01,2054-01-01
LN_MSV_3660,Massive Borrower 3660,TX,155179,8.30,2024-01-01,2054-01-01
LN_MSV_3661,Massive Borrower 3661,TX,436972,1.10,2024-01-01,2054-01-01
LN_MSV_3662,Massive Borrower 3662,TX,318646,1.30,2024-01-01,2054-01-01
LN_MSV_3663,Massive Borrower 3663,TX,278358,8.20,2024-01-01,2054-01-01
LN_MSV_3664,Massive Borrower 3664,TX,163931,8.10,2024-01-01,2054-01-01
LN_MSV_3665,Massive Borrower 3665,TX,317248,2.90,2024-01-01,2054-01-01
LN_MSV_3666,Massive Borrower 3666,TX,319145,6.90,2024-01-01,2054-01-01
LN_MSV_3667,Massive Borrower 3667,TX,381270,4.10,2024-01-01,2054-01-01
LN_MSV_3668,Massive Borrower 3668,TX,202582,6.80,2024-01-01,2054-01-01
LN_MSV_3669,Massive Borrower 3669,TX,315429,2.00,2024-01-01,2054-01-01
LN_MSV_3670,Massive Borrower 3670,TX,216004,5.50,2024-01-01,2054-01-01
LN_MSV_3671,Massive Borrower 3671,TX,339888,5.90,2024-01-01,2054-01-01
LN_MSV_3672,Massive Borrower 3672,TX,197770,9.30,2024-01-01,2054-01-01
LN_MSV_3673,Massive Borrower 3673,TX,166649,6.40,2024-01-01,2054-01-01
LN_MSV_3674,Massive Borrower 3674,TX,79213,7.80,2024-01-01,2054-01-01
LN_MSV_3675,Massive Borrower 3675,TX,59125,1.50,2024-01-01,2054-01-01
LN_MSV_3676,Massive Borrower 3676,TX,181238,8.80,2024-01-01,2054-01-01
LN_MSV_3677,Massive Borrower 3677,TX,176332,9.70,2024-01-01,2054-01-01
LN_MSV_3678,Massive Borrower 3678,TX,166517,5.60,2024-01-01,2054-01-01
LN_MSV_3679,Massive Borrower 3679,TX,65974,5.10,2024-01-01,2054-01-01
LN_MSV_3680,Massive Borrower 3680,TX,90025,9.60,2024-01-01,2054-01-01
LN_MSV_3681,Massive Borrower 3681,TX,213433,4.50,2024-01-01,2054-01-01
LN_MSV_3682,Massive Borrower 3682,TX,127624,4.30,2024-01-01,2054-01-01
LN_MSV_3683,Massive Borrower 3683,TX,242009,2.00,2024-01-01,2054-01-01
LN_MSV_3684,Massive Borrower 3684,TX,120082,2.00,2024-01-01,2054-01-01
LN_MSV_3685,Massive Borrower 3685,TX,481617,8.40,2024-01-01,2054-01-01
LN_MSV_3686,Massive Borrower 3686,TX,292059,5.30,2024-01-01,2054-01-01
LN_MSV_3687,Massive Borrower 3687,TX,472088,1.00,2024-01-01,2054-01-01
LN_MSV_3688,Massive Borrower 3688,TX,96093,1.10,2024-01-01,2054-01-01
LN_MSV_3689,Massive Borrower 3689,TX,167359,7.80,2024-01-01,2054-01-01
LN_MSV_3690,Massive Borrower 3690,TX,194583,2.20,2024-01-01,2054-01-01
LN_MSV_3691,Massive Borrower 3691,TX,96075,2.50,2024-01-01,2054-01-01
LN_MSV_3692,Massive Borrower 3692,TX,161535,7.00,2024-01-01,2054-01-01
LN_MSV_3693,Massive Borrower 3693,TX,221442,5.30,2024-01-01,2054-01-01
LN_MSV_3694,Massive Borrower 3694,TX,187962,8.60,2024-01-01,2054-01-01
LN_MSV_3695,Massive Borrower 3695,TX,438905,6.00,2024-01-01,2054-01-01
LN_MSV_3696,Massive Borrower 3696,TX,140399,2.10,2024-01-01,2054-01-01
LN_MSV_3697,Massive Borrower 3697,TX,163315,7.60,2024-01-01,2054-01-01
LN_MSV_3698,Massive Borrower 3698,TX,137397,7.90,2024-01-01,2054-01-01
LN_MSV_3699,Massive Borrower 3699,TX,485392,3.50,2024-01-01,2054-01-01
LN_MSV_3700,Massive Borrower 3700,TX,89878,4.80,2024-01-01,2054-01-01
LN_MSV_3701,Massive Borrower 3701,TX,434923,9.90,2024-01-01,2054-01-01
LN_MSV_3702,Massive Borrower 3702,TX,226646,4.80,2024-01-01,2054-01-01
LN_MSV_3703,Massive Borrower 3703,TX,405030,3.50,2024-01-01,2054-01-01
LN_MSV_3704,Massive Borrower 3704,TX,386088,1.70,2024-01-01,2054-01-01
LN_MSV_3705,Massive Borrower 3705,TX,325200,2.40,2024-01-01,2054-01-01
LN_MSV_3706,Massive Borrower 3706,TX,295505,8.30,2024-01-01,2054-01-01
LN_MSV_3707,Massive Borrower 3707,TX,365995,3.40,2024-01-01,2054-01-01
LN_MSV_3708,Massive Borrower 3708,TX,341120,3.60,2024-01-01,2054-01-01
LN_MSV_3709,Massive Borrower 3709,TX,176772,3.90,2024-01-01,2054-01-01
LN_MSV_3710,Massive Borrower 3710,TX,302174,8.70,2024-01-01,2054-01-01
LN_MSV_3711,Massive Borrower 3711,TX,378821,2.20,2024-01-01,2054-01-01
LN_MSV_3712,Massive Borrower 3712,TX,54638,6.50,2024-01-01,2054-01-01
LN_MSV_3713,Massive Borrower 3713,TX,369454,4.40,2024-01-01,2054-01-01
LN_MSV_3714,Massive Borrower 3714,TX,345615,5.40,2024-01-01,2054-01-01
LN_MSV_3715,Massive Borrower 3715,TX,160920,1.90,2024-01-01,2054-01-01
LN_MSV_3716,Massive Borrower 3716,TX,448386,6.80,2024-01-01,2054-01-01
LN_MSV_3717,Massive Borrower 3717,TX,225140,7.00,2024-01-01,2054-01-01
LN_MSV_3718,Massive Borrower 3718,TX,279994,1.20,2024-01-01,2054-01-01
LN_MSV_3719,Massive Borrower 3719,TX,243516,2.50,2024-01-01,2054-01-01
LN_MSV_3720,Massive Borrower 3720,TX,490131,7.50,2024-01-01,2054-01-01
LN_MSV_3721,Massive Borrower 3721,TX,415775,8.50,2024-01-01,2054-01-01
LN_MSV_3722,Massive Borrower 3722,TX,333598,10.00,2024-01-01,2054-01-01
LN_MSV_3723,Massive Borrower 3723,TX,354714,9.40,2024-01-01,2054-01-01
LN_MSV_3724,Massive Borrower 3724,TX,60987,9.30,2024-01-01,2054-01-01
LN_MSV_3725,Massive Borrower 3725,TX,345515,6.90,2024-01-01,2054-01-01
LN_MSV_3726,Massive Borrower 3726,TX,333310,9.30,2024-01-01,2054-01-01
LN_MSV_3727,Massive Borrower 3727,TX,485571,1.60,2024-01-01,2054-01-01
LN_MSV_3728,Massive Borrower 3728,TX,154836,6.60,2024-01-01,2054-01-01
LN_MSV_3729,Massive Borrower 3729,TX,75328,6.50,2024-01-01,2054-01-01
LN_MSV_3730,Massive Borrower 3730,TX,299968,1.40,2024-01-01,2054-01-01
LN_MSV_3731,Massive Borrower 3731,TX,492776,7.90,2024-01-01,2054-01-01
LN_MSV_3732,Massive Borrower 3732,TX,100277,8.50,2024-01-01,2054-01-01
LN_MSV_3733,Massive Borrower 3733,TX,250361,4.80,2024-01-01,2054-01-01
LN_MSV_3734,Massive Borrower 3734,TX,142459,5.80,2024-01-01,2054-01-01
LN_MSV_3735,Massive Borrower 3735,TX,147176,5.10,2024-01-01,2054-01-01
LN_MSV_3736,Massive Borrower 3736,TX,77894,6.40,2024-01-01,2054-01-01
LN_MSV_3737,Massive Borrower 3737,TX,102073,6.70,2024-01-01,2054-01-01
LN_MSV_3738,Massive Borrower 3738,TX,72477,9.40,2024-01-01,2054-01-01
LN_MSV_3739,Massive Borrower 3739,TX,184424,6.80,2024-01-01,2054-01-01
LN_MSV_3740,Massive Borrower 3740,TX,71680,3.40,2024-01-01,2054-01-01
LN_MSV_3741,Massive Borrower 3741,TX,294618,9.90,2024-01-01,2054-01-01
LN_MSV_3742,Massive Borrower 3742,TX,118091,4.30,2024-01-01,2054-01-01
LN_MSV_3743,Massive Borrower 3743,TX,449400,8.20,2024-01-01,2054-01-01
LN_MSV_3744,Massive Borrower 3744,TX,381019,7.40,2024-01-01,2054-01-01
LN_MSV_3745,Massive Borrower 3745,TX,83382,8.00,2024-01-01,2054-01-01
LN_MSV_3746,Massive Borrower 3746,TX,315120,4.40,2024-01-01,2054-01-01
LN_MSV_3747,Massive Borrower 3747,TX,498199,4.30,2024-01-01,2054-01-01
LN_MSV_3748,Massive Borrower 3748,TX,336384,3.40,2024-01-01,2054-01-01
LN_MSV_3749,Massive Borrower 3749,TX,193523,7.20,2024-01-01,2054-01-01
LN_MSV_3750,Massive Borrower 3750,TX,173509,1.50,2024-01-01,2054-01-01
LN_MSV_3751,Massive Borrower 3751,TX,309449,9.60,2024-01-01,2054-01-01
LN_MSV_3752,Massive Borrower 3752,TX,479333,8.40,2024-01-01,2054-01-01
LN_MSV_3753,Massive Borrower 3753,TX,250197,1.80,2024-01-01,2054-01-01
LN_MSV_3754,Massive Borrower 3754,TX,54802,4.10,2024-01-01,2054-01-01
LN_MSV_3755,Massive Borrower 3755,TX,170666,9.10,2024-01-01,2054-01-01
LN_MSV_3756,Massive Borrower 3756,TX,390224,8.10,2024-01-01,2054-01-01
LN_MSV_3757,Massive Borrower 3757,TX,334933,4.40,2024-01-01,2054-01-01
LN_MSV_3758,Massive Borrower 3758,TX,243727,2.00,2024-01-01,2054-01-01
LN_MSV_3759,Massive Borrower 3759,TX,375782,6.90,2024-01-01,2054-01-01
LN_MSV_3760,Massive Borrower 3760,TX,166611,6.10,2024-01-01,2054-01-01
LN_MSV_3761,Massive Borrower 3761,TX,94321,1.30,2024-01-01,2054-01-01
LN_MSV_3762,Massive Borrower 3762,TX,222207,7.20,2024-01-01,2054-01-01
LN_MSV_3763,Massive Borrower 3763,TX,80859,5.00,2024-01-01,2054-01-01
LN_MSV_3764,Massive Borrower 3764,TX,112595,5.30,2024-01-01,2054-01-01
LN_MSV_3765,Massive Borrower 3765,TX,474588,3.00,2024-01-01,2054-01-01
LN_MSV_3766,Massive Borrower 3766,TX,119261,5.80,2024-01-01,2054-01-01
LN_MSV_3767,Massive Borrower 3767,TX,475410,7.90,2024-01-01,2054-01-01
LN_MSV_3768,Massive Borrower 3768,TX,140587,4.30,2024-01-01,2054-01-01
LN_MSV_3769,Massive Borrower 3769,TX,237399,3.80,2024-01-01,2054-01-01
LN_MSV_3770,Massive Borrower 3770,TX,482869,7.40,2024-01-01,2054-01-01
LN_MSV_3771,Massive Borrower 3771,TX,338446,7.00,2024-01-01,2054-01-01
LN_MSV_3772,Massive Borrower 3772,TX,60075,2.60,2024-01-01,2054-01-01
LN_MSV_3773,Massive Borrower 3773,TX,141538,3.60,2024-01-01,2054-01-01
LN_MSV_3774,Massive Borrower 3774,TX,142609,2.90,2024-01-01,2054-01-01
LN_MSV_3775,Massive Borrower 3775,TX,148167,5.10,2024-01-01,2054-01-01
LN_MSV_3776,Massive Borrower 3776,TX,269968,9.70,2024-01-01,2054-01-01
LN_MSV_3777,Massive Borrower 3777,TX,234702,5.40,2024-01-01,2054-01-01
LN_MSV_3778,Massive Borrower 3778,TX,300002,6.20,2024-01-01,2054-01-01
LN_MSV_3779,Massive Borrower 3779,TX,485935,7.60,2024-01-01,2054-01-01
LN_MSV_3780,Massive Borrower 3780,TX,137400,4.10,2024-01-01,2054-01-01
LN_MSV_3781,Massive Borrower 3781,TX,431702,9.80,2024-01-01,2054-01-01
LN_MSV_3782,Massive Borrower 3782,TX,425998,7.80,2024-01-01,2054-01-01
LN_MSV_3783,Massive Borrower 3783,TX,458425,8.50,2024-01-01,2054-01-01
LN_MSV_3784,Massive Borrower 3784,TX,233445,6.00,2024-01-01,2054-01-01
LN_MSV_3785,Massive Borrower 3785,TX,265973,8.70,2024-01-01,2054-01-01
LN_MSV_3786,Massive Borrower 3786,TX,94969,2.70,2024-01-01,2054-01-01
LN_MSV_3787,Massive Borrower 3787,TX,137204,7.90,2024-01-01,2054-01-01
LN_MSV_3788,Massive Borrower 3788,TX,70005,7.90,2024-01-01,2054-01-01
LN_MSV_3789,Massive Borrower 3789,TX,494928,8.10,2024-01-01,2054-01-01
LN_MSV_3790,Massive Borrower 3790,TX,397097,8.40,2024-01-01,2054-01-01
LN_MSV_3791,Massive Borrower 3791,TX,156705,1.70,2024-01-01,2054-01-01
LN_MSV_3792,Massive Borrower 3792,TX,299450,8.60,2024-01-01,2054-01-01
LN_MSV_3793,Massive Borrower 3793,TX,147815,3.20,2024-01-01,2054-01-01
LN_MSV_3794,Massive Borrower 3794,TX,251718,5.70,2024-01-01,2054-01-01
LN_MSV_3795,Massive Borrower 3795,TX,210112,8.50,2024-01-01,2054-01-01
LN_MSV_3796,Massive Borrower 3796,TX,439285,7.90,2024-01-01,2054-01-01
LN_MSV_3797,Massive Borrower 3797,TX,347607,5.60,2024-01-01,2054-01-01
LN_MSV_3798,Massive Borrower 3798,TX,464904,8.20,2024-01-01,2054-01-01
LN_MSV_3799,Massive Borrower 3799,TX,486786,1.80,2024-01-01,2054-01-01
LN_MSV_3800,Massive Borrower 3800,TX,286374,1.20,2024-01-01,2054-01-01
LN_MSV_3801,Massive Borrower 3801,TX,387451,9.20,2024-01-01,2054-01-01
LN_MSV_3802,Massive Borrower 3802,TX,188447,7.70,2024-01-01,2054-01-01
LN_MSV_3803,Massive Borrower 3803,TX,244566,2.70,2024-01-01,2054-01-01
LN_MSV_3804,Massive Borrower 3804,TX,136522,1.40,2024-01-01,2054-01-01
LN_MSV_3805,Massive Borrower 3805,TX,386145,7.50,2024-01-01,2054-01-01
LN_MSV_3806,Massive Borrower 3806,TX,334799,8.50,2024-01-01,2054-01-01
LN_MSV_3807,Massive Borrower 3807,TX,91270,1.70,2024-01-01,2054-01-01
LN_MSV_3808,Massive Borrower 3808,TX,372752,4.80,2024-01-01,2054-01-01
LN_MSV_3809,Massive Borrower 3809,TX,382316,4.30,2024-01-01,2054-01-01
LN_MSV_3810,Massive Borrower 3810,TX,247170,7.80,2024-01-01,2054-01-01
LN_MSV_3811,Massive Borrower 3811,TX,316603,6.50,2024-01-01,2054-01-01
LN_MSV_3812,Massive Borrower 3812,TX,240759,4.40,2024-01-01,2054-01-01
LN_MSV_3813,Massive Borrower 3813,TX,60360,4.50,2024-01-01,2054-01-01
LN_MSV_3814,Massive Borrower 3814,TX,100714,3.90,2024-01-01,2054-01-01
LN_MSV_3815,Massive Borrower 3815,TX,220119,8.50,2024-01-01,2054-01-01
LN_MSV_3816,Massive Borrower 3816,TX,120490,4.80,2024-01-01,2054-01-01
LN_MSV_3817,Massive Borrower 3817,TX,153374,7.80,2024-01-01,2054-01-01
LN_MSV_3818,Massive Borrower 3818,TX,399392,7.50,2024-01-01,2054-01-01
LN_MSV_3819,Massive Borrower 3819,TX,319663,3.60,2024-01-01,2054-01-01
LN_MSV_3820,Massive Borrower 3820,TX,229886,9.90,2024-01-01,2054-01-01
LN_MSV_3821,Massive Borrower 3821,TX,431265,5.80,2024-01-01,2054-01-01
LN_MSV_3822,Massive Borrower 3822,TX,487075,7.50,2024-01-01,2054-01-01
LN_MSV_3823,Massive Borrower 3823,TX,104064,9.70,2024-01-01,2054-01-01
LN_MSV_3824,Massive Borrower 3824,TX,450417,2.90,2024-01-01,2054-01-01
LN_MSV_3825,Massive Borrower 3825,TX,268813,6.30,2024-01-01,2054-01-01
LN_MSV_3826,Massive Borrower 3826,TX,167899,8.20,2024-01-01,2054-01-01
LN_MSV_3827,Massive Borrower 3827,TX,464473,2.80,2024-01-01,2054-01-01
LN_MSV_3828,Massive Borrower 3828,TX,245102,4.20,2024-01-01,2054-01-01
LN_MSV_3829,Massive Borrower 3829,TX,95869,9.90,2024-01-01,2054-01-01
LN_MSV_3830,Massive Borrower 3830,TX,76308,8.30,2024-01-01,2054-01-01
LN_MSV_3831,Massive Borrower 3831,TX,330842,9.70,2024-01-01,2054-01-01
LN_MSV_3832,Massive Borrower 3832,TX,338568,4.20,2024-01-01,2054-01-01
LN_MSV_3833,Massive Borrower 3833,TX,447311,1.00,2024-01-01,2054-01-01
LN_MSV_3834,Massive Borrower 3834,TX,247629,6.40,2024-01-01,2054-01-01
LN_MSV_3835,Massive Borrower 3835,TX,359724,2.70,2024-01-01,2054-01-01
LN_MSV_3836,Massive Borrower 3836,TX,134785,3.90,2024-01-01,2054-01-01
LN_MSV_3837,Massive Borrower 3837,TX,279924,3.10,2024-01-01,2054-01-01
LN_MSV_3838,Massive Borrower 3838,TX,433557,3.10,2024-01-01,2054-01-01
LN_MSV_3839,Massive Borrower 3839,TX,418715,3.70,2024-01-01,2054-01-01
LN_MSV_3840,Massive Borrower 3840,TX,131381,2.20,2024-01-01,2054-01-01
LN_MSV_3841,Massive Borrower 3841,TX,428908,6.40,2024-01-01,2054-01-01
LN_MSV_3842,Massive Borrower 3842,TX,303481,4.90,2024-01-01,2054-01-01
LN_MSV_3843,Massive Borrower 3843,TX,367382,6.40,2024-01-01,2054-01-01
LN_MSV_3844,Massive Borrower 3844,TX,421810,4.60,2024-01-01,2054-01-01
LN_MSV_3845,Massive Borrower 3845,TX,94533,7.10,2024-01-01,2054-01-01
LN_MSV_3846,Massive Borrower 3846,TX,326412,6.20,2024-01-01,2054-01-01
LN_MSV_3847,Massive Borrower 3847,TX,195757,6.70,2024-01-01,2054-01-01
LN_MSV_3848,Massive Borrower 3848,TX,460339,9.20,2024-01-01,2054-01-01
LN_MSV_3849,Massive Borrower 3849,TX,146693,2.60,2024-01-01,2054-01-01
LN_MSV_3850,Massive Borrower 3850,TX,377238,1.60,2024-01-01,2054-01-01
LN_MSV_3851,Massive Borrower 3851,TX,498474,5.60,2024-01-01,2054-01-01
LN_MSV_3852,Massive Borrower 3852,TX,186536,4.30,2024-01-01,2054-01-01
LN_MSV_3853,Massive Borrower 3853,TX,427116,3.30,2024-01-01,2054-01-01
LN_MSV_3854,Massive Borrower 3854,TX,180697,5.00,2024-01-01,2054-01-01
LN_MSV_3855,Massive Borrower 3855,TX,301987,6.30,2024-01-01,2054-01-01
LN_MSV_3856,Massive Borrower 3856,TX,280902,3.90,2024-01-01,2054-01-01
LN_MSV_3857,Massive Borrower 3857,TX,399930,1.80,2024-01-01,2054-01-01
LN_MSV_3858,Massive Borrower 3858,TX,286556,7.30,2024-01-01,2054-01-01
LN_MSV_3859,Massive Borrower 3859,TX,393136,8.00,2024-01-01,2054-01-01
LN_MSV_3860,Massive Borrower 3860,TX,468363,2.00,2024-01-01,2054-01-01
LN_MSV_3861,Massive Borrower 3861,TX,209777,2.10,2024-01-01,2054-01-01
LN_MSV_3862,Massive Borrower 3862,TX,385506,4.00,2024-01-01,2054-01-01
LN_MSV_3863,Massive Borrower 3863,TX,428868,8.80,2024-01-01,2054-01-01
LN_MSV_3864,Massive Borrower 3864,TX,443584,7.50,2024-01-01,2054-01-01
LN_MSV_3865,Massive Borrower 3865,TX,52191,7.60,2024-01-01,2054-01-01
LN_MSV_3866,Massive Borrower 3866,TX,212722,4.60,2024-01-01,2054-01-01
LN_MSV_3867,Massive Borrower 3867,TX,65727,4.80,2024-01-01,2054-01-01
LN_MSV_3868,Massive Borrower 3868,TX,125265,6.40,2024-01-01,2054-01-01
LN_MSV_3869,Massive Borrower 3869,TX,389085,1.90,2024-01-01,2054-01-01
LN_MSV_3870,Massive Borrower 3870,TX,205593,1.30,2024-01-01,2054-01-01
LN_MSV_3871,Massive Borrower 3871,TX,242429,2.50,2024-01-01,2054-01-01
LN_MSV_3872,Massive Borrower 3872,TX,241012,4.80,2024-01-01,2054-01-01
LN_MSV_3873,Massive Borrower 3873,TX,100338,8.20,2024-01-01,2054-01-01
LN_MSV_3874,Massive Borrower 3874,TX,381678,7.10,2024-01-01,2054-01-01
LN_MSV_3875,Massive Borrower 3875,TX,292527,3.10,2024-01-01,2054-01-01
LN_MSV_3876,Massive Borrower 3876,TX,438392,7.40,2024-01-01,2054-01-01
LN_MSV_3877,Massive Borrower 3877,TX,104856,9.00,2024-01-01,2054-01-01
LN_MSV_3878,Massive Borrower 3878,TX,494821,6.00,2024-01-01,2054-01-01
LN_MSV_3879,Massive Borrower 3879,TX,200584,8.90,2024-01-01,2054-01-01
LN_MSV_3880,Massive Borrower 3880,TX,269523,6.60,2024-01-01,2054-01-01
LN_MSV_3881,Massive Borrower 3881,TX,430408,6.90,2024-01-01,2054-01-01
LN_MSV_3882,Massive Borrower 3882,TX,391148,5.50,2024-01-01,2054-01-01
LN_MSV_3883,Massive Borrower 3883,TX,325892,8.10,2024-01-01,2054-01-01
LN_MSV_3884,Massive Borrower 3884,TX,204215,2.10,2024-01-01,2054-01-01
LN_MSV_3885,Massive Borrower 3885,TX,338793,3.40,2024-01-01,2054-01-01
LN_MSV_3886,Massive Borrower 3886,TX,406931,5.60,2024-01-01,2054-01-01
LN_MSV_3887,Massive Borrower 3887,TX,345857,3.00,2024-01-01,2054-01-01
LN_MSV_3888,Massive Borrower 3888,TX,294641,7.90,2024-01-01,2054-01-01
LN_MSV_3889,Massive Borrower 3889,TX,420949,6.40,2024-01-01,2054-01-01
LN_MSV_3890,Massive Borrower 3890,TX,112545,1.00,2024-01-01,2054-01-01
LN_MSV_3891,Massive Borrower 3891,TX,164590,9.70,2024-01-01,2054-01-01
LN_MSV_3892,Massive Borrower 3892,TX,443731,6.60,2024-01-01,2054-01-01
LN_MSV_3893,Massive Borrower 3893,TX,129741,7.00,2024-01-01,2054-01-01
LN_MSV_3894,Massive Borrower 3894,TX,441226,9.50,2024-01-01,2054-01-01
LN_MSV_3895,Massive Borrower 3895,TX,272030,7.70,2024-01-01,2054-01-01
LN_MSV_3896,Massive Borrower 3896,TX,169892,4.70,2024-01-01,2054-01-01
LN_MSV_3897,Massive Borrower 3897,TX,89560,6.50,2024-01-01,2054-01-01
LN_MSV_3898,Massive Borrower 3898,TX,102839,2.60,2024-01-01,2054-01-01
LN_MSV_3899,Massive Borrower 3899,TX,114763,1.00,2024-01-01,2054-01-01
LN_MSV_3900,Massive Borrower 3900,TX,321770,9.90,2024-01-01,2054-01-01
LN_MSV_3901,Massive Borrower 3901,TX,483733,2.50,2024-01-01,2054-01-01
LN_MSV_3902,Massive Borrower 3902,TX,138981,5.90,2024-01-01,2054-01-01
LN_MSV_3903,Massive Borrower 3903,TX,448398,3.70,2024-01-01,2054-01-01
LN_MSV_3904,Massive Borrower 3904,TX,145864,9.90,2024-01-01,2054-01-01
LN_MSV_3905,Massive Borrower 3905,TX,296526,6.20,2024-01-01,2054-01-01
LN_MSV_3906,Massive Borrower 3906,TX,95876,1.80,2024-01-01,2054-01-01
LN_MSV_3907,Massive Borrower 3907,TX,307794,3.90,2024-01-01,2054-01-01
LN_MSV_3908,Massive Borrower 3908,TX,400329,7.40,2024-01-01,2054-01-01
LN_MSV_3909,Massive Borrower 3909,TX,76310,5.80,2024-01-01,2054-01-01
LN_MSV_3910,Massive Borrower 3910,TX,332881,3.90,2024-01-01,2054-01-01
LN_MSV_3911,Massive Borrower 3911,TX,134795,3.50,2024-01-01,2054-01-01
LN_MSV_3912,Massive Borrower 3912,TX,451764,4.60,2024-01-01,2054-01-01
LN_MSV_3913,Massive Borrower 3913,TX,326504,6.90,2024-01-01,2054-01-01
LN_MSV_3914,Massive Borrower 3914,TX,222434,6.70,2024-01-01,2054-01-01
LN_MSV_3915,Massive Borrower 3915,TX,305554,9.80,2024-01-01,2054-01-01
LN_MSV_3916,Massive Borrower 3916,TX,266160,4.10,2024-01-01,2054-01-01
LN_MSV_3917,Massive Borrower 3917,TX,464065,9.90,2024-01-01,2054-01-01
LN_MSV_3918,Massive Borrower 3918,TX,293597,1.10,2024-01-01,2054-01-01
LN_MSV_3919,Massive Borrower 3919,TX,350361,7.00,2024-01-01,2054-01-01
LN_MSV_3920,Massive Borrower 3920,TX,141065,7.80,2024-01-01,2054-01-01
LN_MSV_3921,Massive Borrower 3921,TX,104076,4.30,2024-01-01,2054-01-01
LN_MSV_3922,Massive Borrower 3922,TX,245684,4.30,2024-01-01,2054-01-01
LN_MSV_3923,Massive Borrower 3923,TX,157043,9.50,2024-01-01,2054-01-01
LN_MSV_3924,Massive Borrower 3924,TX,166578,5.10,2024-01-01,2054-01-01
LN_MSV_3925,Massive Borrower 3925,TX,280062,8.40,2024-01-01,2054-01-01
LN_MSV_3926,Massive Borrower 3926,TX,132577,5.30,2024-01-01,2054-01-01
LN_MSV_3927,Massive Borrower 3927,TX,464309,1.40,2024-01-01,2054-01-01
LN_MSV_3928,Massive Borrower 3928,TX,98272,1.10,2024-01-01,2054-01-01
LN_MSV_3929,Massive Borrower 3929,TX,369443,3.10,2024-01-01,2054-01-01
LN_MSV_3930,Massive Borrower 3930,TX,399694,3.10,2024-01-01,2054-01-01
LN_MSV_3931,Massive Borrower 3931,TX,188731,6.40,2024-01-01,2054-01-01
LN_MSV_3932,Massive Borrower 3932,TX,123219,9.50,2024-01-01,2054-01-01
LN_MSV_3933,Massive Borrower 3933,TX,276934,3.60,2024-01-01,2054-01-01
LN_MSV_3934,Massive Borrower 3934,TX,156420,1.10,2024-01-01,2054-01-01
LN_MSV_3935,Massive Borrower 3935,TX,198149,6.00,2024-01-01,2054-01-01
LN_MSV_3936,Massive Borrower 3936,TX,188483,5.40,2024-01-01,2054-01-01
LN_MSV_3937,Massive Borrower 3937,TX,337109,5.40,2024-01-01,2054-01-01
LN_MSV_3938,Massive Borrower 3938,TX,199925,7.20,2024-01-01,2054-01-01
LN_MSV_3939,Massive Borrower 3939,TX,394207,6.80,2024-01-01,2054-01-01
LN_MSV_3940,Massive Borrower 3940,TX,322383,1.50,2024-01-01,2054-01-01
LN_MSV_3941,Massive Borrower 3941,TX,444155,3.20,2024-01-01,2054-01-01
LN_MSV_3942,Massive Borrower 3942,TX,447326,6.10,2024-01-01,2054-01-01
LN_MSV_3943,Massive Borrower 3943,TX,335015,9.20,2024-01-01,2054-01-01
LN_MSV_3944,Massive Borrower 3944,TX,404140,8.80,2024-01-01,2054-01-01
LN_MSV_3945,Massive Borrower 3945,TX,405445,1.70,2024-01-01,2054-01-01
LN_MSV_3946,Massive Borrower 3946,TX,402312,5.70,2024-01-01,2054-01-01
LN_MSV_3947,Massive Borrower 3947,TX,407786,1.20,2024-01-01,2054-01-01
LN_MSV_3948,Massive Borrower 3948,TX,496377,2.20,2024-01-01,2054-01-01
LN_MSV_3949,Massive Borrower 3949,TX,186018,7.60,2024-01-01,2054-01-01
LN_MSV_3950,Massive Borrower 3950,TX,465771,7.80,2024-01-01,2054-01-01
LN_MSV_3951,Massive Borrower 3951,TX,260248,1.30,2024-01-01,2054-01-01
LN_MSV_3952,Massive Borrower 3952,TX,310876,5.40,2024-01-01,2054-01-01
LN_MSV_3953,Massive Borrower 3953,TX,257568,2.80,2024-01-01,2054-01-01
LN_MSV_3954,Massive Borrower 3954,TX,106820,2.00,2024-01-01,2054-01-01
LN_MSV_3955,Massive Borrower 3955,TX,307402,6.90,2024-01-01,2054-01-01
LN_MSV_3956,Massive Borrower 3956,TX,120093,3.20,2024-01-01,2054-01-01
LN_MSV_3957,Massive Borrower 3957,TX,457869,2.90,2024-01-01,2054-01-01
LN_MSV_3958,Massive Borrower 3958,TX,192039,1.80,2024-01-01,2054-01-01
LN_MSV_3959,Massive Borrower 3959,TX,211391,7.80,2024-01-01,2054-01-01
LN_MSV_3960,Massive Borrower 3960,TX,67892,1.80,2024-01-01,2054-01-01
LN_MSV_3961,Massive Borrower 3961,TX,285822,6.30,2024-01-01,2054-01-01
LN_MSV_3962,Massive Borrower 3962,TX,296565,4.40,2024-01-01,2054-01-01
LN_MSV_3963,Massive Borrower 3963,TX,149309,4.40,2024-01-01,2054-01-01
LN_MSV_3964,Massive Borrower 3964,TX,347155,2.80,2024-01-01,2054-01-01
LN_MSV_3965,Massive Borrower 3965,TX,208618,7.00,2024-01-01,2054-01-01
LN_MSV_3966,Massive Borrower 3966,TX,413273,3.40,2024-01-01,2054-01-01
LN_MSV_3967,Massive Borrower 3967,TX,135930,6.90,2024-01-01,2054-01-01
LN_MSV_3968,Massive Borrower 3968,TX,417970,1.90,2024-01-01,2054-01-01
LN_MSV_3969,Massive Borrower 3969,TX,435355,4.50,2024-01-01,2054-01-01
LN_MSV_3970,Massive Borrower 3970,TX,327322,4.70,2024-01-01,2054-01-01
LN_MSV_3971,Massive Borrower 3971,TX,269333,2.10,2024-01-01,2054-01-01
LN_MSV_3972,Massive Borrower 3972,TX,212493,7.60,2024-01-01,2054-01-01
LN_MSV_3973,Massive Borrower 3973,TX,200784,1.50,2024-01-01,2054-01-01
LN_MSV_3974,Massive Borrower 3974,TX,149256,6.30,2024-01-01,2054-01-01
LN_MSV_3975,Massive Borrower 3975,TX,442450,3.30,2024-01-01,2054-01-01
LN_MSV_3976,Massive Borrower 3976,TX,240812,2.30,2024-01-01,2054-01-01
LN_MSV_3977,Massive Borrower 3977,TX,135960,3.30,2024-01-01,2054-01-01
LN_MSV_3978,Massive Borrower 3978,TX,446135,9.40,2024-01-01,2054-01-01
LN_MSV_3979,Massive Borrower 3979,TX,94046,8.00,2024-01-01,2054-01-01
LN_MSV_3980,Massive Borrower 3980,TX,377988,6.30,2024-01-01,2054-01-01
LN_MSV_3981,Massive Borrower 3981,TX,443829,3.20,2024-01-01,2054-01-01
LN_MSV_3982,Massive Borrower 3982,TX,231607,2.10,2024-01-01,2054-01-01
LN_MSV_3983,Massive Borrower 3983,TX,417178,8.10,2024-01-01,2054-01-01
LN_MSV_3984,Massive Borrower 3984,TX,403117,7.70,2024-01-01,2054-01-01
LN_MSV_3985,Massive Borrower 3985,TX,303384,10.00,2024-01-01,2054-01-01
LN_MSV_3986,Massive Borrower 3986,TX,125665,9.40,2024-01-01,2054-01-01
LN_MSV_3987,Massive Borrower 3987,TX,331839,3.60,2024-01-01,2054-01-01
LN_MSV_3988,Massive Borrower 3988,TX,183616,6.40,2024-01-01,2054-01-01
LN_MSV_3989,Massive Borrower 3989,TX,468840,8.70,2024-01-01,2054-01-01
LN_MSV_3990,Massive Borrower 3990,TX,378883,6.00,2024-01-01,2054-01-01
LN_MSV_3991,Massive Borrower 3991,TX,221767,5.30,2024-01-01,2054-01-01
LN_MSV_3992,Massive Borrower 3992,TX,440752,3.00,2024-01-01,2054-01-01
LN_MSV_3993,Massive Borrower 3993,TX,497724,9.20,2024-01-01,2054-01-01
LN_MSV_3994,Massive Borrower 3994,TX,86354,3.20,2024-01-01,2054-01-01
LN_MSV_3995,Massive Borrower 3995,TX,269753,1.30,2024-01-01,2054-01-01
LN_MSV_3996,Massive Borrower 3996,TX,368979,7.30,2024-01-01,2054-01-01
LN_MSV_3997,Massive Borrower 3997,TX,117989,1.80,2024-01-01,2054-01-01
LN_MSV_3998,Massive Borrower 3998,TX,323032,7.00,2024-01-01,2054-01-01
LN_MSV_3999,Massive Borrower 3999,TX,446597,3.90,2024-01-01,2054-01-01
LN_MSV_4000,Massive Borrower 4000,TX,460367,3.80,2024-01-01,2054-01-01
LN_MSV_4001,Massive Borrower 4001,TX,200288,6.20,2024-01-01,2054-01-01
LN_MSV_4002,Massive Borrower 4002,TX,248473,8.90,2024-01-01,2054-01-01
LN_MSV_4003,Massive Borrower 4003,TX,215738,9.70,2024-01-01,2054-01-01
LN_MSV_4004,Massive Borrower 4004,TX,460527,2.80,2024-01-01,2054-01-01
LN_MSV_4005,Massive Borrower 4005,TX,103407,5.30,2024-01-01,2054-01-01
LN_MSV_4006,Massive Borrower 4006,TX,496807,8.10,2024-01-01,2054-01-01
LN_MSV_4007,Massive Borrower 4007,TX,189835,1.60,2024-01-01,2054-01-01
LN_MSV_4008,Massive Borrower 4008,TX,65425,1.80,2024-01-01,2054-01-01
LN_MSV_4009,Massive Borrower 4009,TX,275473,9.40,2024-01-01,2054-01-01
LN_MSV_4010,Massive Borrower 4010,TX,234416,5.90,2024-01-01,2054-01-01
LN_MSV_4011,Massive Borrower 4011,TX,470012,4.40,2024-01-01,2054-01-01
LN_MSV_4012,Massive Borrower 4012,TX,367274,4.10,2024-01-01,2054-01-01
LN_MSV_4013,Massive Borrower 4013,TX,362733,8.80,2024-01-01,2054-01-01
LN_MSV_4014,Massive Borrower 4014,TX,119164,4.90,2024-01-01,2054-01-01
LN_MSV_4015,Massive Borrower 4015,TX,335256,6.10,2024-01-01,2054-01-01
LN_MSV_4016,Massive Borrower 4016,TX,181031,3.40,2024-01-01,2054-01-01
LN_MSV_4017,Massive Borrower 4017,TX,138673,5.60,2024-01-01,2054-01-01
LN_MSV_4018,Massive Borrower 4018,TX,150167,4.70,2024-01-01,2054-01-01
LN_MSV_4019,Massive Borrower 4019,TX,353781,7.10,2024-01-01,2054-01-01
LN_MSV_4020,Massive Borrower 4020,TX,492822,2.60,2024-01-01,2054-01-01
LN_MSV_4021,Massive Borrower 4021,TX,233725,9.50,2024-01-01,2054-01-01
LN_MSV_4022,Massive Borrower 4022,TX,162640,9.10,2024-01-01,2054-01-01
LN_MSV_4023,Massive Borrower 4023,TX,449221,6.60,2024-01-01,2054-01-01
LN_MSV_4024,Massive Borrower 4024,TX,395154,7.10,2024-01-01,2054-01-01
LN_MSV_4025,Massive Borrower 4025,TX,140814,8.40,2024-01-01,2054-01-01
LN_MSV_4026,Massive Borrower 4026,TX,158738,3.00,2024-01-01,2054-01-01
LN_MSV_4027,Massive Borrower 4027,TX,73982,7.50,2024-01-01,2054-01-01
LN_MSV_4028,Massive Borrower 4028,TX,221783,8.20,2024-01-01,2054-01-01
LN_MSV_4029,Massive Borrower 4029,TX,332876,5.40,2024-01-01,2054-01-01
LN_MSV_4030,Massive Borrower 4030,TX,390261,7.80,2024-01-01,2054-01-01
LN_MSV_4031,Massive Borrower 4031,TX,144597,10.00,2024-01-01,2054-01-01
LN_MSV_4032,Massive Borrower 4032,TX,144877,7.40,2024-01-01,2054-01-01
LN_MSV_4033,Massive Borrower 4033,TX,150759,8.30,2024-01-01,2054-01-01
LN_MSV_4034,Massive Borrower 4034,TX,93322,1.20,2024-01-01,2054-01-01
LN_MSV_4035,Massive Borrower 4035,TX,201302,5.10,2024-01-01,2054-01-01
LN_MSV_4036,Massive Borrower 4036,TX,80626,1.80,2024-01-01,2054-01-01
LN_MSV_4037,Massive Borrower 4037,TX,484683,6.50,2024-01-01,2054-01-01
LN_MSV_4038,Massive Borrower 4038,TX,93351,4.10,2024-01-01,2054-01-01
LN_MSV_4039,Massive Borrower 4039,TX,142469,7.80,2024-01-01,2054-01-01
LN_MSV_4040,Massive Borrower 4040,TX,224085,7.90,2024-01-01,2054-01-01
LN_MSV_4041,Massive Borrower 4041,TX,329645,6.20,2024-01-01,2054-01-01
LN_MSV_4042,Massive Borrower 4042,TX,414268,4.00,2024-01-01,2054-01-01
LN_MSV_4043,Massive Borrower 4043,TX,106566,7.50,2024-01-01,2054-01-01
LN_MSV_4044,Massive Borrower 4044,TX,179929,6.90,2024-01-01,2054-01-01
LN_MSV_4045,Massive Borrower 4045,TX,241460,8.50,2024-01-01,2054-01-01
LN_MSV_4046,Massive Borrower 4046,TX,68325,8.00,2024-01-01,2054-01-01
LN_MSV_4047,Massive Borrower 4047,TX,103198,1.30,2024-01-01,2054-01-01
LN_MSV_4048,Massive Borrower 4048,TX,60812,2.00,2024-01-01,2054-01-01
LN_MSV_4049,Massive Borrower 4049,TX,135427,3.60,2024-01-01,2054-01-01
LN_MSV_4050,Massive Borrower 4050,TX,469442,8.60,2024-01-01,2054-01-01
LN_MSV_4051,Massive Borrower 4051,TX,190297,3.90,2024-01-01,2054-01-01
LN_MSV_4052,Massive Borrower 4052,TX,386319,7.30,2024-01-01,2054-01-01
LN_MSV_4053,Massive Borrower 4053,TX,93292,7.70,2024-01-01,2054-01-01
LN_MSV_4054,Massive Borrower 4054,TX,265588,3.90,2024-01-01,2054-01-01
LN_MSV_4055,Massive Borrower 4055,TX,168832,5.10,2024-01-01,2054-01-01
LN_MSV_4056,Massive Borrower 4056,TX,162471,1.40,2024-01-01,2054-01-01
LN_MSV_4057,Massive Borrower 4057,TX,444850,7.20,2024-01-01,2054-01-01
LN_MSV_4058,Massive Borrower 4058,TX,76884,9.00,2024-01-01,2054-01-01
LN_MSV_4059,Massive Borrower 4059,TX,196111,7.00,2024-01-01,2054-01-01
LN_MSV_4060,Massive Borrower 4060,TX,486156,6.10,2024-01-01,2054-01-01
LN_MSV_4061,Massive Borrower 4061,TX,450927,5.10,2024-01-01,2054-01-01
LN_MSV_4062,Massive Borrower 4062,TX,249493,4.20,2024-01-01,2054-01-01
LN_MSV_4063,Massive Borrower 4063,TX,118044,8.30,2024-01-01,2054-01-01
LN_MSV_4064,Massive Borrower 4064,TX,108638,4.00,2024-01-01,2054-01-01
LN_MSV_4065,Massive Borrower 4065,TX,486711,4.90,2024-01-01,2054-01-01
LN_MSV_4066,Massive Borrower 4066,TX,255380,8.70,2024-01-01,2054-01-01
LN_MSV_4067,Massive Borrower 4067,TX,401186,8.60,2024-01-01,2054-01-01
LN_MSV_4068,Massive Borrower 4068,TX,222389,3.10,2024-01-01,2054-01-01
LN_MSV_4069,Massive Borrower 4069,TX,114470,4.00,2024-01-01,2054-01-01
LN_MSV_4070,Massive Borrower 4070,TX,439558,5.10,2024-01-01,2054-01-01
LN_MSV_4071,Massive Borrower 4071,TX,384524,4.10,2024-01-01,2054-01-01
LN_MSV_4072,Massive Borrower 4072,TX,226252,7.10,2024-01-01,2054-01-01
LN_MSV_4073,Massive Borrower 4073,TX,474254,4.00,2024-01-01,2054-01-01
LN_MSV_4074,Massive Borrower 4074,TX,123721,3.20,2024-01-01,2054-01-01
LN_MSV_4075,Massive Borrower 4075,TX,342094,9.70,2024-01-01,2054-01-01
LN_MSV_4076,Massive Borrower 4076,TX,304560,5.20,2024-01-01,2054-01-01
LN_MSV_4077,Massive Borrower 4077,TX,451038,3.50,2024-01-01,2054-01-01
LN_MSV_4078,Massive Borrower 4078,TX,409435,1.10,2024-01-01,2054-01-01
LN_MSV_4079,Massive Borrower 4079,TX,333101,6.10,2024-01-01,2054-01-01
LN_MSV_4080,Massive Borrower 4080,TX,353382,8.60,2024-01-01,2054-01-01
LN_MSV_4081,Massive Borrower 4081,TX,106223,8.60,2024-01-01,2054-01-01
LN_MSV_4082,Massive Borrower 4082,TX,420328,2.30,2024-01-01,2054-01-01
LN_MSV_4083,Massive Borrower 4083,TX,131879,8.50,2024-01-01,2054-01-01
LN_MSV_4084,Massive Borrower 4084,TX,451261,7.70,2024-01-01,2054-01-01
LN_MSV_4085,Massive Borrower 4085,TX,196946,5.90,2024-01-01,2054-01-01
LN_MSV_4086,Massive Borrower 4086,TX,464478,5.80,2024-01-01,2054-01-01
LN_MSV_4087,Massive Borrower 4087,TX,92317,6.40,2024-01-01,2054-01-01
LN_MSV_4088,Massive Borrower 4088,TX,462628,4.70,2024-01-01,2054-01-01
LN_MSV_4089,Massive Borrower 4089,TX,123939,1.30,2024-01-01,2054-01-01
LN_MSV_4090,Massive Borrower 4090,TX,411145,9.40,2024-01-01,2054-01-01
LN_MSV_4091,Massive Borrower 4091,TX,426486,4.20,2024-01-01,2054-01-01
LN_MSV_4092,Massive Borrower 4092,TX,346011,8.50,2024-01-01,2054-01-01
LN_MSV_4093,Massive Borrower 4093,TX,368305,7.90,2024-01-01,2054-01-01
LN_MSV_4094,Massive Borrower 4094,TX,153667,2.10,2024-01-01,2054-01-01
LN_MSV_4095,Massive Borrower 4095,TX,67055,3.70,2024-01-01,2054-01-01
LN_MSV_4096,Massive Borrower 4096,TX,144498,8.90,2024-01-01,2054-01-01
LN_MSV_4097,Massive Borrower 4097,TX,110763,7.80,2024-01-01,2054-01-01
LN_MSV_4098,Massive Borrower 4098,TX,60398,6.10,2024-01-01,2054-01-01
LN_MSV_4099,Massive Borrower 4099,TX,125880,6.10,2024-01-01,2054-01-01
LN_MSV_4100,Massive Borrower 4100,TX,280148,1.60,2024-01-01,2054-01-01
LN_MSV_4101,Massive Borrower 4101,TX,399077,9.40,2024-01-01,2054-01-01
LN_MSV_4102,Massive Borrower 4102,TX,368013,8.80,2024-01-01,2054-01-01
LN_MSV_4103,Massive Borrower 4103,TX,283712,9.70,2024-01-01,2054-01-01
LN_MSV_4104,Massive Borrower 4104,TX,376681,7.60,2024-01-01,2054-01-01
LN_MSV_4105,Massive Borrower 4105,TX,481770,6.70,2024-01-01,2054-01-01
LN_MSV_4106,Massive Borrower 4106,TX,115195,7.40,2024-01-01,2054-01-01
LN_MSV_4107,Massive Borrower 4107,TX,329838,2.60,2024-01-01,2054-01-01
LN_MSV_4108,Massive Borrower 4108,TX,313220,9.80,2024-01-01,2054-01-01
LN_MSV_4109,Massive Borrower 4109,TX,376946,1.20,2024-01-01,2054-01-01
LN_MSV_4110,Massive Borrower 4110,TX,439749,5.70,2024-01-01,2054-01-01
LN_MSV_4111,Massive Borrower 4111,TX,136872,8.50,2024-01-01,2054-01-01
LN_MSV_4112,Massive Borrower 4112,TX,89778,7.60,2024-01-01,2054-01-01
LN_MSV_4113,Massive Borrower 4113,TX,217209,3.10,2024-01-01,2054-01-01
LN_MSV_4114,Massive Borrower 4114,TX,182007,7.10,2024-01-01,2054-01-01
LN_MSV_4115,Massive Borrower 4115,TX,393747,8.10,2024-01-01,2054-01-01
LN_MSV_4116,Massive Borrower 4116,TX,371772,3.30,2024-01-01,2054-01-01
LN_MSV_4117,Massive Borrower 4117,TX,165078,7.90,2024-01-01,2054-01-01
LN_MSV_4118,Massive Borrower 4118,TX,257206,4.70,2024-01-01,2054-01-01
LN_MSV_4119,Massive Borrower 4119,TX,228930,5.10,2024-01-01,2054-01-01
LN_MSV_4120,Massive Borrower 4120,TX,98826,2.70,2024-01-01,2054-01-01
LN_MSV_4121,Massive Borrower 4121,TX,190702,2.80,2024-01-01,2054-01-01
LN_MSV_4122,Massive Borrower 4122,TX,140822,9.00,2024-01-01,2054-01-01
LN_MSV_4123,Massive Borrower 4123,TX,156556,8.70,2024-01-01,2054-01-01
LN_MSV_4124,Massive Borrower 4124,TX,463849,4.20,2024-01-01,2054-01-01
LN_MSV_4125,Massive Borrower 4125,TX,75068,9.30,2024-01-01,2054-01-01
LN_MSV_4126,Massive Borrower 4126,TX,434976,1.60,2024-01-01,2054-01-01
LN_MSV_4127,Massive Borrower 4127,TX,255863,3.60,2024-01-01,2054-01-01
LN_MSV_4128,Massive Borrower 4128,TX,279997,1.40,2024-01-01,2054-01-01
LN_MSV_4129,Massive Borrower 4129,TX,479803,8.40,2024-01-01,2054-01-01
LN_MSV_4130,Massive Borrower 4130,TX,128482,4.20,2024-01-01,2054-01-01
LN_MSV_4131,Massive Borrower 4131,TX,200204,1.70,2024-01-01,2054-01-01
LN_MSV_4132,Massive Borrower 4132,TX,147223,5.30,2024-01-01,2054-01-01
LN_MSV_4133,Massive Borrower 4133,TX,165163,8.40,2024-01-01,2054-01-01
LN_MSV_4134,Massive Borrower 4134,TX,95991,1.90,2024-01-01,2054-01-01
LN_MSV_4135,Massive Borrower 4135,TX,142686,1.30,2024-01-01,2054-01-01
LN_MSV_4136,Massive Borrower 4136,TX,465395,6.00,2024-01-01,2054-01-01
LN_MSV_4137,Massive Borrower 4137,TX,181418,5.10,2024-01-01,2054-01-01
LN_MSV_4138,Massive Borrower 4138,TX,121433,2.10,2024-01-01,2054-01-01
LN_MSV_4139,Massive Borrower 4139,TX,157623,8.00,2024-01-01,2054-01-01
LN_MSV_4140,Massive Borrower 4140,TX,202407,4.80,2024-01-01,2054-01-01
LN_MSV_4141,Massive Borrower 4141,TX,133003,5.10,2024-01-01,2054-01-01
LN_MSV_4142,Massive Borrower 4142,TX,298879,5.10,2024-01-01,2054-01-01
LN_MSV_4143,Massive Borrower 4143,TX,154589,5.70,2024-01-01,2054-01-01
LN_MSV_4144,Massive Borrower 4144,TX,414048,6.80,2024-01-01,2054-01-01
LN_MSV_4145,Massive Borrower 4145,TX,389343,8.10,2024-01-01,2054-01-01
LN_MSV_4146,Massive Borrower 4146,TX,291304,1.60,2024-01-01,2054-01-01
LN_MSV_4147,Massive Borrower 4147,TX,328239,6.40,2024-01-01,2054-01-01
LN_MSV_4148,Massive Borrower 4148,TX,151941,4.70,2024-01-01,2054-01-01
LN_MSV_4149,Massive Borrower 4149,TX,152828,5.40,2024-01-01,2054-01-01
LN_MSV_4150,Massive Borrower 4150,TX,154963,3.30,2024-01-01,2054-01-01
LN_MSV_4151,Massive Borrower 4151,TX,241922,4.10,2024-01-01,2054-01-01
LN_MSV_4152,Massive Borrower 4152,TX,318482,1.80,2024-01-01,2054-01-01
LN_MSV_4153,Massive Borrower 4153,TX,498780,6.60,2024-01-01,2054-01-01
LN_MSV_4154,Massive Borrower 4154,TX,366737,7.20,2024-01-01,2054-01-01
LN_MSV_4155,Massive Borrower 4155,TX,208045,8.00,2024-01-01,2054-01-01
LN_MSV_4156,Massive Borrower 4156,TX,348515,5.80,2024-01-01,2054-01-01
LN_MSV_4157,Massive Borrower 4157,TX,135208,4.00,2024-01-01,2054-01-01
LN_MSV_4158,Massive Borrower 4158,TX,495299,7.60,2024-01-01,2054-01-01
LN_MSV_4159,Massive Borrower 4159,TX,428327,8.90,2024-01-01,2054-01-01
LN_MSV_4160,Massive Borrower 4160,TX,479159,9.60,2024-01-01,2054-01-01
LN_MSV_4161,Massive Borrower 4161,TX,157494,3.80,2024-01-01,2054-01-01
LN_MSV_4162,Massive Borrower 4162,TX,429921,2.80,2024-01-01,2054-01-01
LN_MSV_4163,Massive Borrower 4163,TX,204831,7.10,2024-01-01,2054-01-01
LN_MSV_4164,Massive Borrower 4164,TX,103793,9.80,2024-01-01,2054-01-01
LN_MSV_4165,Massive Borrower 4165,TX,274516,8.50,2024-01-01,2054-01-01
LN_MSV_4166,Massive Borrower 4166,TX,128494,3.80,2024-01-01,2054-01-01
LN_MSV_4167,Massive Borrower 4167,TX,429207,6.30,2024-01-01,2054-01-01
LN_MSV_4168,Massive Borrower 4168,TX,112541,8.10,2024-01-01,2054-01-01
LN_MSV_4169,Massive Borrower 4169,TX,279965,2.70,2024-01-01,2054-01-01
LN_MSV_4170,Massive Borrower 4170,TX,483176,3.30,2024-01-01,2054-01-01
LN_MSV_4171,Massive Borrower 4171,TX,312799,1.40,2024-01-01,2054-01-01
LN_MSV_4172,Massive Borrower 4172,TX,134595,7.80,2024-01-01,2054-01-01
LN_MSV_4173,Massive Borrower 4173,TX,105800,1.20,2024-01-01,2054-01-01
LN_MSV_4174,Massive Borrower 4174,TX,465802,1.00,2024-01-01,2054-01-01
LN_MSV_4175,Massive Borrower 4175,TX,81060,4.20,2024-01-01,2054-01-01
LN_MSV_4176,Massive Borrower 4176,TX,324614,9.00,2024-01-01,2054-01-01
LN_MSV_4177,Massive Borrower 4177,TX,477133,2.40,2024-01-01,2054-01-01
LN_MSV_4178,Massive Borrower 4178,TX,433052,6.00,2024-01-01,2054-01-01
LN_MSV_4179,Massive Borrower 4179,TX,248745,4.20,2024-01-01,2054-01-01
LN_MSV_4180,Massive Borrower 4180,TX,113790,7.30,2024-01-01,2054-01-01
LN_MSV_4181,Massive Borrower 4181,TX,140603,9.70,2024-01-01,2054-01-01
LN_MSV_4182,Massive Borrower 4182,TX,147532,1.00,2024-01-01,2054-01-01
LN_MSV_4183,Massive Borrower 4183,TX,213802,4.40,2024-01-01,2054-01-01
LN_MSV_4184,Massive Borrower 4184,TX,224670,7.50,2024-01-01,2054-01-01
LN_MSV_4185,Massive Borrower 4185,TX,270411,7.00,2024-01-01,2054-01-01
LN_MSV_4186,Massive Borrower 4186,TX,324304,2.10,2024-01-01,2054-01-01
LN_MSV_4187,Massive Borrower 4187,TX,192702,4.40,2024-01-01,2054-01-01
LN_MSV_4188,Massive Borrower 4188,TX,198873,1.80,2024-01-01,2054-01-01
LN_MSV_4189,Massive Borrower 4189,TX,314834,1.00,2024-01-01,2054-01-01
LN_MSV_4190,Massive Borrower 4190,TX,495304,2.00,2024-01-01,2054-01-01
LN_MSV_4191,Massive Borrower 4191,TX,238028,5.50,2024-01-01,2054-01-01
LN_MSV_4192,Massive Borrower 4192,TX,201767,8.70,2024-01-01,2054-01-01
LN_MSV_4193,Massive Borrower 4193,TX,63601,7.00,2024-01-01,2054-01-01
LN_MSV_4194,Massive Borrower 4194,TX,60105,7.80,2024-01-01,2054-01-01
LN_MSV_4195,Massive Borrower 4195,TX,473332,1.20,2024-01-01,2054-01-01
LN_MSV_4196,Massive Borrower 4196,TX,368325,3.00,2024-01-01,2054-01-01
LN_MSV_4197,Massive Borrower 4197,TX,181574,9.10,2024-01-01,2054-01-01
LN_MSV_4198,Massive Borrower 4198,TX,460450,5.50,2024-01-01,2054-01-01
LN_MSV_4199,Massive Borrower 4199,TX,496000,3.60,2024-01-01,2054-01-01
LN_MSV_4200,Massive Borrower 4200,TX,66066,4.10,2024-01-01,2054-01-01
LN_MSV_4201,Massive Borrower 4201,TX,338268,9.30,2024-01-01,2054-01-01
LN_MSV_4202,Massive Borrower 4202,TX,266718,3.50,2024-01-01,2054-01-01
LN_MSV_4203,Massive Borrower 4203,TX,301609,1.30,2024-01-01,2054-01-01
LN_MSV_4204,Massive Borrower 4204,TX,441924,4.90,2024-01-01,2054-01-01
LN_MSV_4205,Massive Borrower 4205,TX,435241,7.40,2024-01-01,2054-01-01
LN_MSV_4206,Massive Borrower 4206,TX,126283,7.50,2024-01-01,2054-01-01
LN_MSV_4207,Massive Borrower 4207,TX,109583,7.80,2024-01-01,2054-01-01
LN_MSV_4208,Massive Borrower 4208,TX,266124,6.30,2024-01-01,2054-01-01
LN_MSV_4209,Massive Borrower 4209,TX,51446,8.50,2024-01-01,2054-01-01
LN_MSV_4210,Massive Borrower 4210,TX,488626,4.50,2024-01-01,2054-01-01
LN_MSV_4211,Massive Borrower 4211,TX,462336,9.40,2024-01-01,2054-01-01
LN_MSV_4212,Massive Borrower 4212,TX,138265,5.60,2024-01-01,2054-01-01
LN_MSV_4213,Massive Borrower 4213,TX,201059,3.60,2024-01-01,2054-01-01
LN_MSV_4214,Massive Borrower 4214,TX,491870,1.20,2024-01-01,2054-01-01
LN_MSV_4215,Massive Borrower 4215,TX,331858,10.00,2024-01-01,2054-01-01
LN_MSV_4216,Massive Borrower 4216,TX,474020,2.90,2024-01-01,2054-01-01
LN_MSV_4217,Massive Borrower 4217,TX,298502,2.00,2024-01-01,2054-01-01
LN_MSV_4218,Massive Borrower 4218,TX,321762,3.30,2024-01-01,2054-01-01
LN_MSV_4219,Massive Borrower 4219,TX,405623,9.90,2024-01-01,2054-01-01
LN_MSV_4220,Massive Borrower 4220,TX,422539,3.90,2024-01-01,2054-01-01
LN_MSV_4221,Massive Borrower 4221,TX,454708,8.30,2024-01-01,2054-01-01
LN_MSV_4222,Massive Borrower 4222,TX,101899,2.30,2024-01-01,2054-01-01
LN_MSV_4223,Massive Borrower 4223,TX,270978,2.10,2024-01-01,2054-01-01
LN_MSV_4224,Massive Borrower 4224,TX,100202,7.50,2024-01-01,2054-01-01
LN_MSV_4225,Massive Borrower 4225,TX,349477,3.80,2024-01-01,2054-01-01
LN_MSV_4226,Massive Borrower 4226,TX,251963,1.30,2024-01-01,2054-01-01
LN_MSV_4227,Massive Borrower 4227,TX,191327,3.30,2024-01-01,2054-01-01
LN_MSV_4228,Massive Borrower 4228,TX,114002,5.80,2024-01-01,2054-01-01
LN_MSV_4229,Massive Borrower 4229,TX,217610,6.90,2024-01-01,2054-01-01
LN_MSV_4230,Massive Borrower 4230,TX,351437,1.80,2024-01-01,2054-01-01
LN_MSV_4231,Massive Borrower 4231,TX,428880,1.60,2024-01-01,2054-01-01
LN_MSV_4232,Massive Borrower 4232,TX,269539,9.20,2024-01-01,2054-01-01
LN_MSV_4233,Massive Borrower 4233,TX,495709,6.60,2024-01-01,2054-01-01
LN_MSV_4234,Massive Borrower 4234,TX,382504,5.40,2024-01-01,2054-01-01
LN_MSV_4235,Massive Borrower 4235,TX,97204,2.10,2024-01-01,2054-01-01
LN_MSV_4236,Massive Borrower 4236,TX,116689,8.10,2024-01-01,2054-01-01
LN_MSV_4237,Massive Borrower 4237,TX,358848,7.70,2024-01-01,2054-01-01
LN_MSV_4238,Massive Borrower 4238,TX,81819,4.40,2024-01-01,2054-01-01
LN_MSV_4239,Massive Borrower 4239,TX,394959,1.40,2024-01-01,2054-01-01
LN_MSV_4240,Massive Borrower 4240,TX,394586,7.10,2024-01-01,2054-01-01
LN_MSV_4241,Massive Borrower 4241,TX,421140,9.60,2024-01-01,2054-01-01
LN_MSV_4242,Massive Borrower 4242,TX,233251,9.80,2024-01-01,2054-01-01
LN_MSV_4243,Massive Borrower 4243,TX,398656,8.70,2024-01-01,2054-01-01
LN_MSV_4244,Massive Borrower 4244,TX,337656,4.80,2024-01-01,2054-01-01
LN_MSV_4245,Massive Borrower 4245,TX,388741,9.00,2024-01-01,2054-01-01
LN_MSV_4246,Massive Borrower 4246,TX,156938,5.90,2024-01-01,2054-01-01
LN_MSV_4247,Massive Borrower 4247,TX,256636,5.70,2024-01-01,2054-01-01
LN_MSV_4248,Massive Borrower 4248,TX,439490,2.50,2024-01-01,2054-01-01
LN_MSV_4249,Massive Borrower 4249,TX,453948,2.20,2024-01-01,2054-01-01
LN_MSV_4250,Massive Borrower 4250,TX,457211,2.80,2024-01-01,2054-01-01
LN_MSV_4251,Massive Borrower 4251,TX,210905,4.70,2024-01-01,2054-01-01
LN_MSV_4252,Massive Borrower 4252,TX,359187,9.50,2024-01-01,2054-01-01
LN_MSV_4253,Massive Borrower 4253,TX,458159,1.10,2024-01-01,2054-01-01
LN_MSV_4254,Massive Borrower 4254,TX,185875,8.70,2024-01-01,2054-01-01
LN_MSV_4255,Massive Borrower 4255,TX,202436,5.80,2024-01-01,2054-01-01
LN_MSV_4256,Massive Borrower 4256,TX,110353,9.40,2024-01-01,2054-01-01
LN_MSV_4257,Massive Borrower 4257,TX,462836,2.50,2024-01-01,2054-01-01
LN_MSV_4258,Massive Borrower 4258,TX,357792,8.10,2024-01-01,2054-01-01
LN_MSV_4259,Massive Borrower 4259,TX,386679,9.90,2024-01-01,2054-01-01
LN_MSV_4260,Massive Borrower 4260,TX,63952,9.20,2024-01-01,2054-01-01
LN_MSV_4261,Massive Borrower 4261,TX,328980,9.40,2024-01-01,2054-01-01
LN_MSV_4262,Massive Borrower 4262,TX,350258,7.90,2024-01-01,2054-01-01
LN_MSV_4263,Massive Borrower 4263,TX,409833,3.10,2024-01-01,2054-01-01
LN_MSV_4264,Massive Borrower 4264,TX,222182,8.50,2024-01-01,2054-01-01
LN_MSV_4265,Massive Borrower 4265,TX,471960,4.70,2024-01-01,2054-01-01
LN_MSV_4266,Massive Borrower 4266,TX,321499,7.10,2024-01-01,2054-01-01
LN_MSV_4267,Massive Borrower 4267,TX,262132,3.80,2024-01-01,2054-01-01
LN_MSV_4268,Massive Borrower 4268,TX,192008,3.90,2024-01-01,2054-01-01
LN_MSV_4269,Massive Borrower 4269,TX,112278,1.80,2024-01-01,2054-01-01
LN_MSV_4270,Massive Borrower 4270,TX,327377,4.90,2024-01-01,2054-01-01
LN_MSV_4271,Massive Borrower 4271,TX,366209,1.90,2024-01-01,2054-01-01
LN_MSV_4272,Massive Borrower 4272,TX,150977,7.30,2024-01-01,2054-01-01
LN_MSV_4273,Massive Borrower 4273,TX,421490,8.40,2024-01-01,2054-01-01
LN_MSV_4274,Massive Borrower 4274,TX,303709,5.50,2024-01-01,2054-01-01
LN_MSV_4275,Massive Borrower 4275,TX,362231,1.40,2024-01-01,2054-01-01
LN_MSV_4276,Massive Borrower 4276,TX,242057,7.90,2024-01-01,2054-01-01
LN_MSV_4277,Massive Borrower 4277,TX,83901,6.50,2024-01-01,2054-01-01
LN_MSV_4278,Massive Borrower 4278,TX,383101,3.60,2024-01-01,2054-01-01
LN_MSV_4279,Massive Borrower 4279,TX,215412,5.40,2024-01-01,2054-01-01
LN_MSV_4280,Massive Borrower 4280,TX,455188,4.40,2024-01-01,2054-01-01
LN_MSV_4281,Massive Borrower 4281,TX,400912,9.50,2024-01-01,2054-01-01
LN_MSV_4282,Massive Borrower 4282,TX,367925,3.60,2024-01-01,2054-01-01
LN_MSV_4283,Massive Borrower 4283,TX,350456,7.10,2024-01-01,2054-01-01
LN_MSV_4284,Massive Borrower 4284,TX,335626,6.90,2024-01-01,2054-01-01
LN_MSV_4285,Massive Borrower 4285,TX,237029,5.40,2024-01-01,2054-01-01
LN_MSV_4286,Massive Borrower 4286,TX,468600,3.60,2024-01-01,2054-01-01
LN_MSV_4287,Massive Borrower 4287,TX,290284,2.70,2024-01-01,2054-01-01
LN_MSV_4288,Massive Borrower 4288,TX,269487,3.20,2024-01-01,2054-01-01
LN_MSV_4289,Massive Borrower 4289,TX,221835,2.60,2024-01-01,2054-01-01
LN_MSV_4290,Massive Borrower 4290,TX,412348,8.50,2024-01-01,2054-01-01
LN_MSV_4291,Massive Borrower 4291,TX,198637,5.90,2024-01-01,2054-01-01
LN_MSV_4292,Massive Borrower 4292,TX,68644,2.90,2024-01-01,2054-01-01
LN_MSV_4293,Massive Borrower 4293,TX,81379,6.50,2024-01-01,2054-01-01
LN_MSV_4294,Massive Borrower 4294,TX,67213,8.40,2024-01-01,2054-01-01
LN_MSV_4295,Massive Borrower 4295,TX,257316,9.10,2024-01-01,2054-01-01
LN_MSV_4296,Massive Borrower 4296,TX,255940,8.60,2024-01-01,2054-01-01
LN_MSV_4297,Massive Borrower 4297,TX,87150,8.30,2024-01-01,2054-01-01
LN_MSV_4298,Massive Borrower 4298,TX,484486,5.60,2024-01-01,2054-01-01
LN_MSV_4299,Massive Borrower 4299,TX,398065,8.70,2024-01-01,2054-01-01
LN_MSV_4300,Massive Borrower 4300,TX,433105,2.30,2024-01-01,2054-01-01
LN_MSV_4301,Massive Borrower 4301,TX,114220,6.00,2024-01-01,2054-01-01
LN_MSV_4302,Massive Borrower 4302,TX,454617,5.10,2024-01-01,2054-01-01
LN_MSV_4303,Massive Borrower 4303,TX,480092,8.80,2024-01-01,2054-01-01
LN_MSV_4304,Massive Borrower 4304,TX,132533,5.20,2024-01-01,2054-01-01
LN_MSV_4305,Massive Borrower 4305,TX,282373,5.80,2024-01-01,2054-01-01
LN_MSV_4306,Massive Borrower 4306,TX,450299,5.00,2024-01-01,2054-01-01
LN_MSV_4307,Massive Borrower 4307,TX,238678,7.70,2024-01-01,2054-01-01
LN_MSV_4308,Massive Borrower 4308,TX,444638,4.10,2024-01-01,2054-01-01
LN_MSV_4309,Massive Borrower 4309,TX,382661,1.40,2024-01-01,2054-01-01
LN_MSV_4310,Massive Borrower 4310,TX,484372,7.10,2024-01-01,2054-01-01
LN_MSV_4311,Massive Borrower 4311,TX,95994,9.30,2024-01-01,2054-01-01
LN_MSV_4312,Massive Borrower 4312,TX,172138,9.50,2024-01-01,2054-01-01
LN_MSV_4313,Massive Borrower 4313,TX,431313,9.40,2024-01-01,2054-01-01
LN_MSV_4314,Massive Borrower 4314,TX,170517,5.40,2024-01-01,2054-01-01
LN_MSV_4315,Massive Borrower 4315,TX,433631,2.60,2024-01-01,2054-01-01
LN_MSV_4316,Massive Borrower 4316,TX,333886,6.30,2024-01-01,2054-01-01
LN_MSV_4317,Massive Borrower 4317,TX,324199,3.10,2024-01-01,2054-01-01
LN_MSV_4318,Massive Borrower 4318,TX,168077,3.40,2024-01-01,2054-01-01
LN_MSV_4319,Massive Borrower 4319,TX,441574,1.60,2024-01-01,2054-01-01
LN_MSV_4320,Massive Borrower 4320,TX,102556,8.20,2024-01-01,2054-01-01
LN_MSV_4321,Massive Borrower 4321,TX,486298,3.50,2024-01-01,2054-01-01
LN_MSV_4322,Massive Borrower 4322,TX,349536,7.00,2024-01-01,2054-01-01
LN_MSV_4323,Massive Borrower 4323,TX,184105,3.30,2024-01-01,2054-01-01
LN_MSV_4324,Massive Borrower 4324,TX,424592,2.60,2024-01-01,2054-01-01
LN_MSV_4325,Massive Borrower 4325,TX,357997,4.50,2024-01-01,2054-01-01
LN_MSV_4326,Massive Borrower 4326,TX,310337,5.70,2024-01-01,2054-01-01
LN_MSV_4327,Massive Borrower 4327,TX,343719,4.30,2024-01-01,2054-01-01
LN_MSV_4328,Massive Borrower 4328,TX,496070,9.10,2024-01-01,2054-01-01
LN_MSV_4329,Massive Borrower 4329,TX,326687,3.00,2024-01-01,2054-01-01
LN_MSV_4330,Massive Borrower 4330,TX,355952,8.80,2024-01-01,2054-01-01
LN_MSV_4331,Massive Borrower 4331,TX,339680,5.20,2024-01-01,2054-01-01
LN_MSV_4332,Massive Borrower 4332,TX,91811,5.70,2024-01-01,2054-01-01
LN_MSV_4333,Massive Borrower 4333,TX,296535,5.70,2024-01-01,2054-01-01
LN_MSV_4334,Massive Borrower 4334,TX,453395,5.60,2024-01-01,2054-01-01
LN_MSV_4335,Massive Borrower 4335,TX,270299,5.20,2024-01-01,2054-01-01
LN_MSV_4336,Massive Borrower 4336,TX,474832,3.20,2024-01-01,2054-01-01
LN_MSV_4337,Massive Borrower 4337,TX,210938,1.50,2024-01-01,2054-01-01
LN_MSV_4338,Massive Borrower 4338,TX,270262,5.20,2024-01-01,2054-01-01
LN_MSV_4339,Massive Borrower 4339,TX,117712,6.70,2024-01-01,2054-01-01
LN_MSV_4340,Massive Borrower 4340,TX,229613,2.90,2024-01-01,2054-01-01
LN_MSV_4341,Massive Borrower 4341,TX,405248,10.00,2024-01-01,2054-01-01
LN_MSV_4342,Massive Borrower 4342,TX,143065,7.90,2024-01-01,2054-01-01
LN_MSV_4343,Massive Borrower 4343,TX,429034,4.80,2024-01-01,2054-01-01
LN_MSV_4344,Massive Borrower 4344,TX,240785,6.20,2024-01-01,2054-01-01
LN_MSV_4345,Massive Borrower 4345,TX,271761,8.60,2024-01-01,2054-01-01
LN_MSV_4346,Massive Borrower 4346,TX,99410,2.60,2024-01-01,2054-01-01
LN_MSV_4347,Massive Borrower 4347,TX,307969,7.50,2024-01-01,2054-01-01
LN_MSV_4348,Massive Borrower 4348,TX,112062,2.10,2024-01-01,2054-01-01
LN_MSV_4349,Massive Borrower 4349,TX,167159,2.10,2024-01-01,2054-01-01
LN_MSV_4350,Massive Borrower 4350,TX,190004,7.70,2024-01-01,2054-01-01
LN_MSV_4351,Massive Borrower 4351,TX,113244,6.30,2024-01-01,2054-01-01
LN_MSV_4352,Massive Borrower 4352,TX,159340,8.70,2024-01-01,2054-01-01
LN_MSV_4353,Massive Borrower 4353,TX,165814,2.20,2024-01-01,2054-01-01
LN_MSV_4354,Massive Borrower 4354,TX,256608,4.90,2024-01-01,2054-01-01
LN_MSV_4355,Massive Borrower 4355,TX,330888,2.20,2024-01-01,2054-01-01
LN_MSV_4356,Massive Borrower 4356,TX,202028,5.40,2024-01-01,2054-01-01
LN_MSV_4357,Massive Borrower 4357,TX,250049,7.90,2024-01-01,2054-01-01
LN_MSV_4358,Massive Borrower 4358,TX,422796,1.20,2024-01-01,2054-01-01
LN_MSV_4359,Massive Borrower 4359,TX,221231,4.40,2024-01-01,2054-01-01
LN_MSV_4360,Massive Borrower 4360,TX,86531,8.00,2024-01-01,2054-01-01
LN_MSV_4361,Massive Borrower 4361,TX,355579,5.70,2024-01-01,2054-01-01
LN_MSV_4362,Massive Borrower 4362,TX,313592,5.10,2024-01-01,2054-01-01
LN_MSV_4363,Massive Borrower 4363,TX,431768,5.10,2024-01-01,2054-01-01
LN_MSV_4364,Massive Borrower 4364,TX,232330,1.20,2024-01-01,2054-01-01
LN_MSV_4365,Massive Borrower 4365,TX,371559,3.40,2024-01-01,2054-01-01
LN_MSV_4366,Massive Borrower 4366,TX,494771,1.10,2024-01-01,2054-01-01
LN_MSV_4367,Massive Borrower 4367,TX,274423,9.20,2024-01-01,2054-01-01
LN_MSV_4368,Massive Borrower 4368,TX,421078,3.00,2024-01-01,2054-01-01
LN_MSV_4369,Massive Borrower 4369,TX,474788,4.50,2024-01-01,2054-01-01
LN_MSV_4370,Massive Borrower 4370,TX,247055,9.00,2024-01-01,2054-01-01
LN_MSV_4371,Massive Borrower 4371,TX,73878,8.10,2024-01-01,2054-01-01
LN_MSV_4372,Massive Borrower 4372,TX,422563,8.10,2024-01-01,2054-01-01
LN_MSV_4373,Massive Borrower 4373,TX,238894,5.80,2024-01-01,2054-01-01
LN_MSV_4374,Massive Borrower 4374,TX,338994,8.50,2024-01-01,2054-01-01
LN_MSV_4375,Massive Borrower 4375,TX,79555,7.50,2024-01-01,2054-01-01
LN_MSV_4376,Massive Borrower 4376,TX,301171,9.10,2024-01-01,2054-01-01
LN_MSV_4377,Massive Borrower 4377,TX,442447,2.50,2024-01-01,2054-01-01
LN_MSV_4378,Massive Borrower 4378,TX,356775,6.00,2024-01-01,2054-01-01
LN_MSV_4379,Massive Borrower 4379,TX,487155,3.80,2024-01-01,2054-01-01
LN_MSV_4380,Massive Borrower 4380,TX,231539,2.10,2024-01-01,2054-01-01
LN_MSV_4381,Massive Borrower 4381,TX,466016,9.40,2024-01-01,2054-01-01
LN_MSV_4382,Massive Borrower 4382,TX,438745,4.40,2024-01-01,2054-01-01
LN_MSV_4383,Massive Borrower 4383,TX,88973,2.20,2024-01-01,2054-01-01
LN_MSV_4384,Massive Borrower 4384,TX,489400,9.00,2024-01-01,2054-01-01
LN_MSV_4385,Massive Borrower 4385,TX,266387,3.20,2024-01-01,2054-01-01
LN_MSV_4386,Massive Borrower 4386,TX,188458,7.50,2024-01-01,2054-01-01
LN_MSV_4387,Massive Borrower 4387,TX,495107,4.80,2024-01-01,2054-01-01
LN_MSV_4388,Massive Borrower 4388,TX,392644,5.10,2024-01-01,2054-01-01
LN_MSV_4389,Massive Borrower 4389,TX,365769,7.30,2024-01-01,2054-01-01
LN_MSV_4390,Massive Borrower 4390,TX,281061,4.10,2024-01-01,2054-01-01
LN_MSV_4391,Massive Borrower 4391,TX,471470,8.20,2024-01-01,2054-01-01
LN_MSV_4392,Massive Borrower 4392,TX,142532,7.40,2024-01-01,2054-01-01
LN_MSV_4393,Massive Borrower 4393,TX,133259,1.30,2024-01-01,2054-01-01
LN_MSV_4394,Massive Borrower 4394,TX,425578,7.70,2024-01-01,2054-01-01
LN_MSV_4395,Massive Borrower 4395,TX,412466,8.30,2024-01-01,2054-01-01
LN_MSV_4396,Massive Borrower 4396,TX,437991,7.70,2024-01-01,2054-01-01
LN_MSV_4397,Massive Borrower 4397,TX,416320,7.10,2024-01-01,2054-01-01
LN_MSV_4398,Massive Borrower 4398,TX,158015,1.30,2024-01-01,2054-01-01
LN_MSV_4399,Massive Borrower 4399,TX,291007,8.10,2024-01-01,2054-01-01
LN_MSV_4400,Massive Borrower 4400,TX,76102,2.10,2024-01-01,2054-01-01
LN_MSV_4401,Massive Borrower 4401,TX,476275,7.50,2024-01-01,2054-01-01
LN_MSV_4402,Massive Borrower 4402,TX,280024,8.20,2024-01-01,2054-01-01
LN_MSV_4403,Massive Borrower 4403,TX,194176,6.20,2024-01-01,2054-01-01
LN_MSV_4404,Massive Borrower 4404,TX,90939,5.70,2024-01-01,2054-01-01
LN_MSV_4405,Massive Borrower 4405,TX,97215,9.10,2024-01-01,2054-01-01
LN_MSV_4406,Massive Borrower 4406,TX,401670,1.20,2024-01-01,2054-01-01
LN_MSV_4407,Massive Borrower 4407,TX,492604,4.40,2024-01-01,2054-01-01
LN_MSV_4408,Massive Borrower 4408,TX,320511,4.00,2024-01-01,2054-01-01
LN_MSV_4409,Massive Borrower 4409,TX,403954,1.90,2024-01-01,2054-01-01
LN_MSV_4410,Massive Borrower 4410,TX,150319,6.60,2024-01-01,2054-01-01
LN_MSV_4411,Massive Borrower 4411,TX,471379,6.80,2024-01-01,2054-01-01
LN_MSV_4412,Massive Borrower 4412,TX,228814,9.50,2024-01-01,2054-01-01
LN_MSV_4413,Massive Borrower 4413,TX,285498,7.40,2024-01-01,2054-01-01
LN_MSV_4414,Massive Borrower 4414,TX,134705,4.10,2024-01-01,2054-01-01
LN_MSV_4415,Massive Borrower 4415,TX,340584,3.90,2024-01-01,2054-01-01
LN_MSV_4416,Massive Borrower 4416,TX,370272,2.30,2024-01-01,2054-01-01
LN_MSV_4417,Massive Borrower 4417,TX,496946,3.70,2024-01-01,2054-01-01
LN_MSV_4418,Massive Borrower 4418,TX,151726,1.60,2024-01-01,2054-01-01
LN_MSV_4419,Massive Borrower 4419,TX,342029,1.00,2024-01-01,2054-01-01
LN_MSV_4420,Massive Borrower 4420,TX,73348,9.30,2024-01-01,2054-01-01
LN_MSV_4421,Massive Borrower 4421,TX,268948,7.80,2024-01-01,2054-01-01
LN_MSV_4422,Massive Borrower 4422,TX,362393,7.20,2024-01-01,2054-01-01
LN_MSV_4423,Massive Borrower 4423,TX,286506,3.20,2024-01-01,2054-01-01
LN_MSV_4424,Massive Borrower 4424,TX,169060,6.30,2024-01-01,2054-01-01
LN_MSV_4425,Massive Borrower 4425,TX,218991,7.30,2024-01-01,2054-01-01
LN_MSV_4426,Massive Borrower 4426,TX,349807,3.10,2024-01-01,2054-01-01
LN_MSV_4427,Massive Borrower 4427,TX,101724,3.50,2024-01-01,2054-01-01
LN_MSV_4428,Massive Borrower 4428,TX,177702,8.50,2024-01-01,2054-01-01
LN_MSV_4429,Massive Borrower 4429,TX,184810,8.90,2024-01-01,2054-01-01
LN_MSV_4430,Massive Borrower 4430,TX,291003,6.20,2024-01-01,2054-01-01
LN_MSV_4431,Massive Borrower 4431,TX,368290,2.00,2024-01-01,2054-01-01
LN_MSV_4432,Massive Borrower 4432,TX,236112,5.20,2024-01-01,2054-01-01
LN_MSV_4433,Massive Borrower 4433,TX,82184,8.80,2024-01-01,2054-01-01
LN_MSV_4434,Massive Borrower 4434,TX,367128,7.80,2024-01-01,2054-01-01
LN_MSV_4435,Massive Borrower 4435,TX,405722,2.20,2024-01-01,2054-01-01
LN_MSV_4436,Massive Borrower 4436,TX,162489,3.50,2024-01-01,2054-01-01
LN_MSV_4437,Massive Borrower 4437,TX,221081,2.00,2024-01-01,2054-01-01
LN_MSV_4438,Massive Borrower 4438,TX,412085,9.40,2024-01-01,2054-01-01
LN_MSV_4439,Massive Borrower 4439,TX,189022,6.60,2024-01-01,2054-01-01
LN_MSV_4440,Massive Borrower 4440,TX,489272,8.70,2024-01-01,2054-01-01
LN_MSV_4441,Massive Borrower 4441,TX,284831,1.50,2024-01-01,2054-01-01
LN_MSV_4442,Massive Borrower 4442,TX,236890,6.10,2024-01-01,2054-01-01
LN_MSV_4443,Massive Borrower 4443,TX,335629,2.30,2024-01-01,2054-01-01
LN_MSV_4444,Massive Borrower 4444,TX,237605,4.50,2024-01-01,2054-01-01
LN_MSV_4445,Massive Borrower 4445,TX,431616,7.50,2024-01-01,2054-01-01
LN_MSV_4446,Massive Borrower 4446,TX,52875,8.00,2024-01-01,2054-01-01
LN_MSV_4447,Massive Borrower 4447,TX,68698,7.00,2024-01-01,2054-01-01
LN_MSV_4448,Massive Borrower 4448,TX,211684,5.10,2024-01-01,2054-01-01
LN_MSV_4449,Massive Borrower 4449,TX,68023,2.50,2024-01-01,2054-01-01
LN_MSV_4450,Massive Borrower 4450,TX,118497,8.90,2024-01-01,2054-01-01
LN_MSV_4451,Massive Borrower 4451,TX,310173,2.20,2024-01-01,2054-01-01
LN_MSV_4452,Massive Borrower 4452,TX,409400,4.80,2024-01-01,2054-01-01
LN_MSV_4453,Massive Borrower 4453,TX,259569,5.90,2024-01-01,2054-01-01
LN_MSV_4454,Massive Borrower 4454,TX,252639,1.80,2024-01-01,2054-01-01
LN_MSV_4455,Massive Borrower 4455,TX,347382,1.60,2024-01-01,2054-01-01
LN_MSV_4456,Massive Borrower 4456,TX,103142,3.20,2024-01-01,2054-01-01
LN_MSV_4457,Massive Borrower 4457,TX,309872,5.10,2024-01-01,2054-01-01
LN_MSV_4458,Massive Borrower 4458,TX,361271,7.00,2024-01-01,2054-01-01
LN_MSV_4459,Massive Borrower 4459,TX,284611,5.70,2024-01-01,2054-01-01
LN_MSV_4460,Massive Borrower 4460,TX,195928,8.60,2024-01-01,2054-01-01
LN_MSV_4461,Massive Borrower 4461,TX,198149,4.20,2024-01-01,2054-01-01
LN_MSV_4462,Massive Borrower 4462,TX,94630,7.30,2024-01-01,2054-01-01
LN_MSV_4463,Massive Borrower 4463,TX,451801,3.50,2024-01-01,2054-01-01
LN_MSV_4464,Massive Borrower 4464,TX,423943,2.80,2024-01-01,2054-01-01
LN_MSV_4465,Massive Borrower 4465,TX,488523,9.80,2024-01-01,2054-01-01
LN_MSV_4466,Massive Borrower 4466,TX,355817,6.60,2024-01-01,2054-01-01
LN_MSV_4467,Massive Borrower 4467,TX,113264,5.90,2024-01-01,2054-01-01
LN_MSV_4468,Massive Borrower 4468,TX,323686,1.80,2024-01-01,2054-01-01
LN_MSV_4469,Massive Borrower 4469,TX,318136,7.60,2024-01-01,2054-01-01
LN_MSV_4470,Massive Borrower 4470,TX,168325,3.90,2024-01-01,2054-01-01
LN_MSV_4471,Massive Borrower 4471,TX,53504,2.10,2024-01-01,2054-01-01
LN_MSV_4472,Massive Borrower 4472,TX,145817,8.70,2024-01-01,2054-01-01
LN_MSV_4473,Massive Borrower 4473,TX,68015,7.00,2024-01-01,2054-01-01
LN_MSV_4474,Massive Borrower 4474,TX,384967,3.30,2024-01-01,2054-01-01
LN_MSV_4475,Massive Borrower 4475,TX,316447,8.20,2024-01-01,2054-01-01
LN_MSV_4476,Massive Borrower 4476,TX,289618,7.90,2024-01-01,2054-01-01
LN_MSV_4477,Massive Borrower 4477,TX,318176,2.40,2024-01-01,2054-01-01
LN_MSV_4478,Massive Borrower 4478,TX,378710,5.10,2024-01-01,2054-01-01
LN_MSV_4479,Massive Borrower 4479,TX,372182,3.00,2024-01-01,2054-01-01
LN_MSV_4480,Massive Borrower 4480,TX,92472,2.50,2024-01-01,2054-01-01
LN_MSV_4481,Massive Borrower 4481,TX,412966,5.20,2024-01-01,2054-01-01
LN_MSV_4482,Massive Borrower 4482,TX,162756,6.30,2024-01-01,2054-01-01
LN_MSV_4483,Massive Borrower 4483,TX,233178,9.90,2024-01-01,2054-01-01
LN_MSV_4484,Massive Borrower 4484,TX,476724,4.00,2024-01-01,2054-01-01
LN_MSV_4485,Massive Borrower 4485,TX,159374,8.00,2024-01-01,2054-01-01
LN_MSV_4486,Massive Borrower 4486,TX,160827,7.00,2024-01-01,2054-01-01
LN_MSV_4487,Massive Borrower 4487,TX,60340,7.90,2024-01-01,2054-01-01
LN_MSV_4488,Massive Borrower 4488,TX,281475,2.50,2024-01-01,2054-01-01
LN_MSV_4489,Massive Borrower 4489,TX,189317,8.70,2024-01-01,2054-01-01
LN_MSV_4490,Massive Borrower 4490,TX,95123,1.70,2024-01-01,2054-01-01
LN_MSV_4491,Massive Borrower 4491,TX,491890,4.20,2024-01-01,2054-01-01
LN_MSV_4492,Massive Borrower 4492,TX,468474,9.90,2024-01-01,2054-01-01
LN_MSV_4493,Massive Borrower 4493,TX,353866,9.00,2024-01-01,2054-01-01
LN_MSV_4494,Massive Borrower 4494,TX,379834,4.20,2024-01-01,2054-01-01
LN_MSV_4495,Massive Borrower 4495,TX,162329,9.20,2024-01-01,2054-01-01
LN_MSV_4496,Massive Borrower 4496,TX,238915,7.50,2024-01-01,2054-01-01
LN_MSV_4497,Massive Borrower 4497,TX,246491,9.00,2024-01-01,2054-01-01
LN_MSV_4498,Massive Borrower 4498,TX,482475,4.00,2024-01-01,2054-01-01
LN_MSV_4499,Massive Borrower 4499,TX,483817,8.10,2024-01-01,2054-01-01
LN_MSV_4500,Massive Borrower 4500,TX,477398,5.40,2024-01-01,2054-01-01
LN_MSV_4501,Massive Borrower 4501,TX,364237,9.90,2024-01-01,2054-01-01
LN_MSV_4502,Massive Borrower 4502,TX,169639,8.50,2024-01-01,2054-01-01
LN_MSV_4503,Massive Borrower 4503,TX,283219,1.90,2024-01-01,2054-01-01
LN_MSV_4504,Massive Borrower 4504,TX,138641,9.90,2024-01-01,2054-01-01
LN_MSV_4505,Massive Borrower 4505,TX,436758,10.00,2024-01-01,2054-01-01
LN_MSV_4506,Massive Borrower 4506,TX,298491,5.60,2024-01-01,2054-01-01
LN_MSV_4507,Massive Borrower 4507,TX,70359,6.50,2024-01-01,2054-01-01
LN_MSV_4508,Massive Borrower 4508,TX,245337,3.90,2024-01-01,2054-01-01
LN_MSV_4509,Massive Borrower 4509,TX,164469,3.60,2024-01-01,2054-01-01
LN_MSV_4510,Massive Borrower 4510,TX,83124,5.10,2024-01-01,2054-01-01
LN_MSV_4511,Massive Borrower 4511,TX,427453,3.90,2024-01-01,2054-01-01
LN_MSV_4512,Massive Borrower 4512,TX,195802,8.90,2024-01-01,2054-01-01
LN_MSV_4513,Massive Borrower 4513,TX,151931,5.00,2024-01-01,2054-01-01
LN_MSV_4514,Massive Borrower 4514,TX,292142,1.10,2024-01-01,2054-01-01
LN_MSV_4515,Massive Borrower 4515,TX,408475,8.30,2024-01-01,2054-01-01
LN_MSV_4516,Massive Borrower 4516,TX,196416,9.50,2024-01-01,2054-01-01
LN_MSV_4517,Massive Borrower 4517,TX,77000,1.00,2024-01-01,2054-01-01
LN_MSV_4518,Massive Borrower 4518,TX,455616,3.30,2024-01-01,2054-01-01
LN_MSV_4519,Massive Borrower 4519,TX,493796,6.20,2024-01-01,2054-01-01
LN_MSV_4520,Massive Borrower 4520,TX,58170,3.40,2024-01-01,2054-01-01
LN_MSV_4521,Massive Borrower 4521,TX,406507,6.00,2024-01-01,2054-01-01
LN_MSV_4522,Massive Borrower 4522,TX,207894,6.40,2024-01-01,2054-01-01
LN_MSV_4523,Massive Borrower 4523,TX,185225,6.70,2024-01-01,2054-01-01
LN_MSV_4524,Massive Borrower 4524,TX,179280,1.70,2024-01-01,2054-01-01
LN_MSV_4525,Massive Borrower 4525,TX,338715,8.50,2024-01-01,2054-01-01
LN_MSV_4526,Massive Borrower 4526,TX,183008,4.50,2024-01-01,2054-01-01
LN_MSV_4527,Massive Borrower 4527,TX,70375,9.70,2024-01-01,2054-01-01
LN_MSV_4528,Massive Borrower 4528,TX,128057,6.10,2024-01-01,2054-01-01
LN_MSV_4529,Massive Borrower 4529,TX,190334,5.10,2024-01-01,2054-01-01
LN_MSV_4530,Massive Borrower 4530,TX,53711,1.10,2024-01-01,2054-01-01
LN_MSV_4531,Massive Borrower 4531,TX,461123,1.90,2024-01-01,2054-01-01
LN_MSV_4532,Massive Borrower 4532,TX,326033,7.00,2024-01-01,2054-01-01
LN_MSV_4533,Massive Borrower 4533,TX,391181,8.80,2024-01-01,2054-01-01
LN_MSV_4534,Massive Borrower 4534,TX,408745,5.80,2024-01-01,2054-01-01
LN_MSV_4535,Massive Borrower 4535,TX,452901,7.00,2024-01-01,2054-01-01
LN_MSV_4536,Massive Borrower 4536,TX,312988,1.80,2024-01-01,2054-01-01
LN_MSV_4537,Massive Borrower 4537,TX,476088,3.90,2024-01-01,2054-01-01
LN_MSV_4538,Massive Borrower 4538,TX,424363,3.30,2024-01-01,2054-01-01
LN_MSV_4539,Massive Borrower 4539,TX,324900,7.10,2024-01-01,2054-01-01
LN_MSV_4540,Massive Borrower 4540,TX,498399,8.90,2024-01-01,2054-01-01
LN_MSV_4541,Massive Borrower 4541,TX,300478,8.30,2024-01-01,2054-01-01
LN_MSV_4542,Massive Borrower 4542,TX,103196,3.10,2024-01-01,2054-01-01
LN_MSV_4543,Massive Borrower 4543,TX,469917,3.70,2024-01-01,2054-01-01
LN_MSV_4544,Massive Borrower 4544,TX,463169,7.00,2024-01-01,2054-01-01
LN_MSV_4545,Massive Borrower 4545,TX,409551,9.70,2024-01-01,2054-01-01
LN_MSV_4546,Massive Borrower 4546,TX,316612,5.90,2024-01-01,2054-01-01
LN_MSV_4547,Massive Borrower 4547,TX,275682,1.10,2024-01-01,2054-01-01
LN_MSV_4548,Massive Borrower 4548,TX,463268,5.30,2024-01-01,2054-01-01
LN_MSV_4549,Massive Borrower 4549,TX,195536,4.00,2024-01-01,2054-01-01
LN_MSV_4550,Massive Borrower 4550,TX,282094,9.60,2024-01-01,2054-01-01
LN_MSV_4551,Massive Borrower 4551,TX,380547,9.20,2024-01-01,2054-01-01
LN_MSV_4552,Massive Borrower 4552,TX,151298,10.00,2024-01-01,2054-01-01
LN_MSV_4553,Massive Borrower 4553,TX,259008,2.30,2024-01-01,2054-01-01
LN_MSV_4554,Massive Borrower 4554,TX,90306,6.50,2024-01-01,2054-01-01
LN_MSV_4555,Massive Borrower 4555,TX,176711,6.10,2024-01-01,2054-01-01
LN_MSV_4556,Massive Borrower 4556,TX,85398,4.40,2024-01-01,2054-01-01
LN_MSV_4557,Massive Borrower 4557,TX,320439,8.20,2024-01-01,2054-01-01
LN_MSV_4558,Massive Borrower 4558,TX,172810,2.10,2024-01-01,2054-01-01
LN_MSV_4559,Massive Borrower 4559,TX,269457,9.60,2024-01-01,2054-01-01
LN_MSV_4560,Massive Borrower 4560,TX,358497,6.40,2024-01-01,2054-01-01
LN_MSV_4561,Massive Borrower 4561,TX,451557,7.80,2024-01-01,2054-01-01
LN_MSV_4562,Massive Borrower 4562,TX,388397,2.00,2024-01-01,2054-01-01
LN_MSV_4563,Massive Borrower 4563,TX,236588,7.70,2024-01-01,2054-01-01
LN_MSV_4564,Massive Borrower 4564,TX,263330,1.70,2024-01-01,2054-01-01
LN_MSV_4565,Massive Borrower 4565,TX,483719,8.10,2024-01-01,2054-01-01
LN_MSV_4566,Massive Borrower 4566,TX,431502,6.40,2024-01-01,2054-01-01
LN_MSV_4567,Massive Borrower 4567,TX,209937,5.40,2024-01-01,2054-01-01
LN_MSV_4568,Massive Borrower 4568,TX,269236,8.70,2024-01-01,2054-01-01
LN_MSV_4569,Massive Borrower 4569,TX,477715,5.00,2024-01-01,2054-01-01
LN_MSV_4570,Massive Borrower 4570,TX,284038,1.50,2024-01-01,2054-01-01
LN_MSV_4571,Massive Borrower 4571,TX,189583,9.70,2024-01-01,2054-01-01
LN_MSV_4572,Massive Borrower 4572,TX,80328,4.80,2024-01-01,2054-01-01
LN_MSV_4573,Massive Borrower 4573,TX,427496,1.90,2024-01-01,2054-01-01
LN_MSV_4574,Massive Borrower 4574,TX,65710,7.20,2024-01-01,2054-01-01
LN_MSV_4575,Massive Borrower 4575,TX,448950,5.50,2024-01-01,2054-01-01
LN_MSV_4576,Massive Borrower 4576,TX,444650,4.40,2024-01-01,2054-01-01
LN_MSV_4577,Massive Borrower 4577,TX,222601,7.60,2024-01-01,2054-01-01
LN_MSV_4578,Massive Borrower 4578,TX,131379,2.40,2024-01-01,2054-01-01
LN_MSV_4579,Massive Borrower 4579,TX,471299,6.30,2024-01-01,2054-01-01
LN_MSV_4580,Massive Borrower 4580,TX,396706,1.00,2024-01-01,2054-01-01
LN_MSV_4581,Massive Borrower 4581,TX,87233,3.80,2024-01-01,2054-01-01
LN_MSV_4582,Massive Borrower 4582,TX,171467,6.80,2024-01-01,2054-01-01
LN_MSV_4583,Massive Borrower 4583,TX,136675,8.60,2024-01-01,2054-01-01
LN_MSV_4584,Massive Borrower 4584,TX,314587,8.80,2024-01-01,2054-01-01
LN_MSV_4585,Massive Borrower 4585,TX,79755,4.60,2024-01-01,2054-01-01
LN_MSV_4586,Massive Borrower 4586,TX,393823,2.20,2024-01-01,2054-01-01
LN_MSV_4587,Massive Borrower 4587,TX,167061,6.60,2024-01-01,2054-01-01
LN_MSV_4588,Massive Borrower 4588,TX,245293,9.90,2024-01-01,2054-01-01
LN_MSV_4589,Massive Borrower 4589,TX,233561,7.40,2024-01-01,2054-01-01
LN_MSV_4590,Massive Borrower 4590,TX,423543,2.00,2024-01-01,2054-01-01
LN_MSV_4591,Massive Borrower 4591,TX,341283,6.20,2024-01-01,2054-01-01
LN_MSV_4592,Massive Borrower 4592,TX,453947,3.00,2024-01-01,2054-01-01
LN_MSV_4593,Massive Borrower 4593,TX,382619,2.20,2024-01-01,2054-01-01
LN_MSV_4594,Massive Borrower 4594,TX,385876,9.90,2024-01-01,2054-01-01
LN_MSV_4595,Massive Borrower 4595,TX,99746,5.90,2024-01-01,2054-01-01
LN_MSV_4596,Massive Borrower 4596,TX,318960,9.70,2024-01-01,2054-01-01
LN_MSV_4597,Massive Borrower 4597,TX,353983,5.30,2024-01-01,2054-01-01
LN_MSV_4598,Massive Borrower 4598,TX,201285,1.20,2024-01-01,2054-01-01
LN_MSV_4599,Massive Borrower 4599,TX,167401,7.00,2024-01-01,2054-01-01
LN_MSV_4600,Massive Borrower 4600,TX,328482,1.10,2024-01-01,2054-01-01
LN_MSV_4601,Massive Borrower 4601,TX,260127,3.50,2024-01-01,2054-01-01
LN_MSV_4602,Massive Borrower 4602,TX,257096,1.90,2024-01-01,2054-01-01
LN_MSV_4603,Massive Borrower 4603,TX,62918,9.70,2024-01-01,2054-01-01
LN_MSV_4604,Massive Borrower 4604,TX,139593,6.70,2024-01-01,2054-01-01
LN_MSV_4605,Massive Borrower 4605,TX,130487,1.50,2024-01-01,2054-01-01
LN_MSV_4606,Massive Borrower 4606,TX,241379,9.50,2024-01-01,2054-01-01
LN_MSV_4607,Massive Borrower 4607,TX,457154,8.20,2024-01-01,2054-01-01
LN_MSV_4608,Massive Borrower 4608,TX,345772,7.10,2024-01-01,2054-01-01
LN_MSV_4609,Massive Borrower 4609,TX,283770,6.50,2024-01-01,2054-01-01
LN_MSV_4610,Massive Borrower 4610,TX,51558,5.70,2024-01-01,2054-01-01
LN_MSV_4611,Massive Borrower 4611,TX,244179,6.00,2024-01-01,2054-01-01
LN_MSV_4612,Massive Borrower 4612,TX,168974,6.30,2024-01-01,2054-01-01
LN_MSV_4613,Massive Borrower 4613,TX,457043,6.10,2024-01-01,2054-01-01
LN_MSV_4614,Massive Borrower 4614,TX,266945,4.90,2024-01-01,2054-01-01
LN_MSV_4615,Massive Borrower 4615,TX,196812,5.20,2024-01-01,2054-01-01
LN_MSV_4616,Massive Borrower 4616,TX,179298,5.40,2024-01-01,2054-01-01
LN_MSV_4617,Massive Borrower 4617,TX,95405,6.00,2024-01-01,2054-01-01
LN_MSV_4618,Massive Borrower 4618,TX,476460,5.40,2024-01-01,2054-01-01
LN_MSV_4619,Massive Borrower 4619,TX,396557,1.00,2024-01-01,2054-01-01
LN_MSV_4620,Massive Borrower 4620,TX,88854,6.50,2024-01-01,2054-01-01
LN_MSV_4621,Massive Borrower 4621,TX,106230,9.30,2024-01-01,2054-01-01
LN_MSV_4622,Massive Borrower 4622,TX,218914,9.00,2024-01-01,2054-01-01
LN_MSV_4623,Massive Borrower 4623,TX,371489,6.30,2024-01-01,2054-01-01
LN_MSV_4624,Massive Borrower 4624,TX,99851,2.30,2024-01-01,2054-01-01
LN_MSV_4625,Massive Borrower 4625,TX,182108,6.60,2024-01-01,2054-01-01
LN_MSV_4626,Massive Borrower 4626,TX,314493,5.30,2024-01-01,2054-01-01
LN_MSV_4627,Massive Borrower 4627,TX,205744,7.50,2024-01-01,2054-01-01
LN_MSV_4628,Massive Borrower 4628,TX,394484,9.70,2024-01-01,2054-01-01
LN_MSV_4629,Massive Borrower 4629,TX,238525,5.10,2024-01-01,2054-01-01
LN_MSV_4630,Massive Borrower 4630,TX,276896,9.20,2024-01-01,2054-01-01
LN_MSV_4631,Massive Borrower 4631,TX,214280,6.40,2024-01-01,2054-01-01
LN_MSV_4632,Massive Borrower 4632,TX,110327,5.00,2024-01-01,2054-01-01
LN_MSV_4633,Massive Borrower 4633,TX,494551,8.80,2024-01-01,2054-01-01
LN_MSV_4634,Massive Borrower 4634,TX,63101,3.70,2024-01-01,2054-01-01
LN_MSV_4635,Massive Borrower 4635,TX,380378,7.10,2024-01-01,2054-01-01
LN_MSV_4636,Massive Borrower 4636,TX,251197,1.20,2024-01-01,2054-01-01
LN_MSV_4637,Massive Borrower 4637,TX,408718,6.20,2024-01-01,2054-01-01
LN_MSV_4638,Massive Borrower 4638,TX,261263,3.60,2024-01-01,2054-01-01
LN_MSV_4639,Massive Borrower 4639,TX,191647,10.00,2024-01-01,2054-01-01
LN_MSV_4640,Massive Borrower 4640,TX,338468,7.30,2024-01-01,2054-01-01
LN_MSV_4641,Massive Borrower 4641,TX,348178,6.80,2024-01-01,2054-01-01
LN_MSV_4642,Massive Borrower 4642,TX,444355,3.10,2024-01-01,2054-01-01
LN_MSV_4643,Massive Borrower 4643,TX,240189,8.50,2024-01-01,2054-01-01
LN_MSV_4644,Massive Borrower 4644,TX,146793,7.10,2024-01-01,2054-01-01
LN_MSV_4645,Massive Borrower 4645,TX,370046,5.40,2024-01-01,2054-01-01
LN_MSV_4646,Massive Borrower 4646,TX,499232,7.60,2024-01-01,2054-01-01
LN_MSV_4647,Massive Borrower 4647,TX,292759,3.90,2024-01-01,2054-01-01
LN_MSV_4648,Massive Borrower 4648,TX,225708,6.60,2024-01-01,2054-01-01
LN_MSV_4649,Massive Borrower 4649,TX,90554,8.20,2024-01-01,2054-01-01
LN_MSV_4650,Massive Borrower 4650,TX,231687,5.10,2024-01-01,2054-01-01
LN_MSV_4651,Massive Borrower 4651,TX,135251,8.60,2024-01-01,2054-01-01
LN_MSV_4652,Massive Borrower 4652,TX,468341,1.40,2024-01-01,2054-01-01
LN_MSV_4653,Massive Borrower 4653,TX,473027,8.20,2024-01-01,2054-01-01
LN_MSV_4654,Massive Borrower 4654,TX,231449,9.30,2024-01-01,2054-01-01
LN_MSV_4655,Massive Borrower 4655,TX,418174,8.30,2024-01-01,2054-01-01
LN_MSV_4656,Massive Borrower 4656,TX,293676,2.20,2024-01-01,2054-01-01
LN_MSV_4657,Massive Borrower 4657,TX,410653,5.60,2024-01-01,2054-01-01
LN_MSV_4658,Massive Borrower 4658,TX,206794,4.50,2024-01-01,2054-01-01
LN_MSV_4659,Massive Borrower 4659,TX,125441,1.90,2024-01-01,2054-01-01
LN_MSV_4660,Massive Borrower 4660,TX,178920,4.80,2024-01-01,2054-01-01
LN_MSV_4661,Massive Borrower 4661,TX,147984,4.00,2024-01-01,2054-01-01
LN_MSV_4662,Massive Borrower 4662,TX,451211,3.20,2024-01-01,2054-01-01
LN_MSV_4663,Massive Borrower 4663,TX,420191,7.60,2024-01-01,2054-01-01
LN_MSV_4664,Massive Borrower 4664,TX,347396,8.40,2024-01-01,2054-01-01
LN_MSV_4665,Massive Borrower 4665,TX,219071,2.10,2024-01-01,2054-01-01
LN_MSV_4666,Massive Borrower 4666,TX,400583,9.20,2024-01-01,2054-01-01
LN_MSV_4667,Massive Borrower 4667,TX,102450,9.80,2024-01-01,2054-01-01
LN_MSV_4668,Massive Borrower 4668,TX,483084,2.20,2024-01-01,2054-01-01
LN_MSV_4669,Massive Borrower 4669,TX,210018,4.10,2024-01-01,2054-01-01
LN_MSV_4670,Massive Borrower 4670,TX,493500,7.20,2024-01-01,2054-01-01
LN_MSV_4671,Massive Borrower 4671,TX,65299,2.30,2024-01-01,2054-01-01
LN_MSV_4672,Massive Borrower 4672,TX,283418,8.80,2024-01-01,2054-01-01
LN_MSV_4673,Massive Borrower 4673,TX,224826,2.20,2024-01-01,2054-01-01
LN_MSV_4674,Massive Borrower 4674,TX,133304,6.40,2024-01-01,2054-01-01
LN_MSV_4675,Massive Borrower 4675,TX,349853,6.10,2024-01-01,2054-01-01
LN_MSV_4676,Massive Borrower 4676,TX,462811,5.50,2024-01-01,2054-01-01
LN_MSV_4677,Massive Borrower 4677,TX,228948,3.00,2024-01-01,2054-01-01
LN_MSV_4678,Massive Borrower 4678,TX,307171,3.60,2024-01-01,2054-01-01
LN_MSV_4679,Massive Borrower 4679,TX,130937,7.10,2024-01-01,2054-01-01
LN_MSV_4680,Massive Borrower 4680,TX,343078,6.10,2024-01-01,2054-01-01
LN_MSV_4681,Massive Borrower 4681,TX,312436,9.40,2024-01-01,2054-01-01
LN_MSV_4682,Massive Borrower 4682,TX,249924,1.60,2024-01-01,2054-01-01
LN_MSV_4683,Massive Borrower 4683,TX,66395,3.00,2024-01-01,2054-01-01
LN_MSV_4684,Massive Borrower 4684,TX,213518,2.80,2024-01-01,2054-01-01
LN_MSV_4685,Massive Borrower 4685,TX,393581,9.80,2024-01-01,2054-01-01
LN_MSV_4686,Massive Borrower 4686,TX,186672,6.60,2024-01-01,2054-01-01
LN_MSV_4687,Massive Borrower 4687,TX,286049,3.60,2024-01-01,2054-01-01
LN_MSV_4688,Massive Borrower 4688,TX,221717,8.10,2024-01-01,2054-01-01
LN_MSV_4689,Massive Borrower 4689,TX,118587,6.20,2024-01-01,2054-01-01
LN_MSV_4690,Massive Borrower 4690,TX,350755,9.40,2024-01-01,2054-01-01
LN_MSV_4691,Massive Borrower 4691,TX,93868,3.10,2024-01-01,2054-01-01
LN_MSV_4692,Massive Borrower 4692,TX,252871,7.10,2024-01-01,2054-01-01
LN_MSV_4693,Massive Borrower 4693,TX,66560,2.10,2024-01-01,2054-01-01
LN_MSV_4694,Massive Borrower 4694,TX,387341,3.30,2024-01-01,2054-01-01
LN_MSV_4695,Massive Borrower 4695,TX,181513,9.10,2024-01-01,2054-01-01
LN_MSV_4696,Massive Borrower 4696,TX,300374,4.90,2024-01-01,2054-01-01
LN_MSV_4697,Massive Borrower 4697,TX,438194,2.10,2024-01-01,2054-01-01
LN_MSV_4698,Massive Borrower 4698,TX,380320,1.40,2024-01-01,2054-01-01
LN_MSV_4699,Massive Borrower 4699,TX,104099,8.50,2024-01-01,2054-01-01
LN_MSV_4700,Massive Borrower 4700,TX,112920,1.90,2024-01-01,2054-01-01
LN_MSV_4701,Massive Borrower 4701,TX,437697,7.10,2024-01-01,2054-01-01
LN_MSV_4702,Massive Borrower 4702,TX,211883,1.90,2024-01-01,2054-01-01
LN_MSV_4703,Massive Borrower 4703,TX,171634,2.40,2024-01-01,2054-01-01
LN_MSV_4704,Massive Borrower 4704,TX,297184,8.40,2024-01-01,2054-01-01
LN_MSV_4705,Massive Borrower 4705,TX,356351,9.20,2024-01-01,2054-01-01
LN_MSV_4706,Massive Borrower 4706,TX,239301,7.90,2024-01-01,2054-01-01
LN_MSV_4707,Massive Borrower 4707,TX,388722,2.50,2024-01-01,2054-01-01
LN_MSV_4708,Massive Borrower 4708,TX,124041,5.90,2024-01-01,2054-01-01
LN_MSV_4709,Massive Borrower 4709,TX,371989,6.40,2024-01-01,2054-01-01
LN_MSV_4710,Massive Borrower 4710,TX,362835,5.30,2024-01-01,2054-01-01
LN_MSV_4711,Massive Borrower 4711,TX,79811,10.00,2024-01-01,2054-01-01
LN_MSV_4712,Massive Borrower 4712,TX,490554,9.60,2024-01-01,2054-01-01
LN_MSV_4713,Massive Borrower 4713,TX,240998,7.70,2024-01-01,2054-01-01
LN_MSV_4714,Massive Borrower 4714,TX,167855,4.00,2024-01-01,2054-01-01
LN_MSV_4715,Massive Borrower 4715,TX,264090,5.30,2024-01-01,2054-01-01
LN_MSV_4716,Massive Borrower 4716,TX,256283,6.40,2024-01-01,2054-01-01
LN_MSV_4717,Massive Borrower 4717,TX,256938,5.20,2024-01-01,2054-01-01
LN_MSV_4718,Massive Borrower 4718,TX,145201,3.00,2024-01-01,2054-01-01
LN_MSV_4719,Massive Borrower 4719,TX,389233,2.00,2024-01-01,2054-01-01
LN_MSV_4720,Massive Borrower 4720,TX,489230,8.10,2024-01-01,2054-01-01
LN_MSV_4721,Massive Borrower 4721,TX,317122,3.00,2024-01-01,2054-01-01
LN_MSV_4722,Massive Borrower 4722,TX,167290,2.30,2024-01-01,2054-01-01
LN_MSV_4723,Massive Borrower 4723,TX,72680,8.70,2024-01-01,2054-01-01
LN_MSV_4724,Massive Borrower 4724,TX,296377,3.90,2024-01-01,2054-01-01
LN_MSV_4725,Massive Borrower 4725,TX,436396,8.40,2024-01-01,2054-01-01
LN_MSV_4726,Massive Borrower 4726,TX,111890,8.30,2024-01-01,2054-01-01
LN_MSV_4727,Massive Borrower 4727,TX,177994,1.70,2024-01-01,2054-01-01
LN_MSV_4728,Massive Borrower 4728,TX,306791,8.20,2024-01-01,2054-01-01
LN_MSV_4729,Massive Borrower 4729,TX,424107,2.00,2024-01-01,2054-01-01
LN_MSV_4730,Massive Borrower 4730,TX,193860,5.00,2024-01-01,2054-01-01
LN_MSV_4731,Massive Borrower 4731,TX,459175,2.20,2024-01-01,2054-01-01
LN_MSV_4732,Massive Borrower 4732,TX,383880,8.90,2024-01-01,2054-01-01
LN_MSV_4733,Massive Borrower 4733,TX,333727,4.90,2024-01-01,2054-01-01
LN_MSV_4734,Massive Borrower 4734,TX,427744,6.10,2024-01-01,2054-01-01
LN_MSV_4735,Massive Borrower 4735,TX,192141,4.20,2024-01-01,2054-01-01
LN_MSV_4736,Massive Borrower 4736,TX,423108,3.00,2024-01-01,2054-01-01
LN_MSV_4737,Massive Borrower 4737,TX,323697,4.50,2024-01-01,2054-01-01
LN_MSV_4738,Massive Borrower 4738,TX,170221,7.90,2024-01-01,2054-01-01
LN_MSV_4739,Massive Borrower 4739,TX,247926,5.30,2024-01-01,2054-01-01
LN_MSV_4740,Massive Borrower 4740,TX,349123,7.30,2024-01-01,2054-01-01
LN_MSV_4741,Massive Borrower 4741,TX,299127,9.60,2024-01-01,2054-01-01
LN_MSV_4742,Massive Borrower 4742,TX,316776,3.30,2024-01-01,2054-01-01
LN_MSV_4743,Massive Borrower 4743,TX,345242,9.20,2024-01-01,2054-01-01
LN_MSV_4744,Massive Borrower 4744,TX,187004,7.90,2024-01-01,2054-01-01
LN_MSV_4745,Massive Borrower 4745,TX,131786,5.30,2024-01-01,2054-01-01
LN_MSV_4746,Massive Borrower 4746,TX,272868,5.60,2024-01-01,2054-01-01
LN_MSV_4747,Massive Borrower 4747,TX,275475,7.70,2024-01-01,2054-01-01
LN_MSV_4748,Massive Borrower 4748,TX,271576,7.90,2024-01-01,2054-01-01
LN_MSV_4749,Massive Borrower 4749,TX,120033,6.60,2024-01-01,2054-01-01
LN_MSV_4750,Massive Borrower 4750,TX,364683,9.50,2024-01-01,2054-01-01
LN_MSV_4751,Massive Borrower 4751,TX,64495,1.00,2024-01-01,2054-01-01
LN_MSV_4752,Massive Borrower 4752,TX,197588,5.10,2024-01-01,2054-01-01
LN_MSV_4753,Massive Borrower 4753,TX,181778,8.10,2024-01-01,2054-01-01
LN_MSV_4754,Massive Borrower 4754,TX,308777,3.20,2024-01-01,2054-01-01
LN_MSV_4755,Massive Borrower 4755,TX,272989,9.60,2024-01-01,2054-01-01
LN_MSV_4756,Massive Borrower 4756,TX,425229,4.90,2024-01-01,2054-01-01
LN_MSV_4757,Massive Borrower 4757,TX,304328,9.70,2024-01-01,2054-01-01
LN_MSV_4758,Massive Borrower 4758,TX,434731,3.60,2024-01-01,2054-01-01
LN_MSV_4759,Massive Borrower 4759,TX,55811,6.80,2024-01-01,2054-01-01
LN_MSV_4760,Massive Borrower 4760,TX,241349,7.70,2024-01-01,2054-01-01
LN_MSV_4761,Massive Borrower 4761,TX,177415,9.50,2024-01-01,2054-01-01
LN_MSV_4762,Massive Borrower 4762,TX,290526,9.90,2024-01-01,2054-01-01
LN_MSV_4763,Massive Borrower 4763,TX,327480,4.40,2024-01-01,2054-01-01
LN_MSV_4764,Massive Borrower 4764,TX,236372,9.80,2024-01-01,2054-01-01
LN_MSV_4765,Massive Borrower 4765,TX,497878,4.10,2024-01-01,2054-01-01
LN_MSV_4766,Massive Borrower 4766,TX,66542,3.10,2024-01-01,2054-01-01
LN_MSV_4767,Massive Borrower 4767,TX,447326,2.70,2024-01-01,2054-01-01
LN_MSV_4768,Massive Borrower 4768,TX,157732,2.60,2024-01-01,2054-01-01
LN_MSV_4769,Massive Borrower 4769,TX,207844,7.30,2024-01-01,2054-01-01
LN_MSV_4770,Massive Borrower 4770,TX,436848,5.80,2024-01-01,2054-01-01
LN_MSV_4771,Massive Borrower 4771,TX,352831,6.10,2024-01-01,2054-01-01
LN_MSV_4772,Massive Borrower 4772,TX,63619,6.20,2024-01-01,2054-01-01
LN_MSV_4773,Massive Borrower 4773,TX,99303,5.70,2024-01-01,2054-01-01
LN_MSV_4774,Massive Borrower 4774,TX,363941,6.20,2024-01-01,2054-01-01
LN_MSV_4775,Massive Borrower 4775,TX,463764,6.50,2024-01-01,2054-01-01
LN_MSV_4776,Massive Borrower 4776,TX,91033,2.30,2024-01-01,2054-01-01
LN_MSV_4777,Massive Borrower 4777,TX,240362,4.10,2024-01-01,2054-01-01
LN_MSV_4778,Massive Borrower 4778,TX,178865,4.70,2024-01-01,2054-01-01
LN_MSV_4779,Massive Borrower 4779,TX,240755,5.00,2024-01-01,2054-01-01
LN_MSV_4780,Massive Borrower 4780,TX,355203,3.40,2024-01-01,2054-01-01
LN_MSV_4781,Massive Borrower 4781,TX,488062,2.70,2024-01-01,2054-01-01
LN_MSV_4782,Massive Borrower 4782,TX,50280,7.70,2024-01-01,2054-01-01
LN_MSV_4783,Massive Borrower 4783,TX,378760,6.90,2024-01-01,2054-01-01
LN_MSV_4784,Massive Borrower 4784,TX,290362,1.80,2024-01-01,2054-01-01
LN_MSV_4785,Massive Borrower 4785,TX,448349,9.50,2024-01-01,2054-01-01
LN_MSV_4786,Massive Borrower 4786,TX,284750,4.50,2024-01-01,2054-01-01
LN_MSV_4787,Massive Borrower 4787,TX,263017,3.80,2024-01-01,2054-01-01
LN_MSV_4788,Massive Borrower 4788,TX,114350,7.70,2024-01-01,2054-01-01
LN_MSV_4789,Massive Borrower 4789,TX,281376,2.60,2024-01-01,2054-01-01
LN_MSV_4790,Massive Borrower 4790,TX,433297,2.70,2024-01-01,2054-01-01
LN_MSV_4791,Massive Borrower 4791,TX,448136,3.30,2024-01-01,2054-01-01
LN_MSV_4792,Massive Borrower 4792,TX,252078,2.40,2024-01-01,2054-01-01
LN_MSV_4793,Massive Borrower 4793,TX,437797,5.00,2024-01-01,2054-01-01
LN_MSV_4794,Massive Borrower 4794,TX,378064,8.60,2024-01-01,2054-01-01
LN_MSV_4795,Massive Borrower 4795,TX,297513,1.90,2024-01-01,2054-01-01
LN_MSV_4796,Massive Borrower 4796,TX,246251,2.00,2024-01-01,2054-01-01
LN_MSV_4797,Massive Borrower 4797,TX,71075,1.00,2024-01-01,2054-01-01
LN_MSV_4798,Massive Borrower 4798,TX,371075,6.70,2024-01-01,2054-01-01
LN_MSV_4799,Massive Borrower 4799,TX,180954,9.80,2024-01-01,2054-01-01
LN_MSV_4800,Massive Borrower 4800,TX,157326,10.00,2024-01-01,2054-01-01
LN_MSV_4801,Massive Borrower 4801,TX,103451,2.40,2024-01-01,2054-01-01
LN_MSV_4802,Massive Borrower 4802,TX,317902,1.50,2024-01-01,2054-01-01
LN_MSV_4803,Massive Borrower 4803,TX,413841,9.20,2024-01-01,2054-01-01
LN_MSV_4804,Massive Borrower 4804,TX,208486,2.90,2024-01-01,2054-01-01
LN_MSV_4805,Massive Borrower 4805,TX,469134,5.40,2024-01-01,2054-01-01
LN_MSV_4806,Massive Borrower 4806,TX,211700,5.60,2024-01-01,2054-01-01
LN_MSV_4807,Massive Borrower 4807,TX,335981,7.30,2024-01-01,2054-01-01
LN_MSV_4808,Massive Borrower 4808,TX,336369,3.90,2024-01-01,2054-01-01
LN_MSV_4809,Massive Borrower 4809,TX,133277,3.70,2024-01-01,2054-01-01
LN_MSV_4810,Massive Borrower 4810,TX,345218,9.30,2024-01-01,2054-01-01
LN_MSV_4811,Massive Borrower 4811,TX,60429,4.00,2024-01-01,2054-01-01
LN_MSV_4812,Massive Borrower 4812,TX,404191,10.00,2024-01-01,2054-01-01
LN_MSV_4813,Massive Borrower 4813,TX,69215,6.10,2024-01-01,2054-01-01
LN_MSV_4814,Massive Borrower 4814,TX,483597,1.00,2024-01-01,2054-01-01
LN_MSV_4815,Massive Borrower 4815,TX,189165,7.30,2024-01-01,2054-01-01
LN_MSV_4816,Massive Borrower 4816,TX,122071,6.70,2024-01-01,2054-01-01
LN_MSV_4817,Massive Borrower 4817,TX,105274,7.50,2024-01-01,2054-01-01
LN_MSV_4818,Massive Borrower 4818,TX,440799,2.00,2024-01-01,2054-01-01
LN_MSV_4819,Massive Borrower 4819,TX,414923,4.00,2024-01-01,2054-01-01
LN_MSV_4820,Massive Borrower 4820,TX,268637,8.70,2024-01-01,2054-01-01
LN_MSV_4821,Massive Borrower 4821,TX,255195,7.10,2024-01-01,2054-01-01
LN_MSV_4822,Massive Borrower 4822,TX,418408,2.30,2024-01-01,2054-01-01
LN_MSV_4823,Massive Borrower 4823,TX,120020,6.10,2024-01-01,2054-01-01
LN_MSV_4824,Massive Borrower 4824,TX,407407,1.50,2024-01-01,2054-01-01
LN_MSV_4825,Massive Borrower 4825,TX,323296,3.50,2024-01-01,2054-01-01
LN_MSV_4826,Massive Borrower 4826,TX,384573,9.70,2024-01-01,2054-01-01
LN_MSV_4827,Massive Borrower 4827,TX,224839,6.70,2024-01-01,2054-01-01
LN_MSV_4828,Massive Borrower 4828,TX,177520,4.40,2024-01-01,2054-01-01
LN_MSV_4829,Massive Borrower 4829,TX,366965,5.20,2024-01-01,2054-01-01
LN_MSV_4830,Massive Borrower 4830,TX,408273,2.00,2024-01-01,2054-01-01
LN_MSV_4831,Massive Borrower 4831,TX,318242,1.90,2024-01-01,2054-01-01
LN_MSV_4832,Massive Borrower 4832,TX,331280,1.80,2024-01-01,2054-01-01
LN_MSV_4833,Massive Borrower 4833,TX,119477,7.70,2024-01-01,2054-01-01
LN_MSV_4834,Massive Borrower 4834,TX,461920,2.10,2024-01-01,2054-01-01
LN_MSV_4835,Massive Borrower 4835,TX,260659,6.40,2024-01-01,2054-01-01
LN_MSV_4836,Massive Borrower 4836,TX,360866,6.70,2024-01-01,2054-01-01
LN_MSV_4837,Massive Borrower 4837,TX,267373,8.00,2024-01-01,2054-01-01
LN_MSV_4838,Massive Borrower 4838,TX,114474,3.50,2024-01-01,2054-01-01
LN_MSV_4839,Massive Borrower 4839,TX,413361,8.80,2024-01-01,2054-01-01
LN_MSV_4840,Massive Borrower 4840,TX,305662,4.20,2024-01-01,2054-01-01
LN_MSV_4841,Massive Borrower 4841,TX,66116,3.60,2024-01-01,2054-01-01
LN_MSV_4842,Massive Borrower 4842,TX,437886,8.00,2024-01-01,2054-01-01
LN_MSV_4843,Massive Borrower 4843,TX,77350,6.70,2024-01-01,2054-01-01
LN_MSV_4844,Massive Borrower 4844,TX,399823,9.90,2024-01-01,2054-01-01
LN_MSV_4845,Massive Borrower 4845,TX,139071,2.00,2024-01-01,2054-01-01
LN_MSV_4846,Massive Borrower 4846,TX,72131,4.30,2024-01-01,2054-01-01
LN_MSV_4847,Massive Borrower 4847,TX,154787,8.10,2024-01-01,2054-01-01
LN_MSV_4848,Massive Borrower 4848,TX,173642,2.30,2024-01-01,2054-01-01
LN_MSV_4849,Massive Borrower 4849,TX,270203,5.40,2024-01-01,2054-01-01
LN_MSV_4850,Massive Borrower 4850,TX,125987,1.60,2024-01-01,2054-01-01
LN_MSV_4851,Massive Borrower 4851,TX,223508,4.70,2024-01-01,2054-01-01
LN_MSV_4852,Massive Borrower 4852,TX,480279,7.20,2024-01-01,2054-01-01
LN_MSV_4853,Massive Borrower 4853,TX,352757,2.70,2024-01-01,2054-01-01
LN_MSV_4854,Massive Borrower 4854,TX,340804,6.40,2024-01-01,2054-01-01
LN_MSV_4855,Massive Borrower 4855,TX,272874,9.60,2024-01-01,2054-01-01
LN_MSV_4856,Massive Borrower 4856,TX,151473,6.60,2024-01-01,2054-01-01
LN_MSV_4857,Massive Borrower 4857,TX,384158,7.20,2024-01-01,2054-01-01
LN_MSV_4858,Massive Borrower 4858,TX,116923,9.10,2024-01-01,2054-01-01
LN_MSV_4859,Massive Borrower 4859,TX,148453,9.00,2024-01-01,2054-01-01
LN_MSV_4860,Massive Borrower 4860,TX,239504,4.10,2024-01-01,2054-01-01
LN_MSV_4861,Massive Borrower 4861,TX,300885,1.80,2024-01-01,2054-01-01
LN_MSV_4862,Massive Borrower 4862,TX,75048,1.60,2024-01-01,2054-01-01
LN_MSV_4863,Massive Borrower 4863,TX,156985,2.70,2024-01-01,2054-01-01
LN_MSV_4864,Massive Borrower 4864,TX,445890,5.60,2024-01-01,2054-01-01
LN_MSV_4865,Massive Borrower 4865,TX,331569,7.20,2024-01-01,2054-01-01
LN_MSV_4866,Massive Borrower 4866,TX,344225,6.00,2024-01-01,2054-01-01
LN_MSV_4867,Massive Borrower 4867,TX,436597,3.50,2024-01-01,2054-01-01
LN_MSV_4868,Massive Borrower 4868,TX,278225,1.20,2024-01-01,2054-01-01
LN_MSV_4869,Massive Borrower 4869,TX,62406,2.30,2024-01-01,2054-01-01
LN_MSV_4870,Massive Borrower 4870,TX,207216,4.80,2024-01-01,2054-01-01
LN_MSV_4871,Massive Borrower 4871,TX,260438,7.80,2024-01-01,2054-01-01
LN_MSV_4872,Massive Borrower 4872,TX,470728,4.60,2024-01-01,2054-01-01
LN_MSV_4873,Massive Borrower 4873,TX,425938,1.90,2024-01-01,2054-01-01
LN_MSV_4874,Massive Borrower 4874,TX,141525,7.10,2024-01-01,2054-01-01
LN_MSV_4875,Massive Borrower 4875,TX,468084,2.20,2024-01-01,2054-01-01
LN_MSV_4876,Massive Borrower 4876,TX,493680,8.60,2024-01-01,2054-01-01
LN_MSV_4877,Massive Borrower 4877,TX,334835,3.80,2024-01-01,2054-01-01
LN_MSV_4878,Massive Borrower 4878,TX,403298,7.70,2024-01-01,2054-01-01
LN_MSV_4879,Massive Borrower 4879,TX,458832,6.20,2024-01-01,2054-01-01
LN_MSV_4880,Massive Borrower 4880,TX,441186,6.20,2024-01-01,2054-01-01
LN_MSV_4881,Massive Borrower 4881,TX,434445,5.40,2024-01-01,2054-01-01
LN_MSV_4882,Massive Borrower 4882,TX,433991,1.90,2024-01-01,2054-01-01
LN_MSV_4883,Massive Borrower 4883,TX,340187,7.50,2024-01-01,2054-01-01
LN_MSV_4884,Massive Borrower 4884,TX,342724,9.80,2024-01-01,2054-01-01
LN_MSV_4885,Massive Borrower 4885,TX,223747,4.40,2024-01-01,2054-01-01
LN_MSV_4886,Massive Borrower 4886,TX,379590,6.10,2024-01-01,2054-01-01
LN_MSV_4887,Massive Borrower 4887,TX,78912,4.80,2024-01-01,2054-01-01
LN_MSV_4888,Massive Borrower 4888,TX,379628,4.60,2024-01-01,2054-01-01
LN_MSV_4889,Massive Borrower 4889,TX,157036,8.20,2024-01-01,2054-01-01
LN_MSV_4890,Massive Borrower 4890,TX,237775,3.30,2024-01-01,2054-01-01
LN_MSV_4891,Massive Borrower 4891,TX,380378,10.00,2024-01-01,2054-01-01
LN_MSV_4892,Massive Borrower 4892,TX,248044,4.60,2024-01-01,2054-01-01
LN_MSV_4893,Massive Borrower 4893,TX,64266,1.30,2024-01-01,2054-01-01
LN_MSV_4894,Massive Borrower 4894,TX,345400,9.60,2024-01-01,2054-01-01
LN_MSV_4895,Massive Borrower 4895,TX,469102,6.80,2024-01-01,2054-01-01
LN_MSV_4896,Massive Borrower 4896,TX,291189,1.20,2024-01-01,2054-01-01
LN_MSV_4897,Massive Borrower 4897,TX,409139,1.40,2024-01-01,2054-01-01
LN_MSV_4898,Massive Borrower 4898,TX,165514,6.60,2024-01-01,2054-01-01
LN_MSV_4899,Massive Borrower 4899,TX,440084,8.80,2024-01-01,2054-01-01
LN_MSV_4900,Massive Borrower 4900,TX,373766,7.90,2024-01-01,2054-01-01
LN_MSV_4901,Massive Borrower 4901,TX,68330,4.30,2024-01-01,2054-01-01
LN_MSV_4902,Massive Borrower 4902,TX,324617,7.70,2024-01-01,2054-01-01
LN_MSV_4903,Massive Borrower 4903,TX,306388,5.60,2024-01-01,2054-01-01
LN_MSV_4904,Massive Borrower 4904,TX,186310,8.30,2024-01-01,2054-01-01
LN_MSV_4905,Massive Borrower 4905,TX,487510,7.40,2024-01-01,2054-01-01
LN_MSV_4906,Massive Borrower 4906,TX,254695,2.00,2024-01-01,2054-01-01
LN_MSV_4907,Massive Borrower 4907,TX,394566,2.40,2024-01-01,2054-01-01
LN_MSV_4908,Massive Borrower 4908,TX,420548,6.60,2024-01-01,2054-01-01
LN_MSV_4909,Massive Borrower 4909,TX,124048,3.00,2024-01-01,2054-01-01
LN_MSV_4910,Massive Borrower 4910,TX,272370,8.10,2024-01-01,2054-01-01
LN_MSV_4911,Massive Borrower 4911,TX,371500,5.10,2024-01-01,2054-01-01
LN_MSV_4912,Massive Borrower 4912,TX,276037,9.30,2024-01-01,2054-01-01
LN_MSV_4913,Massive Borrower 4913,TX,71934,6.30,2024-01-01,2054-01-01
LN_MSV_4914,Massive Borrower 4914,TX,442648,4.50,2024-01-01,2054-01-01
LN_MSV_4915,Massive Borrower 4915,TX,190429,7.80,2024-01-01,2054-01-01
LN_MSV_4916,Massive Borrower 4916,TX,470571,3.80,2024-01-01,2054-01-01
LN_MSV_4917,Massive Borrower 4917,TX,479268,3.90,2024-01-01,2054-01-01
LN_MSV_4918,Massive Borrower 4918,TX,266161,4.30,2024-01-01,2054-01-01
LN_MSV_4919,Massive Borrower 4919,TX,130638,3.40,2024-01-01,2054-01-01
LN_MSV_4920,Massive Borrower 4920,TX,409959,3.30,2024-01-01,2054-01-01
LN_MSV_4921,Massive Borrower 4921,TX,143208,2.40,2024-01-01,2054-01-01
LN_MSV_4922,Massive Borrower 4922,TX,460900,4.60,2024-01-01,2054-01-01
LN_MSV_4923,Massive Borrower 4923,TX,497160,4.70,2024-01-01,2054-01-01
LN_MSV_4924,Massive Borrower 4924,TX,138272,3.40,2024-01-01,2054-01-01
LN_MSV_4925,Massive Borrower 4925,TX,297846,6.90,2024-01-01,2054-01-01
LN_MSV_4926,Massive Borrower 4926,TX,483076,8.90,2024-01-01,2054-01-01
LN_MSV_4927,Massive Borrower 4927,TX,399072,10.00,2024-01-01,2054-01-01
LN_MSV_4928,Massive Borrower 4928,TX,457527,1.70,2024-01-01,2054-01-01
LN_MSV_4929,Massive Borrower 4929,TX,360248,7.50,2024-01-01,2054-01-01
LN_MSV_4930,Massive Borrower 4930,TX,143502,7.50,2024-01-01,2054-01-01
LN_MSV_4931,Massive Borrower 4931,TX,135831,9.90,2024-01-01,2054-01-01
LN_MSV_4932,Massive Borrower 4932,TX,381168,7.50,2024-01-01,2054-01-01
LN_MSV_4933,Massive Borrower 4933,TX,57378,2.50,2024-01-01,2054-01-01
LN_MSV_4934,Massive Borrower 4934,TX,326541,6.80,2024-01-01,2054-01-01
LN_MSV_4935,Massive Borrower 4935,TX,485872,4.70,2024-01-01,2054-01-01
LN_MSV_4936,Massive Borrower 4936,TX,324782,5.10,2024-01-01,2054-01-01
LN_MSV_4937,Massive Borrower 4937,TX,303120,8.20,2024-01-01,2054-01-01
LN_MSV_4938,Massive Borrower 4938,TX,165964,8.00,2024-01-01,2054-01-01
LN_MSV_4939,Massive Borrower 4939,TX,130036,6.50,2024-01-01,2054-01-01
LN_MSV_4940,Massive Borrower 4940,TX,359716,4.90,2024-01-01,2054-01-01
LN_MSV_4941,Massive Borrower 4941,TX,330684,7.50,2024-01-01,2054-01-01
LN_MSV_4942,Massive Borrower 4942,TX,232153,9.10,2024-01-01,2054-01-01
LN_MSV_4943,Massive Borrower 4943,TX,204369,4.40,2024-01-01,2054-01-01
LN_MSV_4944,Massive Borrower 4944,TX,173524,8.80,2024-01-01,2054-01-01
LN_MSV_4945,Massive Borrower 4945,TX,399316,4.50,2024-01-01,2054-01-01
LN_MSV_4946,Massive Borrower 4946,TX,312408,2.90,2024-01-01,2054-01-01
LN_MSV_4947,Massive Borrower 4947,TX,365913,6.10,2024-01-01,2054-01-01
LN_MSV_4948,Massive Borrower 4948,TX,200126,3.10,2024-01-01,2054-01-01
LN_MSV_4949,Massive Borrower 4949,TX,164097,8.10,2024-01-01,2054-01-01
LN_MSV_4950,Massive Borrower 4950,TX,495497,7.70,2024-01-01,2054-01-01
LN_MSV_4951,Massive Borrower 4951,TX,189616,6.80,2024-01-01,2054-01-01
LN_MSV_4952,Massive Borrower 4952,TX,408286,1.90,2024-01-01,2054-01-01
LN_MSV_4953,Massive Borrower 4953,TX,407884,1.60,2024-01-01,2054-01-01
LN_MSV_4954,Massive Borrower 4954,TX,50310,6.20,2024-01-01,2054-01-01
LN_MSV_4955,Massive Borrower 4955,TX,427930,7.10,2024-01-01,2054-01-01
LN_MSV_4956,Massive Borrower 4956,TX,408449,7.50,2024-01-01,2054-01-01
LN_MSV_4957,Massive Borrower 4957,TX,345297,2.90,2024-01-01,2054-01-01
LN_MSV_4958,Massive Borrower 4958,TX,52123,3.30,2024-01-01,2054-01-01
LN_MSV_4959,Massive Borrower 4959,TX,86890,7.00,2024-01-01,2054-01-01
LN_MSV_4960,Massive Borrower 4960,TX,216785,9.60,2024-01-01,2054-01-01
LN_MSV_4961,Massive Borrower 4961,TX,185396,9.70,2024-01-01,2054-01-01
LN_MSV_4962,Massive Borrower 4962,TX,55651,9.30,2024-01-01,2054-01-01
LN_MSV_4963,Massive Borrower 4963,TX,339699,3.90,2024-01-01,2054-01-01
LN_MSV_4964,Massive Borrower 4964,TX,364884,4.30,2024-01-01,2054-01-01
LN_MSV_4965,Massive Borrower 4965,TX,101383,9.70,2024-01-01,2054-01-01
LN_MSV_4966,Massive Borrower 4966,TX,431229,5.80,2024-01-01,2054-01-01
LN_MSV_4967,Massive Borrower 4967,TX,442573,1.00,2024-01-01,2054-01-01
LN_MSV_4968,Massive Borrower 4968,TX,444342,2.70,2024-01-01,2054-01-01
LN_MSV_4969,Massive Borrower 4969,TX,92678,4.80,2024-01-01,2054-01-01
LN_MSV_4970,Massive Borrower 4970,TX,408949,2.70,2024-01-01,2054-01-01
LN_MSV_4971,Massive Borrower 4971,TX,369436,6.80,2024-01-01,2054-01-01
LN_MSV_4972,Massive Borrower 4972,TX,249286,4.80,2024-01-01,2054-01-01
LN_MSV_4973,Massive Borrower 4973,TX,221147,4.00,2024-01-01,2054-01-01
LN_MSV_4974,Massive Borrower 4974,TX,300036,1.60,2024-01-01,2054-01-01
LN_MSV_4975,Massive Borrower 4975,TX,384183,8.20,2024-01-01,2054-01-01
LN_MSV_4976,Massive Borrower 4976,TX,216084,3.90,2024-01-01,2054-01-01
LN_MSV_4977,Massive Borrower 4977,TX,305606,2.80,2024-01-01,2054-01-01
LN_MSV_4978,Massive Borrower 4978,TX,145993,6.70,2024-01-01,2054-01-01
LN_MSV_4979,Massive Borrower 4979,TX,172506,3.20,2024-01-01,2054-01-01
LN_MSV_4980,Massive Borrower 4980,TX,103491,3.80,2024-01-01,2054-01-01
LN_MSV_4981,Massive Borrower 4981,TX,342367,5.60,2024-01-01,2054-01-01
LN_MSV_4982,Massive Borrower 4982,TX,190752,4.50,2024-01-01,2054-01-01
LN_MSV_4983,Massive Borrower 4983,TX,337897,4.20,2024-01-01,2054-01-01
LN_MSV_4984,Massive Borrower 4984,TX,279469,3.80,2024-01-01,2054-01-01
LN_MSV_4985,Massive Borrower 4985,TX,149904,1.10,2024-01-01,2054-01-01
LN_MSV_4986,Massive Borrower 4986,TX,77662,9.00,2024-01-01,2054-01-01
LN_MSV_4987,Massive Borrower 4987,TX,495010,3.70,2024-01-01,2054-01-01
LN_MSV_4988,Massive Borrower 4988,TX,419391,5.90,2024-01-01,2054-01-01
LN_MSV_4989,Massive Borrower 4989,TX,298833,3.70,2024-01-01,2054-01-01
LN_MSV_4990,Massive Borrower 4990,TX,180430,7.20,2024-01-01,2054-01-01
LN_MSV_4991,Massive Borrower 4991,TX,403046,1.10,2024-01-01,2054-01-01
LN_MSV_4992,Massive Borrower 4992,TX,156907,3.60,2024-01-01,2054-01-01
LN_MSV_4993,Massive Borrower 4993,TX,326644,6.30,2024-01-01,2054-01-01
LN_MSV_4994,Massive Borrower 4994,TX,438102,7.70,2024-01-01,2054-01-01
LN_MSV_4995,Massive Borrower 4995,TX,266824,1.90,2024-01-01,2054-01-01
LN_MSV_4996,Massive Borrower 4996,TX,466228,9.10,2024-01-01,2054-01-01
LN_MSV_4997,Massive Borrower 4997,TX,486558,7.50,2024-01-01,2054-01-01
LN_MSV_4998,Massive Borrower 4998,TX,181665,7.40,2024-01-01,2054-01-01
LN_MSV_4999,Massive Borrower 4999,TX,309356,2.50,2024-01-01,2054-01-01
LN_MSV_5000,Massive Borrower 5000,TX,398739,5.60,2024-01-01,2054-01-01