loan_id,borrower_name,origination_date,maturity_date,principal_balance,current_balance,interest_rate,monthly_payment,loan_status,property_type,property_state,ltv_ratio,credit_score,zip_code
LN-100001,Elizabeth Jackson,02/02/2022,02/02/2038,402000,261300,7.16,4218,30 Days Delinquent,Condo,MI,64,654,81125
LN-100002,Sarah Martinez,09/23/2023,09/23/2044,308000,218680,46.27,2338,Paid Off,Commercial,SC,57,790,91508
LN-100003,Karen Johnson,04/22/2018,04/22/2039,363000,228690,3.42,1787,60 Days Delinquent,Commercial,UT,88,683,80225
,Sarah Davis,10/01/2021,10/01/2050,817000,678110,5,3970,60 Days Delinquent,Townhouse,MN,85,745,65776
LN-100005,Susan Jackson,02/14/2020,02/14/2035,704000,675840,39.43,1735,Paid Off,Townhouse,NJ,79,689,70615
LN-100006,Jennifer Lee,09/19/2018,09/19/2013,546000,338520,7.14,2894,Current,Commercial,MA,78,660,77005
,Nancy Hernandez,03/26/2022,03/26/2038,526000,510220,5.91,2902,Paid Off,Multi Family,UT,59,679,39605
LN-100008,Kimberly Thompson,01/23/2018,01/23/2038,326000,218420,4.75,2378,Current,Townhouse,IN,72,795,39140
,Emily Garcia,06/15/2018,06/15/2046,689000,523640,3.27,2300,Current,Commercial,AL,56,729,22633
LN-100010,,08/08/2023,08/08/2041,267000,173550,6.74,2465,Current,Townhouse,TN,91,631,41784
LN-100011,Lisa Lee,04/20/2019,04/20/2040,623000,517090,-3.83,1813,Current,Condo,MO,62,808,30057
LN-100012,Richard Jones,10/02/2023,10/02/2039,629000,522070,37.06,3578,Current,Condo,IN,82,815,49245
,Barbara Moore,04/22/2020,04/22/2037,793000,697840,7.09,4426,90+ Days Delinquent,Multi Family,CO,61,812,81055
LN-100014,Jessica Thompson,01/23/2018,01/23/2041,-155000,122450,7.62,3775,30 Days Delinquent,Townhouse,MI,90,806,17140
LN-100015,Thomas Moore,09/06/2018,09/06/2044,474000,289140,3.49,1216,90+ Days Delinquent,Multi Family,KY,93,705,30030
LN-100016,Sarah Moore,11/17/2020,11/17/2045,722000,671460,-7,1269,90+ Days Delinquent,Single Family,AL,68,752,84144
LN-100017,Thomas Williams,05/21/2020,05/21/2048,492000,413280,-6.03,2154,Paid Off,Commercial,NJ,63,778,99843
LN-100018,Anthony Sanchez,03/12/2023,03/12/2046,640000,409600,4.57,4238,90+ Days Delinquent,Single Family,CO,90,784,74232
LN-100019,Mark Harris,09/14/2022,09/14/2041,182000,149240,5.72,1739,60 Days Delinquent,Multi Family,MD,77,785,97001
LN-100020,,03/07/2020,03/07/2036,557000,417750,6.93,3527,90+ Days Delinquent,Townhouse,IN,88,732,37827
LN-100021,Emily Johnson,10/23/2021,10/23/2039,410000,385400,7.15,3283,Current,Multi Family,IL,66,621,30328
LN-100022,Mary Lee,04/25/2023,04/25/2038,791000,593250,3.59,1203,60 Days Delinquent,Townhouse,FL,58,625,38610
LN-100023,Christopher Rodriguez,01/16/2019,01/16/2041,580000,411800,-5.66,2053,90+ Days Delinquent,Multi Family,MA,73,762,59922
LN-100024,Sarah Wilson,08/20/2020,08/20/2015,481000,312650,5.87,2973,60 Days Delinquent,Townhouse,OH,61,727,84363
LN-100025,Matthew Miller,11/25/2018,11/25/2042,377000,365690,4.72,1770,60 Days Delinquent,Townhouse,IN,85,812,77372
LN-100026,Susan Johnson,05/02/2021,05/02/2046,347000,329650,5.29,4397,Paid Off,Commercial,KY,69,781,45752
LN-100027,Donna Jackson,06/01/2018,06/01/2038,303000,224220,6.3,2538,30 Days Delinquent,Condo,VA,95,794,80135
,Sarah Hernandez,01/20/2022,01/20/2045,773000,479260,6.37,1288,Paid Off,Condo,MD,68,789,80356
LN-100029,Thomas Moore,04/16/2022,04/16/2039,353000,275340,4.22,4144,Paid Off,Multi Family,NC,94,794,18489
LN-100030,Paul Rodriguez,06/22/2020,06/22/2046,631000,479560,7.19,2626,Current,Single Family,california,67,656,14743
LN-100031,Michael Lee,10/13/2021,10/13/2045,152000,127680,-4.12,1462,30 Days Delinquent,Single Family,OR,79,787,70018
LN-100032,Jessica Harris,07/23/2019,07/23/2037,411000,267150,-3.38,2030,Default,Condo,NC,85,790,51935
LN-100033,Richard Johnson,01/10/2021,01/10/2016,378000,351540,4.19,1442,Default,Multi Family,MO,95,739,26011
LN-100034,Andrew White,01/24/2020,01/24/2037,-673000,545130,7.69,1268,90+ Days Delinquent,Townhouse,OH,59,804,76416
LN-100035,Ashley Davis,08/16/2018,08/16/2041,365000,262800,6.19,3330,Current,Commercial,texas,68,734,79892
,Thomas Williams,08/14/2023,08/14/2045,200000,120000,6.09,3888,Paid Off,Multi Family,VA,79,699,98097
,Barbara Brown,10/09/2019,10/09/2046,779000,724470,7.05,1967,90+ Days Delinquent,Condo,IN,75,648,95469
LN-100038,Charles Davis,08/26/2021,08/26/2051,-711000,497700,4.4,2507,Paid Off,Single Family,TX,76,683,56600
LN-100039,,02/24/2020,02/24/2041,745000,715200,7.29,2379,Default,Commercial,WI,68,629,43245
LN-100040,Karen Smith,03/06/2023,03/06/2052,507000,410670,3.49,3474,90+ Days Delinquent,Multi Family,MI,60,655,32177
LN-100041,Sandra Thompson,08/05/2021,08/05/2016,450000,288000,7.72,4218,Current,Single Family,GA,78,749,91437
LN-100042,Barbara Davis,07/07/2023,07/07/2053,393000,251520,6.38,3838,30 Days Delinquent,Townhouse,99,90,713,76244
,Patricia Perez,02/10/2019,02/10/2039,564000,507600,7.16,3426,90+ Days Delinquent,Single Family,OK,89,808,10757
LN-100044,Paul Robinson,05/21/2022,05/21/2043,428000,363800,32.65,2547,30 Days Delinquent,Condo,IL,55,738,60138
LN-100045,Sarah Miller,11/24/2019,11/24/2014,325000,315250,6.42,3540,60 Days Delinquent,Townhouse,NY,64,660,45249
LN-100046,Andrew Garcia,04/10/2022,04/10/2038,-277000,268690,6.18,4434,Default,Single Family,NY,80,665,97369
LN-100047,Donald Williams,02/16/2023,02/16/2038,285000,193800,6.18,1778,60 Days Delinquent,Commercial,texas,83,649,37245
,Michael Moore,01/06/2020,01/06/2042,399000,299250,5.11,3145,Paid Off,Single Family,SC,80,795,69402
LN-100049,Emily Williams,08/27/2021,08/27/2050,317000,215560,5.73,1351,60 Days Delinquent,Condo,fl,58,801,51798
LN-100050,Robert Lewis,09/09/2023,09/09/2047,611000,378820,4.69,3637,90+ Days Delinquent,Single Family,CA,88,725,33770
LN-100051,Sarah Smith,09/03/2018,09/03/2041,568000,403280,7.24,4245,Paid Off,Commercial,MA,58,652,67673
,Mary Garcia,09/03/2022,09/03/2043,336000,255360,5.96,2044,60 Days Delinquent,Single Family,NJ,56,632,58171
LN-100053,Sandra Johnson,09/02/2018,09/02/2034,-765000,665550,5.01,1832,Current,Multi Family,UT,58,707,84826
,Jessica Taylor,07/23/2021,07/23/2049,428000,346680,6.99,3986,60 Days Delinquent,Multi Family,NJ,78,675,13764
LN-100055,Andrew Smith,01/25/2020,01/25/2041,239000,162520,4.43,2519,Current,Condo,CT,71,774,80191
LN-100056,Betty Jones,01/14/2022,01/14/2048,687000,597690,4.98,4071,60 Days Delinquent,Multi Family,WI,63,679,39041
LN-100057,Joshua Smith,10/13/2022,10/13/2042,327000,232170,4.96,4274,Default,Commercial,MA,90,754,18189
LN-100058,Paul Smith,02/01/2021,02/01/2047,815000,668300,4.19,1792,60 Days Delinquent,Multi Family,WA,56,639,29589
,Jennifer Ramirez,09/20/2020,09/20/2046,552000,364320,6.7,3862,Paid Off,Single Family,MD,88,661,29472
LN-100060,Michael Ramirez,03/09/2021,03/09/2042,-734000,653260,5.75,2137,30 Days Delinquent,Condo,IL,89,697,28514
LN-100061,Robert Martinez,02/22/2018,02/22/2040,820000,795400,3.44,3881,60 Days Delinquent,Single Family,VA,73,799,15634
LN-100062,David Martinez,09/27/2021,09/27/2044,-208000,176800,7.67,1698,90+ Days Delinquent,Townhouse,LA,79,622,43677
LN-100063,Steven Gonzalez,08/22/2021,08/22/2043,213000,136320,4.36,1602,60 Days Delinquent,Condo,MA,83,701,89566
LN-100008,Christopher Ramirez,07/16/2020,07/16/2045,848000,780160,4.28,4087,30 Days Delinquent,Single Family,MN,61,622,85741
LN-100065,Margaret Hernandez,06/27/2019,06/27/2035,572000,469040,3.47,3261,30 Days Delinquent,Townhouse,california,77,670,68395
LN-100066,Joshua Perez,11/27/2018,11/27/2041,185000,140600,3.94,1245,Paid Off,Single Family,MI,86,649,67041
LN-100067,Anthony Clark,04/16/2020,04/16/2046,541000,346240,7.17,2900,Current,Single Family,NC,73,762,17670
LN-100068,Andrew Garcia,11/14/2021,11/14/2016,516000,319920,4.53,4230,Default,Single Family,NC,83,660,35761
LN-100069,Anthony Johnson,07/23/2020,07/23/2049,777000,722610,5.11,3137,Default,Condo,99,87,669,25434
LN-100070,James Thomas,01/12/2019,01/12/2038,-647000,420550,5.49,1606,Current,Multi Family,MN,59,640,65728
LN-100071,Mark Taylor,04/08/2019,04/08/2039,195000,187200,4.17,1208,Default,Single Family,MN,70,751,50579
LN-100072,Michelle Martin,07/22/2023,07/22/2039,273000,185640,-6.63,4394,90+ Days Delinquent,Commercial,MN,65,804,87037
,Donald Sanchez,08/01/2023,08/01/2043,466000,312220,5.09,3961,Paid Off,Condo,MN,74,727,54612
LN-100074,Emily Sanchez,07/23/2021,07/23/2048,401000,380950,-5.98,3912,30 Days Delinquent,Multi Family,OK,57,813,18247
LN-100075,Betty Perez,11/12/2019,11/12/2042,785000,549500,5.27,4436,30 Days Delinquent,Single Family,KY,81,785,90133
LN-100076,,05/10/2018,05/10/2033,209000,148390,4.97,2038,60 Days Delinquent,Single Family,CA,62,787,22979
LN-100077,Linda Taylor,09/12/2023,09/12/2039,374000,355300,4.87,4162,30 Days Delinquent,Single Family,CA,85,787,94643
LN-100078,Karen Harris,11/04/2023,11/04/2018,633000,569700,6.52,2513,90+ Days Delinquent,Condo,KY,62,775,38040
LN-100079,Thomas Lopez,06/19/2018,06/19/2037,310000,297600,5.01,1253,Current,Multi Family,WI,93,626,91172
LN-100080,Margaret Johnson,07/04/2022,07/04/2045,168000,114240,-3.28,3309,60 Days Delinquent,Condo,TX,60,708,88218
LN-100081,Elizabeth Ramirez,12/17/2021,12/17/2039,-592000,367040,5.69,1896,Paid Off,Single Family,MD,95,731,49375
LN-100082,Charles Lee,10/18/2022,10/18/2037,572000,377520,5.48,1619,Paid Off,Townhouse,OK,78,734,30546
LN-100083,Elizabeth White,08/28/2020,08/28/2040,-624000,555360,6.87,3468,Current,Townhouse,MI,87,620,66279
LN-100084,Donald Jackson,06/02/2021,06/02/2044,566000,390540,28.78,4233,Default,Multi Family,AL,93,794,73559
LN-100085,Joseph Miller,06/03/2022,06/03/2045,397000,361270,5.72,3793,60 Days Delinquent,Townhouse,CA,56,720,10788
LN-100086,Jennifer Martin,07/14/2022,07/14/2052,231000,205590,6.36,1604,Current,Single Family,GA,91,638,57895
LN-100087,,05/15/2021,05/15/2048,305000,271450,3.75,3163,Current,Single Family,IL,76,642,25608
LN-100088,Richard Taylor,10/06/2020,10/06/2043,774000,518580,4.86,3296,60 Days Delinquent,Single Family,MN,73,704,17202
,Margaret Sanchez,08/11/2020,08/11/2048,263000,223550,5.43,2156,30 Days Delinquent,Multi Family,WI,74,743,52233
LN-100090,Steven Lee,08/19/2023,08/19/2039,156000,131040,39.73,3290,Default,Multi Family,OH,86,651,28912
LN-100091,Sarah Martin,06/09/2021,06/09/2037,543000,472410,6.27,1307,Current,Multi Family,CA,66,768,12221
LN-100092,Barbara Sanchez,10/05/2023,10/05/2048,369000,265680,4.58,3268,Default,Townhouse,OH,72,754,10925
LN-100093,Margaret Anderson,08/28/2019,08/28/2041,799000,695130,5.98,3122,60 Days Delinquent,Condo,MI,72,650,47014
,Patricia Wilson,05/03/2021,05/03/2051,721000,677740,6.73,3129,Current,Townhouse,WI,84,817,16124
LN-100095,James Lee,09/21/2018,09/21/2042,331000,314450,4.28,4478,90+ Days Delinquent,Townhouse,AZ,55,700,83539
LN-100096,Kimberly White,09/28/2022,09/28/2043,634000,513540,7.46,3871,Current,Condo,NY,64,703,77157
LN-100097,Robert Sanchez,09/08/2020,09/08/2015,321000,272850,6.01,1845,90+ Days Delinquent,Townhouse,VA,89,762,95499
LN-100098,Matthew Rodriguez,08/19/2019,08/19/2045,517000,449790,3.54,2316,30 Days Delinquent,Commercial,WA,91,644,68354
LN-100099,Donald Ramirez,09/01/2023,09/01/2038,-447000,353130,5.81,4460,30 Days Delinquent,Multi Family,KY,92,759,14917
LN-100100,Barbara Lee,07/05/2022,07/05/2039,586000,474660,7.39,3674,Current,Multi Family,KY,77,740,35233
LN-100101,Karen Brown,10/17/2019,10/17/2041,624000,517920,4.44,2201,Paid Off,Townhouse,NY,73,745,99681
LN-100102,,06/09/2021,06/09/2048,647000,433490,5.58,3562,90+ Days Delinquent,Condo,FL,78,694,28349
LN-100103,Sandra Harris,09/25/2019,09/25/2034,-408000,354960,3.74,3355,Current,Townhouse,OH,90,777,13359
LN-100104,John Rodriguez,04/25/2021,04/25/2044,-380000,277400,7.28,2169,Current,Condo,UT,94,742,70228
LN-100105,Sarah Martinez,01/12/2019,01/12/2047,809000,663380,5.74,2342,Paid Off,Multi Family,MN,89,676,79096
LN-100106,,07/08/2020,07/08/2039,229000,169460,3.75,2216,90+ Days Delinquent,Condo,MN,73,655,66252
LN-100107,Paul Lee,09/28/2020,09/28/2043,350000,297500,3.68,1937,30 Days Delinquent,Commercial,OH,56,731,11570
LN-100108,James Garcia,01/22/2018,01/22/2040,763000,640920,7.5,1585,Default,Condo,MO,66,625,53690
LN-100109,Daniel Gonzalez,11/26/2021,11/26/2041,810000,704700,7.44,4285,Default,Multi Family,CO,62,805,52163
,Mary Harris,10/01/2022,10/01/2051,420000,361200,6.94,3291,30 Days Delinquent,Condo,WI,88,797,63864
LN-100111,Lisa Anderson,04/22/2022,04/22/2049,-572000,543400,5.12,2182,60 Days Delinquent,Commercial,CA,89,696,98236
LN-100112,Jessica Lewis,06/09/2018,06/09/2043,-759000,660330,4.42,2515,Default,Single Family,TN,61,787,54190
LN-100113,Margaret Martin,09/19/2021,09/19/2038,790000,553000,36.49,3480,Default,Multi Family,KY,80,714,41711
LN-100114,Robert Moore,09/22/2019,09/22/2036,237000,227520,6.32,1654,Current,Townhouse,AL,87,621,96904
LN-100115,Daniel Lewis,03/11/2020,03/11/2045,711000,511920,6.36,4285,60 Days Delinquent,Single Family,MA,95,651,70302
LN-100116,Mark Lopez,07/22/2022,07/22/2042,243000,213840,6.21,4092,60 Days Delinquent,Townhouse,KY,95,672,86515
LN-100117,Patricia Gonzalez,04/15/2018,04/15/2040,227000,183870,3.95,1511,Default,Single Family,IN,69,650,13401
LN-100118,Barbara Martinez,01/07/2018,01/07/2044,324000,288360,-6.66,1279,60 Days Delinquent,Single Family,OK,75,635,57249
,Anthony Miller,12/17/2018,12/17/2048,588000,423360,6.2,4399,60 Days Delinquent,Commercial,IL,65,662,52915
LN-100120,Christopher Jackson,07/26/2022,07/26/2044,651000,566370,3.81,3049,Current,Condo,WA,74,638,81239
LN-100121,Michael Martinez,07/13/2018,07/13/2036,213000,138450,3.29,2611,Current,Multi Family,MO,61,712,64931
LN-100122,,09/05/2023,09/05/2048,538000,333560,5.32,2688,Paid Off,Single Family,CA,57,761,98738
LN-100123,Joseph Martinez,03/18/2018,03/18/2040,540000,442800,36.91,4308,Paid Off,Commercial,UT,82,768,27612
LN-100124,Emily Rodriguez,08/18/2021,08/18/2043,728000,611520,7.07,1984,60 Days Delinquent,Condo,SC,79,721,52841
LN-100125,Betty Lee,07/27/2022,07/27/2052,671000,637450,6.36,1373,60 Days Delinquent,Multi Family,PA,90,704,26821
LN-100126,Thomas Wilson,07/04/2019,07/04/2036,203000,127890,39.67,1980,30 Days Delinquent,Multi Family,LA,86,810,14865
LN-100127,,08/06/2018,08/06/2048,348000,243600,6.93,4416,Current,Multi Family,GA,93,624,67215
LN-100063,Charles Perez,07/05/2021,07/05/2043,818000,785280,6.29,1633,90+ Days Delinquent,Townhouse,NY,77,766,36415
LN-100129,Mary Lopez,05/10/2023,05/10/2048,307000,254810,6.23,1515,60 Days Delinquent,Condo,CO,72,654,55031
LN-100130,William Davis,09/16/2021,09/16/2046,558000,541260,30.16,1472,Default,Commercial,LA,88,768,48358
LN-100131,,01/13/2020,01/13/2045,346000,231820,4.09,3763,90+ Days Delinquent,Commercial,TN,82,714,81646
LN-100047,Thomas White,04/18/2019,04/18/2042,235000,176250,7.37,4428,90+ Days Delinquent,Condo,AL,59,765,17470
LN-100133,,06/23/2023,06/23/2053,484000,319440,4.87,1789,Current,Single Family,OK,77,648,22195
LN-100134,Paul Moore,03/21/2021,03/21/2045,448000,318080,29.1,2165,60 Days Delinquent,Condo,NY,62,805,28951
LN-100135,Lisa Brown,05/14/2021,05/14/2049,336000,292320,-6.54,3089,Current,Commercial,MO,91,739,32550
LN-100136,Robert Perez,01/04/2021,01/04/2016,544000,484160,7,3643,30 Days Delinquent,Single Family,OK,67,768,60494
LN-100137,Ashley Martinez,11/12/2019,11/12/2036,639000,415350,6.88,2384,Paid Off,Condo,AL,55,776,65358
LN-100138,Kimberly Brown,11/10/2023,11/10/2045,747000,552780,30.25,3928,90+ Days Delinquent,Condo,NC,70,714,45273
LN-100139,Lisa Rodriguez,01/11/2023,01/11/2018,844000,599240,5.08,2203,Current,Commercial,TX,84,818,35957
LN-100140,Anthony Rodriguez,07/09/2022,07/09/2049,512000,348160,5.87,3061,90+ Days Delinquent,Single Family,SC,64,751,38087
LN-100141,Daniel Gonzalez,07/17/2021,07/17/2050,346000,297560,6.52,3997,Paid Off,Townhouse,GA,75,764,93576
LN-100142,Betty Sanchez,02/11/2019,02/11/2042,686000,610540,36.61,2959,Current,Townhouse,WI,95,675,38457
LN-100067,Andrew Clark,12/25/2022,12/25/2046,558000,451980,7.07,4139,30 Days Delinquent,Townhouse,FL,71,683,87280
LN-100060,James Garcia,01/17/2021,01/17/2047,343000,325850,7.15,4253,Current,Condo,NC,94,727,14011
LN-100145,Richard Thomas,06/25/2019,06/25/2043,305000,247050,6.45,2112,Current,Multi Family,99,67,786,38625
LN-100146,,05/01/2019,05/01/2039,627000,482790,4.82,2442,Current,Multi Family,CT,74,639,51261
LN-100147,Patricia Lee,02/11/2022,02/11/2052,430000,288100,6.32,2059,60 Days Delinquent,Multi Family,IN,57,818,67043
LN-100148,Michael Smith,04/28/2022,04/28/2047,157000,116180,6.9,1448,30 Days Delinquent,Commercial,OR,81,723,20535
LN-100149,John Lee,06/22/2022,06/22/2046,413000,301490,3.99,4038,30 Days Delinquent,Multi Family,FL,74,732,36225
LN-100150,Kimberly Hernandez,10/26/2023,10/26/2043,409000,282210,36.64,4481,Paid Off,Multi Family,AZ,92,721,28502
LN-100151,Michelle Jackson,04/25/2023,04/25/2047,396000,336600,4.16,2220,Default,Multi Family,TN,78,634,39164
LN-100152,Jessica Lee,01/07/2023,01/07/2042,614000,540320,4.48,1968,30 Days Delinquent,Townhouse,CO,63,733,81526
,Andrew Garcia,03/15/2019,03/15/2040,490000,362600,6.28,1247,Default,Townhouse,TN,72,800,44461
LN-100154,Mark Ramirez,08/04/2019,08/04/2049,203000,148190,5.89,3543,60 Days Delinquent,Condo,MD,56,642,16824
LN-100155,Jessica Hernandez,03/03/2023,03/03/2052,798000,494760,5.54,4482,Default,Townhouse,PA,85,727,81396
LN-100156,Emily Martinez,10/13/2023,10/13/2045,387000,243810,7.32,3618,90+ Days Delinquent,Townhouse,NY,58,814,62967
LN-100157,Linda Anderson,04/18/2021,04/18/2044,477000,443610,45.55,3122,90+ Days Delinquent,Single Family,VA,92,664,63256
LN-100158,Steven Miller,11/06/2022,11/06/2042,592000,580160,-6.68,4187,Paid Off,Single Family,VA,70,665,72205
LN-100159,Karen Harris,07/01/2019,07/01/2042,369000,280440,3.86,1873,60 Days Delinquent,Multi Family,VA,59,787,45467
LN-100160,John Anderson,05/24/2018,05/24/2043,161000,99820,4.74,4128,60 Days Delinquent,Commercial,SC,71,791,35309
LN-100161,Patricia Lewis,05/14/2022,05/14/2051,437000,397670,5.74,3491,60 Days Delinquent,Multi Family,newyork,75,635,28169
LN-100108,Patricia Anderson,09/16/2022,09/16/2039,734000,675280,4.17,3958,30 Days Delinquent,Multi Family,OR,88,741,16340
,Barbara Taylor,06/08/2022,06/08/2050,350000,276500,6.81,2168,60 Days Delinquent,Multi Family,CO,93,782,85203
LN-100164,Thomas Hernandez,08/17/2023,08/17/2041,154000,98560,-4.68,2271,90+ Days Delinquent,Commercial,SC,60,634,86950
LN-100165,Betty Martin,01/09/2020,01/09/2037,282000,194580,37.14,1529,Default,Condo,MD,69,737,72611
LN-100166,Jessica Ramirez,02/01/2022,02/01/2051,-539000,490490,6.02,3186,30 Days Delinquent,Single Family,CO,65,797,98880
LN-100167,Mark Clark,09/17/2021,09/17/2046,515000,427450,3.77,2416,Current,Commercial,PA,91,682,86802
LN-100168,Thomas Lee,01/06/2021,01/06/2046,579000,376350,4.07,2774,Default,Multi Family,OH,81,643,55528
LN-100005,Mark Thompson,10/14/2021,10/14/2051,335000,328300,6.85,2955,Default,Commercial,OK,86,656,77916
LN-100170,Michael Rodriguez,10/17/2022,10/17/2039,733000,542420,47.85,1382,Paid Off,Townhouse,UT,74,695,12399
,Jessica Martinez,11/04/2018,11/04/2034,434000,381920,7.31,4384,Paid Off,Condo,PA,58,767,32248
LN-100172,Donna Jones,11/10/2021,11/10/2041,379000,306990,3.31,3646,60 Days Delinquent,Multi Family,MN,61,820,20187
LN-100173,William Jones,12/19/2019,12/19/2036,402000,385920,6.02,4258,Current,Commercial,TN,81,712,95427
LN-100174,David Rodriguez,10/03/2018,10/03/2042,415000,402550,6.39,2303,90+ Days Delinquent,Condo,WA,66,738,69996
LN-100175,Joshua White,08/12/2019,08/12/2037,453000,294450,30.99,1508,Default,Condo,TX,66,782,46740
LN-100176,Ashley Martinez,09/24/2023,09/24/2045,781000,741950,5.24,3254,Default,Multi Family,XX,94,801,13907
LN-100177,William Thomas,11/19/2019,11/19/2040,462000,341880,3.92,1976,90+ Days Delinquent,Single Family,PA,69,701,12368
LN-100178,Steven Harris,09/03/2022,09/03/2042,-666000,639360,5.46,2540,60 Days Delinquent,Townhouse,CT,66,817,12679
LN-100179,Emily Harris,03/17/2022,03/17/2045,495000,430650,4.69,3884,60 Days Delinquent,Commercial,VA,89,666,24317
LN-100180,Ashley Miller,10/08/2023,10/08/2044,603000,566820,3.56,4353,Paid Off,Commercial,california,72,689,13813
LN-100181,Charles Williams,03/23/2020,03/23/2041,-711000,483480,4.79,1214,Paid Off,Townhouse,FL,75,661,17817
LN-100182,Lisa Martinez,04/02/2018,04/02/2034,161000,127190,-5.8,1743,Paid Off,Multi Family,MN,90,659,36268
LN-100183,Christopher Harris,07/11/2018,07/11/2013,380000,368600,7.33,4387,Paid Off,Commercial,WA,72,631,33761
LN-100184,Betty Thompson,01/15/2019,01/15/2035,758000,682200,-3.46,1772,60 Days Delinquent,Single Family,WA,66,790,27893
LN-100185,Daniel White,02/14/2023,02/14/2051,800000,584000,4.56,3871,90+ Days Delinquent,Commercial,MI,64,656,19763
LN-100186,Mark Sanchez,12/14/2022,12/14/2047,387000,274770,5.02,4154,Default,Townhouse,LA,81,743,23951
LN-100187,Richard Brown,05/23/2021,05/23/2042,156000,146640,3.49,4376,Paid Off,Multi Family,ZZ,74,695,71036
LN-100188,Nancy Jones,06/18/2022,06/18/2043,283000,217910,3.6,3354,30 Days Delinquent,Condo,CT,88,817,86160
LN-100189,Nancy Moore,10/08/2020,10/08/2049,657000,551880,5.32,2435,Paid Off,Commercial,IL,66,665,55934
LN-100190,Nancy Anderson,08/22/2019,08/22/2040,-546000,376740,5.54,2225,Current,Townhouse,MA,64,691,11874
LN-100191,Elizabeth Perez,12/17/2018,12/17/2036,819000,581490,4.62,2653,Paid Off,Townhouse,AZ,81,656,97226
LN-100192,Sarah Ramirez,04/05/2019,04/05/2014,460000,377200,7.03,2761,90+ Days Delinquent,Multi Family,OR,79,689,86675
,Paul Hernandez,07/22/2021,07/22/2036,420000,357000,6.71,3593,60 Days Delinquent,Commercial,KY,94,794,12814
LN-100194,John Thompson,06/25/2022,06/25/2017,274000,219200,3.27,1842,Paid Off,Condo,TN,68,805,99384
LN-100195,Christopher Perez,02/22/2018,02/22/2043,568000,465760,-3.88,2109,Default,Single Family,MN,67,777,15810
LN-100196,Mark Gonzalez,06/12/2022,06/12/2017,818000,695300,7.71,2806,90+ Days Delinquent,Condo,CT,87,680,45070
LN-100197,Matthew Williams,12/14/2023,12/14/2041,845000,616850,5.13,2589,30 Days Delinquent,Commercial,PA,75,712,90655
LN-100198,Donald Jones,02/21/2022,02/21/2046,632000,404480,3.6,1495,90+ Days Delinquent,Condo,NC,86,730,31461
LN-100199,Margaret Perez,03/12/2023,03/12/2049,514000,313540,5.92,3075,60 Days Delinquent,Townhouse,XX,83,814,72021
,Michael Moore,02/23/2023,02/23/2052,826000,528640,7.39,1662,Paid Off,Multi Family,VA,58,717,81742
LN-100040,Linda Smith,03/09/2019,03/09/2035,689000,654550,3.41,2339,90+ Days Delinquent,Condo,MO,58,751,83054
LN-100202,Michael White,10/19/2018,10/19/2038,-795000,771150,4.66,3277,30 Days Delinquent,Townhouse,NY,81,689,89411
LN-100203,Betty Sanchez,09/11/2019,09/11/2040,260000,234000,4.17,3878,Current,Townhouse,texas,80,795,75829
,Thomas Taylor,06/15/2023,06/15/2046,656000,459200,3.75,4038,90+ Days Delinquent,Multi Family,VA,86,746,53655
LN-100205,Steven Taylor,08/05/2019,08/05/2035,418000,317680,4.22,2856,60 Days Delinquent,Townhouse,KY,55,622,18626
LN-100206,Nancy Davis,10/20/2022,10/20/2042,578000,416160,5.61,3469,30 Days Delinquent,Commercial,SC,93,675,42007
LN-100207,Thomas Clark,01/26/2020,01/26/2040,276000,176640,6.61,1733,90+ Days Delinquent,Single Family,SC,67,688,68509
,Margaret Jackson,01/15/2019,01/15/2046,678000,406800,7.67,4383,Paid Off,Condo,CA,60,654,16977
LN-100209,Andrew Sanchez,07/10/2022,07/10/2045,258000,216720,5.6,3875,60 Days Delinquent,Multi Family,MO,69,756,66622
LN-100210,,09/07/2019,09/07/2036,766000,735360,7.53,2843,Current,Commercial,IN,83,642,97518
LN-100211,Robert Jackson,02/03/2020,02/03/2050,186000,145080,5.65,4473,Paid Off,Multi Family,LA,62,642,60940
LN-100212,Ashley Robinson,08/10/2020,08/10/2035,674000,566160,6.12,3813,Current,Multi Family,WA,66,681,12463
LN-100213,Anthony Jones,03/17/2021,03/17/2016,478000,363280,3.38,3019,30 Days Delinquent,Multi Family,OK,86,651,95859
LN-100214,Joseph Moore,03/25/2021,03/25/2016,525000,378000,6.5,1474,Current,Multi Family,CA,69,642,49704
LN-100215,Christopher Garcia,03/09/2019,03/09/2047,264000,179520,3.85,2729,Current,Single Family,MN,64,675,55333
LN-100216,Barbara Jackson,02/25/2020,02/25/2015,846000,634500,7.18,3878,Default,Commercial,PA,71,665,50974
LN-100217,William Taylor,07/08/2022,07/08/2045,-590000,531000,3.67,4248,60 Days Delinquent,Townhouse,LA,89,769,47576
LN-100218,Susan Gonzalez,07/04/2021,07/04/2044,472000,297360,5.06,2502,Default,Commercial,NC,60,719,27853
,Steven Martin,11/23/2019,11/23/2045,153000,134640,7.05,1495,Current,Townhouse,OR,83,803,83621
LN-100220,Patricia Jones,05/05/2019,05/05/2045,235000,183300,7.02,2081,60 Days Delinquent,Commercial,LA,62,628,77717
LN-100092,Joshua Jones,06/26/2018,06/26/2047,716000,544160,3.62,2232,60 Days Delinquent,Single Family,PA,71,635,19947
LN-100222,Anthony Smith,06/19/2023,06/19/2051,309000,265740,3.72,2459,60 Days Delinquent,Townhouse,MI,62,671,66688
LN-100223,Michael Rodriguez,05/22/2023,05/22/2044,208000,156000,5.68,1500,60 Days Delinquent,Townhouse,OR,89,693,26012
,Daniel Lewis,07/07/2020,07/07/2042,759000,470580,3.59,1904,Paid Off,Townhouse,IL,83,697,62503
LN-100225,Mark Thompson,04/23/2021,04/23/2044,529000,338560,-3.4,4446,30 Days Delinquent,Commercial,WI,83,726,50073
LN-100226,Sandra Ramirez,06/06/2019,06/06/2040,460000,276000,4.84,2145,30 Days Delinquent,Commercial,MO,70,707,18484
LN-100227,Michael Johnson,01/06/2018,01/06/2046,749000,621670,4.65,2576,Default,Townhouse,AZ,64,650,10834
LN-100228,Matthew Rodriguez,02/07/2019,02/07/2045,528000,501600,6.16,3676,30 Days Delinquent,Condo,PA,56,688,66312
LN-100229,Michael Thomas,04/25/2021,04/25/2046,167000,116900,4.32,3593,Current,Condo,PA,91,725,65449
LN-100230,Karen Jackson,11/19/2023,11/19/2042,223000,158330,7.19,2952,Default,Commercial,UT,63,755,61841
LN-100231,,05/20/2020,05/20/2046,542000,455280,5.63,1369,Current,Condo,NC,74,695,80216
LN-100232,Daniel Martin,01/19/2022,01/19/2045,540000,442800,6.19,1880,30 Days Delinquent,Condo,OK,94,742,93431
LN-100233,Sandra Wilson,04/09/2022,04/09/2049,816000,660960,-4.14,3843,90+ Days Delinquent,Townhouse,NJ,84,649,45025
LN-100234,Susan Harris,06/06/2020,06/06/2042,201000,192960,6.61,4253,60 Days Delinquent,Single Family,FL,58,793,98743
LN-100235,Elizabeth Martin,11/22/2018,11/22/2039,435000,321900,5.85,2930,Default,Multi Family,MI,75,632,70194
,Anthony Thomas,10/08/2022,10/08/2045,733000,681690,6.89,3386,Current,Townhouse,VA,60,747,61305
,Susan Smith,10/05/2022,10/05/2047,774000,688860,7.08,3751,Default,Multi Family,VA,79,692,39857
LN-100238,Emily Smith,07/11/2019,07/11/2046,683000,573720,5.53,1769,90+ Days Delinquent,Single Family,WA,59,705,48975
LN-100239,Matthew Taylor,07/26/2021,07/26/2040,513000,436050,37.99,3163,30 Days Delinquent,Single Family,OK,79,620,80987
LN-100240,,11/06/2018,11/06/2033,351000,249210,3.83,1327,90+ Days Delinquent,Single Family,UT,85,662,30956
LN-100241,Thomas Lopez,12/24/2022,12/24/2049,614000,460500,4.3,4159,Paid Off,Condo,NJ,62,621,98082
LN-100242,Paul Martinez,10/04/2019,10/04/2038,730000,584000,46.37,1564,Paid Off,Multi Family,WI,93,717,17034
LN-100243,Sarah Hernandez,02/05/2018,02/05/2042,549000,389790,4.51,2204,Paid Off,Multi Family,UT,88,712,94360
LN-100244,,06/25/2020,06/25/2050,232000,192560,5.85,3682,Paid Off,Single Family,UT,71,722,48729
LN-100245,Susan Gonzalez,10/04/2023,10/04/2050,628000,439600,-6.9,1226,90+ Days Delinquent,Townhouse,OK,76,796,50650
LN-100246,,06/13/2019,06/13/2048,720000,698400,6.37,3479,60 Days Delinquent,Single Family,MI,75,701,52496
LN-100247,Margaret Ramirez,06/07/2018,06/07/2044,-449000,309810,3.33,3734,60 Days Delinquent,Townhouse,GA,60,817,83767
LN-100041,John Taylor,03/01/2020,03/01/2035,317000,196540,7.4,2630,Default,Single Family,CT,64,633,66820
LN-100249,Joshua Rodriguez,04/06/2022,04/06/2039,433000,329080,6.29,2920,30 Days Delinquent,Condo,NJ,69,683,54306
LN-100250,Kimberly Moore,06/18/2021,06/18/2047,721000,620060,6.65,2633,Default,Commercial,NY,86,657,73580
LN-100251,Karen Lee,12/09/2020,12/09/2037,335000,247900,28.52,2017,Paid Off,Townhouse,TX,87,660,63533
,Susan Clark,02/16/2023,02/16/2048,791000,522060,5.27,1829,Current,Multi Family,NJ,75,621,32789
,Steven Wilson,12/20/2023,12/20/2041,338000,236600,6.09,4081,60 Days Delinquent,Commercial,LA,67,636,18117
LN-100254,Elizabeth Martinez,06/21/2022,06/21/2052,279000,195300,4.59,4277,90+ Days Delinquent,Condo,ZZ,61,770,96594
LN-100255,Donna Ramirez,01/08/2021,01/08/2040,637000,458640,-5.5,1209,Default,Multi Family,WI,62,628,60675
LN-100256,Linda Thomas,09/17/2019,09/17/2045,484000,416240,5.35,2818,60 Days Delinquent,Multi Family,XX,73,672,37723
LN-100257,Kimberly Sanchez,01/20/2022,01/20/2039,645000,445050,3.87,1748,Current,Single Family,VA,79,795,80778
LN-100108,Mary Perez,04/19/2021,04/19/2038,754000,723840,5.02,3915,Current,Townhouse,OR,59,781,91353
LN-100259,John Lopez,04/27/2019,04/27/2038,354000,293820,37.29,2018,Default,Commercial,OK,70,663,69223
LN-100005,Ashley Moore,06/23/2019,06/23/2044,272000,204000,6.99,3728,60 Days Delinquent,Commercial,NJ,92,788,87780
LN-100261,Susan Garcia,10/09/2018,10/09/2047,829000,638330,6.51,2440,90+ Days Delinquent,Condo,OR,58,756,91069
LN-100017,Patricia Martin,12/27/2019,12/27/2046,323000,277780,4.9,3308,Paid Off,Condo,NC,89,640,81886
LN-100263,Matthew Sanchez,04/25/2023,04/25/2038,532000,388360,5.37,2176,90+ Days Delinquent,Multi Family,NC,73,797,62679
LN-100264,Donna Smith,04/26/2021,04/26/2036,483000,333270,5.8,4239,Current,Single Family,OR,57,670,64497
LN-100265,,12/19/2023,12/19/2051,356000,267000,4.39,4028,Paid Off,Multi Family,AL,83,719,55939
LN-100266,Kimberly Williams,09/04/2023,09/04/2053,519000,441150,4.44,1426,30 Days Delinquent,Condo,PA,61,675,77550
LN-100267,Barbara Sanchez,08/07/2022,08/07/2045,818000,523520,3.54,1999,30 Days Delinquent,Condo,TX,59,727,58318
LN-100268,Elizabeth Williams,02/21/2019,02/21/2049,290000,266800,6.23,1805,30 Days Delinquent,Condo,MA,56,641,45388
LN-100269,Nancy Martin,11/15/2019,11/15/2036,530000,402800,-3.29,2359,30 Days Delinquent,Commercial,AL,88,783,99192
LN-100270,Jennifer Jones,12/27/2019,12/27/2037,673000,558590,42.09,2309,30 Days Delinquent,Multi Family,FL,73,755,98540
,Nancy Lopez,06/08/2019,06/08/2042,769000,530610,5.63,4112,60 Days Delinquent,Condo,UT,73,790,80463
LN-100056,Sandra Martinez,08/08/2020,08/08/2036,578000,502860,6.4,1721,60 Days Delinquent,Condo,PA,61,666,28101
LN-100273,Sandra Johnson,01/12/2020,01/12/2041,741000,689130,6.8,3132,90+ Days Delinquent,Single Family,WI,55,803,14367
LN-100274,William Clark,07/25/2022,07/25/2042,590000,519200,7.69,4322,Paid Off,Commercial,NJ,91,621,42816
LN-100275,Mary Lewis,10/12/2023,10/12/2046,767000,713310,-5.42,1627,Current,Single Family,MO,80,703,29576
LN-100276,Anthony Hernandez,04/13/2021,04/13/2042,307000,233320,7.03,2372,60 Days Delinquent,Condo,IL,87,811,67116
LN-100277,Richard Martinez,08/05/2019,08/05/2036,691000,532070,39.79,3281,Current,Single Family,OR,59,654,29217
LN-100278,Michael Robinson,06/05/2019,06/05/2037,628000,477280,3.82,3114,30 Days Delinquent,Single Family,IL,70,783,43273
LN-100279,William Jones,07/01/2022,07/01/2045,459000,440640,5.17,2850,60 Days Delinquent,Multi Family,AL,69,736,27931
LN-100280,Margaret Moore,08/07/2018,08/07/2047,365000,310250,4.56,4346,Current,Townhouse,UT,55,792,83490
LN-100281,Jennifer White,09/27/2022,09/27/2043,457000,306190,7.21,1937,Paid Off,Condo,AZ,61,678,62247
LN-100186,Michelle Rodriguez,08/02/2018,08/02/2044,458000,375560,7.53,2484,60 Days Delinquent,Multi Family,MI,55,673,80563
LN-100283,Jessica Smith,06/02/2018,06/02/2037,232000,208800,33.12,4302,Default,Single Family,IN,56,714,75661
LN-100284,Sarah Ramirez,07/01/2018,07/01/2042,672000,490560,4.11,3331,60 Days Delinquent,Condo,UT,77,637,51305
LN-100285,Andrew Rodriguez,01/11/2023,01/11/2045,811000,681240,5.46,2812,Paid Off,Single Family,IN,81,793,86542
LN-100286,Christopher Sanchez,02/23/2019,02/23/2049,467000,345580,-6.63,2657,60 Days Delinquent,Single Family,SC,67,720,95532
LN-100287,Thomas Jackson,10/16/2023,10/16/2045,575000,379500,6,3677,Paid Off,Single Family,UT,83,698,15950
LN-100288,Mary Jackson,03/14/2020,03/14/2039,-751000,593290,4.56,3200,90+ Days Delinquent,Multi Family,IN,94,659,94691
LN-100289,Jessica Martin,04/13/2023,04/13/2050,362000,289600,4.66,1531,Default,Multi Family,OK,86,746,57079
LN-100290,Joseph Perez,03/22/2022,03/22/2042,158000,102700,6.19,4141,30 Days Delinquent,Single Family,NJ,77,811,66290
LN-100291,Mark Miller,02/19/2021,02/19/2046,769000,699790,7.56,2624,Current,Townhouse,unknown,92,789,67954
LN-100292,Anthony Jackson,02/02/2020,02/02/2040,530000,333900,5.2,3225,Current,Single Family,NJ,94,664,76496
LN-100293,Michelle Brown,11/08/2023,11/08/2038,405000,275400,6.77,1955,90+ Days Delinquent,Multi Family,LA,80,703,49221
,Michelle Hernandez,01/09/2020,01/09/2045,779000,467400,4.93,4163,30 Days Delinquent,Multi Family,GA,73,677,15152
LN-100295,Emily Lopez,12/28/2023,12/28/2052,585000,432900,4.18,2357,Current,Multi Family,CT,80,681,35736
LN-100239,Steven White,11/06/2019,11/06/2035,690000,510600,6,4335,Paid Off,Multi Family,NC,80,639,56516
LN-100297,Thomas Smith,01/11/2022,01/11/2049,847000,635250,6.51,3995,30 Days Delinquent,Multi Family,LA,90,694,76221
LN-100298,Barbara Martin,06/04/2022,06/04/2040,259000,191660,-6.25,3819,Paid Off,Condo,OH,75,702,98128
LN-100299,Daniel Thomas,12/08/2023,12/08/2042,221000,154700,6.84,2247,Current,Multi Family,AZ,75,627,13830
LN-100300,Kimberly Jones,03/04/2020,03/04/2041,759000,637560,36.44,1371,Current,Single Family,KY,92,767,71778
LN-100301,Michael Ramirez,03/24/2023,03/24/2053,562000,533900,6.23,1534,Default,Condo,newyork,85,721,89089
LN-100302,Robert Lee,03/10/2018,03/10/2045,660000,501600,5.76,3781,60 Days Delinquent,Townhouse,OR,94,634,26830
LN-100303,David Moore,06/17/2018,06/17/2039,818000,531700,42.7,2871,90+ Days Delinquent,Multi Family,NJ,86,679,37453
LN-100304,Sandra Jones,07/11/2022,07/11/2048,-835000,651300,5,2498,Current,Single Family,TN,63,717,71009
LN-100305,,10/05/2018,10/05/2039,377000,335530,6.63,3925,Default,Townhouse,SC,60,776,59031
LN-100306,John Garcia,03/11/2018,03/11/2041,577000,450060,5.86,1201,Current,Condo,NY,93,759,58562
LN-100307,Richard White,10/20/2019,10/20/2045,230000,209300,4.94,2289,30 Days Delinquent,Condo,NC,81,771,58785
LN-100308,Andrew Martinez,09/12/2021,09/12/2037,656000,577280,5.87,1453,60 Days Delinquent,Single Family,fl,60,815,43253
LN-100309,Elizabeth Sanchez,09/07/2021,09/07/2042,479000,402360,5.97,3153,Current,Condo,TN,90,757,25816
LN-100310,Elizabeth Gonzalez,09/15/2023,09/15/2040,436000,361880,5.91,3821,Default,Multi Family,IL,58,658,42342
LN-100311,William Miller,06/04/2022,06/04/2046,827000,653330,37.84,2707,60 Days Delinquent,Multi Family,OH,61,746,74740
LN-100312,Mary Johnson,03/17/2021,03/17/2016,651000,618450,4.35,2471,Current,Single Family,WI,67,760,16568
LN-100313,Barbara Jackson,01/02/2018,01/02/2039,532000,361760,-5.63,2615,30 Days Delinquent,Single Family,CA,57,636,13110
LN-100314,,08/24/2021,08/24/2048,505000,338350,3.26,3905,Default,Commercial,AZ,77,628,74737
LN-100315,Elizabeth Gonzalez,05/08/2023,05/08/2018,513000,343710,5.92,2621,Default,Commercial,CO,86,620,52243
,Ashley Lee,01/25/2021,01/25/2045,430000,266600,6.97,1435,Default,Single Family,SC,91,752,11206
LN-100317,Mary Lewis,04/28/2019,04/28/2014,596000,500640,5.35,3813,Default,Commercial,AL,80,760,71160
LN-100318,Matthew Martinez,04/02/2023,04/02/2038,321000,234330,4.67,2806,30 Days Delinquent,Condo,NJ,80,666,65571
LN-100319,Linda Anderson,05/14/2023,05/14/2018,438000,367920,4.42,4330,90+ Days Delinquent,Commercial,OH,59,628,35038
LN-100320,Sandra Jackson,10/04/2022,10/04/2044,567000,532980,4.68,2683,Current,Commercial,NJ,92,676,56599
LN-100321,Michael Lewis,01/12/2021,01/12/2046,179000,137830,5.92,3722,60 Days Delinquent,Condo,VA,85,646,33994
LN-100322,Linda Jones,05/21/2021,05/21/2039,838000,662020,4.88,3527,60 Days Delinquent,Multi Family,CO,75,756,25812
LN-100323,Kimberly Clark,07/16/2023,07/16/2047,297000,255420,-3.88,1381,Current,Townhouse,UT,67,768,41392
LN-100324,David Garcia,09/18/2020,09/18/2036,369000,302580,-6.1,2619,Default,Commercial,TN,83,702,99028
LN-100325,Kimberly Brown,08/11/2022,08/11/2041,250000,207500,6.88,2186,60 Days Delinquent,Multi Family,OK,76,622,40978
LN-100326,David Martinez,09/13/2020,09/13/2015,438000,363540,6.73,2177,Paid Off,Multi Family,MD,70,685,88545
LN-100327,Christopher Harris,01/21/2018,01/21/2040,201000,150750,4.58,2551,30 Days Delinquent,Commercial,IN,91,750,69472
LN-100328,Matthew Johnson,07/28/2018,07/28/2047,241000,216900,4.4,2787,Current,Commercial,AL,89,733,46417
LN-100329,Matthew Sanchez,02/25/2020,02/25/2041,-364000,305760,3.71,1676,Default,Commercial,OR,78,783,96271
LN-100330,Donna Williams,05/11/2020,05/11/2047,276000,212520,5.34,3679,30 Days Delinquent,Multi Family,XX,61,710,67258
LN-100331,Joseph Lee,07/07/2018,07/07/2040,593000,391380,5.1,4319,Paid Off,Single Family,TN,68,718,91350
LN-100332,Steven Garcia,08/22/2020,08/22/2044,849000,636750,45.72,3162,Paid Off,Multi Family,KY,80,624,85180
LN-100333,Andrew Lee,09/04/2018,09/04/2044,697000,508810,3.37,1875,Default,Condo,LA,76,696,88337
LN-100334,Richard Taylor,06/21/2019,06/21/2034,173000,148780,3.99,1635,Default,Single Family,IL,95,768,14061
,Sarah Clark,02/27/2022,02/27/2037,544000,456960,3.63,2006,Paid Off,Condo,MI,64,789,51293
LN-100336,Lisa Thomas,09/15/2023,09/15/2046,327000,232170,5.39,4282,30 Days Delinquent,Townhouse,LA,56,807,40473
LN-100337,Joseph Taylor,10/02/2018,10/02/2041,801000,560700,5.35,2662,30 Days Delinquent,Commercial,CA,68,629,90841
LN-100338,Steven Wilson,03/12/2023,03/12/2038,495000,410850,-4.13,2427,Default,Multi Family,TX,72,764,29627
LN-100339,Susan Harris,04/10/2018,04/10/2035,543000,396390,-6.5,2707,Default,Condo,MN,67,638,58990
LN-100113,Barbara Davis,09/08/2023,09/08/2043,491000,382980,6.73,1269,90+ Days Delinquent,Commercial,IL,85,784,67559
LN-100341,Nancy Sanchez,08/27/2021,08/27/2036,804000,554760,5.21,1641,Default,Townhouse,california,87,752,94120
LN-100342,Christopher Harris,03/02/2021,03/02/2042,528000,337920,4.11,1704,60 Days Delinquent,Single Family,IL,92,664,88103
LN-100343,Donna Martin,09/06/2019,09/06/2014,771000,585960,4.69,2322,Default,Commercial,NJ,85,786,69059
LN-100344,Elizabeth Martinez,05/22/2021,05/22/2016,212000,144160,6.24,2657,Paid Off,Commercial,KY,84,740,90761
LN-100345,Mark Lewis,12/14/2021,12/14/2046,471000,433320,4.71,2707,30 Days Delinquent,Condo,NJ,81,709,99545
LN-100346,Elizabeth Johnson,10/25/2022,10/25/2017,335000,244550,4.69,4322,Paid Off,Townhouse,TX,95,701,16327
LN-100347,Andrew Moore,12/09/2021,12/09/2042,784000,674240,-4.35,2148,90+ Days Delinquent,Condo,MI,74,711,85620
LN-100348,Richard Lee,01/04/2020,01/04/2038,505000,378750,5.29,4165,Default,Townhouse,AL,62,685,57735
LN-100284,William Jones,05/08/2023,05/08/2052,798000,550620,6.59,3196,Current,Townhouse,OH,78,817,89314
LN-100350,Andrew Lewis,01/24/2023,01/24/2051,819000,606060,7.51,2806,Current,Single Family,MN,63,720,19339
LN-100351,Nancy Clark,01/12/2023,01/12/2044,592000,562400,7.21,3177,90+ Days Delinquent,Single Family,NJ,57,739,72060
LN-100352,,02/03/2020,02/03/2042,441000,304290,6.45,2663,Default,Multi Family,GA,71,797,16775
LN-100353,Elizabeth Smith,10/20/2019,10/20/2036,534000,341760,5.09,1882,Current,Single Family,OR,79,634,77935
LN-100354,Sandra Martinez,08/19/2020,08/19/2038,336000,288960,7.59,1823,Current,Condo,WI,72,752,73470
LN-100355,Elizabeth Gonzalez,04/16/2018,04/16/2034,-188000,139120,5.23,3394,Default,Multi Family,MI,71,760,85966
LN-100356,Matthew Perez,01/19/2022,01/19/2017,686000,589960,5.01,1588,90+ Days Delinquent,Commercial,GA,59,634,34236
LN-100357,Michael Gonzalez,02/17/2018,02/17/2033,476000,390320,6.81,2756,30 Days Delinquent,Townhouse,OK,92,755,55997
LN-100358,Michael White,05/13/2020,05/13/2039,796000,772120,-6.23,2984,60 Days Delinquent,Condo,MD,94,733,74580
LN-100359,Anthony Taylor,05/21/2019,05/21/2038,654000,529740,3.55,4418,30 Days Delinquent,Multi Family,AL,90,777,40356
,Steven Garcia,10/18/2020,10/18/2043,344000,220160,3.9,1516,90+ Days Delinquent,Condo,OR,88,807,70766
LN-100361,Joseph Lewis,04/25/2020,04/25/2044,518000,466200,4.24,1980,Paid Off,Multi Family,TN,56,743,44004
LN-100362,Robert Lee,02/24/2021,02/24/2044,690000,462300,-4.24,2220,Default,Commercial,VA,61,817,39300
LN-100363,,12/11/2022,12/11/2042,355000,280450,3.76,2081,30 Days Delinquent,Single Family,GA,62,680,35591
LN-100364,Thomas Martinez,06/05/2019,06/05/2035,-469000,375200,4.4,4190,90+ Days Delinquent,Townhouse,VA,71,809,59846
LN-100365,Lisa Brown,09/17/2020,09/17/2035,560000,520800,5.54,2764,30 Days Delinquent,Condo,FL,87,636,21477
LN-100366,Donna Clark,12/28/2021,12/28/2048,671000,483120,5.45,2932,Current,Single Family,OH,58,819,59391
LN-100120,Barbara Thompson,12/04/2019,12/04/2034,684000,588240,7.63,4359,30 Days Delinquent,Condo,GA,56,648,21608
LN-100368,Susan Clark,04/21/2019,04/21/2014,210000,151200,5.59,2230,Default,Commercial,MI,58,685,79837
,Donna Davis,04/28/2021,04/28/2046,488000,395280,3.99,2587,30 Days Delinquent,Multi Family,CO,90,642,97931
LN-100370,Charles Martin,08/17/2023,08/17/2044,-173000,119370,6.71,3953,Paid Off,Townhouse,AL,93,671,35484
LN-100371,Paul Brown,07/15/2021,07/15/2041,769000,645960,-3.93,3078,Paid Off,Condo,CA,59,789,45204
LN-100177,Joseph Hernandez,11/23/2018,11/23/2039,815000,725350,7.37,3473,30 Days Delinquent,Commercial,WA,75,691,55030
LN-100373,Jennifer Robinson,02/08/2020,02/08/2038,299000,227240,7.36,3208,90+ Days Delinquent,Multi Family,MN,68,792,51475
LN-100374,Paul Taylor,07/14/2019,07/14/2042,438000,385440,6.13,1412,Current,Single Family,LA,94,634,30674
LN-100375,Daniel Williams,08/15/2019,08/15/2034,619000,458060,6.06,2912,Default,Multi Family,WI,90,732,97711
LN-100376,Lisa Wilson,06/23/2019,06/23/2043,802000,641600,6.83,3703,90+ Days Delinquent,Multi Family,NJ,55,790,67143
LN-100377,Robert Ramirez,02/28/2019,02/28/2039,491000,422260,33.02,2736,Paid Off,Commercial,OK,87,815,55294
LN-100378,Robert Brown,03/22/2019,03/22/2040,-433000,303100,5.68,3572,Default,Townhouse,GA,89,748,91466
,Mark White,07/07/2018,07/07/2042,446000,330040,6.03,3938,Paid Off,Single Family,WI,82,788,20195
LN-100380,Jessica Robinson,01/14/2020,01/14/2046,330000,310200,3.53,2062,Default,Condo,IL,80,745,73928
LN-100381,Donna Gonzalez,07/16/2022,07/16/2042,192000,128640,6.93,2215,Current,Multi Family,FL,92,692,93730
LN-100382,Michael Lewis,02/27/2023,02/27/2038,294000,217560,-4.07,2876,90+ Days Delinquent,Commercial,AZ,57,757,70559
LN-100383,Margaret Anderson,05/12/2018,05/12/2042,569000,369850,5.03,1431,Current,Townhouse,CO,87,630,55373
LN-100384,Joshua Garcia,08/27/2021,08/27/2041,794000,571680,5.19,1666,60 Days Delinquent,Townhouse,VA,95,679,86769
LN-100385,Donald Harris,04/10/2018,04/10/2046,709000,489210,5.62,2351,90+ Days Delinquent,Commercial,MO,60,648,44618
LN-100386,Michael White,12/15/2018,12/15/2037,462000,309540,35.16,2717,Current,Multi Family,WI,60,755,25066
LN-100387,Elizabeth Harris,10/03/2023,10/03/2046,421000,395740,4.55,2409,Current,Commercial,KY,94,706,76571
LN-100388,,01/25/2019,01/25/2036,318000,209880,6.54,1611,Default,Condo,NJ,77,813,63918
LN-100389,John Perez,08/05/2020,08/05/2041,837000,778410,3.35,1524,Default,Multi Family,99,58,817,34819
,Michelle Johnson,08/09/2019,08/09/2044,556000,467040,6.66,3200,90+ Days Delinquent,Condo,PA,92,656,74536
LN-100391,Joshua Ramirez,06/20/2020,06/20/2047,225000,180000,4.01,4454,30 Days Delinquent,Multi Family,GA,72,713,53208
,Matthew Hernandez,05/17/2021,05/17/2048,517000,423940,4.34,2300,Current,Multi Family,OH,55,781,17631
LN-100393,Matthew White,02/02/2021,02/02/2039,478000,286800,32.77,1291,30 Days Delinquent,Townhouse,PA,68,817,49842
LN-100394,Daniel Miller,10/14/2021,10/14/2048,214000,205440,4.98,1831,Current,Townhouse,CO,77,792,84901
,Emily Perez,01/08/2019,01/08/2048,433000,398360,5.28,2785,60 Days Delinquent,Townhouse,IN,65,651,42466
LN-100396,,07/09/2022,07/09/2043,263000,234070,6.51,3048,Default,Single Family,CA,80,674,58904
,Andrew Perez,11/10/2022,11/10/2047,245000,151900,3.91,1634,Default,Single Family,FL,94,633,38571
LN-100398,Elizabeth Williams,07/19/2022,07/19/2046,774000,657900,4.72,1486,Default,Multi Family,WA,66,640,63220
LN-100399,James Miller,02/15/2022,02/15/2046,758000,613980,6.69,4031,30 Days Delinquent,Townhouse,IN,78,812,20222
LN-100400,,05/07/2020,05/07/2040,849000,526380,5.69,4386,Paid Off,Commercial,NY,82,712,25498
LN-100401,Anthony Garcia,03/27/2021,03/27/2051,708000,608880,6.16,4142,60 Days Delinquent,Multi Family,MO,57,721,97766
,Emily Jones,03/23/2022,03/23/2045,339000,206790,4.13,1856,30 Days Delinquent,Single Family,WI,79,633,22114
,Jennifer Hernandez,06/13/2018,06/13/2047,370000,340400,7.04,2317,Paid Off,Townhouse,PA,55,663,15288
LN-100404,Margaret Johnson,02/04/2020,02/04/2044,834000,567120,4.13,4203,Paid Off,Townhouse,california,60,704,81007
LN-100405,,03/07/2022,03/07/2046,798000,534660,3.48,2628,Paid Off,Multi Family,MA,68,735,63632
LN-100406,Richard Anderson,08/05/2019,08/05/2045,774000,549540,3.94,2488,Paid Off,Condo,MI,79,722,13400
LN-100407,Ashley Sanchez,05/18/2023,05/18/2044,692000,470560,5,3529,Paid Off,Multi Family,TN,82,639,93953
LN-100408,Jennifer Jones,04/17/2022,04/17/2051,436000,418560,4.47,1769,90+ Days Delinquent,Single Family,MI,72,776,74819
LN-100409,,08/10/2020,08/10/2036,595000,499800,7.04,1703,Default,Condo,PA,79,796,63025
LN-100410,Steven Brown,02/23/2018,02/23/2043,525000,462000,4.7,1510,30 Days Delinquent,Commercial,TN,74,722,61923
LN-100411,Susan Smith,09/02/2018,09/02/2045,502000,381520,-4.09,2680,30 Days Delinquent,Condo,AL,90,726,49334
LN-100412,William Martin,11/05/2018,11/05/2042,423000,317250,3.79,1256,60 Days Delinquent,Single Family,OR,81,705,97032
LN-100413,Sandra Anderson,10/28/2023,10/28/2046,263000,168320,4.46,2883,60 Days Delinquent,Commercial,GA,84,651,65274
LN-100414,,10/16/2020,10/16/2048,368000,287040,5.12,4149,90+ Days Delinquent,Commercial,CO,81,737,53530
LN-100125,Donald Jones,01/28/2022,01/28/2041,508000,365760,5.45,3645,Current,Townhouse,WI,55,749,71300
LN-100416,Patricia Taylor,10/18/2019,10/18/2036,-516000,366360,4.66,4084,30 Days Delinquent,Multi Family,SC,84,644,30647
LN-100417,Anthony Perez,11/03/2020,11/03/2044,150000,102000,3.95,3225,90+ Days Delinquent,Condo,FL,82,643,56913
LN-100418,Margaret Harris,08/18/2019,08/18/2038,157000,109900,3.95,2781,Default,Multi Family,fl,67,719,40756
LN-100419,Michelle Anderson,05/24/2021,05/24/2041,816000,685440,6.97,2662,30 Days Delinquent,Townhouse,MN,71,816,47548
LN-100420,Donald Harris,04/28/2019,04/28/2045,306000,253980,5.35,1797,Default,Commercial,fl,95,698,99473
LN-100421,Matthew Ramirez,09/21/2022,09/21/2050,583000,524700,4.15,4423,Default,Condo,OK,82,691,27813
LN-100422,Susan Wilson,11/10/2020,11/10/2045,662000,450160,4.68,2037,Paid Off,Townhouse,MI,88,697,92493
,Emily Sanchez,12/22/2018,12/22/2036,520000,379600,5.24,3265,Current,Multi Family,IL,93,712,93945
,Jessica Jackson,03/24/2018,03/24/2044,232000,171680,7.25,4059,30 Days Delinquent,Single Family,UT,56,692,18255
LN-100425,Mary Lee,03/27/2022,03/27/2037,781000,718520,4.05,3454,60 Days Delinquent,Condo,NC,68,622,59018
LN-100426,Kimberly Robinson,11/12/2023,11/12/2051,647000,608180,6.42,3384,Current,Commercial,NY,76,669,75891
LN-100427,Sarah Jones,07/01/2021,07/01/2038,459000,408510,6.66,3396,Current,Multi Family,IN,70,695,28416
LN-100428,Jennifer Miller,03/26/2018,03/26/2048,474000,312840,-6.95,2568,90+ Days Delinquent,Single Family,OR,73,815,57612
LN-100429,Jessica Thomas,03/06/2023,03/06/2044,562000,393400,32.8,4079,30 Days Delinquent,Commercial,NY,86,788,60579
,Michael Lee,03/02/2021,03/02/2041,293000,254910,6.97,2133,60 Days Delinquent,Condo,AZ,95,704,89067
,Sandra Martin,12/04/2020,12/04/2036,541000,340830,4.23,2856,Default,Single Family,TX,68,793,34771
LN-100432,Jessica Clark,12/14/2021,12/14/2043,187000,177650,5.06,1569,Paid Off,Condo,OH,65,804,32203
LN-100433,Mark Martinez,10/12/2019,10/12/2044,225000,168750,4.07,3114,Default,Condo,LA,74,763,79127
LN-100434,Richard Jackson,08/20/2021,08/20/2040,-828000,563040,4.36,3653,Current,Townhouse,MI,76,625,28494
LN-100435,Emily Miller,02/16/2023,02/16/2041,803000,610280,5.05,2301,60 Days Delinquent,Condo,FL,62,746,82307
LN-100436,David Gonzalez,04/17/2019,04/17/2049,167000,158650,45.11,1601,Current,Multi Family,NJ,81,785,47321
LN-100437,Michael Moore,01/10/2022,01/10/2048,770000,523600,41.46,4048,Default,Condo,GA,92,752,97258
LN-100438,Joshua Wilson,10/16/2020,10/16/2049,737000,633820,-5.6,3387,Default,Townhouse,KY,70,652,45998
,Sarah Sanchez,05/16/2020,05/16/2037,220000,176000,7.65,3168,Default,Single Family,FL,86,632,85078
LN-100440,Richard Rodriguez,08/14/2020,08/14/2050,267000,184230,5.11,2252,Default,Commercial,OR,59,684,97970
LN-100441,Robert Johnson,02/04/2021,02/04/2043,810000,599400,-5.85,2625,60 Days Delinquent,Condo,IN,80,645,28876
LN-100442,Betty Lee,01/11/2018,01/11/2033,209000,188100,3.96,3668,30 Days Delinquent,Townhouse,GA,90,686,39674
,Thomas Martinez,11/05/2023,11/05/2042,720000,496800,3.91,3473,60 Days Delinquent,Townhouse,VA,67,792,77311
LN-100444,Joshua Anderson,09/13/2018,09/13/2047,274000,200020,5.39,2875,60 Days Delinquent,Condo,california,63,748,63264
LN-100445,Susan Anderson,09/12/2020,09/12/2049,536000,343040,5.41,3383,90+ Days Delinquent,Commercial,LA,81,665,67338
LN-100446,Lisa Thomas,07/05/2021,07/05/2042,694000,659300,4.86,3253,90+ Days Delinquent,Single Family,GA,92,653,83365
LN-100158,Steven Taylor,09/14/2020,09/14/2041,712000,655040,4.95,2759,Default,Multi Family,OH,59,654,80664
LN-100448,Patricia Wilson,03/14/2023,03/14/2044,414000,252540,6.3,1776,Default,Townhouse,UT,77,789,16655
LN-100449,Mark Smith,01/19/2020,01/19/2050,519000,389250,3.32,2970,Current,Multi Family,PA,61,715,75569
LN-100450,Andrew Jackson,10/19/2022,10/19/2043,547000,475890,3.72,2978,Paid Off,Commercial,TN,81,663,20185
LN-100451,Lisa Lewis,11/19/2020,11/19/2043,-762000,670560,6.39,4290,Default,Single Family,MO,69,756,84312
,David Robinson,08/24/2018,08/24/2048,297000,261360,5.31,4244,Default,Condo,FL,79,713,15233
LN-100453,Richard Lewis,06/20/2022,06/20/2048,609000,414120,47.38,2987,90+ Days Delinquent,Townhouse,VA,95,752,93432
LN-100454,Michelle Lee,09/16/2021,09/16/2044,503000,442640,4.38,2690,Default,Condo,FL,76,703,90867
LN-100455,Sandra Hernandez,03/25/2018,03/25/2013,233000,142130,7.63,3368,Current,Commercial,MO,94,743,26806
LN-100456,Emily Harris,09/22/2021,09/22/2051,368000,228160,5.36,4142,90+ Days Delinquent,Condo,NY,78,699,32074
LN-100288,Linda Clark,12/08/2023,12/08/2048,721000,439810,4.97,2147,30 Days Delinquent,Condo,IL,60,693,26687
LN-100458,Thomas Lewis,12/03/2023,12/03/2039,-526000,389240,5.94,3702,60 Days Delinquent,Condo,MD,56,649,57271
,David Perez,12/26/2023,12/26/2048,608000,383040,3.27,2243,Default,Townhouse,KY,55,783,14216
LN-100460,Jessica Rodriguez,12/01/2020,12/01/2040,216000,192240,4.38,2685,90+ Days Delinquent,Condo,IL,59,756,72725
LN-100461,Anthony Smith,12/21/2020,12/21/2045,249000,201690,5.12,2617,60 Days Delinquent,Single Family,NC,81,636,85543
LN-100462,Kimberly Lee,01/23/2023,01/23/2051,511000,429240,5.75,1524,90+ Days Delinquent,Townhouse,TN,72,620,51122
LN-100463,Robert Thomas,01/03/2021,01/03/2037,554000,415500,7.3,3152,Current,Townhouse,NC,77,673,67623
LN-100464,Lisa White,11/15/2022,11/15/2047,668000,527720,6.83,4271,30 Days Delinquent,Condo,TN,56,696,36386
LN-100465,Kimberly Lopez,10/23/2020,10/23/2050,692000,449800,-4.62,2700,30 Days Delinquent,Commercial,CA,55,663,71277
LN-100466,Jennifer Hernandez,09/18/2021,09/18/2036,428000,402320,3.31,1627,60 Days Delinquent,Multi Family,CA,93,800,25025
LN-100467,Elizabeth Clark,11/21/2021,11/21/2043,-479000,440680,7.04,3273,Paid Off,Commercial,NY,58,809,68411
LN-100468,Donald Moore,06/23/2020,06/23/2041,557000,456740,-5.57,1824,Paid Off,Townhouse,PA,79,660,78801
LN-100469,Sarah Lopez,06/02/2022,06/02/2040,164000,109880,3.62,4218,90+ Days Delinquent,Multi Family,unknown,57,790,31210
LN-100470,Donna Garcia,03/08/2023,03/08/2045,540000,399600,6.51,3230,Paid Off,Multi Family,OR,55,687,42285
LN-100471,Sarah Robinson,02/14/2019,02/14/2043,304000,291840,-4.6,1782,90+ Days Delinquent,Commercial,UT,68,796,59563
,Mark Brown,05/03/2021,05/03/2041,611000,501020,6.16,4372,30 Days Delinquent,Commercial,IN,76,722,80672
LN-100473,Christopher Gonzalez,03/04/2020,03/04/2042,345000,220800,5.04,3826,90+ Days Delinquent,Single Family,VA,88,665,78542
LN-100474,Donna Johnson,12/22/2020,12/22/2045,247000,185250,7.48,2140,Current,Townhouse,CA,93,692,98030
LN-100475,Barbara Harris,06/02/2022,06/02/2049,284000,258440,4.69,4096,30 Days Delinquent,Multi Family,MN,68,707,78157
LN-100399,Lisa Robinson,06/10/2018,06/10/2035,698000,488600,4.56,2228,60 Days Delinquent,Multi Family,AZ,75,745,49928
LN-100477,Ashley Clark,01/20/2021,01/20/2047,-704000,471680,6.29,4459,30 Days Delinquent,Condo,MA,64,802,43075
LN-100478,Charles Lee,10/06/2021,10/06/2037,572000,480480,-5.23,3365,60 Days Delinquent,Condo,PA,60,801,79029
LN-100479,Donald Thomas,09/11/2022,09/11/2048,506000,339020,4.75,1794,30 Days Delinquent,Commercial,CT,66,769,60835
LN-100480,Thomas Davis,09/07/2022,09/07/2045,846000,651420,7.69,2870,Current,Single Family,XX,91,664,19774
LN-100481,Betty Anderson,03/18/2021,03/18/2047,-568000,528240,7.13,1458,60 Days Delinquent,Townhouse,WA,94,691,97135
LN-100482,Paul Thomas,01/28/2022,01/28/2047,703000,667850,6.39,1778,90+ Days Delinquent,Townhouse,PA,63,648,19284
LN-100483,,07/04/2021,07/04/2038,333000,236430,7.07,3239,Default,Multi Family,MA,73,621,49868
LN-100484,Barbara Gonzalez,05/10/2021,05/10/2050,374000,340340,3.82,3858,30 Days Delinquent,Townhouse,99,92,784,95765
LN-100485,James Sanchez,12/27/2022,12/27/2047,206000,195700,-5.71,4106,Current,Multi Family,MA,77,696,52712
LN-100486,Paul Davis,08/08/2018,08/08/2046,-290000,243600,4.01,2455,Current,Townhouse,MA,86,684,96043
LN-100487,Anthony Harris,09/26/2019,09/26/2043,-755000,649300,5,4263,Paid Off,Commercial,PA,91,644,56941
LN-100488,,12/15/2018,12/15/2039,273000,232050,5.42,3039,90+ Days Delinquent,Commercial,MA,85,817,57948
LN-100489,Karen Garcia,01/05/2018,01/05/2034,253000,151800,-5.49,3634,Default,Condo,MO,87,655,68053
LN-100490,Joshua Wilson,01/09/2023,01/09/2044,424000,296800,35.24,2089,Default,Townhouse,AL,94,798,77565
LN-100491,Kimberly Taylor,12/17/2022,12/17/2017,320000,195200,6.78,2916,Paid Off,Commercial,CT,66,714,36314
LN-100492,Mary Smith,06/08/2023,06/08/2053,849000,764100,5.42,2399,Default,Townhouse,CT,87,722,66772
LN-100493,Donald Martin,04/27/2021,04/27/2038,-671000,644160,3.66,3524,Current,Multi Family,MD,93,725,78245
LN-100494,Michael Martinez,10/11/2020,10/11/2047,804000,546720,4.89,3939,30 Days Delinquent,Condo,AZ,67,677,23751
LN-100434,Michael Brown,07/15/2023,07/15/2042,657000,420480,6.37,2627,Default,Townhouse,SC,56,745,16883
LN-100496,Barbara Hernandez,09/06/2023,09/06/2052,577000,398130,40.53,2749,Paid Off,Condo,WI,65,804,22942
LN-100497,Matthew Harris,09/28/2023,09/28/2046,827000,719490,5.98,3286,90+ Days Delinquent,Condo,NJ,82,626,91395
LN-100498,Mary Brown,12/09/2021,12/09/2041,402000,261300,3.66,1727,Paid Off,Townhouse,unknown,71,663,99141
LN-100499,Margaret Harris,06/06/2022,06/06/2041,762000,723900,4.15,1575,60 Days Delinquent,Commercial,OK,79,809,73939
LN-100500,,07/21/2020,07/21/2044,587000,522430,5.21,4338,Paid Off,Multi Family,KY,81,812,67414
LN-100501,,11/21/2021,11/21/2037,304000,218880,5.77,2551,90+ Days Delinquent,Commercial,CO,67,642,79728
LN-100502,Donna Rodriguez,10/05/2021,10/05/2044,151000,135900,4.02,3423,30 Days Delinquent,Commercial,WI,72,635,45418
LN-100503,Joseph Perez,02/09/2022,02/09/2046,-390000,354900,4.37,3169,60 Days Delinquent,Single Family,TN,92,670,44902
LN-100504,Matthew Rodriguez,01/12/2020,01/12/2038,-305000,277550,5.15,3146,Paid Off,Commercial,LA,59,770,95060
LN-100505,Betty Brown,12/03/2022,12/03/2042,414000,380880,-3.34,1547,90+ Days Delinquent,Multi Family,WI,93,709,41421
LN-100506,Joshua Harris,05/24/2019,05/24/2037,267000,234960,5.69,4423,Current,Commercial,LA,79,691,17142
LN-100507,Joseph Rodriguez,10/08/2018,10/08/2048,391000,316710,43.55,2750,Paid Off,Commercial,IL,84,671,88996
LN-100508,Joseph Johnson,06/24/2019,06/24/2014,455000,395850,5.91,3246,Default,Condo,NY,81,820,63722
LN-100509,Elizabeth Wilson,02/06/2023,02/06/2047,525000,409500,6.34,2989,30 Days Delinquent,Commercial,FL,81,647,89327
LN-100510,Sarah White,01/24/2020,01/24/2037,550000,473000,5.13,1942,30 Days Delinquent,Single Family,MN,65,706,51118
,Steven Smith,02/26/2018,02/26/2034,756000,657720,5.1,1610,Default,Condo,IL,89,818,51496
LN-100512,Robert Taylor,12/04/2023,12/04/2045,180000,138600,-6,3658,30 Days Delinquent,Condo,MA,63,759,53700
LN-100513,Michelle Martinez,05/09/2018,05/09/2034,551000,484880,4.44,1528,60 Days Delinquent,Commercial,MN,80,645,32679
,Mark Martin,12/02/2020,12/02/2038,203000,178640,7.65,2504,Default,Multi Family,MA,84,756,72104
LN-100515,Michelle Miller,08/14/2018,08/14/2036,637000,560560,4.17,1341,60 Days Delinquent,Multi Family,OH,83,658,79464
LN-100516,Karen Martin,10/04/2022,10/04/2050,336000,285600,7,1238,90+ Days Delinquent,Single Family,MD,66,809,99500
LN-100517,Richard Martinez,03/21/2020,03/21/2045,220000,143000,7.49,2786,90+ Days Delinquent,Townhouse,WI,56,757,82515
,Mary Garcia,11/19/2021,11/19/2042,520000,442000,4.08,4097,60 Days Delinquent,Townhouse,MI,75,715,73216
,Betty Lopez,04/07/2022,04/07/2041,169000,163930,5.84,3867,Current,Condo,PA,65,647,89464
LN-100520,Mary Brown,12/10/2018,12/10/2013,681000,544800,5.06,1364,30 Days Delinquent,Condo,CO,94,712,82588
LN-100521,Sandra Clark,06/23/2023,06/23/2052,429000,398970,3.29,3792,Default,Single Family,SC,56,669,40599
LN-100509,William Ramirez,04/03/2023,04/03/2051,612000,563040,4.32,1995,Paid Off,Commercial,CT,55,808,55635
LN-100523,Susan Jackson,07/19/2019,07/19/2044,-295000,218300,4.74,2377,90+ Days Delinquent,Condo,CT,80,778,49142
LN-100524,Mark Jones,01/07/2023,01/07/2047,706000,593040,-4.97,2129,90+ Days Delinquent,Townhouse,TN,73,624,31929
LN-100525,Karen Martinez,04/26/2020,04/26/2037,193000,162120,-7.13,2441,Default,Single Family,CO,67,645,65803
,Susan Lewis,11/02/2018,11/02/2042,704000,584320,5.06,2889,Current,Commercial,CA,91,755,85614
LN-100527,Jennifer Jones,01/15/2022,01/15/2042,255000,191250,6.99,1465,90+ Days Delinquent,Condo,TN,56,699,16422
LN-100528,Nancy Brown,12/07/2022,12/07/2045,542000,346880,-6.15,1968,60 Days Delinquent,Multi Family,WI,70,777,15884
LN-100529,Andrew Thompson,06/14/2021,06/14/2051,755000,566250,4.3,2103,60 Days Delinquent,Multi Family,FL,61,820,83971
LN-100436,Susan Brown,07/25/2018,07/25/2048,286000,274560,6.78,3815,Default,Multi Family,WI,91,639,38565
LN-100531,Jennifer Jones,11/25/2021,11/25/2041,213000,183180,7.18,3763,60 Days Delinquent,Townhouse,TX,79,633,80466
LN-100532,Thomas Gonzalez,12/26/2021,12/26/2038,330000,237600,45.97,3547,90+ Days Delinquent,Single Family,IL,87,705,70242
LN-100533,Joseph Smith,10/28/2020,10/28/2038,627000,395010,4.4,2226,30 Days Delinquent,Single Family,OH,55,779,82928
LN-100534,Elizabeth Johnson,03/27/2018,03/27/2036,630000,384300,5,2133,Current,Condo,WI,71,756,66839
LN-100535,Joshua White,10/08/2023,10/08/2039,238000,230860,4.19,2473,Default,Condo,WI,85,763,24745
LN-100536,Charles Ramirez,07/07/2021,07/07/2045,850000,578000,4.63,2422,Current,Single Family,WI,93,690,85710
LN-100537,Karen Johnson,09/21/2023,09/21/2040,326000,195600,-7.37,2842,90+ Days Delinquent,Townhouse,CO,75,708,71916
LN-100538,Susan Hernandez,07/04/2022,07/04/2037,261000,185310,4.4,2475,60 Days Delinquent,Commercial,WA,93,744,47397
LN-100539,Mary Lee,08/10/2020,08/10/2037,445000,396050,7.26,2422,30 Days Delinquent,Townhouse,GA,61,815,44617
LN-100540,Daniel Martinez,12/18/2023,12/18/2044,438000,284700,-5.79,2779,Default,Townhouse,TX,66,699,32019
LN-100541,John Lewis,09/05/2022,09/05/2049,375000,232500,6.23,2990,60 Days Delinquent,Townhouse,TX,80,779,75236
LN-100542,Richard Rodriguez,11/28/2019,11/28/2014,472000,420080,4.9,3769,Current,Townhouse,VA,57,787,47588
LN-100543,Charles Ramirez,10/04/2022,10/04/2042,637000,541450,47.26,2588,Default,Townhouse,NY,70,746,43462
LN-100544,Susan Lopez,01/28/2020,01/28/2048,446000,388020,4.57,1618,90+ Days Delinquent,Single Family,NJ,94,771,54893
LN-100545,Anthony Sanchez,03/25/2021,03/25/2050,781000,648230,3.94,1583,60 Days Delinquent,Townhouse,AZ,84,779,90285
LN-100546,Christopher Robinson,06/10/2022,06/10/2040,460000,381800,3.34,1899,30 Days Delinquent,Multi Family,NC,71,747,56975
LN-100547,,02/25/2020,02/25/2038,718000,531320,4.14,2182,90+ Days Delinquent,Commercial,NJ,88,748,89705
LN-100548,Richard Sanchez,10/19/2023,10/19/2045,-307000,233320,4.67,1558,Current,Condo,VA,65,680,36160
LN-100194,Daniel Anderson,01/16/2020,01/16/2038,628000,433320,6.4,3081,Default,Commercial,OR,55,692,74143
,Richard Taylor,03/20/2019,03/20/2037,819000,614250,3.71,1983,Current,Single Family,OK,89,620,30978
LN-100551,Donna Martin,07/14/2020,07/14/2046,846000,532980,4.97,2245,Default,Multi Family,IN,82,777,26936
LN-100552,Sarah Davis,08/23/2022,08/23/2041,582000,424860,3.5,3732,Default,Townhouse,KY,69,622,21269
LN-100553,Daniel Robinson,03/18/2020,03/18/2047,565000,372900,-7.45,2495,60 Days Delinquent,Single Family,TN,67,803,12556
LN-100554,Donald Smith,02/28/2018,02/28/2035,266000,164920,4.84,3417,Current,Condo,PA,78,677,51875
LN-100555,Thomas Thomas,06/28/2022,06/28/2047,-682000,477400,3.66,2518,Current,Multi Family,KY,89,789,73873
,Daniel Taylor,09/02/2019,09/02/2040,255000,188700,5.94,4191,30 Days Delinquent,Multi Family,MN,91,712,58310
LN-100557,Elizabeth Hernandez,04/04/2021,04/04/2047,683000,635190,4.95,1830,60 Days Delinquent,Single Family,FL,71,667,49614
LN-100558,Thomas Martinez,09/26/2023,09/26/2045,796000,740280,3.37,3146,60 Days Delinquent,Single Family,NC,91,736,79066
LN-100559,Thomas Jackson,06/10/2022,06/10/2046,548000,498680,4.81,2870,Default,Single Family,ZZ,74,818,97206
LN-100560,Paul Wilson,03/17/2022,03/17/2040,236000,191160,5.9,1737,30 Days Delinquent,Townhouse,IN,93,787,95268
LN-100561,Mary Johnson,02/12/2021,02/12/2016,523000,470700,7.33,3601,30 Days Delinquent,Townhouse,GA,86,659,77874
LN-100562,Mark Martinez,08/15/2019,08/15/2046,641000,487160,32.05,1209,30 Days Delinquent,Townhouse,FL,71,686,28069
LN-100563,,04/24/2022,04/24/2038,425000,374000,4.75,2487,Paid Off,Multi Family,MD,91,774,75957
LN-100564,Donna Wilson,06/05/2022,06/05/2045,823000,658400,43.64,1571,60 Days Delinquent,Single Family,LA,78,799,97764
LN-100565,Charles Harris,08/20/2021,08/20/2016,188000,127840,4.17,4426,30 Days Delinquent,Condo,CA,84,658,14792
,Mary Sanchez,09/27/2019,09/27/2049,429000,416130,6.85,3488,Current,Multi Family,NC,62,743,82028
LN-100567,Barbara Clark,09/09/2018,09/09/2045,386000,254760,7.36,1337,60 Days Delinquent,Multi Family,CT,57,743,83224
LN-100568,Jennifer Moore,01/28/2021,01/28/2051,220000,206800,3.53,3734,Paid Off,Multi Family,TN,84,637,39084
LN-100569,Charles Thompson,03/14/2021,03/14/2039,165000,161700,3.93,2586,Default,Single Family,MI,74,649,68850
LN-100570,Jennifer Clark,06/20/2018,06/20/2042,637000,471380,6.01,2673,90+ Days Delinquent,Multi Family,TN,63,693,86550
LN-100571,Steven Smith,10/20/2018,10/20/2034,697000,446080,7.07,1980,Default,Multi Family,NJ,72,754,39836
LN-100572,Andrew Brown,08/15/2022,08/15/2045,553000,503230,5.5,1345,60 Days Delinquent,Condo,KY,77,696,65810
LN-100573,Ashley Jones,03/13/2023,03/13/2049,403000,261950,4.72,3236,90+ Days Delinquent,Single Family,CO,93,721,55624
LN-100574,Robert Martinez,12/28/2018,12/28/2033,359000,319510,43.37,4020,Paid Off,Condo,OR,64,797,43893
LN-100575,Steven White,02/26/2021,02/26/2050,352000,320320,41.76,3833,Current,Townhouse,UT,93,657,18892
LN-100576,Michelle Wilson,12/06/2018,12/06/2043,453000,375990,5.34,4107,90+ Days Delinquent,Townhouse,WA,86,746,32294
LN-100577,Sarah Thomas,10/08/2023,10/08/2051,404000,331280,4.58,3190,Current,Multi Family,WA,56,667,78170
LN-100537,Ashley Lewis,06/04/2020,06/04/2043,453000,357870,5.4,2004,90+ Days Delinquent,Single Family,SC,67,724,85189
LN-100579,Steven Robinson,08/22/2023,08/22/2018,432000,280800,6.43,2924,60 Days Delinquent,Condo,KY,94,713,48906
LN-100580,Ashley White,10/24/2021,10/24/2047,393000,251520,-4.39,3491,90+ Days Delinquent,Multi Family,LA,71,798,97833
LN-100581,,06/01/2023,06/01/2039,782000,649060,3.93,4390,60 Days Delinquent,Commercial,NC,95,754,33292
LN-100582,,07/07/2019,07/07/2040,728000,495040,6.72,4057,30 Days Delinquent,Commercial,UT,59,756,53458
LN-100583,Jennifer Johnson,05/07/2019,05/07/2049,785000,502400,6.84,2341,30 Days Delinquent,Single Family,TN,76,631,53141
LN-100584,Donna Garcia,05/22/2018,05/22/2045,755000,460550,4.22,1877,30 Days Delinquent,Multi Family,MA,64,678,64824
,Donna Martin,01/11/2019,01/11/2047,641000,423060,7.18,2799,30 Days Delinquent,Commercial,IL,57,811,27265
LN-100586,Steven Thompson,09/23/2021,09/23/2045,-213000,191700,5.57,1864,90+ Days Delinquent,Commercial,GA,58,770,14724
,Joshua Martinez,06/09/2018,06/09/2041,786000,699540,5.55,2686,90+ Days Delinquent,Townhouse,UT,77,684,86812
LN-100588,Betty Williams,12/26/2022,12/26/2040,808000,702960,30.45,3357,Current,Single Family,CA,66,666,88207
LN-100589,Sandra Ramirez,03/07/2019,03/07/2040,-822000,690480,5.34,2938,90+ Days Delinquent,Multi Family,MD,57,689,63111
LN-100590,Barbara Martinez,12/26/2020,12/26/2042,816000,587520,3.99,3147,30 Days Delinquent,Condo,FL,79,759,51665
LN-100591,Karen Rodriguez,08/09/2018,08/09/2044,576000,449280,3.82,1716,90+ Days Delinquent,Condo,MN,86,690,95263
LN-100592,Linda Moore,12/20/2023,12/20/2039,378000,272160,6.69,1505,60 Days Delinquent,Townhouse,WA,84,689,69645
LN-100177,Lisa Jones,04/07/2020,04/07/2039,299000,197340,5.8,1452,Current,Townhouse,CA,62,812,24068
LN-100594,William Lewis,06/02/2022,06/02/2040,150000,115500,36.28,3930,Current,Single Family,CA,65,751,72139
LN-100595,Paul White,06/28/2018,06/28/2039,178000,108580,7.61,3742,Current,Commercial,OK,67,738,68391
LN-100596,Michelle Moore,04/11/2022,04/11/2048,617000,401050,-3.34,2982,Current,Condo,CO,73,801,76442
LN-100597,Thomas Lee,07/22/2023,07/22/2047,377000,361920,6.62,2134,Paid Off,Single Family,unknown,71,656,98652
,Mark White,12/25/2022,12/25/2052,318000,305280,7.13,2978,Default,Townhouse,MA,73,656,28557
,Nancy Williams,03/23/2023,03/23/2051,486000,379080,6.73,2015,Paid Off,Condo,KY,80,795,86878
LN-100600,William Davis,04/17/2020,04/17/2044,-326000,211900,7.07,1554,Default,Townhouse,LA,82,676,55784
LN-100601,Sarah Davis,02/06/2021,02/06/2050,303000,236340,5.91,1382,90+ Days Delinquent,Multi Family,OK,78,820,11352
LN-100602,Mark Williams,02/03/2018,02/03/2041,745000,581100,6.35,1631,Current,Commercial,VA,69,650,75506
LN-100603,,02/18/2018,02/18/2038,491000,368250,6.65,3632,30 Days Delinquent,Townhouse,CA,71,717,32249
LN-100604,Andrew Smith,05/18/2022,05/18/2045,841000,555060,37.98,1276,Paid Off,Multi Family,WA,75,691,85821
LN-100605,Margaret Harris,12/14/2021,12/14/2037,570000,370500,7.6,1899,Default,Townhouse,OH,77,713,45118
LN-100341,Thomas Hernandez,05/27/2021,05/27/2050,842000,749380,5.39,3727,90+ Days Delinquent,Commercial,MN,92,691,17335
LN-100607,Joshua Hernandez,04/26/2023,04/26/2046,193000,162120,-4.37,3044,Default,Condo,NC,91,759,79059
LN-100608,David Martin,11/22/2020,11/22/2048,-266000,226100,3.63,4075,90+ Days Delinquent,Townhouse,KY,85,656,17465
LN-100609,David Wilson,03/15/2023,03/15/2053,789000,702210,4.63,3176,30 Days Delinquent,Condo,SC,81,774,69505
LN-100192,David Taylor,02/06/2023,02/06/2038,558000,474300,5.6,1640,Default,Commercial,WI,84,639,95130
LN-100611,Margaret Lopez,03/18/2023,03/18/2044,220000,213400,3.8,1954,30 Days Delinquent,Townhouse,TN,55,625,75545
LN-100612,Charles Davis,09/26/2021,09/26/2050,243000,218700,5.39,3053,Paid Off,Townhouse,VA,82,768,13972
LN-100613,Anthony Johnson,06/25/2020,06/25/2044,463000,282430,30.86,1833,60 Days Delinquent,Multi Family,SC,83,671,54847
LN-100614,Patricia Garcia,12/21/2022,12/21/2047,623000,498400,5.82,2317,Paid Off,Commercial,CA,72,705,11488
LN-100615,Linda White,04/26/2020,04/26/2015,155000,128650,5.28,1971,Current,Single Family,SC,87,640,37200
LN-100616,Robert Johnson,11/12/2023,11/12/2038,512000,460800,6.3,3492,90+ Days Delinquent,Townhouse,LA,61,735,55070
LN-100617,,11/11/2019,11/11/2048,593000,462540,4.13,4229,30 Days Delinquent,Single Family,WI,57,674,13611
,Joseph Clark,05/23/2023,05/23/2051,720000,655200,4.97,2169,30 Days Delinquent,Commercial,WI,60,715,80960
LN-100619,Anthony Robinson,07/18/2023,07/18/2040,615000,369000,-4.02,2879,Paid Off,Townhouse,PA,61,819,54030
,Donna Ramirez,09/26/2019,09/26/2037,836000,551760,4.51,4012,60 Days Delinquent,Commercial,MN,91,802,97187
LN-100621,Richard Wilson,11/22/2021,11/22/2045,155000,117800,-7.52,3496,Current,Condo,SC,62,730,87180
LN-100622,Donald Wilson,08/12/2020,08/12/2050,-174000,128760,6.9,2312,60 Days Delinquent,Single Family,AL,91,762,22679
LN-100623,Elizabeth Johnson,10/28/2023,10/28/2044,-365000,251850,5.24,4089,30 Days Delinquent,Townhouse,LA,68,800,50771
LN-100624,Patricia Smith,07/02/2019,07/02/2048,-368000,349600,5.52,3196,Paid Off,Multi Family,MO,86,791,87707
LN-100625,David Sanchez,08/27/2020,08/27/2043,355000,333700,44.23,1349,60 Days Delinquent,Townhouse,VA,90,661,69876
LN-100626,Susan Davis,01/26/2019,01/26/2014,809000,679560,3.25,3147,Paid Off,Single Family,CA,89,621,56036
LN-100627,Richard Hernandez,03/26/2018,03/26/2013,500000,410000,5.35,1468,Current,Townhouse,TN,92,634,13235
LN-100628,,05/26/2023,05/26/2047,278000,239080,6.05,1869,90+ Days Delinquent,Townhouse,LA,66,779,85329
LN-100629,Sarah Smith,12/11/2018,12/11/2036,396000,368280,5.14,2101,Paid Off,Commercial,AL,89,747,97511
LN-100630,Mark White,05/15/2021,05/15/2046,437000,349600,-7.58,2329,Paid Off,Commercial,AZ,83,679,55893
LN-100628,David Lewis,02/24/2020,02/24/2037,622000,472720,4.45,4486,30 Days Delinquent,Commercial,MD,60,663,24847
LN-100632,Christopher Lee,10/14/2023,10/14/2047,176000,154880,4.39,3782,Paid Off,Multi Family,ZZ,59,715,73609
LN-100633,Sarah Miller,06/13/2023,06/13/2050,668000,454240,5.28,1517,Paid Off,Townhouse,FL,69,665,90403
,Steven Smith,09/07/2023,09/07/2048,752000,631680,5.39,1489,Paid Off,Multi Family,PA,80,707,11161
LN-100635,Steven Gonzalez,03/02/2020,03/02/2015,178000,131720,4.62,3734,Paid Off,Condo,TN,74,787,15743
LN-100636,,09/07/2021,09/07/2037,459000,413100,7.65,2535,Paid Off,Condo,LA,83,666,95718
LN-100591,Donald Jones,07/27/2021,07/27/2043,723000,506100,4.54,1779,60 Days Delinquent,Single Family,OR,64,813,10969
LN-100638,Margaret Smith,01/26/2021,01/26/2037,601000,540900,5.41,3151,60 Days Delinquent,Single Family,CO,80,698,55267
LN-100639,Matthew Lewis,07/28/2018,07/28/2041,167000,160320,7.28,2354,30 Days Delinquent,Condo,UT,90,727,44501
LN-100640,Michelle Williams,07/06/2023,07/06/2053,447000,415710,-7.57,4385,Default,Single Family,MN,63,674,46874
LN-100641,,09/17/2021,09/17/2045,191000,181450,5.53,3601,Default,Multi Family,WA,78,796,63742
LN-100642,Matthew Martinez,08/14/2019,08/14/2038,536000,326960,-4.25,1447,Current,Townhouse,NJ,82,667,57954
LN-100643,Barbara Sanchez,03/07/2020,03/07/2015,789000,481290,5.11,3232,60 Days Delinquent,Commercial,OK,74,672,63009
LN-100136,Robert White,11/03/2019,11/03/2044,607000,455250,4.13,2099,Current,Townhouse,MO,86,723,43536
,Mary Lee,04/02/2019,04/02/2041,363000,319440,4.97,1486,Default,Townhouse,OK,65,651,71702
LN-100646,Barbara Gonzalez,03/24/2021,03/24/2043,-737000,619080,5.45,2608,Default,Multi Family,OH,74,795,53044
LN-100647,Barbara Smith,06/05/2018,06/05/2046,438000,332880,4.75,3928,60 Days Delinquent,Townhouse,MD,92,809,28551
LN-100648,Charles Miller,04/23/2020,04/23/2037,-589000,471200,6.07,1608,Paid Off,Single Family,TN,85,810,86977
LN-100649,Daniel Lee,07/03/2020,07/03/2037,271000,165310,4.05,2695,Paid Off,Condo,OH,93,760,70351
LN-100650,Ashley Anderson,07/12/2020,07/12/2047,457000,370170,3.29,1423,Paid Off,Multi Family,MO,88,631,54914
LN-100651,Steven Jones,01/06/2021,01/06/2050,645000,477300,-6.13,3596,Default,Commercial,AL,86,668,20276
LN-100652,Robert Gonzalez,01/26/2022,01/26/2048,648000,544320,5.92,3521,30 Days Delinquent,Single Family,IL,95,643,44750
LN-100653,Anthony Moore,09/20/2023,09/20/2046,-343000,301840,6.07,2507,30 Days Delinquent,Condo,AZ,58,647,68822
LN-100654,James Anderson,12/27/2019,12/27/2048,593000,456610,7.23,3537,90+ Days Delinquent,Townhouse,NJ,69,676,20860
LN-100655,Kimberly Anderson,08/05/2019,08/05/2035,628000,590320,5.75,2449,60 Days Delinquent,Multi Family,MN,84,791,72473
LN-100656,Donna Davis,11/20/2021,11/20/2038,201000,170850,5,2426,60 Days Delinquent,Condo,CO,84,709,49600
LN-100657,Thomas Taylor,10/16/2018,10/16/2040,590000,442500,3.71,2196,Default,Condo,LA,69,786,84342
LN-100658,Thomas Davis,02/01/2022,02/01/2038,-768000,744960,7.52,3677,Paid Off,Multi Family,SC,56,623,69674
LN-100659,Robert Johnson,09/06/2018,09/06/2047,700000,539000,43.3,1469,60 Days Delinquent,Townhouse,IN,81,711,12217
LN-100660,John Gonzalez,12/12/2018,12/12/2044,498000,488040,46.97,3956,Paid Off,Commercial,GA,88,676,13383
LN-100661,Donna Sanchez,02/01/2020,02/01/2050,507000,349830,-3.3,2997,90+ Days Delinquent,Multi Family,CT,69,690,20718
LN-100662,Susan Clark,10/07/2020,10/07/2044,505000,414100,4.16,3784,90+ Days Delinquent,Townhouse,NY,85,742,35932
,Linda Lewis,11/11/2023,11/11/2046,778000,529040,6.3,4299,Paid Off,Single Family,NJ,61,778,36523
LN-100664,Ashley Anderson,10/16/2018,10/16/2041,232000,176320,38.78,2647,30 Days Delinquent,Condo,WI,87,675,97652
,Joseph Rodriguez,07/18/2020,07/18/2037,607000,473460,6.78,1883,Paid Off,Commercial,WI,91,792,62159
LN-100666,Emily Harris,07/19/2021,07/19/2037,717000,487560,5.34,3550,30 Days Delinquent,Single Family,NC,89,801,44514
LN-100667,,10/11/2021,10/11/2050,435000,274050,6.23,2277,90+ Days Delinquent,Townhouse,FL,62,696,79069
LN-100668,,03/09/2023,03/09/2047,329000,243460,3.81,2795,30 Days Delinquent,Townhouse,MO,71,742,98202
LN-100669,Thomas Gonzalez,08/11/2022,08/11/2051,236000,202960,6.48,3518,Paid Off,Multi Family,FL,77,792,70342
LN-100670,Linda Hernandez,12/09/2023,12/09/2048,330000,320100,-7.1,2168,90+ Days Delinquent,Townhouse,TN,61,806,49245
LN-100671,,04/02/2020,04/02/2049,783000,508950,3.96,2729,Paid Off,Townhouse,IN,81,651,30221
LN-100672,Andrew Taylor,01/04/2020,01/04/2035,-756000,650160,7.36,2530,Default,Single Family,CO,63,648,18661
LN-100673,Lisa Thompson,11/23/2021,11/23/2039,-345000,303600,4.51,1896,Paid Off,Commercial,CO,95,703,85115
LN-100674,Paul Jones,01/08/2020,01/08/2050,680000,469200,5.26,1247,Current,Single Family,california,70,738,24437
LN-100675,Donna Moore,07/25/2019,07/25/2041,478000,363280,-4.09,2163,Paid Off,Single Family,MD,85,765,42736
LN-100676,Steven Rodriguez,08/27/2020,08/27/2044,482000,347040,3.55,1694,90+ Days Delinquent,Commercial,ZZ,67,675,38378
LN-100212,Christopher Clark,02/07/2019,02/07/2034,710000,426000,3.55,1274,60 Days Delinquent,Townhouse,FL,80,626,63346
LN-100678,Betty Jones,01/03/2020,01/03/2037,503000,452700,5.61,4350,Paid Off,Single Family,SC,86,645,21333
LN-100679,Jennifer Moore,03/23/2022,03/23/2046,332000,242360,3.38,2449,Paid Off,Single Family,GA,91,778,28683
LN-100018,Linda Johnson,12/11/2018,12/11/2036,642000,430140,5.59,2424,30 Days Delinquent,Commercial,AZ,87,674,77400
LN-100681,Anthony Thompson,10/12/2018,10/12/2045,459000,385560,6.17,4070,30 Days Delinquent,Multi Family,unknown,57,804,56780
LN-100682,Paul Taylor,02/18/2018,02/18/2040,515000,345050,6.68,2415,Default,Commercial,IN,65,667,40701
,Daniel Harris,09/19/2018,09/19/2048,297000,261360,3.86,2373,Default,Multi Family,IN,63,765,45077
LN-100684,Betty Johnson,01/09/2018,01/09/2035,746000,581880,3.3,1604,Paid Off,Condo,AL,67,705,82151
LN-100685,Charles Moore,02/17/2022,02/17/2040,634000,393080,6.81,4244,Default,Commercial,WA,61,690,79555
LN-100686,Sarah Clark,11/15/2023,11/15/2043,-292000,283240,3.61,3811,90+ Days Delinquent,Condo,UT,87,813,47621
LN-100687,Robert Gonzalez,04/22/2018,04/22/2048,-576000,385920,6.33,2539,30 Days Delinquent,Commercial,LA,88,688,43474
LN-100688,Thomas Gonzalez,02/02/2022,02/02/2050,726000,609840,5.5,3365,60 Days Delinquent,Condo,UT,59,655,68873
LN-100689,Charles Clark,12/20/2020,12/20/2037,420000,390600,-6.94,3294,Current,Condo,CT,58,800,54947
,Patricia White,05/20/2019,05/20/2047,746000,492360,6.35,2542,30 Days Delinquent,Commercial,UT,89,816,10116
LN-100691,Mary White,03/07/2021,03/07/2038,-318000,238500,3.68,1505,30 Days Delinquent,Townhouse,MI,70,806,62259
LN-100692,Linda Harris,05/17/2019,05/17/2045,378000,321300,3.54,1716,90+ Days Delinquent,Commercial,texas,66,744,42575
LN-100693,Charles Davis,05/07/2023,05/07/2043,569000,517790,3.4,1323,90+ Days Delinquent,Condo,MO,70,715,54241
LN-100694,Charles Martin,06/22/2018,06/22/2035,299000,194350,6.42,3121,Default,Commercial,XX,65,663,37914
LN-100695,Michelle Williams,05/22/2022,05/22/2039,647000,530540,3.33,1969,90+ Days Delinquent,Multi Family,CA,66,641,70831
LN-100696,Matthew Johnson,03/04/2023,03/04/2041,368000,279680,29.07,3834,Current,Condo,WI,68,744,54579
LN-100697,John Sanchez,05/28/2022,05/28/2017,241000,187980,6.44,3529,Paid Off,Townhouse,CA,82,775,41625
LN-100698,Karen Anderson,11/02/2023,11/02/2046,-709000,482120,5.13,1404,Default,Single Family,AL,57,669,18264
LN-100699,Charles Jackson,12/06/2020,12/06/2040,731000,643280,7.73,1729,30 Days Delinquent,Condo,TN,71,816,78710
,Kimberly Brown,07/09/2023,07/09/2043,754000,678600,5.38,3196,60 Days Delinquent,Multi Family,AL,71,657,66136
LN-100701,Andrew Lee,06/16/2019,06/16/2048,625000,468750,43.89,2796,30 Days Delinquent,Multi Family,MD,65,699,61585
LN-100702,Michelle Moore,05/08/2020,05/08/2047,194000,124160,7.05,3204,60 Days Delinquent,Multi Family,texas,73,818,70516
LN-100703,Joseph Williams,08/16/2023,08/16/2043,191000,145160,6.92,1357,60 Days Delinquent,Condo,WI,75,742,61518
LN-100704,Christopher Ramirez,10/25/2020,10/25/2043,408000,383520,3.71,1619,Current,Commercial,OH,67,625,73427
LN-100705,David Martin,05/20/2018,05/20/2042,443000,274660,6.6,3643,60 Days Delinquent,Townhouse,PA,75,655,82338
LN-100399,Michelle Thomas,10/18/2022,10/18/2045,465000,409200,7.69,2844,Paid Off,Commercial,MO,81,709,55542
,Christopher Jones,06/18/2020,06/18/2037,771000,478020,6.34,3289,Paid Off,Townhouse,LA,65,681,82018
,John Lewis,07/18/2021,07/18/2042,633000,550710,3.86,2250,Default,Single Family,GA,74,780,94351
LN-100709,Sandra Moore,05/27/2020,05/27/2037,361000,234650,5.76,2570,30 Days Delinquent,Multi Family,MD,58,779,13965
LN-100710,Andrew Anderson,04/23/2023,04/23/2050,234000,215280,-7.43,2819,Current,Commercial,CA,69,783,33876
LN-100711,Mary Williams,05/16/2023,05/16/2042,774000,495360,4.33,2450,Current,Condo,OK,55,733,91627
,Joseph Moore,12/04/2020,12/04/2038,759000,523710,5.61,2575,Current,Townhouse,OH,76,744,87471
LN-100713,Michelle Harris,01/19/2018,01/19/2033,686000,589960,-7.7,1607,90+ Days Delinquent,Townhouse,FL,82,820,87893
LN-100639,Joshua Rodriguez,02/17/2020,02/17/2045,380000,258400,6.77,2705,Current,Single Family,VA,77,782,45372
,John Taylor,02/05/2023,02/05/2038,769000,699790,7.38,3271,30 Days Delinquent,Single Family,SC,61,683,63427
LN-100716,Jessica Harris,10/04/2018,10/04/2036,396000,269280,4.71,4409,60 Days Delinquent,Townhouse,IL,95,705,56220
LN-100717,Sandra Thomas,12/17/2019,12/17/2038,396000,328680,5.91,1993,Default,Multi Family,NJ,81,749,10244
LN-100718,Robert Anderson,06/15/2018,06/15/2034,256000,215040,5.89,4253,Default,Single Family,NY,86,819,41767
LN-100719,Patricia Martin,08/09/2022,08/09/2042,401000,332830,5.68,2951,60 Days Delinquent,Single Family,WI,60,723,49106
LN-100720,Matthew Thompson,10/06/2019,10/06/2044,817000,547390,5.05,2258,Paid Off,Single Family,MA,78,694,91369
LN-100721,William Rodriguez,06/04/2023,06/04/2046,428000,359520,6.98,1521,Current,Townhouse,TN,58,664,98022
LN-100722,Charles Davis,07/27/2022,07/27/2049,-625000,593750,4.8,3807,30 Days Delinquent,Commercial,IL,90,771,64139
LN-100723,Andrew Perez,10/17/2023,10/17/2044,782000,547400,29.64,4053,Default,Commercial,NY,85,705,65279
LN-100724,Lisa Sanchez,04/17/2019,04/17/2034,-441000,414540,7.12,2758,Paid Off,Townhouse,MA,79,651,91560
LN-100725,Ashley Brown,10/17/2018,10/17/2035,547000,366490,40.74,4498,60 Days Delinquent,Commercial,CA,83,676,36611
LN-100726,Susan Ramirez,09/28/2019,09/28/2043,783000,728190,5.3,3924,60 Days Delinquent,Commercial,MD,65,818,24742
LN-100672,Michael Garcia,07/24/2022,07/24/2038,771000,670770,3.38,2931,90+ Days Delinquent,Commercial,TX,59,620,98719
,Steven Williams,08/18/2020,08/18/2049,210000,134400,7.73,1715,30 Days Delinquent,Commercial,CT,56,761,52838
LN-100729,Karen Lopez,05/11/2022,05/11/2047,608000,443840,4.76,2547,60 Days Delinquent,Single Family,NC,82,623,58382
,Linda Sanchez,04/27/2022,04/27/2043,702000,687960,7.57,2537,Paid Off,Commercial,OR,88,739,22443
LN-100731,Donna Martinez,10/26/2021,10/26/2036,594000,552420,5.7,1339,30 Days Delinquent,Condo,XX,90,708,53352
LN-100732,Andrew Lee,12/25/2023,12/25/2048,553000,392630,4.32,1792,60 Days Delinquent,Multi Family,OH,76,743,51637
LN-100733,Steven Rodriguez,01/26/2022,01/26/2050,284000,178920,3.51,2949,Paid Off,Multi Family,MD,95,766,62934
LN-100734,Donna Lopez,01/08/2023,01/08/2043,615000,516600,7.66,2553,90+ Days Delinquent,Multi Family,CO,88,772,51666
LN-100735,Steven Williams,10/09/2020,10/09/2041,436000,340080,5.57,2191,90+ Days Delinquent,Townhouse,TX,67,671,15733
LN-100736,Andrew Clark,07/12/2023,07/12/2046,667000,613640,3.78,2669,Default,Multi Family,WA,58,793,12445
LN-100737,Richard Lewis,09/25/2019,09/25/2049,212000,154760,5.51,1911,Paid Off,Commercial,OH,70,686,91246
LN-100738,Susan White,12/23/2023,12/23/2042,550000,462000,3.6,4488,Paid Off,Multi Family,IN,63,707,28710
LN-100739,,05/22/2019,05/22/2042,703000,506160,4.69,1554,Current,Multi Family,AL,90,799,23221
LN-100740,Anthony Jackson,02/22/2021,02/22/2038,463000,370400,43.19,4134,90+ Days Delinquent,Commercial,NY,69,704,19655
LN-100741,Karen Ramirez,02/23/2023,02/23/2018,576000,558720,7.2,2606,90+ Days Delinquent,Multi Family,PA,58,744,27497
LN-100742,Michael Sanchez,06/04/2022,06/04/2052,809000,542030,5.92,2299,60 Days Delinquent,Commercial,texas,60,720,13082
LN-100743,Steven Lee,03/01/2020,03/01/2039,730000,678900,31.98,3609,60 Days Delinquent,Multi Family,PA,95,804,78521
LN-100744,Ashley Lee,01/14/2020,01/14/2044,193000,183350,39.53,2590,Default,Townhouse,OK,59,749,23729
,Nancy Garcia,03/25/2021,03/25/2047,273000,221130,7.25,1662,60 Days Delinquent,Condo,MD,65,622,33461
LN-100746,Elizabeth Smith,09/18/2020,09/18/2038,188000,169200,33.36,4088,90+ Days Delinquent,Single Family,NY,63,756,22955
LN-100747,Richard Lopez,08/07/2023,08/07/2042,811000,665020,3.29,2503,Default,Multi Family,UT,77,790,37891
LN-100748,,05/16/2021,05/16/2036,635000,539750,4.99,3287,Default,Townhouse,PA,72,784,62459
LN-100749,Steven Jones,05/11/2023,05/11/2038,254000,233680,7.7,4475,Current,Commercial,NC,81,688,78133
LN-100750,Steven Perez,11/22/2022,11/22/2050,433000,407020,-6.29,3845,60 Days Delinquent,Multi Family,LA,78,736,49596
LN-100751,Jennifer Jones,10/05/2019,10/05/2014,578000,508640,4.92,1912,Current,Commercial,NJ,91,675,38131
LN-100752,Christopher Lee,11/07/2021,11/07/2039,493000,448630,6.71,3239,Default,Commercial,newyork,94,653,90224
LN-100298,Jennifer Garcia,09/05/2019,09/05/2034,637000,617890,3.28,3662,60 Days Delinquent,Multi Family,CO,65,680,49716
,Mary Lee,12/25/2021,12/25/2042,461000,401070,6.27,4281,60 Days Delinquent,Townhouse,CO,67,682,95700
LN-100184,Paul Robinson,06/21/2021,06/21/2050,211000,137150,3.67,4349,30 Days Delinquent,Single Family,CO,65,666,62355
LN-100756,John White,09/01/2018,09/01/2039,651000,423150,4.87,3898,Paid Off,Townhouse,PA,81,787,42620
LN-100757,Andrew Lewis,03/01/2018,03/01/2034,237000,225150,4.79,4031,Current,Commercial,KY,67,678,72597
,Joseph Miller,07/17/2021,07/17/2042,421000,286280,4.96,1206,30 Days Delinquent,Condo,WA,66,731,77619
LN-100759,Anthony Ramirez,11/20/2022,11/20/2046,431000,310320,6.76,4054,90+ Days Delinquent,Condo,MO,65,796,71873
,Thomas Moore,06/15/2022,06/15/2044,215000,159100,6.85,3512,60 Days Delinquent,Multi Family,TX,56,774,39971
LN-100761,Jennifer Garcia,10/04/2022,10/04/2017,251000,155620,6.72,3840,Paid Off,Townhouse,SC,82,732,25703
LN-100762,John Gonzalez,10/01/2023,10/01/2039,440000,316800,4.42,3337,30 Days Delinquent,Townhouse,OK,75,810,33890
,Robert Ramirez,06/16/2022,06/16/2042,443000,274660,3.51,4104,Default,Multi Family,MN,71,710,59562
LN-100764,Ashley Moore,11/21/2021,11/21/2046,751000,593290,39.91,2277,Paid Off,Single Family,UT,69,682,85571
,Betty Brown,03/21/2023,03/21/2047,413000,260190,4.57,3425,Paid Off,Townhouse,CA,59,622,64465
LN-100766,James Sanchez,02/25/2018,02/25/2042,537000,477930,7.35,1415,Paid Off,Condo,texas,64,738,92390
LN-100767,Emily Lee,08/04/2022,08/04/2050,446000,334500,4.21,2504,Current,Townhouse,MN,70,688,83382
,Sandra Jackson,12/20/2019,12/20/2049,154000,129360,4.47,1464,Default,Commercial,CT,69,761,33673
LN-100769,Thomas White,07/28/2019,07/28/2034,682000,470580,5.85,2356,Default,Condo,CA,72,754,27123
LN-100770,Karen Sanchez,05/04/2022,05/04/2041,701000,539770,-5.46,2024,60 Days Delinquent,Multi Family,TN,65,775,46551
LN-100771,Lisa Ramirez,10/11/2019,10/11/2042,580000,365400,5.28,2185,Default,Condo,VA,77,739,74389
LN-100772,Steven Jones,06/14/2018,06/14/2045,162000,108540,7.22,3889,60 Days Delinquent,Single Family,WA,62,697,95122
LN-100773,Margaret Perez,01/11/2018,01/11/2047,571000,468220,5.67,3454,Paid Off,Commercial,LA,89,798,90747
LN-100774,Matthew Harris,08/26/2022,08/26/2038,242000,179080,46.25,2996,Current,Commercial,MO,93,766,99002
LN-100775,Jennifer Martin,12/13/2019,12/13/2047,324000,281880,6.71,2040,90+ Days Delinquent,Townhouse,UT,77,638,86999
LN-100776,Patricia White,01/26/2020,01/26/2045,450000,351000,6.18,1829,90+ Days Delinquent,Single Family,MO,85,638,36383
,Mark Thompson,09/24/2023,09/24/2042,651000,488250,4.44,2103,60 Days Delinquent,Commercial,WI,73,651,39815
LN-100778,John Davis,08/26/2020,08/26/2044,485000,324950,4.38,2639,Paid Off,Townhouse,MI,64,650,93308
LN-100779,Lisa Gonzalez,06/11/2023,06/11/2048,783000,751680,3.46,2314,90+ Days Delinquent,Townhouse,WI,76,777,20398
LN-100780,Paul Smith,07/08/2022,07/08/2050,412000,313120,5.7,2835,60 Days Delinquent,Single Family,ZZ,77,638,67691
LN-100781,Steven Thompson,09/27/2023,09/27/2043,271000,265580,4.54,1417,Default,Multi Family,MO,83,687,94921
LN-100782,Thomas Thomas,04/02/2019,04/02/2048,505000,424200,7.69,1992,Default,Commercial,UT,86,815,11589
LN-100783,Charles Gonzalez,04/01/2018,04/01/2040,-192000,120960,6.39,3143,Paid Off,Multi Family,AZ,67,620,69607
LN-100784,Susan Sanchez,06/17/2018,06/17/2037,491000,319150,6.44,3145,60 Days Delinquent,Commercial,VA,87,803,86744
LN-100785,Michael Lewis,04/26/2023,04/26/2038,438000,385440,-6.33,4057,Default,Single Family,NJ,78,722,80142
LN-100786,Kimberly Lewis,11/10/2023,11/10/2038,327000,199470,4.3,2929,Current,Commercial,LA,71,767,60558
,Anthony Lewis,03/16/2018,03/16/2038,165000,130350,6.01,3488,Paid Off,Multi Family,NJ,75,803,54823
LN-100788,Richard Wilson,12/20/2020,12/20/2038,412000,403760,4.84,3103,Default,Multi Family,NC,66,686,81194
LN-100789,Jessica Hernandez,04/07/2022,04/07/2039,579000,497940,4.93,4478,90+ Days Delinquent,Townhouse,KY,83,792,56848
,Betty Gonzalez,11/22/2021,11/22/2048,606000,527220,5.9,2407,Paid Off,Condo,TN,68,758,14090
LN-100791,David Anderson,06/18/2018,06/18/2043,428000,393760,-5.71,1481,60 Days Delinquent,Multi Family,NY,58,685,47359
LN-100792,Richard Brown,07/16/2022,07/16/2042,405000,255150,47.85,2309,30 Days Delinquent,Townhouse,MD,86,791,69716
LN-100793,William Clark,10/16/2023,10/16/2052,824000,716880,6.09,1422,Default,Condo,TN,76,708,59669
LN-100794,Thomas Perez,04/06/2023,04/06/2018,837000,611010,4.24,1867,Paid Off,Multi Family,OK,77,798,94908
LN-100795,Matthew Davis,02/25/2020,02/25/2038,373000,350620,5.98,1477,Default,Commercial,LA,86,709,29240
LN-100796,Jessica Sanchez,03/09/2023,03/09/2038,797000,565870,42.82,4401,60 Days Delinquent,Condo,LA,93,818,54880
LN-100279,Susan Lee,09/05/2018,09/05/2042,223000,200700,7.4,1814,Current,Townhouse,AZ,70,633,17867
LN-100798,William Anderson,08/17/2018,08/17/2041,323000,200260,7.32,3286,60 Days Delinquent,Commercial,AZ,82,638,76563
LN-100047,Matthew Miller,08/25/2021,08/25/2043,804000,554760,5.46,3082,Current,Commercial,AZ,59,703,45635
LN-100800,Michael Jones,08/03/2021,08/03/2050,437000,419520,5.29,2691,60 Days Delinquent,Single Family,KY,59,764,49192
LN-100801,Robert Smith,02/26/2020,02/26/2044,292000,277400,7.39,2773,Paid Off,Commercial,WI,84,801,32147
LN-100802,,04/23/2020,04/23/2050,556000,405880,7.63,3520,Current,Commercial,AL,59,723,57947
LN-100803,Barbara Moore,01/14/2022,01/14/2047,726000,711480,6.21,4035,Paid Off,Single Family,MD,74,725,15644
LN-100804,Christopher Williams,08/06/2019,08/06/2042,735000,610050,6.04,4413,60 Days Delinquent,Commercial,MN,81,630,15290
LN-100805,Karen Taylor,10/11/2020,10/11/2036,245000,237650,7.24,4476,30 Days Delinquent,Multi Family,MN,80,802,80739
LN-100806,Barbara Jackson,04/15/2020,04/15/2039,368000,235520,-5.26,1930,Paid Off,Multi Family,MA,65,688,14753
LN-100807,Robert Davis,09/10/2023,09/10/2041,679000,577150,45.93,3036,90+ Days Delinquent,Commercial,OR,62,792,39608
LN-100808,Susan Taylor,03/08/2022,03/08/2045,786000,715260,4.18,1728,60 Days Delinquent,Multi Family,UT,90,690,68767
LN-100809,Jessica Williams,06/03/2022,06/03/2017,545000,403300,3.76,3579,Current,Single Family,MA,87,624,15293
LN-100810,Barbara Rodriguez,05/06/2020,05/06/2043,660000,640200,6.27,1473,Current,Multi Family,NJ,66,738,91226
LN-100811,Sarah Lewis,05/26/2022,05/26/2039,287000,209510,5.84,2400,90+ Days Delinquent,Single Family,WI,95,759,23893
LN-100812,Donna Taylor,10/14/2018,10/14/2041,286000,260260,6.24,1416,Current,Townhouse,99,82,637,39520
LN-100813,Barbara Harris,11/08/2021,11/08/2047,598000,544180,5.91,2691,Paid Off,Townhouse,MD,61,813,84565
LN-100814,Nancy Smith,03/14/2021,03/14/2036,515000,473800,4.89,2946,30 Days Delinquent,Townhouse,CT,92,799,68000
LN-100815,Lisa Sanchez,03/27/2023,03/27/2042,332000,199200,6.73,3448,60 Days Delinquent,Townhouse,WI,75,750,56120
LN-100816,William Garcia,09/02/2019,09/02/2046,606000,448440,46.89,4003,Paid Off,Condo,NJ,59,651,23954
LN-100817,Richard Robinson,04/26/2021,04/26/2043,604000,410720,6,1934,Default,Commercial,CO,87,624,22827
LN-100818,Anthony Thomas,10/11/2019,10/11/2014,156000,109200,6.28,2908,Default,Condo,UT,57,802,41105
LN-100819,Jessica Clark,10/25/2021,10/25/2039,466000,298240,5.99,1650,Current,Townhouse,MD,61,646,59467
,Daniel Lopez,02/28/2020,02/28/2046,655000,550200,7.32,2181,Current,Commercial,MO,86,795,19611
LN-100821,Sarah Perez,04/12/2023,04/12/2044,-160000,132800,5.41,2809,60 Days Delinquent,Condo,GA,83,726,60037
LN-100822,Michelle Anderson,04/07/2019,04/07/2047,762000,518160,4.89,3459,90+ Days Delinquent,Single Family,VA,95,620,85588
LN-100823,Sarah Wilson,03/22/2022,03/22/2052,-622000,522480,4,4155,Default,Single Family,GA,64,769,25950
LN-100824,Andrew Harris,06/10/2018,06/10/2037,379000,295620,6.99,2892,90+ Days Delinquent,Single Family,NY,72,720,40660
LN-100825,,11/06/2021,11/06/2039,419000,268160,4.11,2181,90+ Days Delinquent,Commercial,KY,55,652,56517
LN-100588,Betty Brown,05/19/2019,05/19/2039,510000,408000,7.68,4475,60 Days Delinquent,Townhouse,GA,73,664,70525
LN-100827,John Garcia,06/25/2022,06/25/2043,567000,476280,-6.24,2858,Default,Townhouse,AZ,62,702,86979
LN-100828,Christopher Rodriguez,07/06/2022,07/06/2039,-818000,760740,7.3,2921,Current,Commercial,MI,62,673,19034
LN-100829,Jessica Moore,07/17/2018,07/17/2039,376000,327120,6.28,1272,Current,Single Family,TX,78,660,82500
LN-100830,Elizabeth Garcia,09/05/2018,09/05/2042,402000,261300,7.66,2903,Current,Single Family,FL,90,621,99977
,Joseph Smith,02/07/2018,02/07/2038,634000,507200,6.18,2129,Current,Commercial,KY,58,738,20679
LN-100832,Joshua Perez,01/06/2023,01/06/2049,640000,569600,-5.13,1855,60 Days Delinquent,Single Family,CA,69,699,68641
LN-100833,Andrew Taylor,01/25/2022,01/25/2043,392000,270480,6.67,2676,30 Days Delinquent,Single Family,MO,90,751,99363
,Andrew Ramirez,11/26/2023,11/26/2044,150000,111000,3.27,3876,Current,Multi Family,TN,75,817,48038
LN-100835,,07/11/2022,07/11/2037,220000,149600,6.32,1684,60 Days Delinquent,Multi Family,IN,55,622,46622
LN-100836,Ashley Johnson,02/09/2021,02/09/2037,824000,700400,42.56,2674,60 Days Delinquent,Multi Family,TX,69,626,19509
,Robert Brown,05/09/2020,05/09/2047,843000,623820,6.69,1576,30 Days Delinquent,Commercial,CO,55,654,39352
LN-100838,Kimberly Brown,10/07/2021,10/07/2047,314000,232360,-4.77,3124,Default,Commercial,WA,63,663,31606
LN-100839,Matthew Brown,02/12/2020,02/12/2050,752000,676800,5.43,1705,Default,Townhouse,IN,72,778,34167
LN-100840,Lisa Lewis,07/19/2021,07/19/2050,661000,627950,4.1,3136,Default,Condo,unknown,61,793,49268
LN-100841,Mark Perez,07/14/2022,07/14/2044,-390000,327600,6.99,2802,90+ Days Delinquent,Townhouse,MI,68,688,18248
LN-100842,Ashley Sanchez,08/13/2020,08/13/2041,759000,546480,5.69,3574,90+ Days Delinquent,Single Family,newyork,83,780,64366
LN-100843,Nancy Johnson,03/10/2022,03/10/2038,398000,306460,3.43,1998,60 Days Delinquent,Condo,newyork,56,659,71129
LN-100844,William Moore,07/09/2022,07/09/2046,630000,485100,7.61,4487,Default,Multi Family,MA,92,678,20501
LN-100845,Susan Williams,12/20/2022,12/20/2049,357000,299880,7.5,3907,Current,Multi Family,AZ,72,629,20987
LN-100451,Daniel Martinez,03/16/2022,03/16/2051,330000,320100,7,4151,30 Days Delinquent,Condo,UT,61,625,62958
LN-100847,,02/25/2018,02/25/2040,401000,252630,5.43,1382,Default,Commercial,VA,75,791,36061
,Jessica Lopez,08/18/2019,08/18/2041,330000,234300,6.44,1897,90+ Days Delinquent,Condo,SC,76,692,76156
LN-100849,David Thomas,06/18/2022,06/18/2052,840000,638400,-4.49,1723,Default,Condo,MI,86,767,19856
LN-100850,Joseph Jones,09/24/2023,09/24/2051,250000,190000,47.51,1808,Default,Multi Family,NY,67,623,38773
LN-100851,Emily Thomas,08/12/2020,08/12/2044,350000,297500,5.34,4029,90+ Days Delinquent,Single Family,KY,67,792,38498
LN-100852,Karen Rodriguez,08/06/2022,08/06/2048,-651000,501270,5.08,1222,Paid Off,Single Family,TN,70,791,83448
,Lisa Martinez,11/01/2018,11/01/2037,573000,544350,5.35,3148,Current,Multi Family,MD,87,644,16921
LN-100854,Donald Sanchez,05/27/2018,05/27/2042,682000,429660,7.6,4014,Default,Townhouse,VA,95,639,72845
LN-100855,Joseph Williams,03/28/2020,03/28/2045,335000,301500,3.82,2701,Default,Townhouse,NJ,67,745,45606
LN-100856,James Harris,11/21/2020,11/21/2038,-612000,397800,6.58,4200,60 Days Delinquent,Condo,MO,77,740,47564
LN-100857,Thomas Gonzalez,07/06/2021,07/06/2045,417000,271050,-6.59,3251,Paid Off,Townhouse,MA,85,710,44958
LN-100858,Richard Wilson,01/26/2020,01/26/2015,588000,458640,5.65,3422,Current,Condo,GA,81,791,38551
LN-100859,Donald Ramirez,10/18/2023,10/18/2041,840000,705600,6.91,1243,Default,Multi Family,OH,71,695,84905
LN-100860,Thomas Ramirez,05/23/2018,05/23/2033,599000,377370,3.47,4353,30 Days Delinquent,Condo,IN,55,735,52939
,Joseph Thomas,01/07/2020,01/07/2048,448000,412160,7.36,3143,Paid Off,Multi Family,UT,76,776,88714
LN-100862,Mary Jackson,03/16/2023,03/16/2050,388000,376360,3.47,2670,60 Days Delinquent,Single Family,WA,83,634,12877
LN-100863,Donna Taylor,02/11/2022,02/11/2017,498000,413340,7.36,2970,Default,Single Family,IN,59,698,94294
LN-100864,Steven Miller,05/15/2020,05/15/2041,765000,481950,4.66,3047,90+ Days Delinquent,Multi Family,IN,92,770,66789
LN-100865,Ashley Miller,11/19/2020,11/19/2043,676000,419120,6.67,1607,30 Days Delinquent,Commercial,NJ,74,692,99964
LN-100866,Margaret Harris,06/08/2019,06/08/2044,165000,117150,5.42,2343,90+ Days Delinquent,Townhouse,newyork,71,820,34855
LN-100867,,09/22/2019,09/22/2040,351000,277290,4.5,3418,60 Days Delinquent,Commercial,WA,93,748,42516
LN-100868,Richard Anderson,02/13/2019,02/13/2043,363000,235950,6.3,3173,90+ Days Delinquent,Condo,IL,62,800,47475
,Lisa Clark,10/10/2023,10/10/2048,468000,421200,7.32,2706,Default,Condo,CA,91,626,72728
LN-100870,David Jones,11/06/2018,11/06/2033,422000,358700,6.2,2966,60 Days Delinquent,Single Family,FL,87,716,42499
LN-100871,John Taylor,02/20/2018,02/20/2046,350000,322000,4.84,1721,60 Days Delinquent,Commercial,newyork,74,742,99286
LN-100872,Donna Gonzalez,08/06/2019,08/06/2037,-805000,603750,6.8,4448,90+ Days Delinquent,Townhouse,VA,59,688,70882
LN-100873,Robert Brown,03/13/2019,03/13/2042,-314000,204100,4.45,4427,Default,Condo,OH,85,778,40469
LN-100874,Thomas Wilson,10/17/2019,10/17/2037,253000,187220,6.17,1813,30 Days Delinquent,Condo,OK,56,764,65507
LN-100875,Christopher Lewis,12/07/2020,12/07/2050,665000,585200,6.62,1351,90+ Days Delinquent,Commercial,NY,70,709,12032
LN-100876,Donna Harris,12/28/2021,12/28/2044,482000,313300,3.26,2137,90+ Days Delinquent,Single Family,NJ,87,748,46861
LN-100877,Margaret Davis,05/11/2019,05/11/2038,213000,200220,7.38,3368,Paid Off,Single Family,VA,95,772,27431
LN-100878,Karen Ramirez,02/08/2019,02/08/2049,-250000,235000,7.05,4472,90+ Days Delinquent,Single Family,MD,88,696,79858
LN-100879,Andrew Moore,04/02/2021,04/02/2042,215000,180600,6.13,3523,60 Days Delinquent,Multi Family,VA,95,684,32500
LN-100880,Anthony Gonzalez,12/05/2021,12/05/2016,508000,406400,4.43,3273,Paid Off,Condo,NC,90,630,38513
LN-100881,Anthony Perez,04/21/2022,04/21/2044,840000,621600,5.28,4276,60 Days Delinquent,Single Family,TN,69,685,57744
LN-100882,Elizabeth Jones,03/18/2023,03/18/2018,581000,528710,5.68,1382,90+ Days Delinquent,Condo,CA,74,636,79094
,Mark Wilson,07/04/2023,07/04/2047,324000,249480,6.17,1893,Current,Townhouse,CA,91,687,60987
LN-100884,David Davis,02/18/2021,02/18/2050,427000,315980,4.76,3814,Paid Off,Single Family,CO,88,817,47414
LN-100885,Sarah Hernandez,10/23/2020,10/23/2044,694000,569080,5.76,3216,Current,Multi Family,OH,66,799,96354
LN-100886,Michelle White,01/04/2018,01/04/2040,495000,396000,4.46,3006,60 Days Delinquent,Multi Family,WI,64,752,94505
LN-100887,,10/08/2021,10/08/2043,828000,579600,6.68,2542,Current,Townhouse,NJ,93,815,57631
LN-100888,Richard Perez,05/12/2019,05/12/2049,814000,553520,42.43,1938,Current,Multi Family,GA,70,659,16769
LN-100889,Robert Thompson,11/08/2021,11/08/2047,317000,285300,4.16,3746,Paid Off,Commercial,UT,91,650,29577
LN-100890,John Brown,01/02/2018,01/02/2043,299000,278070,-7.34,1955,Default,Condo,SC,91,704,58023
LN-100502,Christopher Robinson,06/28/2021,06/28/2038,322000,315560,6.99,2008,Paid Off,Single Family,AZ,78,784,18818
LN-100892,David Sanchez,04/21/2019,04/21/2034,292000,245280,7.49,4093,60 Days Delinquent,Townhouse,SC,85,761,51314
LN-100893,Lisa Garcia,08/14/2021,08/14/2045,-829000,704650,3.47,3498,Default,Townhouse,UT,91,762,42554
LN-100894,Elizabeth Jones,06/14/2019,06/14/2035,230000,174800,29.21,1955,60 Days Delinquent,Condo,MO,68,621,66440
LN-100895,Donna Lopez,04/11/2023,04/11/2045,609000,517650,7.42,3893,90+ Days Delinquent,Townhouse,AL,92,654,15000
LN-100896,Richard Johnson,02/16/2019,02/16/2040,256000,227840,4.32,1518,Current,Townhouse,CO,82,661,41670
,Emily Taylor,07/13/2023,07/13/2050,620000,446400,5.76,1269,30 Days Delinquent,Condo,WI,80,818,17417
LN-100898,Emily White,11/21/2019,11/21/2037,574000,373100,4.97,3072,Paid Off,Single Family,KY,80,714,44061
LN-100899,Matthew Moore,10/23/2021,10/23/2038,424000,385840,-6.06,2108,90+ Days Delinquent,Single Family,OH,76,646,84504
LN-100900,Lisa Taylor,12/08/2023,12/08/2053,342000,249660,3.76,4123,60 Days Delinquent,Condo,PA,74,731,74120
LN-100901,Kimberly Williams,08/16/2018,08/16/2038,635000,508000,-7.28,1392,90+ Days Delinquent,Commercial,FL,63,644,58759
,Anthony Harris,03/18/2019,03/18/2039,312000,249600,6.97,2895,Default,Multi Family,SC,69,779,88983
LN-100903,Mary Rodriguez,05/14/2018,05/14/2043,247000,158080,7.2,3910,Paid Off,Condo,AZ,91,716,13351
LN-100791,Donald Miller,01/19/2020,01/19/2040,300000,276000,5.7,4370,30 Days Delinquent,Multi Family,MO,55,755,95479
LN-100905,Elizabeth Garcia,07/05/2023,07/05/2046,340000,299200,4.17,1693,30 Days Delinquent,Single Family,KY,57,687,22187
LN-100906,Michelle Anderson,03/02/2018,03/02/2048,511000,419020,3.28,2515,Default,Condo,WI,56,763,77269
LN-100907,Kimberly Johnson,01/08/2018,01/08/2036,785000,651550,-6.38,2396,60 Days Delinquent,Commercial,WI,63,651,21842
LN-100908,Ashley Perez,11/03/2020,11/03/2049,667000,446890,5.36,4189,90+ Days Delinquent,Single Family,MI,56,654,26080
LN-100855,Karen Anderson,07/25/2020,07/25/2047,424000,267120,7.06,3900,Paid Off,Multi Family,FL,81,770,40338
LN-100910,James Taylor,09/24/2023,09/24/2047,317000,256770,-3.97,3860,90+ Days Delinquent,Townhouse,FL,81,661,70642
LN-100911,Barbara Garcia,10/06/2019,10/06/2034,712000,434320,7.13,2864,90+ Days Delinquent,Multi Family,MO,82,744,34437
LN-100912,Mary Martin,05/19/2023,05/19/2039,838000,770960,5.22,1681,60 Days Delinquent,Townhouse,FL,94,735,65246
LN-100913,Anthony White,07/23/2019,07/23/2043,671000,523380,36.45,2671,60 Days Delinquent,Commercial,MD,87,754,52580
LN-100914,Mary Taylor,04/28/2020,04/28/2049,624000,549120,6.03,4146,60 Days Delinquent,Condo,CT,79,683,39738
LN-100915,Emily Martin,08/20/2018,08/20/2048,435000,269700,6.94,3669,30 Days Delinquent,Condo,CO,56,723,96305
LN-100916,Sarah Miller,02/05/2018,02/05/2045,566000,549020,5.61,1582,30 Days Delinquent,Commercial,VA,73,642,93009
LN-100917,Donald Thompson,05/26/2022,05/26/2045,499000,459080,7.41,2564,30 Days Delinquent,Single Family,IN,76,717,22355
LN-100918,Ashley Taylor,10/24/2020,10/24/2043,544000,527680,31.71,1316,Current,Commercial,MI,81,706,32440
LN-100919,Michelle Smith,03/19/2022,03/19/2047,712000,676400,7.14,4111,Default,Condo,MO,63,709,47377
LN-100194,Karen Thomas,12/13/2019,12/13/2038,627000,501600,4.2,2748,60 Days Delinquent,Multi Family,PA,67,774,87055
LN-100055,James Taylor,05/22/2019,05/22/2034,671000,416020,7.59,2967,Current,Single Family,IL,62,815,85635
LN-100922,Michael Johnson,08/17/2020,08/17/2037,243000,177390,5.44,3996,Default,Condo,IL,84,717,36326
LN-100923,David Brown,02/26/2021,02/26/2039,335000,204350,6.66,2679,Default,Commercial,MI,60,693,91376
LN-100924,Elizabeth Gonzalez,10/25/2022,10/25/2050,-382000,278860,4.05,3433,Default,Commercial,MD,75,787,28337
LN-100925,Joshua Robinson,10/04/2021,10/04/2045,225000,150750,33.9,2985,Current,Multi Family,AZ,79,648,12791
LN-100926,David Lopez,02/04/2021,02/04/2036,818000,760740,4.75,4311,30 Days Delinquent,Single Family,fl,57,747,94075
LN-100485,Betty Harris,07/27/2018,07/27/2034,183000,133590,7.66,4365,Current,Single Family,CT,82,638,80131
LN-100928,Lisa Lewis,10/22/2023,10/22/2050,390000,378300,5.95,4335,Paid Off,Single Family,GA,56,737,51915
LN-100929,Kimberly Johnson,05/02/2018,05/02/2045,380000,285000,7.16,1701,30 Days Delinquent,Condo,LA,62,630,50450
LN-100529,Richard Robinson,03/23/2022,03/23/2048,521000,333440,7.55,2028,60 Days Delinquent,Single Family,WI,92,653,83465
LN-100931,Charles Martinez,02/15/2021,02/15/2040,321000,295320,3.69,2291,Current,Townhouse,MA,56,755,20293
LN-100932,Anthony Martinez,05/01/2020,05/01/2040,765000,520200,5.04,1997,60 Days Delinquent,Single Family,GA,58,698,98073
LN-100933,Daniel Lee,10/12/2023,10/12/2051,279000,181350,40.44,3316,60 Days Delinquent,Condo,AL,91,785,30266
LN-100934,James Brown,09/07/2019,09/07/2034,747000,679770,6.34,3624,Paid Off,Condo,99,87,669,18515
LN-100935,Robert Moore,01/21/2020,01/21/2015,492000,393600,6.63,2846,Current,Multi Family,NJ,82,647,52104
LN-100936,James Jones,09/24/2020,09/24/2038,722000,613700,32.77,2955,30 Days Delinquent,Multi Family,MI,62,672,25151
LN-100937,Jessica Jackson,04/05/2019,04/05/2035,672000,430080,5.33,1600,Paid Off,Commercial,LA,80,742,57655
LN-100938,Richard Jackson,06/04/2023,06/04/2039,766000,735360,3.81,4274,Current,Condo,CA,67,801,25924
LN-100939,Michelle Williams,08/26/2023,08/26/2044,729000,459270,42.64,3990,Default,Condo,CA,86,689,81062
LN-100940,Donald Garcia,09/23/2020,09/23/2045,211000,130820,5.53,4060,Paid Off,Condo,IN,90,652,26287
LN-100602,Margaret Rodriguez,07/04/2018,07/04/2039,283000,243380,3.41,2221,Paid Off,Commercial,LA,84,633,32500
LN-100942,Susan Thompson,04/23/2021,04/23/2039,759000,462990,7.11,3601,Current,Multi Family,GA,63,803,87976
LN-100943,Lisa Moore,11/24/2020,11/24/2041,215000,156950,5.83,2377,Current,Commercial,SC,86,640,50026
LN-100944,Karen Lee,04/08/2020,04/08/2036,266000,183540,7.63,1823,90+ Days Delinquent,Townhouse,NJ,80,729,63042
LN-100945,Emily Wilson,02/11/2018,02/11/2043,336000,325920,-3.37,4144,30 Days Delinquent,Townhouse,NY,95,646,75052
LN-100946,Barbara Garcia,11/18/2021,11/18/2051,283000,229230,7.45,3296,Paid Off,Townhouse,unknown,70,685,11198
LN-100947,Betty White,10/24/2019,10/24/2045,605000,393250,-3.36,4066,90+ Days Delinquent,Multi Family,KY,88,711,78241
LN-100948,Emily Garcia,12/18/2021,12/18/2051,571000,548160,5.06,2792,90+ Days Delinquent,Commercial,PA,72,744,78506
LN-100949,Anthony Taylor,10/10/2023,10/10/2049,597000,447750,4.71,2837,Paid Off,Multi Family,NY,66,714,29009
LN-100950,Matthew Harris,11/02/2019,11/02/2037,312000,283920,3.44,3166,60 Days Delinquent,Commercial,WA,73,797,68023
LN-100951,Elizabeth Rodriguez,06/27/2023,06/27/2041,394000,323080,-5.15,1446,90+ Days Delinquent,Commercial,UT,76,736,22865
LN-100952,,12/03/2020,12/03/2049,522000,495900,7.02,2128,Default,Single Family,OR,68,706,22531
LN-100953,Jennifer Martin,03/14/2021,03/14/2036,841000,664390,6.12,4051,Paid Off,Single Family,UT,71,677,54212
LN-100954,Sarah Lee,09/12/2019,09/12/2048,732000,483120,-4.51,2553,90+ Days Delinquent,Single Family,GA,61,676,76027
LN-100955,Lisa Martinez,04/06/2018,04/06/2040,513000,343710,4.23,2991,Paid Off,Single Family,IN,60,769,24327
LN-100956,Nancy Lee,06/27/2019,06/27/2014,749000,539280,3.53,1752,60 Days Delinquent,Multi Family,NC,89,628,71058
LN-100957,Susan Williams,12/10/2021,12/10/2048,637000,579670,-6.87,1382,60 Days Delinquent,Single Family,KY,72,716,51428
LN-100958,Paul Brown,11/25/2019,11/25/2041,730000,576700,36,4329,30 Days Delinquent,Condo,CT,73,626,86282
LN-100959,Susan Perez,05/03/2018,05/03/2033,555000,432900,4.42,1745,30 Days Delinquent,Commercial,VA,62,785,66672
LN-100960,Mark Jones,03/01/2022,03/01/2042,669000,602100,45.68,4038,60 Days Delinquent,Single Family,SC,62,813,47868
LN-100961,,03/23/2019,03/23/2048,183000,148230,7.42,3288,Default,Commercial,MD,77,742,35820
LN-100962,Jessica Brown,03/03/2022,03/03/2044,790000,505600,3.61,2082,90+ Days Delinquent,Townhouse,IN,70,733,74590
LN-100963,Nancy Rodriguez,03/04/2019,03/04/2047,166000,122840,5.21,2711,Current,Condo,MN,65,631,25101
LN-100964,Donna Martin,09/01/2021,09/01/2049,419000,314250,-4.5,4454,Current,Commercial,CT,85,684,71500
LN-100965,Jessica Harris,10/05/2020,10/05/2042,542000,433600,6.26,3099,Current,Single Family,OK,88,790,63781
LN-100966,John Miller,08/18/2018,08/18/2048,709000,574290,6.16,2133,Default,Townhouse,IL,80,719,91625
LN-100967,William Wilson,01/17/2023,01/17/2053,475000,332500,-4.64,2094,60 Days Delinquent,Multi Family,IN,73,813,74811
LN-100968,Sandra Brown,07/24/2018,07/24/2038,425000,399500,6.59,2313,Paid Off,Townhouse,WA,93,697,71937
LN-100969,Sarah Clark,01/22/2020,01/22/2037,243000,211410,-3.28,4360,Paid Off,Condo,FL,74,773,15259
LN-100970,,08/07/2019,08/07/2040,224000,163520,6.03,2335,Current,Condo,LA,56,680,60482
LN-100971,Jessica Anderson,07/15/2020,07/15/2049,169000,162240,-7.54,3850,60 Days Delinquent,Multi Family,FL,69,683,38223
LN-100972,Nancy Brown,04/23/2022,04/23/2041,209000,173470,3.45,2807,30 Days Delinquent,Condo,WI,86,676,16614
LN-100973,Mary Lewis,02/01/2022,02/01/2039,502000,341360,3.84,1404,60 Days Delinquent,Multi Family,TN,85,797,70578
LN-100974,Robert Brown,01/27/2023,01/27/2051,-469000,408030,6.59,4465,Paid Off,Multi Family,TX,82,744,29969
LN-100975,Jessica Perez,02/25/2021,02/25/2039,582000,389940,7.34,3208,Current,Multi Family,fl,55,653,82174
LN-100488,Joseph Perez,08/25/2019,08/25/2035,651000,546840,3.93,3655,90+ Days Delinquent,Commercial,TN,62,794,41109
LN-100977,Charles Jackson,11/12/2022,11/12/2050,516000,485040,3.45,4264,90+ Days Delinquent,Commercial,FL,75,820,61417
LN-100978,John Williams,11/26/2021,11/26/2043,-284000,207320,4.1,3951,Current,Townhouse,IN,82,626,43954
LN-100979,Lisa Jones,03/09/2022,03/09/2049,516000,428280,5.35,2955,Current,Townhouse,texas,94,745,94821
LN-100980,Elizabeth Williams,11/05/2021,11/05/2044,601000,552920,31.73,1443,90+ Days Delinquent,Townhouse,NC,69,808,13154
LN-100981,Nancy Lee,11/15/2019,11/15/2037,-618000,512940,6.6,3807,Default,Single Family,VA,61,680,26539
LN-100982,Matthew Thomas,04/26/2022,04/26/2039,-464000,426880,5.22,2145,Default,Commercial,IN,75,644,67982
LN-100983,Barbara Thompson,01/23/2019,01/23/2041,479000,407150,6.62,1343,90+ Days Delinquent,Condo,KY,73,637,74052
LN-100984,Patricia Rodriguez,05/12/2022,05/12/2040,846000,676800,5.49,3360,Paid Off,Commercial,VA,62,623,55693
LN-100985,Kimberly Sanchez,10/07/2019,10/07/2036,231000,138600,-5.85,4220,30 Days Delinquent,Condo,NY,69,805,22806
LN-100985,Sarah Wilson,01/16/2023,01/16/2039,343000,270970,7.02,2411,Current,Condo,MO,66,730,91347
LN-100987,Daniel Clark,06/24/2022,06/24/2044,438000,297840,7.59,1938,60 Days Delinquent,Townhouse,texas,77,659,46101
LN-100107,Jennifer Davis,12/09/2018,12/09/2044,736000,669760,4.79,1749,Current,Commercial,KY,62,622,44685
LN-100989,Nancy Miller,09/03/2019,09/03/2047,595000,481950,3.42,2113,Paid Off,Townhouse,MI,66,818,69387
LN-100990,Joshua Lewis,08/17/2020,08/17/2041,330000,237600,7,3858,Paid Off,Condo,MO,56,643,77437
LN-100991,Patricia Hernandez,12/20/2018,12/20/2044,458000,357240,7.06,1465,Paid Off,Commercial,OR,74,672,90192
LN-100992,Susan Brown,05/04/2018,05/04/2047,205000,151700,5.93,3974,60 Days Delinquent,Commercial,OK,95,801,53503
LN-100993,Jessica Jones,11/01/2020,11/01/2039,434000,277760,44.87,2843,Default,Commercial,AZ,69,786,67416
LN-100994,Andrew Sanchez,07/20/2018,07/20/2047,581000,406700,5.93,2947,Paid Off,Commercial,OH,76,629,29471
LN-100995,Barbara Ramirez,11/06/2023,11/06/2041,405000,263250,-6.73,3489,60 Days Delinquent,Commercial,MA,74,758,55455
LN-100996,Margaret Moore,07/23/2020,07/23/2036,616000,566720,5.6,3840,90+ Days Delinquent,Condo,ZZ,59,669,65445
LN-100997,Donna Hernandez,02/13/2023,02/13/2046,302000,235560,-3.54,3085,Paid Off,Commercial,MD,76,718,37324
LN-100998,Barbara Gonzalez,11/08/2022,11/08/2043,803000,674520,4.33,1965,90+ Days Delinquent,Condo,PA,91,657,18733
LN-100999,Daniel Martinez,08/12/2022,08/12/2038,536000,369840,41.47,1702,60 Days Delinquent,Condo,NY,77,653,65083
LN-101000,William Gonzalez,02/20/2019,02/20/2038,281000,205130,46.84,3088,Current,Commercial,GA,75,733,77130
LN-101001,John Rodriguez,05/19/2019,05/19/2035,-839000,570520,3.55,2201,30 Days Delinquent,Commercial,TX,84,694,98565
LN-101002,Mary Jones,08/01/2020,08/01/2047,-753000,700290,4.75,1308,Default,Single Family,MD,71,765,12183
LN-101003,Christopher Williams,02/19/2018,02/19/2043,765000,604350,7.17,4161,Default,Multi Family,VA,84,804,28155
LN-101004,Jennifer Williams,03/16/2019,03/16/2014,203000,133980,3.61,1831,90+ Days Delinquent,Single Family,CA,78,712,58144
LN-101005,Mary Smith,08/24/2022,08/24/2017,278000,269660,6.17,3579,90+ Days Delinquent,Townhouse,LA,88,650,98776
LN-100636,Jessica Sanchez,06/19/2021,06/19/2044,225000,193500,6.59,1578,Default,Commercial,OH,77,706,39992
LN-101007,,12/13/2019,12/13/2049,395000,304150,5.68,1293,90+ Days Delinquent,Single Family,OK,66,689,10908
LN-101008,Matthew White,07/11/2020,07/11/2037,686000,637980,7.09,2950,60 Days Delinquent,Townhouse,LA,89,714,67538
LN-101009,John Moore,08/28/2021,08/28/2051,522000,354960,45.44,3725,Paid Off,Single Family,WI,80,817,44104
LN-101010,Barbara Brown,04/09/2018,04/09/2013,193000,156330,5.91,2293,30 Days Delinquent,Multi Family,GA,70,777,95228
LN-101011,Andrew Hernandez,02/08/2020,02/08/2037,340000,207400,5.87,3557,Current,Commercial,IL,63,709,66809
LN-101012,Jessica Thompson,10/16/2020,10/16/2043,-450000,319500,5.98,2952,Default,Multi Family,CO,81,712,40364
LN-101013,Linda Rodriguez,06/25/2018,06/25/2013,256000,217600,7.19,2039,60 Days Delinquent,Single Family,CA,60,736,85326
LN-101014,Thomas Ramirez,05/14/2023,05/14/2053,171000,107730,4.97,3425,Default,Commercial,KY,80,682,77189
LN-100299,Anthony Hernandez,11/14/2018,11/14/2033,300000,219000,5.48,2954,30 Days Delinquent,Townhouse,MN,60,658,71323
LN-101016,Mark Jones,12/05/2020,12/05/2048,743000,505240,4.03,3114,Current,Single Family,AL,84,633,25147
LN-101017,James Lewis,07/19/2021,07/19/2044,301000,213710,5.11,1474,90+ Days Delinquent,Single Family,VA,77,777,72632
LN-101018,Andrew Smith,07/18/2022,07/18/2037,455000,295750,7.37,1266,90+ Days Delinquent,Townhouse,OH,80,820,53836
LN-101019,Matthew Hernandez,05/21/2019,05/21/2035,556000,505960,5.77,1529,Paid Off,Single Family,NC,69,654,58325
LN-101020,Steven Thompson,07/14/2022,07/14/2047,797000,565870,-6.18,3161,90+ Days Delinquent,Townhouse,IN,57,682,99020
LN-101021,Donna Miller,02/17/2022,02/17/2039,768000,468480,-5.69,3954,90+ Days Delinquent,Commercial,AL,56,722,64825
LN-101022,,10/08/2020,10/08/2041,167000,113560,4.86,2346,Default,Commercial,IN,94,758,65098
LN-101023,Steven Harris,07/15/2021,07/15/2038,677000,582220,-5.75,1354,60 Days Delinquent,Condo,MD,87,640,28802
LN-101024,James Perez,03/07/2022,03/07/2046,404000,367640,5.83,1775,90+ Days Delinquent,Commercial,AZ,90,773,28394
LN-101025,Sandra Robinson,04/26/2023,04/26/2048,155000,128650,-4.78,2048,30 Days Delinquent,Multi Family,VA,69,648,12117
LN-101026,Mark Rodriguez,05/15/2021,05/15/2040,779000,623200,7.69,2196,Paid Off,Multi Family,unknown,59,798,89150
LN-101027,Karen Ramirez,02/11/2018,02/11/2045,366000,318420,4.05,2702,60 Days Delinquent,Commercial,newyork,69,698,78909
LN-101028,Michelle Thomas,12/22/2020,12/22/2046,-790000,750500,4.22,4171,Default,Condo,VA,70,768,98775
LN-101029,Joshua Clark,02/12/2023,02/12/2046,-275000,228250,6.57,4454,Current,Townhouse,TX,68,627,11266
LN-101030,Charles Wilson,09/03/2018,09/03/2044,260000,252200,3.39,1613,30 Days Delinquent,Townhouse,MD,90,715,46875
LN-101031,Joshua Lewis,05/27/2022,05/27/2052,841000,689620,4.94,1806,Current,Townhouse,OH,57,795,75554
LN-101032,Paul Thomas,02/06/2022,02/06/2037,706000,564800,4.57,3521,Paid Off,Multi Family,TN,81,660,93895
LN-101033,Nancy Garcia,05/27/2022,05/27/2040,620000,496000,6.63,1952,Default,Condo,MD,86,757,31523
LN-101034,Nancy Harris,07/17/2021,07/17/2037,561000,370260,47.72,4373,60 Days Delinquent,Commercial,IN,63,772,18820
LN-101035,Matthew Anderson,11/23/2020,11/23/2050,530000,461100,-6.12,2127,30 Days Delinquent,Condo,TN,84,725,49330
LN-101036,Thomas Hernandez,10/02/2023,10/02/2050,-261000,164430,6.42,4440,60 Days Delinquent,Condo,OK,64,661,11163
LN-101037,Paul Williams,11/20/2023,11/20/2043,820000,598600,7.05,4102,90+ Days Delinquent,Multi Family,GA,74,677,15834
LN-101038,,09/20/2023,09/20/2049,795000,643950,4,4253,Default,Multi Family,NY,68,742,12734
LN-101039,,04/12/2019,04/12/2034,808000,743360,4.21,3570,Paid Off,Multi Family,AL,89,673,67744
LN-101040,Anthony Perez,11/28/2022,11/28/2047,381000,335280,3.61,1818,Current,Townhouse,AZ,62,755,30498
LN-100529,Elizabeth Miller,10/10/2023,10/10/2040,583000,530530,7.4,3167,Current,Townhouse,NC,68,807,73452
LN-101042,Emily Sanchez,07/17/2023,07/17/2045,202000,159580,5.6,1328,30 Days Delinquent,Condo,AL,56,671,85920
LN-101043,Michael Anderson,12/06/2020,12/06/2015,667000,453560,6.66,3114,Default,Condo,CO,57,800,26181
LN-101044,Anthony Brown,11/22/2020,11/22/2050,628000,439600,4.45,1709,30 Days Delinquent,Condo,CO,81,645,33656
LN-101045,Thomas Lewis,06/01/2019,06/01/2043,568000,386240,-7.18,2348,Default,Single Family,TX,92,727,22426
LN-101046,Sandra Garcia,05/08/2020,05/08/2046,-630000,384300,6.28,4190,Current,Condo,UT,58,814,59984
LN-101047,Christopher White,11/04/2023,11/04/2038,552000,430560,4.13,1965,Current,Single Family,VA,58,746,98449
LN-101048,Anthony Brown,07/09/2019,07/09/2036,594000,397980,33.45,1325,60 Days Delinquent,Single Family,AZ,58,671,70518
LN-101049,Karen Lopez,11/07/2019,11/07/2045,698000,614240,6.79,3777,Current,Single Family,AL,75,668,16811
LN-101050,,04/04/2020,04/04/2044,547000,426660,3.86,4380,Default,Single Family,TN,66,699,40534
LN-101051,Joshua Robinson,09/16/2023,09/16/2052,794000,643140,3.57,1939,Paid Off,Condo,texas,85,803,85706
LN-101052,,10/14/2019,10/14/2035,800000,544000,4.39,1258,30 Days Delinquent,Condo,TN,81,798,83132
LN-101053,Kimberly Miller,12/14/2019,12/14/2047,-759000,561660,4.33,1921,30 Days Delinquent,Townhouse,UT,84,701,75428
LN-100225,Michelle Brown,05/12/2019,05/12/2044,625000,593750,7.65,2833,30 Days Delinquent,Condo,WA,82,682,58707
LN-101055,Sandra Lewis,08/10/2019,08/10/2048,774000,549540,4.02,1777,Default,Commercial,AL,68,634,68639
LN-101056,Anthony White,08/24/2022,08/24/2037,-555000,505050,7.65,4359,30 Days Delinquent,Commercial,VA,80,641,75891
LN-101057,Mark Moore,06/13/2021,06/13/2039,-742000,586180,6.59,3843,30 Days Delinquent,Multi Family,NJ,57,623,92426
LN-101058,Anthony Thomas,11/23/2023,11/23/2039,724000,615400,37.26,1975,Current,Multi Family,VA,75,730,41853
LN-101059,Robert Jackson,02/02/2019,02/02/2047,636000,445200,7.25,4199,90+ Days Delinquent,Commercial,OH,62,703,11430
LN-101060,Elizabeth Wilson,06/23/2018,06/23/2013,360000,284400,3.4,2370,60 Days Delinquent,Townhouse,NC,59,678,30525
LN-101061,James Lee,09/05/2022,09/05/2050,845000,760500,3.96,4433,Default,Townhouse,MN,95,661,72518
LN-101062,Karen Smith,08/02/2018,08/02/2038,702000,491400,5.72,3163,Default,Condo,OK,84,760,31914
LN-101063,Margaret Taylor,05/23/2019,05/23/2037,-615000,405900,6.47,2087,Paid Off,Condo,MD,77,692,92137
LN-101064,David Gonzalez,03/03/2019,03/03/2045,200000,126000,4.65,2278,60 Days Delinquent,Condo,GA,84,713,82811
LN-101065,Mary Robinson,10/07/2019,10/07/2034,747000,485550,5.69,3472,60 Days Delinquent,Condo,fl,68,709,64115
LN-100722,Linda Martinez,05/28/2018,05/28/2045,669000,414780,4.52,3550,Default,Townhouse,VA,58,765,22261
LN-101067,William Miller,05/10/2020,05/10/2044,295000,247800,4.19,3755,90+ Days Delinquent,Commercial,GA,77,698,38830
LN-101068,Jennifer Martinez,05/19/2023,05/19/2039,822000,772680,6.11,3482,Current,Townhouse,TN,82,806,62195
LN-101069,Jennifer Martinez,08/08/2018,08/08/2039,387000,267030,5.7,2866,Paid Off,Multi Family,GA,86,806,92334
LN-101070,Christopher Williams,05/05/2023,05/05/2051,510000,474300,48,4219,90+ Days Delinquent,Single Family,GA,79,704,44026
LN-101071,Linda Thomas,09/09/2019,09/09/2039,-610000,384300,4.53,4361,Current,Condo,CA,84,665,98559
LN-101072,,11/28/2020,11/28/2040,433000,368050,5.9,2210,30 Days Delinquent,Condo,NY,79,656,48058
LN-101073,Barbara Martinez,11/04/2023,11/04/2038,569000,432440,6.58,3214,Paid Off,Townhouse,AL,66,646,56655
LN-101074,Jessica Taylor,09/09/2019,09/09/2037,220000,180400,6.59,3535,90+ Days Delinquent,Multi Family,AZ,56,810,19173
LN-101075,Karen Clark,09/14/2018,09/14/2042,254000,236220,6.93,3333,Paid Off,Condo,UT,64,766,35628
LN-101076,Mark Harris,06/23/2021,06/23/2041,-456000,337440,3.88,4473,Paid Off,Condo,SC,79,637,29082
LN-101077,Kimberly Harris,05/27/2022,05/27/2050,487000,331160,4.27,2285,Default,Townhouse,TX,95,733,24272
LN-101078,Lisa Miller,05/25/2021,05/25/2046,273000,237510,5.82,2883,30 Days Delinquent,Commercial,CA,92,675,96426
LN-101079,Susan Lopez,11/24/2020,11/24/2049,314000,276320,5.19,3642,60 Days Delinquent,Single Family,LA,93,684,39089
LN-101080,Joshua Sanchez,06/24/2020,06/24/2040,172000,159960,6.81,1227,Current,Single Family,WA,69,682,93161
LN-101081,Richard Johnson,05/26/2018,05/26/2037,561000,532950,6.44,2431,Current,Commercial,MD,78,747,68987
LN-101082,James White,10/07/2020,10/07/2048,706000,670700,5.21,3857,60 Days Delinquent,Multi Family,FL,77,786,93400
LN-101083,Karen Ramirez,08/14/2020,08/14/2037,477000,419760,7.27,4014,Current,Commercial,california,75,742,23986
LN-101084,Charles Martinez,09/25/2021,09/25/2038,-477000,424530,3.32,1237,Default,Single Family,AZ,60,765,12510
LN-101085,Paul Ramirez,01/08/2019,01/08/2034,726000,479160,6.87,1438,Paid Off,Townhouse,NJ,60,730,35600
LN-101086,Sarah Martinez,09/05/2023,09/05/2047,408000,297840,6.89,3526,60 Days Delinquent,Commercial,OK,83,732,62437
LN-101087,Jessica Moore,05/09/2018,05/09/2039,463000,305580,5.26,1343,Paid Off,Single Family,LA,87,628,99906
LN-101088,Barbara Taylor,11/02/2022,11/02/2037,342000,263340,6.56,1542,Paid Off,Commercial,CT,90,682,82110
LN-101089,Steven Jones,08/10/2020,08/10/2046,750000,547500,7.34,1516,Paid Off,Condo,GA,78,770,81207
LN-101090,Margaret Miller,08/07/2021,08/07/2039,439000,395100,6.05,4407,Paid Off,Townhouse,NY,89,670,23063
LN-101091,Michelle Harris,01/08/2018,01/08/2044,583000,495550,5.22,3451,Current,Condo,CA,80,760,13355
LN-101092,Joseph Martinez,11/03/2018,11/03/2048,461000,382630,5.15,1449,90+ Days Delinquent,Townhouse,NY,64,691,93943
LN-101093,Nancy Thompson,02/20/2019,02/20/2047,555000,493950,6.45,2762,Paid Off,Commercial,MN,77,688,51483
LN-101094,Linda Anderson,04/01/2022,04/01/2052,791000,609070,6.37,4126,60 Days Delinquent,Multi Family,CO,77,820,26303
LN-101095,Donald White,12/17/2020,12/17/2039,-600000,462000,4.25,3997,60 Days Delinquent,Townhouse,TN,89,645,62344
LN-101096,Donald Harris,06/23/2019,06/23/2037,438000,302220,4.87,2756,30 Days Delinquent,Multi Family,XX,81,744,41907
LN-101097,Steven Smith,11/26/2019,11/26/2048,384000,264960,7.38,4427,Paid Off,Townhouse,IN,72,679,19334
LN-101098,,12/22/2022,12/22/2047,208000,151840,7.07,1455,Paid Off,Townhouse,MO,88,650,43712
LN-101099,Michael Clark,07/08/2023,07/08/2051,832000,673920,4.35,4499,Default,Townhouse,TN,63,766,54020
LN-101100,Charles Davis,04/17/2020,04/17/2049,199000,151240,6.52,1207,60 Days Delinquent,Multi Family,IL,74,721,57625
LN-101101,Nancy Perez,03/24/2018,03/24/2040,753000,459330,4.85,3384,30 Days Delinquent,Condo,ZZ,85,768,56253
LN-101102,Christopher Garcia,02/02/2023,02/02/2018,303000,233310,5.04,3718,Default,Commercial,SC,77,663,50235
LN-101103,Robert Wilson,08/08/2023,08/08/2040,812000,771400,7.64,1938,60 Days Delinquent,Commercial,NC,76,800,27721
LN-101104,Richard Anderson,01/25/2018,01/25/2046,-422000,278520,5.35,2491,Default,Multi Family,OH,70,721,17457
LN-101105,Ashley Thompson,03/21/2022,03/21/2017,417000,304410,4.03,2750,90+ Days Delinquent,Townhouse,VA,82,730,59107
LN-101106,,11/06/2023,11/06/2049,186000,119040,5.89,4311,90+ Days Delinquent,Single Family,VA,79,800,98757
LN-101107,Kimberly Martin,07/18/2023,07/18/2051,798000,702240,3.74,2761,Default,Single Family,CT,95,670,47593
LN-101108,Donald Lee,03/01/2023,03/01/2046,847000,559020,5,3159,30 Days Delinquent,Townhouse,WI,66,785,49833
LN-101109,Christopher Ramirez,08/22/2023,08/22/2048,416000,341120,3.56,3069,30 Days Delinquent,Townhouse,WI,88,789,28496
LN-101110,Margaret Ramirez,05/25/2019,05/25/2049,639000,492030,5.26,4348,60 Days Delinquent,Multi Family,TN,65,685,18648
LN-101111,Linda Taylor,03/27/2021,03/27/2048,-458000,366400,6.06,1360,Current,Townhouse,NY,58,729,54395
LN-101112,James Anderson,02/14/2022,02/14/2047,165000,125400,5.29,1863,90+ Days Delinquent,Single Family,NY,93,707,21918
LN-100559,Richard Taylor,03/01/2023,03/01/2040,321000,272850,5,4285,60 Days Delinquent,Multi Family,TN,94,664,54498
LN-101114,Susan Thompson,05/01/2023,05/01/2048,-190000,155800,5.53,4177,30 Days Delinquent,Multi Family,AL,76,622,95973
LN-101115,,01/05/2019,01/05/2040,150000,97500,4.25,2224,Default,Multi Family,SC,73,669,46311
LN-101116,James Ramirez,12/13/2018,12/13/2039,546000,480480,6.5,2843,90+ Days Delinquent,Commercial,WI,61,770,12945
LN-101117,Margaret Thomas,11/24/2021,11/24/2041,451000,369820,47.68,2684,Default,Commercial,TX,84,787,57910
LN-101118,Daniel Davis,11/01/2022,11/01/2047,345000,307050,4.29,3535,Current,Condo,texas,66,728,30351
LN-101119,,06/21/2019,06/21/2034,384000,330240,7.19,1645,Current,Condo,MN,58,704,48932
LN-101120,Matthew White,07/12/2019,07/12/2014,406000,377580,3.77,3294,30 Days Delinquent,Single Family,CT,55,627,37193
LN-101121,Matthew Anderson,10/06/2018,10/06/2048,467000,373600,6.81,2391,Current,Multi Family,SC,80,699,83482
LN-101122,Thomas Davis,06/22/2018,06/22/2041,334000,277220,3.83,1767,30 Days Delinquent,Multi Family,AZ,73,670,37772
LN-101123,Jennifer Lopez,05/09/2021,05/09/2043,158000,109020,6.42,3736,Current,Condo,GA,81,649,72932
LN-101124,Kimberly Taylor,11/27/2021,11/27/2040,767000,575250,6.75,4073,Current,Condo,PA,76,775,41575
LN-101125,David Robinson,05/08/2019,05/08/2014,275000,176000,4.96,2070,90+ Days Delinquent,Multi Family,IN,94,762,92112
LN-101126,Linda Ramirez,02/24/2019,02/24/2039,-604000,525480,5.3,3569,60 Days Delinquent,Commercial,PA,62,666,17820
LN-101127,Matthew Ramirez,04/23/2019,04/23/2036,776000,574240,3.49,1481,Paid Off,Multi Family,MI,69,708,45192
LN-101128,Mary Ramirez,10/01/2022,10/01/2037,456000,310080,5.64,4293,Default,Single Family,TX,68,781,19320
LN-101129,Donald Taylor,12/22/2022,12/22/2042,322000,273700,35.37,3781,Paid Off,Commercial,OH,77,818,51126
LN-101130,Donna Moore,02/10/2019,02/10/2035,837000,552420,6.81,3842,60 Days Delinquent,Townhouse,CO,81,754,37283
LN-101131,Susan Martin,01/22/2022,01/22/2041,333000,313020,4.46,3985,Default,Condo,IL,87,774,60231
LN-101132,John Wilson,02/14/2019,02/14/2038,416000,278720,6.71,4392,Paid Off,Townhouse,AL,79,717,17481
LN-101133,Karen Jones,07/24/2020,07/24/2015,688000,577920,4.31,1207,Paid Off,Townhouse,MD,74,656,65772
LN-101134,Linda Gonzalez,03/27/2020,03/27/2042,158000,123240,6.81,2405,Paid Off,Condo,CO,60,695,10166
LN-101135,John Garcia,09/16/2019,09/16/2045,462000,300300,3.28,3941,90+ Days Delinquent,Condo,UT,83,631,55179
LN-101136,Michelle White,11/04/2020,11/04/2038,743000,698420,6.98,4162,Default,Condo,IN,61,763,28048
LN-101137,Margaret Moore,07/01/2020,07/01/2048,650000,591500,3.72,2370,Current,Commercial,AZ,66,647,11487
LN-101138,Michael Brown,08/26/2022,08/26/2042,531000,345150,3.98,3758,Paid Off,Single Family,CA,72,775,10665
LN-101139,Donald Martinez,06/20/2018,06/20/2046,728000,633360,38.17,3618,Paid Off,Condo,AZ,88,640,25078
LN-101140,Michael White,10/03/2022,10/03/2051,422000,312280,4.35,2096,90+ Days Delinquent,Commercial,WI,88,810,55837
LN-101141,Ashley Davis,04/16/2022,04/16/2041,159000,103350,4.15,1928,Default,Townhouse,NC,61,744,67429
LN-101142,Daniel Gonzalez,10/11/2023,10/11/2044,621000,540270,6.75,3405,30 Days Delinquent,Condo,NY,78,737,17251
LN-101143,Patricia Smith,07/17/2020,07/17/2043,417000,383640,3.27,1345,Paid Off,Condo,IN,55,768,76191
LN-101144,Andrew Johnson,04/02/2021,04/02/2036,-608000,383040,5.23,3928,90+ Days Delinquent,Multi Family,WA,65,749,76252
LN-101145,Christopher Lee,01/11/2019,01/11/2042,650000,455000,7.45,3157,30 Days Delinquent,Commercial,california,70,729,10197
LN-101146,,05/10/2021,05/10/2048,634000,551580,6.09,1233,90+ Days Delinquent,Multi Family,UT,66,744,50219
LN-101147,Donna Miller,01/09/2019,01/09/2034,778000,606840,4.34,2779,Paid Off,Townhouse,MN,70,673,93903
LN-101148,James Clark,05/09/2019,05/09/2042,724000,499560,47.75,3426,60 Days Delinquent,Condo,OK,72,716,62574
LN-101149,Donald Ramirez,10/25/2019,10/25/2045,392000,262640,4.29,1588,90+ Days Delinquent,Single Family,VA,67,716,87017
LN-101150,Kimberly Moore,12/09/2020,12/09/2042,549000,461160,6.66,2501,60 Days Delinquent,Condo,LA,89,674,69536
LN-101151,Paul Perez,04/04/2021,04/04/2037,468000,449280,7.2,1650,Current,Multi Family,VA,72,728,57219
LN-101152,Daniel Thompson,01/16/2019,01/16/2042,793000,721630,7.29,3979,Paid Off,Townhouse,CT,63,628,75380
LN-101153,Barbara Davis,09/22/2018,09/22/2044,411000,382230,38.83,1438,90+ Days Delinquent,Single Family,NC,69,788,79120
LN-101154,Michael Harris,07/19/2021,07/19/2050,401000,244610,38.73,1609,Paid Off,Commercial,IL,62,653,64350
LN-101155,Elizabeth Gonzalez,03/16/2020,03/16/2042,392000,376320,30.95,1427,Current,Commercial,WI,85,668,93513
LN-101156,Paul Martin,06/01/2020,06/01/2050,822000,608280,4.2,3089,60 Days Delinquent,Single Family,CT,63,785,25503
LN-101157,,08/06/2018,08/06/2044,739000,539470,6.72,2484,60 Days Delinquent,Commercial,WI,66,758,85102
LN-101158,David Lopez,11/06/2021,11/06/2016,395000,308100,5.94,4011,90+ Days Delinquent,Single Family,MI,77,620,45974
LN-101159,Steven Rodriguez,12/16/2021,12/16/2047,717000,444540,6.89,4247,Default,Townhouse,GA,55,665,36191
LN-101160,Jessica Jackson,01/03/2019,01/03/2042,576000,449280,7.17,2706,Default,Condo,NY,82,791,40576
LN-100249,Thomas Wilson,08/04/2023,08/04/2047,243000,160380,5.05,3246,30 Days Delinquent,Single Family,NY,74,784,48273
LN-101162,Michelle Thompson,05/24/2020,05/24/2040,388000,244440,5.78,3075,Current,Single Family,CT,60,678,39891
LN-101163,Mark Lee,02/13/2019,02/13/2037,732000,497760,3.43,2147,Current,Single Family,MD,89,747,85547
LN-101164,Steven Jones,01/04/2023,01/04/2038,-365000,288350,5.3,4110,Default,Condo,OR,72,687,52456
LN-101165,Michelle Jackson,04/12/2019,04/12/2040,628000,483560,7.62,3328,Paid Off,Single Family,VA,72,741,87188
LN-101166,,08/08/2021,08/08/2036,635000,520700,4.08,4180,Paid Off,Townhouse,IL,60,749,16299
LN-101167,Margaret White,12/23/2018,12/23/2047,771000,686190,4.76,2302,30 Days Delinquent,Commercial,NY,56,766,55782
LN-101168,Ashley Moore,01/21/2023,01/21/2018,669000,408090,4.88,3428,Default,Multi Family,FL,63,634,26595
LN-101169,Kimberly Lopez,08/08/2022,08/08/2045,659000,560150,5.74,3538,Default,Commercial,AZ,64,805,32052
LN-101170,Karen Lee,11/19/2019,11/19/2048,577000,415440,4.32,2737,90+ Days Delinquent,Commercial,TX,73,625,26124
LN-101171,Andrew Davis,10/01/2021,10/01/2050,673000,632620,3.69,2794,Paid Off,Single Family,NY,90,692,67668
LN-101172,Margaret Moore,10/03/2018,10/03/2043,220000,178200,47.76,3811,30 Days Delinquent,Commercial,WI,85,667,16754
LN-101173,Joseph Johnson,07/16/2021,07/16/2048,187000,145860,6.99,3708,90+ Days Delinquent,Single Family,OK,69,683,39060
LN-101174,Christopher Clark,07/20/2023,07/20/2018,439000,342420,6.22,3070,Current,Single Family,CT,84,635,99862
LN-101175,Ashley Anderson,10/21/2018,10/21/2045,155000,93000,5.91,1326,Default,Townhouse,OH,65,814,62381
LN-101176,Paul Clark,05/16/2022,05/16/2047,295000,206500,6.14,2651,Paid Off,Townhouse,TN,73,754,64424
LN-101177,Steven Gonzalez,06/12/2020,06/12/2037,406000,353220,5.25,1701,Default,Townhouse,99,66,717,47658
LN-101178,Anthony Davis,11/04/2023,11/04/2044,487000,389600,4.47,2393,90+ Days Delinquent,Condo,CO,88,729,18807
LN-101179,Kimberly Martin,12/17/2022,12/17/2044,677000,412970,5.61,3476,Default,Commercial,KY,83,746,63904
LN-101180,Michelle Miller,04/23/2019,04/23/2034,251000,173190,5.39,1277,60 Days Delinquent,Townhouse,IL,62,632,47458
LN-101181,Emily Jones,09/17/2021,09/17/2044,210000,140700,36.2,1738,Current,Commercial,IL,95,804,64127
LN-101182,Elizabeth Lopez,02/01/2022,02/01/2017,483000,391230,6.95,3411,Default,Commercial,FL,71,698,65229
LN-101183,Donald Anderson,05/17/2021,05/17/2045,216000,181440,4.33,1986,Paid Off,Commercial,TN,93,750,61694
LN-101184,Emily Rodriguez,09/12/2019,09/12/2047,686000,658560,7.62,1483,30 Days Delinquent,Commercial,NC,73,654,10904
LN-101185,Robert Johnson,02/07/2019,02/07/2047,371000,241150,34.73,1378,Default,Condo,NC,73,625,23264
LN-101186,Emily Anderson,06/15/2018,06/15/2035,593000,456610,6.17,3537,Current,Townhouse,OK,59,715,41412
LN-101103,Matthew Davis,08/17/2018,08/17/2035,601000,432720,5.6,1471,30 Days Delinquent,Single Family,FL,94,735,21341
LN-101188,Christopher Gonzalez,10/01/2021,10/01/2016,196000,174440,5.37,2841,60 Days Delinquent,Single Family,NC,68,803,47105
LN-101189,Mark Taylor,01/13/2023,01/13/2051,708000,637200,5.13,4366,Default,Commercial,california,66,805,14045
LN-101190,Betty Taylor,01/02/2020,01/02/2049,652000,462920,38.29,3625,30 Days Delinquent,Single Family,LA,72,769,58825
LN-101191,Charles Thomas,12/14/2019,12/14/2014,675000,472500,7.48,3691,Paid Off,Multi Family,LA,66,649,64405
LN-100952,Matthew Jones,01/08/2018,01/08/2040,240000,182400,6.1,3727,60 Days Delinquent,Condo,OK,95,724,40023
LN-101193,Steven Rodriguez,02/18/2018,02/18/2034,832000,557440,7.01,2388,60 Days Delinquent,Commercial,OK,79,721,79615
LN-101194,,03/22/2023,03/22/2053,222000,182040,5.07,3102,60 Days Delinquent,Single Family,MA,77,789,87368
LN-101177,Paul White,07/15/2022,07/15/2050,546000,398580,4.72,3052,60 Days Delinquent,Multi Family,CA,66,740,34000
LN-101196,Donald Hernandez,08/13/2018,08/13/2044,420000,340200,3.9,3461,Default,Single Family,NC,60,634,91110
LN-101197,,02/09/2021,02/09/2050,491000,387890,7.47,2587,Paid Off,Townhouse,AL,65,814,49466
LN-101198,Robert Garcia,09/26/2021,09/26/2040,732000,592920,5.47,2630,Paid Off,Multi Family,MA,78,789,63374
LN-101199,,11/19/2023,11/19/2045,339000,264420,4.28,2801,90+ Days Delinquent,Townhouse,GA,92,807,85827
LN-101200,Susan Robinson,08/04/2023,08/04/2044,591000,437340,5.38,1400,90+ Days Delinquent,Commercial,CA,59,621,42152
LN-101201,Linda Thompson,08/17/2021,08/17/2016,441000,396900,7.28,2978,Current,Single Family,TN,66,770,22090
LN-101202,Anthony Thompson,11/17/2023,11/17/2046,495000,351450,6.79,2321,30 Days Delinquent,Townhouse,PA,62,692,37481
LN-101203,Paul Jackson,02/27/2019,02/27/2039,300000,246000,7.01,3906,Paid Off,Commercial,OR,63,816,52354
LN-101204,,05/05/2021,05/05/2042,301000,201670,5.73,4097,Default,Condo,AL,73,790,73865
LN-100158,Thomas Hernandez,02/15/2021,02/15/2038,820000,664200,5.9,2367,Paid Off,Townhouse,NJ,78,680,67278
LN-101206,Linda Gonzalez,11/28/2021,11/28/2039,229000,148850,4.69,3832,30 Days Delinquent,Condo,99,74,659,64722
LN-101207,Joseph Davis,11/16/2023,11/16/2049,692000,546680,6.2,2763,Default,Commercial,fl,66,625,83944
LN-101208,Donna Martin,05/06/2021,05/06/2038,830000,589300,3.68,3136,Current,Townhouse,SC,76,667,42852
LN-101209,Lisa Williams,06/13/2020,06/13/2037,510000,428400,4.42,4488,30 Days Delinquent,Multi Family,NJ,95,805,37667
LN-101210,Joseph Anderson,10/09/2023,10/09/2048,747000,724590,5.66,1887,60 Days Delinquent,Commercial,AL,73,673,15373
LN-101211,Sandra Rodriguez,11/26/2022,11/26/2040,723000,701310,5.7,2833,Paid Off,Condo,AL,93,795,85120
LN-101212,Karen Gonzalez,01/15/2019,01/15/2040,220000,198000,3.53,2184,Paid Off,Townhouse,MD,79,738,90264
LN-101213,Daniel Brown,05/05/2022,05/05/2052,197000,122140,7.05,1998,30 Days Delinquent,Commercial,NJ,94,693,53425
LN-101214,Barbara Martin,07/27/2023,07/27/2051,672000,517440,6.46,2185,30 Days Delinquent,Multi Family,NC,93,696,28414
LN-101215,Karen Lopez,04/04/2018,04/04/2043,538000,338940,6.19,1568,30 Days Delinquent,Townhouse,GA,56,675,67410
LN-101216,John Davis,07/20/2022,07/20/2042,758000,469960,5.09,2196,Current,Multi Family,XX,76,797,93786
LN-101217,,11/11/2019,11/11/2043,522000,391500,5.25,4423,Current,Condo,KY,55,621,64687
LN-101218,Andrew Davis,11/17/2022,11/17/2037,659000,527200,4.3,3355,30 Days Delinquent,Single Family,99,78,769,42984
LN-101219,Thomas Lopez,07/13/2021,07/13/2040,231000,168630,5.83,2099,Paid Off,Commercial,ZZ,75,738,25367
LN-101220,Jessica Wilson,08/12/2018,08/12/2035,724000,557480,39.05,2320,60 Days Delinquent,Single Family,CA,60,741,96651
LN-101221,,05/18/2022,05/18/2042,224000,197120,7.67,3658,Default,Condo,MD,74,735,16012
LN-101222,,03/19/2018,03/19/2039,836000,677160,7.41,3375,Default,Commercial,OR,66,677,94262
LN-101223,Nancy Sanchez,08/09/2022,08/09/2039,676000,466440,7.26,4248,Paid Off,Townhouse,IL,79,787,50479
LN-101224,John Martin,07/15/2019,07/15/2047,432000,341280,4.31,1595,90+ Days Delinquent,Townhouse,OK,75,803,87458
LN-101225,Linda Smith,07/19/2018,07/19/2036,460000,331200,3.62,3629,90+ Days Delinquent,Condo,OR,76,705,57746
LN-101226,Margaret Thomas,11/16/2019,11/16/2037,213000,176790,7,2950,90+ Days Delinquent,Condo,MO,78,745,29071
LN-101104,Kimberly Thomas,04/28/2022,04/28/2041,287000,249690,6.98,3163,30 Days Delinquent,Townhouse,UT,93,625,14858
LN-101228,Donald Sanchez,01/14/2021,01/14/2049,617000,388710,6.02,3162,Default,Multi Family,NJ,84,624,98843
LN-101229,David Davis,10/01/2022,10/01/2038,513000,410400,3.58,2755,Current,Single Family,VA,78,782,36720
LN-101230,Mary Jackson,04/09/2021,04/09/2043,373000,227530,6.22,2476,90+ Days Delinquent,Commercial,MD,61,818,37635
LN-101231,Emily Martinez,02/02/2023,02/02/2040,317000,190200,5.42,1718,30 Days Delinquent,Single Family,MA,94,714,66087
LN-101232,Steven Thomas,10/02/2019,10/02/2041,498000,453180,6.13,1316,90+ Days Delinquent,Townhouse,OK,69,725,49476
LN-101233,Sandra White,07/21/2020,07/21/2039,383000,329380,7.66,1404,90+ Days Delinquent,Single Family,CO,78,643,12913
LN-101234,Joshua Davis,09/12/2019,09/12/2038,549000,428220,5.57,3988,30 Days Delinquent,Condo,MN,81,695,52126
LN-101014,Karen Rodriguez,08/07/2022,08/07/2048,778000,490140,3.26,3280,Paid Off,Condo,AL,67,756,50865
LN-101236,Steven Hernandez,12/08/2019,12/08/2039,185000,162800,5.77,4024,60 Days Delinquent,Commercial,OK,62,634,20574
LN-101237,Joshua Wilson,04/11/2020,04/11/2035,700000,574000,6.24,3120,Paid Off,Townhouse,PA,82,817,44631
LN-101238,Sandra Taylor,03/01/2019,03/01/2046,209000,133760,7.5,2115,Current,Single Family,CA,78,673,10913
LN-101239,Michael Hernandez,12/14/2018,12/14/2034,458000,316020,4.84,2676,30 Days Delinquent,Townhouse,MD,73,820,51678
LN-101240,Daniel Perez,06/14/2021,06/14/2048,665000,492100,6.29,2814,Current,Townhouse,NC,64,795,51927
LN-101241,Betty Thomas,08/16/2021,08/16/2046,619000,575670,6.71,3742,Current,Commercial,MI,55,810,83680
LN-101242,John Gonzalez,06/14/2019,06/14/2036,703000,590520,3.46,1269,Paid Off,Single Family,TN,74,793,74994
LN-101243,Robert Lopez,09/09/2020,09/09/2037,206000,142140,5.88,2511,Default,Condo,MO,58,788,16596
LN-101244,,05/19/2021,05/19/2046,514000,385500,7.72,3194,Default,Townhouse,NC,58,799,17476
LN-101245,Richard Ramirez,09/09/2020,09/09/2047,164000,113160,3.37,1784,Current,Commercial,UT,60,636,60549
LN-101246,Paul Miller,03/05/2021,03/05/2016,159000,151050,6.95,3831,Current,Multi Family,NY,71,738,87624
LN-101247,Barbara Lee,07/08/2019,07/08/2043,215000,204250,6.56,2202,60 Days Delinquent,Townhouse,NJ,91,661,19120
LN-101248,Anthony Rodriguez,09/13/2022,09/13/2041,306000,266220,5.21,2852,30 Days Delinquent,Single Family,TN,65,741,75591
LN-101249,,02/02/2018,02/02/2045,598000,412620,6.89,1725,60 Days Delinquent,Commercial,NJ,95,694,14745
LN-101250,Anthony Jones,07/09/2019,07/09/2047,294000,211680,7.08,2072,30 Days Delinquent,Townhouse,IN,86,670,76000
LN-101251,Karen Lewis,01/01/2018,01/01/2044,737000,479050,4.09,2391,60 Days Delinquent,Townhouse,texas,63,794,48072
LN-101252,,09/19/2020,09/19/2040,304000,215840,7.71,4050,Paid Off,Townhouse,MI,69,777,67026
LN-101253,Thomas Williams,03/12/2018,03/12/2043,225000,195750,6.7,1805,Current,Townhouse,CA,88,783,88265
LN-101254,,01/23/2019,01/23/2043,602000,403340,3.6,1694,Paid Off,Condo,WI,66,703,38602
LN-101255,Mary Garcia,10/03/2021,10/03/2040,611000,592670,4.18,3813,Paid Off,Single Family,NC,80,801,56457
LN-101023,Michael Clark,10/27/2021,10/27/2036,190000,150100,6.32,3544,Current,Condo,KY,77,682,66974
LN-101257,John White,03/22/2022,03/22/2042,353000,278870,4.4,2417,60 Days Delinquent,Commercial,WA,63,795,86737
LN-101258,Susan Perez,12/21/2019,12/21/2038,775000,511500,3.5,2756,Current,Townhouse,FL,57,744,27091
LN-101259,John Jackson,04/05/2022,04/05/2038,835000,676350,7.25,2615,Default,Townhouse,OK,58,683,16317
LN-101260,William Garcia,11/11/2018,11/11/2044,475000,408500,4.63,3093,90+ Days Delinquent,Multi Family,FL,64,819,84853
LN-101261,Lisa Gonzalez,02/17/2021,02/17/2039,751000,458110,4.53,4446,60 Days Delinquent,Commercial,AL,76,749,16617
LN-101262,Betty Wilson,11/05/2021,11/05/2044,360000,280800,6.84,3884,Paid Off,Townhouse,OR,85,671,29029
LN-101263,Andrew Lee,05/22/2021,05/22/2043,718000,445160,3.92,3224,Paid Off,Condo,SC,90,681,20621
LN-101081,Ashley Robinson,08/05/2023,08/05/2050,182000,111020,5.96,3074,Paid Off,Commercial,IN,73,797,90512
LN-101265,Donna Ramirez,06/05/2019,06/05/2014,656000,393600,5.61,2308,Current,Single Family,OH,77,720,33042
LN-101266,Andrew Wilson,01/21/2019,01/21/2042,329000,302680,4.09,1684,Current,Single Family,MI,69,792,12349
LN-101267,Sandra Clark,04/25/2020,04/25/2046,497000,427420,6.48,3730,60 Days Delinquent,Townhouse,TN,65,702,16106
LN-101268,Linda Lewis,09/12/2018,09/12/2013,716000,622920,4.79,3514,60 Days Delinquent,Multi Family,GA,64,686,38450
LN-101269,,08/22/2018,08/22/2034,153000,145350,7.26,3202,60 Days Delinquent,Commercial,PA,66,671,96881
LN-101270,Anthony White,01/24/2019,01/24/2039,713000,691610,3.27,1760,30 Days Delinquent,Condo,VA,69,791,42422
LN-101271,Linda Anderson,11/12/2018,11/12/2034,725000,580000,5.89,1532,30 Days Delinquent,Condo,SC,79,749,99652
LN-101272,Sandra Hernandez,05/26/2019,05/26/2047,630000,384300,7.36,2154,Paid Off,Townhouse,LA,81,817,87545
LN-101273,Karen Davis,11/20/2020,11/20/2045,658000,618520,6.49,4351,90+ Days Delinquent,Condo,TN,69,711,29143
LN-101274,Donald Brown,04/21/2020,04/21/2039,555000,416250,3.8,3001,Default,Condo,TX,59,642,29802
LN-101275,Richard Lee,11/14/2021,11/14/2044,232000,153120,5.2,3923,30 Days Delinquent,Commercial,NJ,59,785,33088
LN-101276,John Martin,10/15/2019,10/15/2040,604000,543600,6.54,4136,Paid Off,Townhouse,NJ,95,704,93007
LN-101277,Patricia Jackson,07/24/2023,07/24/2041,423000,406080,7.3,4060,Paid Off,Townhouse,MD,91,756,48348
LN-101278,James Lewis,07/01/2022,07/01/2048,529000,444360,5.9,3837,Paid Off,Townhouse,LA,87,729,60051
LN-101279,William Jackson,02/04/2018,02/04/2035,307000,196480,7.44,4276,30 Days Delinquent,Commercial,SC,73,667,65885
LN-101280,Charles Robinson,07/24/2019,07/24/2038,672000,409920,3.57,1288,Default,Townhouse,TN,79,683,62627
LN-101281,Andrew Moore,07/19/2023,07/19/2052,639000,389790,3.7,2405,30 Days Delinquent,Townhouse,VA,66,677,37206
LN-101282,Mary Martinez,05/12/2018,05/12/2048,371000,307930,3.35,3752,Current,Townhouse,FL,65,751,27773
LN-101283,Susan Smith,03/16/2020,03/16/2043,414000,364320,6.79,3459,30 Days Delinquent,Townhouse,NY,57,641,64538
LN-101284,Steven Taylor,01/12/2022,01/12/2038,194000,143560,4.52,2910,60 Days Delinquent,Commercial,IL,63,639,84255
LN-101285,Barbara Williams,05/24/2018,05/24/2036,343000,305270,5.94,3541,90+ Days Delinquent,Single Family,unknown,88,764,56626
LN-101286,,05/24/2020,05/24/2041,561000,516120,6.36,1706,30 Days Delinquent,Commercial,NJ,86,689,31928
LN-101287,Lisa Jackson,07/20/2023,07/20/2018,613000,459750,7.66,3710,Paid Off,Single Family,CT,60,623,92078
LN-101288,Joshua Rodriguez,05/20/2018,05/20/2047,609000,383670,5.48,3872,Paid Off,Commercial,MO,56,623,52293
LN-101289,Charles Hernandez,03/04/2018,03/04/2047,709000,631010,6.64,2903,30 Days Delinquent,Condo,UT,90,709,97284
LN-101290,Sarah Johnson,07/06/2023,07/06/2047,278000,247420,5.88,2452,90+ Days Delinquent,Townhouse,MO,84,702,50213
LN-101291,,05/24/2022,05/24/2045,383000,310230,3.58,2564,30 Days Delinquent,Commercial,MI,81,797,47284
LN-101292,Michael Smith,01/23/2018,01/23/2040,745000,588550,4.22,3417,Current,Commercial,MO,59,654,61554
LN-101293,Charles Smith,05/10/2023,05/10/2045,345000,303600,5.47,3032,Paid Off,Townhouse,PA,62,802,30457
LN-101294,,04/08/2023,04/08/2051,249000,224100,6.43,1709,Current,Multi Family,PA,79,659,30105
LN-101295,,01/28/2019,01/28/2036,713000,620310,5.42,3165,Current,Single Family,GA,92,666,40638
LN-101296,Andrew Wilson,05/15/2022,05/15/2040,687000,487770,5.56,1609,90+ Days Delinquent,Commercial,AL,63,644,66158
LN-101297,Emily Garcia,03/17/2019,03/17/2049,572000,509080,6.11,3371,60 Days Delinquent,Commercial,california,92,636,13581
LN-101298,Elizabeth Robinson,09/22/2020,09/22/2041,392000,286160,6.68,2287,Paid Off,Commercial,99,66,742,70675
LN-101299,Nancy Thomas,04/22/2022,04/22/2045,225000,180000,6.68,2891,Default,Multi Family,MN,71,792,14096
LN-101300,,06/26/2020,06/26/2035,215000,165550,3.55,3295,90+ Days Delinquent,Single Family,SC,75,753,89550
LN-101301,Barbara Smith,02/19/2023,02/19/2045,335000,247900,6.76,3204,60 Days Delinquent,Single Family,IN,95,697,27813
LN-101302,Joshua Rodriguez,03/24/2023,03/24/2042,261000,227070,3.48,3559,60 Days Delinquent,Commercial,GA,70,726,72407
LN-101303,Patricia Smith,10/27/2018,10/27/2033,812000,641480,5.02,2085,Current,Condo,LA,59,784,74955
LN-101304,Robert Hernandez,06/13/2023,06/13/2043,441000,410130,6,3345,30 Days Delinquent,Commercial,LA,84,795,53461
LN-101305,Sarah Thompson,10/20/2020,10/20/2042,477000,462690,6.68,2584,Current,Commercial,CO,55,727,56025
LN-101306,Donald Brown,12/02/2018,12/02/2034,836000,635360,6.15,1478,90+ Days Delinquent,Townhouse,AZ,88,793,60743
LN-101307,Sandra Williams,01/06/2020,01/06/2015,449000,341240,5.72,4441,60 Days Delinquent,Multi Family,LA,67,651,99474
LN-101308,Matthew Harris,07/07/2021,07/07/2047,184000,156400,5.86,2500,Paid Off,Townhouse,CO,70,625,88711
LN-101309,Mark Anderson,12/01/2022,12/01/2042,203000,127890,7,2505,60 Days Delinquent,Condo,IL,89,808,46424
LN-101310,Ashley Jones,04/18/2020,04/18/2036,294000,226380,6.43,3425,30 Days Delinquent,Townhouse,WI,74,710,86006
LN-100412,Betty Ramirez,10/24/2023,10/24/2042,390000,339300,3.56,3563,Paid Off,Condo,MD,95,715,66855
LN-101312,Betty Clark,01/12/2020,01/12/2015,792000,673200,4.27,3068,30 Days Delinquent,Condo,PA,78,727,61832
LN-101313,Donna Perez,03/01/2020,03/01/2035,329000,319130,5.01,2240,90+ Days Delinquent,Condo,VA,75,678,19504
LN-101314,Thomas Thompson,06/08/2021,06/08/2044,531000,355770,3.91,2110,60 Days Delinquent,Townhouse,MO,64,778,35310
LN-101315,Jessica Thompson,07/21/2020,07/21/2048,537000,386640,4.74,1790,30 Days Delinquent,Condo,WI,81,759,97002
LN-101316,Joshua Gonzalez,09/20/2021,09/20/2042,742000,526820,6.33,3550,Current,Townhouse,OK,93,736,64425
LN-101317,Christopher Rodriguez,12/20/2020,12/20/2036,546000,354900,6.77,1870,Default,Condo,MO,63,642,35714
LN-101318,Kimberly Sanchez,03/12/2020,03/12/2050,393000,271170,3.95,3475,90+ Days Delinquent,Commercial,MA,81,778,30318
LN-101319,Nancy Davis,11/26/2022,11/26/2017,329000,220430,6.81,2788,Default,Multi Family,KY,68,672,29528
LN-101320,Thomas Thomas,10/17/2022,10/17/2047,208000,139360,7,4412,Default,Townhouse,newyork,88,743,83971
LN-101321,Daniel Thomas,07/07/2019,07/07/2036,793000,618540,4.55,2555,60 Days Delinquent,Townhouse,TX,63,700,33922
LN-101322,David Gonzalez,07/15/2019,07/15/2049,682000,654720,7.02,1845,30 Days Delinquent,Condo,MN,64,714,82489
LN-101323,Michelle Lopez,07/13/2022,07/13/2045,197000,131990,7.66,4040,60 Days Delinquent,Condo,LA,73,717,20314
LN-101324,Steven Lewis,08/27/2018,08/27/2043,671000,509960,7.63,2002,Paid Off,Multi Family,NC,90,712,71240
LN-101325,,01/02/2021,01/02/2041,644000,553840,4.35,1431,Current,Single Family,PA,65,797,59237
LN-101326,Sandra Williams,12/02/2023,12/02/2047,458000,380140,4.11,2027,Current,Condo,LA,72,729,77569
LN-101327,Ashley Wilson,04/18/2022,04/18/2050,507000,395460,6.61,1242,Paid Off,Single Family,CA,73,715,19036
LN-101328,Barbara Hernandez,07/11/2022,07/11/2046,245000,169050,6.6,2519,Paid Off,Townhouse,OR,78,726,49208
LN-101329,Ashley Martin,06/10/2020,06/10/2041,170000,141100,5.56,4440,90+ Days Delinquent,Multi Family,MN,69,698,40013
LN-101330,Richard Williams,11/21/2019,11/21/2014,795000,532650,5.7,2644,90+ Days Delinquent,Commercial,CO,67,703,15962
LN-101292,Susan Perez,07/03/2018,07/03/2037,265000,172250,4.88,4063,30 Days Delinquent,Single Family,AL,73,815,40877
LN-101332,Joshua Williams,07/25/2022,07/25/2037,790000,616200,3.37,2170,Current,Multi Family,TX,78,681,88961
LN-101333,Jennifer Perez,10/01/2023,10/01/2042,670000,509200,6.39,3477,90+ Days Delinquent,Single Family,WA,71,779,48293
LN-101334,Matthew White,07/03/2022,07/03/2044,422000,346040,4.97,3918,90+ Days Delinquent,Commercial,CO,71,638,18939
LN-101335,Patricia Lopez,10/11/2023,10/11/2049,419000,314250,6.03,3874,Current,Commercial,OK,91,761,89017
LN-100508,Emily White,06/07/2022,06/07/2038,780000,631800,7.6,3394,60 Days Delinquent,Townhouse,IL,77,719,60187
LN-101337,Margaret White,03/27/2018,03/27/2039,327000,238710,3.29,3550,Current,Condo,GA,88,719,59032
LN-101338,Sarah Taylor,01/09/2021,01/09/2050,331000,294590,5.62,1597,90+ Days Delinquent,Townhouse,OR,65,725,14994
LN-101339,Elizabeth Hernandez,04/15/2022,04/15/2051,560000,364000,3.91,3599,90+ Days Delinquent,Multi Family,NY,67,735,61313
LN-101340,Matthew Thomas,08/10/2022,08/10/2017,501000,430860,5.62,2525,Default,Condo,OH,92,722,21934
LN-101341,,12/03/2018,12/03/2036,382000,355260,5.47,1481,60 Days Delinquent,Townhouse,TN,66,681,60316
LN-101342,Anthony Gonzalez,06/19/2020,06/19/2039,581000,447370,5.19,3540,60 Days Delinquent,Townhouse,IN,82,620,71356
LN-101343,Jessica Perez,04/17/2023,04/17/2018,753000,542160,6.47,4313,Current,Multi Family,GA,72,778,96488
LN-101344,Joseph White,03/08/2023,03/08/2018,563000,416620,4.84,1605,30 Days Delinquent,Single Family,WI,82,686,20087
LN-101345,Ashley Gonzalez,07/27/2023,07/27/2042,358000,329360,7.71,3040,60 Days Delinquent,Single Family,UT,69,792,47594
LN-101346,Mary Martin,09/08/2018,09/08/2041,779000,592040,4.2,2223,60 Days Delinquent,Townhouse,OK,84,672,19965
LN-101347,Anthony Williams,12/08/2021,12/08/2039,310000,248000,4.6,1976,Paid Off,Single Family,NJ,80,731,83142
LN-101348,,09/13/2021,09/13/2041,383000,325550,7.11,3821,30 Days Delinquent,Townhouse,LA,91,718,80565
LN-101349,Karen Moore,08/10/2020,08/10/2041,838000,754200,3.58,3566,Default,Multi Family,FL,71,820,77300
LN-101350,Emily White,12/15/2020,12/15/2049,650000,572000,3.41,1839,Default,Townhouse,MO,81,776,50074
LN-101351,,05/27/2018,05/27/2039,811000,786670,6.16,1706,30 Days Delinquent,Single Family,KY,74,700,81844
LN-101352,Jennifer Ramirez,10/03/2021,10/03/2042,188000,150400,7.41,3434,Default,Commercial,ZZ,76,765,81402
LN-100021,Jessica White,02/26/2019,02/26/2037,268000,211720,7.35,3531,Default,Commercial,IN,75,692,26880
LN-101354,Michelle Davis,09/01/2023,09/01/2044,180000,120600,4.58,2640,Current,Townhouse,FL,91,638,28515
LN-101355,Matthew Lee,08/17/2023,08/17/2041,241000,224130,4.65,2875,90+ Days Delinquent,Multi Family,NJ,58,771,44440
LN-101356,Charles Martin,07/22/2021,07/22/2040,602000,583940,6.49,3756,30 Days Delinquent,Condo,MI,68,730,43164
LN-101357,Thomas Hernandez,04/17/2021,04/17/2050,350000,322000,6.66,3600,60 Days Delinquent,Condo,OK,73,713,63848
LN-101358,Robert Davis,08/23/2023,08/23/2018,504000,362880,4.28,2116,30 Days Delinquent,Townhouse,FL,64,680,49923
LN-101359,Daniel Perez,10/03/2022,10/03/2043,631000,599450,5,2540,Paid Off,Commercial,ZZ,93,768,36344
LN-101360,Jennifer Brown,12/26/2021,12/26/2040,194000,168780,6.28,2364,Current,Single Family,WA,62,668,15025
LN-101361,David Martin,05/15/2020,05/15/2036,627000,495330,5.81,4341,Default,Single Family,FL,65,631,55590
LN-101362,David Lewis,04/14/2019,04/14/2048,666000,426240,5.83,2301,Current,Multi Family,VA,75,766,11621
LN-101363,Margaret Clark,12/17/2020,12/17/2049,724000,514040,4.31,3266,Default,Single Family,NY,68,799,10576
LN-101364,Patricia Anderson,02/21/2021,02/21/2045,374000,302940,4.03,3110,Current,Condo,IN,81,813,13530
LN-101365,Daniel Lopez,10/21/2020,10/21/2050,189000,143640,7.59,1279,Default,Condo,GA,55,631,86920
LN-101366,Christopher Williams,02/02/2018,02/02/2013,822000,665820,3.98,3847,60 Days Delinquent,Single Family,NY,66,743,28429
LN-101367,Jennifer Clark,08/09/2018,08/09/2038,761000,555530,5.48,2265,90+ Days Delinquent,Townhouse,TN,95,646,49254
LN-101368,Emily Miller,10/22/2018,10/22/2048,682000,661540,7.07,1919,Default,Single Family,TX,89,811,16178
LN-101369,Betty Lewis,04/06/2020,04/06/2049,232000,167040,6.41,2430,90+ Days Delinquent,Townhouse,MD,88,818,17719
LN-101370,Nancy Garcia,11/28/2018,11/28/2039,811000,575810,5.24,2550,90+ Days Delinquent,Multi Family,MN,94,791,79462
LN-101371,Elizabeth Garcia,12/12/2022,12/12/2043,294000,179340,7.28,3996,60 Days Delinquent,Multi Family,MO,60,749,81808
LN-101372,Robert Clark,03/28/2019,03/28/2042,336000,319200,5.3,1893,Paid Off,Townhouse,IL,65,798,14788
LN-101373,Betty Hernandez,07/20/2018,07/20/2035,202000,155540,3.37,3473,Paid Off,Single Family,OH,61,712,12493
LN-101374,Jennifer Williams,08/10/2020,08/10/2050,769000,615200,6.28,2616,Current,Multi Family,OR,90,703,30266
LN-101375,William Johnson,04/26/2021,04/26/2042,551000,391210,7.13,2826,Default,Condo,OR,68,756,22609
LN-101376,Richard Moore,06/13/2021,06/13/2038,327000,228900,4.9,2622,60 Days Delinquent,Multi Family,NJ,76,712,33663
LN-101377,,03/20/2019,03/20/2043,448000,380800,4.37,2549,Default,Multi Family,NY,81,658,72602
LN-101378,Patricia Lopez,12/06/2019,12/06/2048,519000,404820,4.79,4327,90+ Days Delinquent,Single Family,NY,77,652,88998
LN-101379,Barbara Martinez,08/19/2019,08/19/2036,160000,123200,5.73,4041,Default,Commercial,CA,86,734,74201
LN-101380,Kimberly Taylor,03/04/2020,03/04/2043,674000,498760,4.9,2948,Default,Condo,AL,74,798,41700
LN-100382,Margaret Clark,04/22/2018,04/22/2040,250000,167500,4.47,1707,90+ Days Delinquent,Commercial,CT,64,687,99295
LN-101382,Michael Gonzalez,06/06/2023,06/06/2038,284000,244240,4.44,4464,Default,Multi Family,TN,80,678,47005
LN-101383,Matthew Williams,10/20/2018,10/20/2047,330000,207900,7.64,2839,Current,Multi Family,MI,81,713,64528
LN-101384,Ashley Jackson,05/20/2021,05/20/2047,162000,110160,7.43,1305,60 Days Delinquent,Commercial,AL,77,668,97946
LN-101385,Thomas Jones,12/20/2021,12/20/2039,253000,159390,4.34,2968,Current,Single Family,WI,88,749,75149
LN-101386,Elizabeth Anderson,08/05/2023,08/05/2045,541000,438210,6.82,2002,Paid Off,Multi Family,GA,68,744,41412
LN-101387,William Perez,12/01/2023,12/01/2018,436000,279040,3.76,2193,Paid Off,Condo,WA,63,730,58613
LN-101388,Andrew Miller,08/19/2019,08/19/2048,795000,548550,7.19,2356,Current,Townhouse,MD,62,772,38208
LN-101389,Anthony Johnson,12/08/2019,12/08/2049,544000,522240,4.78,1256,Default,Commercial,99,82,656,74747
LN-101390,David Gonzalez,02/17/2021,02/17/2016,657000,584730,6.58,3156,30 Days Delinquent,Commercial,TX,84,674,71071
LN-101391,Kimberly Smith,08/11/2023,08/11/2050,564000,411720,3.81,2729,60 Days Delinquent,Multi Family,MI,67,707,20603
LN-101392,Donna Garcia,04/18/2020,04/18/2036,667000,573620,4.89,1614,Current,Commercial,AL,60,780,63512
LN-101393,Sarah Thomas,02/17/2019,02/17/2036,642000,494340,6.12,4398,90+ Days Delinquent,Multi Family,MO,95,662,81313
LN-101394,Jennifer Brown,12/07/2018,12/07/2013,238000,157080,7.31,3887,Paid Off,Condo,MN,63,670,97874
LN-101395,Sandra Thompson,05/26/2018,05/26/2042,767000,490880,6.58,3860,Paid Off,Single Family,OH,59,772,57087
LN-101396,Sandra Brown,06/27/2019,06/27/2046,661000,528800,3.52,2853,90+ Days Delinquent,Multi Family,SC,92,810,65255
LN-101397,Thomas Harris,04/12/2020,04/12/2038,197000,177300,6.56,1545,30 Days Delinquent,Single Family,MA,83,670,90000
LN-100448,Kimberly Robinson,03/16/2019,03/16/2045,749000,636650,5.87,3281,Default,Multi Family,NJ,88,701,63204
LN-101399,Christopher Clark,12/26/2019,12/26/2044,215000,165550,5.88,1616,30 Days Delinquent,Commercial,CA,74,627,86238
LN-101400,Patricia Lopez,07/09/2023,07/09/2018,583000,454740,4.74,2992,Default,Multi Family,UT,72,707,15600
LN-101401,Jennifer Thomas,04/14/2021,04/14/2041,175000,117250,4.82,4206,Default,Condo,IN,95,818,24540
LN-100346,Thomas Thompson,07/01/2021,07/01/2050,519000,358110,5.3,3529,Current,Condo,AL,89,647,14565
LN-100922,Betty Williams,05/19/2021,05/19/2039,347000,263720,7.62,2927,Current,Single Family,FL,84,649,41455
LN-101404,Mary Lee,01/24/2022,01/24/2052,757000,696440,6.11,2251,30 Days Delinquent,Townhouse,KY,95,730,77420
LN-101405,Michelle Jackson,12/02/2019,12/02/2036,228000,221160,7.62,2198,60 Days Delinquent,Commercial,LA,63,803,94757
LN-101406,Nancy Lee,04/06/2022,04/06/2017,616000,381920,3.4,2698,90+ Days Delinquent,Condo,NJ,94,810,56052
LN-101407,,07/08/2021,07/08/2037,755000,453000,3.74,3560,30 Days Delinquent,Commercial,KY,57,697,41045
LN-101408,Donna Brown,11/18/2018,11/18/2036,424000,407040,5.92,1270,Paid Off,Condo,NC,75,703,37898
LN-101409,Daniel Miller,05/03/2020,05/03/2045,425000,348500,5.26,3880,Paid Off,Condo,MO,79,623,61982
LN-101410,Mary Martinez,03/20/2018,03/20/2013,267000,178890,7.43,3268,Paid Off,Single Family,GA,94,695,47368
LN-101057,Elizabeth Martin,06/19/2020,06/19/2041,168000,146160,5.42,2992,Paid Off,Condo,TN,94,674,61126
LN-101412,Lisa Taylor,09/01/2023,09/01/2046,718000,481060,4.92,4205,Default,Commercial,LA,84,746,73194
LN-101413,Christopher Martinez,08/15/2022,08/15/2048,508000,325120,7.53,2949,60 Days Delinquent,Townhouse,NJ,69,646,68910
LN-101414,Sandra Davis,11/28/2019,11/28/2040,531000,483210,5.76,4448,Paid Off,Multi Family,UT,67,666,54717
LN-101415,Susan Harris,02/19/2022,02/19/2040,716000,665880,6.11,2285,30 Days Delinquent,Multi Family,IL,88,713,68031
LN-101416,Andrew Rodriguez,06/22/2019,06/22/2042,246000,164820,4.72,3581,90+ Days Delinquent,Multi Family,VA,89,705,21536
LN-101417,Donna Moore,10/16/2023,10/16/2044,616000,449680,5.69,4413,Current,Townhouse,unknown,80,628,43240
LN-100691,Jessica Taylor,01/09/2023,01/09/2041,673000,646080,6.89,4241,Default,Townhouse,KY,67,634,51217
LN-101419,Steven Garcia,02/06/2019,02/06/2039,298000,268200,4.46,3282,60 Days Delinquent,Single Family,TN,89,656,11201
LN-101420,Jennifer Jackson,12/28/2018,12/28/2045,272000,261120,4.37,3784,Current,Commercial,MN,70,726,68092
LN-101421,Jennifer Wilson,12/20/2023,12/20/2046,495000,386100,7.44,1965,30 Days Delinquent,Commercial,newyork,58,671,86515
LN-101422,Jessica Lee,04/25/2021,04/25/2041,687000,611430,5.55,2700,Paid Off,Single Family,TX,60,736,46431
LN-101423,Jennifer Perez,04/03/2018,04/03/2033,515000,401700,6.61,4282,60 Days Delinquent,Commercial,MI,58,701,36605
LN-101424,Paul Jackson,01/09/2022,01/09/2017,606000,412080,4.04,1556,Current,Townhouse,OH,57,781,96164
LN-101425,Ashley Jones,03/18/2020,03/18/2038,399000,263340,5.66,2214,30 Days Delinquent,Single Family,GA,61,786,83764
LN-101426,Nancy Gonzalez,01/25/2022,01/25/2044,765000,596700,3.94,3311,30 Days Delinquent,Townhouse,SC,78,674,23063
LN-101427,Mary Davis,06/21/2019,06/21/2042,776000,690640,5.88,4293,Current,Townhouse,WI,68,685,41222
LN-101428,Karen Wilson,12/14/2018,12/14/2034,693000,457380,5.32,3523,Default,Single Family,KY,75,645,10292
LN-101429,Margaret Martinez,09/09/2018,09/09/2041,667000,546940,5.07,3518,Current,Townhouse,WI,73,668,61906
LN-101430,Nancy Lee,06/28/2021,06/28/2046,697000,522750,3.69,2502,60 Days Delinquent,Single Family,MI,80,763,58077
LN-101431,Christopher Miller,06/21/2022,06/21/2048,286000,274560,6.3,4471,Default,Condo,CO,81,690,28425
LN-101432,Matthew Gonzalez,07/04/2023,07/04/2041,388000,283240,7.46,3046,60 Days Delinquent,Condo,WA,94,620,77113
LN-101433,Andrew Johnson,11/18/2022,11/18/2017,294000,188160,6.97,2302,30 Days Delinquent,Commercial,IN,90,713,84979
LN-101434,Steven Jones,09/01/2018,09/01/2040,735000,521850,5.81,4372,Paid Off,Commercial,XX,95,707,32218
LN-101435,Lisa Robinson,04/21/2020,04/21/2045,555000,477300,3.39,4280,60 Days Delinquent,Multi Family,OH,95,688,92659
LN-101436,John Jackson,06/20/2019,06/20/2038,840000,663600,4.19,3667,90+ Days Delinquent,Townhouse,CA,66,785,50099
LN-101437,William Robinson,12/09/2018,12/09/2036,334000,237140,5.6,3847,30 Days Delinquent,Commercial,CO,72,762,77451
LN-101438,Sarah Brown,09/20/2023,09/20/2042,637000,598780,5.59,1556,60 Days Delinquent,Condo,IN,72,702,13572
LN-101439,James Garcia,06/28/2020,06/28/2042,845000,684450,5.95,1834,Default,Townhouse,ZZ,79,659,98578
LN-101298,Ashley Miller,07/27/2022,07/27/2052,223000,211850,7.44,2922,90+ Days Delinquent,Multi Family,MA,62,699,21718
LN-101441,Michelle Moore,07/03/2023,07/03/2040,238000,209440,3.45,2400,Paid Off,Condo,SC,57,624,32632
LN-101442,Joshua Ramirez,01/17/2022,01/17/2017,253000,192280,5.22,2985,Default,Commercial,MN,61,678,44472
LN-101443,Donna Davis,09/20/2023,09/20/2018,231000,138600,5.28,3969,90+ Days Delinquent,Condo,NC,92,652,18800
LN-101444,Susan Anderson,01/21/2022,01/21/2041,392000,305760,6.49,3080,Paid Off,Multi Family,NY,86,647,67313
LN-101143,Mark Johnson,05/25/2021,05/25/2047,633000,449430,3.75,4021,90+ Days Delinquent,Condo,OH,86,818,72255
LN-101446,Donald Lopez,02/21/2023,02/21/2040,336000,231840,3.48,3807,30 Days Delinquent,Commercial,UT,74,643,10638
LN-101447,Anthony Robinson,11/24/2023,11/24/2050,368000,242880,5.21,1990,90+ Days Delinquent,Single Family,TN,77,706,43688
LN-101448,Richard Miller,05/17/2022,05/17/2040,333000,313020,3.42,2765,90+ Days Delinquent,Single Family,UT,93,723,66393
LN-101449,Joseph Sanchez,09/23/2022,09/23/2037,456000,332880,7.02,2332,60 Days Delinquent,Single Family,texas,84,740,45096
LN-101450,Charles Garcia,07/27/2021,07/27/2042,719000,675860,5.07,4401,30 Days Delinquent,Townhouse,AL,92,770,81724
LN-101118,Richard Thomas,05/18/2018,05/18/2035,388000,291000,5.38,2425,60 Days Delinquent,Townhouse,OH,83,746,24353
LN-101452,,11/07/2018,11/07/2047,774000,704340,7.22,3537,Default,Single Family,IN,65,706,18472
LN-101453,Michael Perez,11/03/2019,11/03/2046,554000,393340,4.88,4101,Default,Single Family,IL,66,621,47043
LN-100880,Joseph Garcia,09/23/2018,09/23/2038,320000,297600,3.39,3281,Current,Townhouse,MN,61,818,25562
LN-101455,Emily Brown,03/02/2022,03/02/2040,310000,254200,5.76,2680,Current,Multi Family,NJ,72,716,41654
LN-101456,Sarah Jones,05/04/2021,05/04/2043,631000,416460,6.44,4272,60 Days Delinquent,Multi Family,OK,73,732,21230
LN-101457,Andrew Clark,01/26/2018,01/26/2047,269000,207130,4.87,4064,90+ Days Delinquent,Townhouse,CO,89,701,20981
LN-101458,Jessica Harris,04/17/2023,04/17/2040,281000,230420,7.66,1720,30 Days Delinquent,Commercial,WA,77,628,41272
LN-101459,Thomas Thomas,08/04/2019,08/04/2044,182000,125580,7.06,2036,Default,Commercial,VA,88,801,97855
LN-101460,Margaret Ramirez,11/06/2022,11/06/2039,612000,373320,6.02,2542,90+ Days Delinquent,Multi Family,fl,61,725,93425
LN-101461,Daniel Anderson,08/10/2018,08/10/2041,551000,347130,6.77,4278,60 Days Delinquent,Single Family,VA,59,791,75360
LN-101462,,08/27/2019,08/27/2044,400000,288000,5.9,3671,60 Days Delinquent,Commercial,SC,59,669,35079
LN-101463,Emily Thomas,11/21/2021,11/21/2041,792000,633600,4.53,1722,Default,Multi Family,TN,66,651,77057
LN-101464,Mary White,10/12/2020,10/12/2047,633000,468420,5.8,4320,Paid Off,Townhouse,IL,94,731,53527
LN-101465,Margaret Perez,09/05/2023,09/05/2042,651000,605430,3.81,1830,Paid Off,Condo,KY,83,723,31059
LN-101466,Michelle Jones,08/14/2020,08/14/2041,700000,623000,4.95,3696,Current,Single Family,GA,92,729,68943
LN-101467,Sarah Garcia,09/28/2018,09/28/2013,781000,687280,4.47,3624,60 Days Delinquent,Single Family,WA,83,803,15246
LN-101468,Elizabeth Moore,08/06/2023,08/06/2050,301000,210700,7.22,2438,90+ Days Delinquent,Single Family,TX,69,677,88302
LN-101469,Susan Gonzalez,06/18/2018,06/18/2045,454000,313260,4.24,3631,Current,Condo,OH,90,715,43753
LN-101470,Donald Johnson,03/18/2018,03/18/2013,849000,764100,6.64,4021,Current,Commercial,NJ,60,668,24841
LN-101471,Joshua Brown,01/02/2018,01/02/2044,615000,375150,5.08,3242,30 Days Delinquent,Multi Family,AL,60,691,15330
LN-101472,Sandra Thompson,05/26/2018,05/26/2013,759000,455400,6.03,3856,90+ Days Delinquent,Commercial,AL,59,735,48040
LN-101473,John White,11/24/2021,11/24/2037,367000,245890,4.23,2834,60 Days Delinquent,Commercial,ZZ,67,750,86680
LN-101474,,02/25/2023,02/25/2038,411000,295920,5.6,2435,Paid Off,Condo,IN,92,793,53336
LN-101475,Sarah Ramirez,01/08/2020,01/08/2038,593000,545560,5.59,2934,Paid Off,Commercial,TN,71,779,58928
LN-101476,Michelle Martinez,02/10/2022,02/10/2045,692000,484400,5.1,4342,Paid Off,Townhouse,NC,81,787,74279
LN-101477,Jessica Garcia,02/01/2023,02/01/2043,642000,417300,6.29,2816,90+ Days Delinquent,Single Family,CO,57,738,70633
LN-101478,Joshua Robinson,04/25/2021,04/25/2048,762000,640080,4.98,1769,Default,Commercial,UT,84,716,79758
LN-101479,John White,05/23/2020,05/23/2049,793000,578890,3.47,3579,90+ Days Delinquent,Commercial,WA,90,622,94508
LN-101480,Barbara Gonzalez,12/23/2019,12/23/2041,531000,371700,6.16,3673,Default,Commercial,AZ,68,664,26268
LN-101481,Michelle Lopez,03/19/2023,03/19/2049,514000,462600,7.54,2046,Current,Townhouse,MO,79,711,99843
LN-101482,Joshua Martin,10/14/2022,10/14/2017,406000,377580,4.4,2639,Paid Off,Single Family,KY,60,770,95952
LN-100704,Sandra Robinson,05/05/2022,05/05/2045,177000,157530,4.23,3207,90+ Days Delinquent,Single Family,PA,68,798,40691
LN-101484,Lisa Martinez,10/19/2020,10/19/2039,710000,475700,3.55,1358,30 Days Delinquent,Commercial,MN,92,784,82094
LN-101485,Joshua Jackson,07/10/2022,07/10/2041,212000,142040,5.42,2564,60 Days Delinquent,Multi Family,FL,91,736,65783
LN-101486,Joseph Miller,11/18/2021,11/18/2016,266000,159600,7.63,2740,Paid Off,Single Family,IL,90,679,83904
LN-101487,Margaret Williams,09/22/2022,09/22/2038,196000,125440,5.44,2759,30 Days Delinquent,Townhouse,MN,75,694,57585
LN-101488,Mark Gonzalez,04/13/2018,04/13/2039,239000,193590,3.53,2711,Paid Off,Multi Family,WA,94,701,25023
LN-101151,Joseph Lewis,03/11/2020,03/11/2039,613000,496530,6.64,4307,30 Days Delinquent,Multi Family,IN,83,755,30697
LN-101490,Linda Williams,08/20/2019,08/20/2038,455000,404950,6.27,4044,30 Days Delinquent,Commercial,MI,81,709,98259
LN-101491,,12/04/2019,12/04/2049,650000,448500,4.95,3210,60 Days Delinquent,Multi Family,GA,86,709,87709
LN-100321,Thomas Lee,01/13/2023,01/13/2051,372000,275280,7.17,4430,90+ Days Delinquent,Multi Family,LA,66,702,90667
LN-101493,Linda Davis,12/02/2022,12/02/2040,194000,129980,6,2246,60 Days Delinquent,Single Family,FL,90,628,94994
LN-101494,Paul Hernandez,03/15/2020,03/15/2049,604000,501320,6.71,4481,90+ Days Delinquent,Multi Family,NJ,56,746,62457
LN-100506,Nancy Hernandez,02/03/2022,02/03/2048,233000,172420,3.4,2752,60 Days Delinquent,Multi Family,TN,82,794,92694
LN-101496,Lisa Ramirez,02/23/2021,02/23/2016,807000,661740,3.36,1616,Current,Commercial,LA,56,760,70478
LN-101497,,09/26/2018,09/26/2044,647000,621120,4.96,3985,Default,Commercial,AZ,58,672,61428
LN-101498,Barbara Jackson,07/01/2022,07/01/2052,557000,529150,4.08,3178,30 Days Delinquent,Condo,texas,60,631,43863
LN-101499,Patricia Miller,01/06/2023,01/06/2044,577000,386590,6.66,1883,Default,Condo,NJ,92,694,46208
LN-101500,Jennifer Gonzalez,03/17/2021,03/17/2051,661000,594900,3.54,2566,30 Days Delinquent,Condo,FL,81,730,10510
LN-101501,John Gonzalez,12/16/2018,12/16/2048,271000,173440,6.2,1951,30 Days Delinquent,Single Family,NC,74,804,93910
LN-101502,,03/10/2023,03/10/2043,451000,329230,3.31,1361,30 Days Delinquent,Multi Family,IN,74,680,97251
LN-101503,William Jones,12/14/2022,12/14/2051,791000,601160,6.79,2728,Current,Commercial,CT,71,741,81786
LN-101504,Jennifer Ramirez,11/20/2019,11/20/2041,720000,619200,3.67,3509,Current,Townhouse,NY,64,800,33948
LN-101505,Joseph Wilson,03/15/2023,03/15/2052,244000,180560,7.16,3843,30 Days Delinquent,Townhouse,GA,69,763,24641
LN-101506,Sandra Garcia,01/04/2018,01/04/2035,512000,358400,4.45,3494,Paid Off,Townhouse,GA,80,710,32490
LN-101507,Ashley Taylor,08/15/2022,08/15/2045,529000,433780,6.32,1710,Default,Commercial,KY,64,768,93981
LN-101508,Anthony Wilson,08/04/2023,08/04/2045,810000,567000,6.4,1409,90+ Days Delinquent,Commercial,IL,63,754,77865
LN-101509,Mary Ramirez,12/17/2021,12/17/2042,658000,447440,6.5,4232,Default,Townhouse,MA,57,662,11884
LN-101510,John Thomas,12/04/2020,12/04/2045,252000,181440,6.5,2383,90+ Days Delinquent,Multi Family,99,84,675,48724
LN-101511,Barbara Thompson,08/22/2022,08/22/2017,673000,619160,6.45,4020,60 Days Delinquent,Condo,CO,66,793,44301
LN-101512,Joseph Wilson,04/04/2020,04/04/2050,730000,511000,6.07,3888,Current,Multi Family,WI,80,734,56465
LN-101513,Donna Robinson,07/20/2022,07/20/2039,700000,574000,6.63,4380,Paid Off,Townhouse,VA,75,768,41084
LN-101514,Michael Moore,01/18/2019,01/18/2038,203000,140070,4.4,1984,Paid Off,Commercial,TX,57,678,39142
LN-101515,Ashley Martin,10/28/2021,10/28/2039,362000,343900,4.74,1652,60 Days Delinquent,Condo,MN,61,621,87160
LN-101516,Sarah Clark,09/07/2022,09/07/2048,771000,624510,4.02,2495,60 Days Delinquent,Single Family,NY,68,718,90374
LN-101517,Lisa Anderson,01/06/2021,01/06/2048,207000,132480,6.01,3885,60 Days Delinquent,Multi Family,MO,81,763,16795
LN-101518,Mark Jones,12/18/2022,12/18/2047,696000,570720,6.93,1892,Paid Off,Single Family,AZ,55,672,37775
LN-101519,Richard Martin,08/11/2018,08/11/2044,495000,306900,6.13,3848,60 Days Delinquent,Condo,WI,83,641,92463
LN-101520,Charles Lewis,04/01/2021,04/01/2050,342000,287280,7.62,2843,30 Days Delinquent,Multi Family,ZZ,94,642,88438
LN-101521,Nancy Sanchez,05/06/2021,05/06/2051,817000,531050,4.02,2879,Default,Commercial,GA,59,796,42070
LN-101522,Jennifer Miller,06/23/2020,06/23/2015,154000,109340,7.11,4486,Default,Townhouse,GA,85,707,10080
LN-101523,Christopher Gonzalez,10/26/2020,10/26/2050,550000,478500,7.5,2506,Paid Off,Multi Family,NY,93,650,32121
LN-100558,John Sanchez,01/04/2018,01/04/2037,256000,209920,7.42,3490,Default,Single Family,TX,79,652,91603
LN-101525,Daniel Davis,11/26/2023,11/26/2048,454000,440380,4.1,3449,30 Days Delinquent,Commercial,CT,56,776,61272
LN-100456,Joseph Lopez,10/10/2019,10/10/2034,662000,536220,7.33,4145,60 Days Delinquent,Commercial,NJ,78,747,92431
LN-101527,Linda Thompson,01/09/2019,01/09/2037,255000,244800,7.65,1949,30 Days Delinquent,Multi Family,california,68,635,88937
LN-101528,Barbara Lee,06/16/2022,06/16/2050,187000,164560,7.54,1972,Paid Off,Multi Family,WI,67,777,58752
LN-101529,Anthony Anderson,09/13/2020,09/13/2037,186000,115320,5.46,1997,Default,Multi Family,IL,84,790,80094
LN-101530,Lisa Jones,01/03/2022,01/03/2044,216000,179280,6.62,1951,Default,Commercial,ZZ,58,752,35837
LN-101531,John Clark,08/05/2021,08/05/2016,645000,554700,5.89,2855,90+ Days Delinquent,Condo,MA,67,644,39133
LN-101532,John Garcia,10/26/2021,10/26/2037,292000,219000,7.48,4065,Default,Commercial,CA,62,662,78474
LN-101533,Michelle Harris,09/16/2022,09/16/2044,268000,238520,4.4,4188,Current,Single Family,PA,90,624,47579
LN-101534,Daniel Lee,11/14/2023,11/14/2053,784000,697760,5.24,1987,90+ Days Delinquent,Condo,IN,91,708,35594
LN-101535,Anthony Williams,04/22/2019,04/22/2034,534000,501960,6.04,2528,60 Days Delinquent,Condo,GA,80,813,70769
LN-101536,Joshua Hernandez,03/16/2018,03/16/2044,269000,255550,6.94,1613,Default,Commercial,VA,94,711,88592
LN-101537,Betty Ramirez,02/05/2023,02/05/2053,728000,553280,5.21,4424,Default,Multi Family,UT,70,695,35883
LN-101538,Elizabeth Martinez,10/17/2021,10/17/2048,698000,558400,7.44,2437,Default,Commercial,KY,86,684,26410
LN-101539,James Lopez,02/24/2018,02/24/2040,453000,271800,5.62,4080,60 Days Delinquent,Townhouse,OR,59,813,27946
LN-101540,David Lopez,02/10/2021,02/10/2016,209000,175560,3.68,2018,90+ Days Delinquent,Single Family,TX,83,738,88409
LN-101541,Michael Brown,08/20/2021,08/20/2016,806000,612560,6.93,1766,30 Days Delinquent,Condo,NC,66,741,27424
LN-101542,Sandra Lopez,07/03/2023,07/03/2050,369000,295200,4.21,3864,30 Days Delinquent,Multi Family,AL,73,788,76394
LN-101543,,09/02/2022,09/02/2046,608000,516800,7.21,1653,60 Days Delinquent,Commercial,CO,68,747,17553
LN-101544,Linda Brown,07/15/2018,07/15/2042,391000,258060,5.34,1306,90+ Days Delinquent,Multi Family,MA,77,763,88430
LN-101545,Margaret Jackson,02/22/2018,02/22/2038,273000,188370,3.28,3323,Default,Multi Family,MA,55,684,41738
LN-101546,Mary Harris,01/18/2023,01/18/2040,739000,628150,5.66,1862,Default,Townhouse,KY,92,633,37584
LN-101547,Thomas Johnson,05/04/2020,05/04/2035,272000,165920,6.08,2893,30 Days Delinquent,Single Family,NY,62,685,53787
LN-101548,Michael Sanchez,03/15/2022,03/15/2042,337000,242640,5.34,4196,Paid Off,Condo,NJ,82,682,80140
LN-101549,,04/15/2018,04/15/2048,237000,177750,4.53,4459,60 Days Delinquent,Condo,NY,90,680,80648
LN-101550,Emily Smith,06/15/2019,06/15/2014,446000,414780,7.5,3923,Default,Townhouse,FL,93,752,94892
LN-101551,Lisa Hernandez,07/20/2020,07/20/2045,177000,164610,6.35,1706,30 Days Delinquent,Commercial,CA,92,801,56376
LN-101552,Mark Lee,04/16/2020,04/16/2044,376000,297040,5.76,2444,90+ Days Delinquent,Condo,fl,90,687,87359
LN-101553,Susan Davis,08/22/2022,08/22/2048,807000,564900,4.34,1634,Paid Off,Commercial,NJ,73,702,77099
LN-101554,Donna Miller,10/04/2022,10/04/2049,757000,704010,4.64,2061,30 Days Delinquent,Condo,fl,61,817,92022
LN-101555,Elizabeth Sanchez,09/08/2018,09/08/2036,595000,458150,3.85,2744,90+ Days Delinquent,Single Family,NY,88,784,10819
LN-101556,Jennifer Anderson,02/21/2021,02/21/2039,382000,278860,3.29,3334,30 Days Delinquent,Multi Family,VA,91,650,73357
LN-101557,Ashley Smith,07/15/2019,07/15/2042,446000,307740,6.35,3286,90+ Days Delinquent,Commercial,UT,84,634,28018
LN-101558,Sarah Ramirez,04/10/2022,04/10/2047,453000,344280,4.75,1418,60 Days Delinquent,Townhouse,UT,66,800,13330
LN-101559,Daniel Martin,04/23/2023,04/23/2049,730000,693500,3.6,2033,90+ Days Delinquent,Single Family,unknown,59,776,37201
LN-101560,Linda Thomas,10/01/2020,10/01/2035,565000,452000,6.79,1779,Paid Off,Townhouse,MN,74,672,39347
LN-101561,Mark Thomas,08/26/2023,08/26/2040,593000,367660,6.34,3403,30 Days Delinquent,Multi Family,PA,74,705,91323
LN-101562,Margaret Ramirez,02/18/2022,02/18/2037,838000,687160,3.31,4441,90+ Days Delinquent,Single Family,LA,81,740,31230
LN-101563,Kimberly Martinez,06/10/2021,06/10/2049,296000,230880,6.48,3912,Default,Condo,CT,58,622,97805
LN-100419,Anthony Lewis,05/25/2018,05/25/2041,267000,234960,6.2,3709,Current,Commercial,WA,63,643,37795
LN-101565,Andrew Davis,01/18/2021,01/18/2042,495000,371250,6.29,4278,Paid Off,Townhouse,VA,60,676,89235
LN-101566,James Garcia,09/25/2021,09/25/2036,239000,174470,3.92,1506,Current,Townhouse,MA,84,694,46302
LN-101567,Jennifer Thomas,01/25/2018,01/25/2036,687000,645780,4.39,3619,30 Days Delinquent,Townhouse,IN,72,653,52213
LN-101568,Christopher Ramirez,05/20/2022,05/20/2041,297000,222750,5.68,1436,Paid Off,Single Family,NJ,67,728,24772
LN-101569,Sandra Wilson,10/10/2022,10/10/2050,796000,541280,3.97,4490,30 Days Delinquent,Commercial,SC,87,736,96670
LN-101570,Lisa Martin,12/02/2018,12/02/2013,642000,584220,7.38,2383,30 Days Delinquent,Commercial,NC,92,674,86318
LN-101571,Joshua Garcia,10/06/2022,10/06/2052,257000,179900,5.33,3575,90+ Days Delinquent,Single Family,IN,69,723,75650
LN-101572,Mark Wilson,11/04/2021,11/04/2037,268000,222440,4.84,3882,60 Days Delinquent,Commercial,MD,71,738,11398
LN-101573,Mark Brown,11/23/2022,11/23/2037,691000,421510,5.58,1426,60 Days Delinquent,Multi Family,CT,77,750,47637
LN-101574,Ashley Sanchez,12/15/2021,12/15/2047,519000,467100,3.32,2268,Current,Townhouse,PA,85,679,93937
LN-101575,Donald Robinson,01/25/2022,01/25/2044,241000,185570,5.13,4120,Paid Off,Condo,CO,83,765,96090
LN-101576,Jennifer Robinson,03/11/2023,03/11/2041,258000,165120,4.74,2663,Current,Condo,unknown,80,643,12533
LN-101577,Lisa Moore,01/14/2023,01/14/2051,347000,333120,3.91,2908,Default,Condo,MN,71,623,48184
LN-101578,Mark Taylor,02/18/2018,02/18/2047,279000,273420,5.32,2968,60 Days Delinquent,Multi Family,IL,65,671,32273
LN-101579,Mark Brown,11/13/2021,11/13/2037,823000,740700,6.36,3432,Default,Commercial,UT,62,793,52201
LN-101580,David Jones,09/16/2020,09/16/2043,752000,458720,3.95,3692,Default,Townhouse,MO,56,762,35693
LN-101563,Robert Clark,11/14/2022,11/14/2051,821000,779950,5.42,2379,30 Days Delinquent,Single Family,WI,57,656,70110
LN-101582,Kimberly Sanchez,09/05/2018,09/05/2043,755000,694600,6.73,4408,30 Days Delinquent,Commercial,fl,88,623,92989
LN-101583,Lisa Perez,09/12/2020,09/12/2040,258000,250260,7.31,3618,Paid Off,Condo,OH,86,621,73094
LN-101584,Steven Harris,08/14/2023,08/14/2050,740000,532800,6.7,2577,Default,Townhouse,TX,91,786,90369
LN-101585,Susan Brown,05/19/2022,05/19/2050,684000,506160,7.1,1728,Default,Single Family,MI,84,646,59689
LN-101586,Andrew Brown,05/08/2021,05/08/2040,633000,538050,5.87,2048,Default,Condo,AL,67,819,74191
LN-101587,Anthony Garcia,03/28/2018,03/28/2041,688000,612320,4.92,2307,Current,Townhouse,KY,74,819,99752
LN-101588,Emily Taylor,06/04/2020,06/04/2048,504000,307440,5.33,4450,Default,Single Family,VA,67,767,72025
LN-101589,Susan Johnson,02/20/2020,02/20/2048,442000,402220,6.23,3187,Paid Off,Single Family,NC,78,674,41384
LN-101590,Matthew Martinez,05/24/2019,05/24/2041,355000,323050,7.16,4024,90+ Days Delinquent,Single Family,VA,71,753,66354
LN-101591,Margaret Williams,01/22/2021,01/22/2042,511000,470120,6.67,1280,Default,Single Family,IL,87,677,90508
LN-101592,Joseph Martin,03/09/2022,03/09/2041,177000,150450,5.77,1309,60 Days Delinquent,Multi Family,WI,57,645,19241
LN-101593,Joshua Gonzalez,05/28/2022,05/28/2037,504000,317520,6.73,4378,60 Days Delinquent,Single Family,MD,66,784,62607
LN-101594,Jessica Garcia,05/11/2020,05/11/2040,244000,234240,5.11,1368,90+ Days Delinquent,Single Family,OR,55,819,79275
LN-101595,Michelle Perez,08/03/2021,08/03/2046,325000,230750,3.45,2218,Paid Off,Single Family,UT,74,742,63681
LN-101596,Patricia Anderson,01/18/2020,01/18/2036,266000,228760,4.82,3372,60 Days Delinquent,Multi Family,TX,81,801,96054
LN-101597,Jessica Anderson,09/11/2023,09/11/2051,267000,192240,3.87,3584,Default,Single Family,NC,60,818,28149
LN-101598,Patricia Smith,07/01/2022,07/01/2046,415000,361050,4.08,1636,Paid Off,Commercial,NJ,80,647,18224
LN-101599,Andrew Anderson,08/12/2019,08/12/2043,478000,439760,6.38,3783,Paid Off,Multi Family,IL,75,687,37909
LN-101600,Kimberly Davis,10/08/2021,10/08/2045,700000,525000,4.19,3479,Paid Off,Townhouse,NJ,67,689,58267
LN-101601,Thomas Clark,12/15/2022,12/15/2047,713000,648830,6.74,1491,60 Days Delinquent,Single Family,OH,72,681,15392
LN-101602,Betty Ramirez,05/23/2019,05/23/2043,781000,554510,5.89,1635,30 Days Delinquent,Single Family,OR,93,762,77654
LN-101603,David Martin,01/17/2020,01/17/2015,735000,646800,6.35,1457,Default,Condo,AL,92,719,37935
LN-101604,Anthony Lopez,10/01/2020,10/01/2015,732000,658800,7.11,2578,Current,Multi Family,IN,74,788,81494
LN-101605,William Williams,05/20/2021,05/20/2046,175000,124250,3.71,2469,30 Days Delinquent,Single Family,NC,92,816,38642
LN-100879,Richard Williams,10/14/2021,10/14/2046,476000,366520,7.41,2313,Paid Off,Condo,AL,81,778,76709
LN-101607,Linda Jones,06/24/2019,06/24/2014,780000,639600,6.71,1407,60 Days Delinquent,Townhouse,LA,76,633,65238
LN-101608,Steven Clark,02/07/2019,02/07/2042,233000,160770,6.86,4165,Default,Townhouse,MN,63,707,65018
LN-101609,John Thompson,03/28/2019,03/28/2038,276000,262200,6.83,4018,60 Days Delinquent,Multi Family,OK,56,762,93769
LN-101610,John Jones,12/15/2020,12/15/2047,753000,542160,7.3,1298,Current,Townhouse,IL,83,747,62703
LN-101611,Robert Martin,09/11/2018,09/11/2040,263000,213030,6.17,3588,Paid Off,Condo,OH,57,722,51904
LN-101612,Elizabeth Garcia,08/05/2021,08/05/2049,495000,356400,4.21,2814,30 Days Delinquent,Condo,PA,88,630,93896
LN-101613,Barbara Smith,03/22/2023,03/22/2038,206000,170980,4.79,1452,Current,Condo,TN,67,656,56233
LN-101614,Susan Sanchez,07/22/2020,07/22/2049,480000,432000,4.7,3646,Paid Off,Single Family,GA,71,647,56969
LN-101615,John Harris,12/09/2018,12/09/2039,454000,299640,4.08,4141,30 Days Delinquent,Townhouse,KY,91,655,72108
LN-101616,Patricia Sanchez,05/16/2021,05/16/2043,575000,552000,4.24,3687,Paid Off,Single Family,MA,72,772,28792
LN-101617,Joshua Thompson,02/08/2019,02/08/2038,164000,126280,5.74,1793,30 Days Delinquent,Townhouse,TX,90,816,88252
LN-101618,Anthony Miller,09/26/2023,09/26/2040,684000,540360,6.74,3991,90+ Days Delinquent,Commercial,FL,74,727,13596
LN-101619,Sarah Robinson,10/09/2020,10/09/2036,437000,279680,6.56,3044,90+ Days Delinquent,Condo,CA,75,726,71612
LN-101620,Susan Brown,07/23/2019,07/23/2037,631000,574210,5.13,2964,Default,Townhouse,CT,69,700,47496
LN-101621,Steven Harris,11/24/2023,11/24/2048,187000,130900,4.39,3820,30 Days Delinquent,Multi Family,texas,66,803,81807
LN-101622,Lisa Jones,05/22/2020,05/22/2049,597000,567150,5.5,2562,30 Days Delinquent,Single Family,MO,89,623,90163
LN-101623,Steven Taylor,09/28/2018,09/28/2040,623000,566930,4.48,3873,Default,Condo,NJ,78,813,30844
LN-101624,Margaret Moore,09/28/2023,09/28/2051,807000,581040,3.9,3069,90+ Days Delinquent,Commercial,WA,82,726,53399
LN-101625,Lisa Perez,07/12/2023,07/12/2046,177000,136290,7.69,3476,60 Days Delinquent,Commercial,SC,95,675,96683
LN-101626,Robert Wilson,03/20/2021,03/20/2047,201000,140700,7.66,3650,90+ Days Delinquent,Condo,MI,75,739,77422
LN-101627,Mary Thomas,01/27/2022,01/27/2051,598000,520260,7.53,1326,90+ Days Delinquent,Single Family,MN,56,746,20608
LN-101628,Joshua Smith,06/25/2020,06/25/2040,760000,524400,5.85,3634,Current,Commercial,LA,95,728,19496
LN-101629,Paul Sanchez,10/06/2023,10/06/2052,502000,456820,6.46,3706,90+ Days Delinquent,Multi Family,FL,72,813,61405
LN-101630,Emily Gonzalez,02/12/2022,02/12/2047,677000,446820,4.83,2175,30 Days Delinquent,Townhouse,OH,93,665,22943
LN-101631,Sarah White,04/04/2023,04/04/2052,561000,460020,7.15,1261,Paid Off,Commercial,NC,93,687,64261
LN-101632,Elizabeth Williams,06/19/2018,06/19/2013,575000,350750,6.52,1968,60 Days Delinquent,Townhouse,MI,85,792,28405
LN-101633,David Jones,09/07/2022,09/07/2044,496000,342240,6.59,3249,Paid Off,Commercial,NY,84,796,39464
LN-101634,Robert Hernandez,09/25/2022,09/25/2046,716000,472560,4.23,1238,Default,Commercial,texas,85,698,71563
LN-101635,Kimberly Thomas,03/27/2019,03/27/2034,557000,534720,7.5,2766,30 Days Delinquent,Commercial,VA,89,701,67262
LN-101636,Kimberly Taylor,12/18/2023,12/18/2045,752000,721920,5.5,3671,90+ Days Delinquent,Townhouse,XX,59,683,23160
LN-101637,James Miller,08/13/2023,08/13/2044,300000,252000,5.78,1748,Paid Off,Commercial,MA,66,670,63527
LN-101638,Nancy Jackson,09/24/2021,09/24/2040,373000,324510,6.34,2829,Current,Commercial,OH,92,631,15344
LN-101639,Matthew Smith,05/24/2019,05/24/2014,302000,196300,6.91,2580,90+ Days Delinquent,Commercial,IL,61,717,20134
LN-101640,Christopher Jackson,02/10/2019,02/10/2014,702000,624780,4.5,3968,60 Days Delinquent,Multi Family,LA,75,815,12423
LN-101641,Donald Lopez,07/12/2020,07/12/2015,364000,309400,4.09,3956,90+ Days Delinquent,Single Family,CT,66,743,29463
LN-101642,Richard Robinson,10/21/2018,10/21/2039,343000,312130,4.74,3508,90+ Days Delinquent,Commercial,AZ,63,724,61514
LN-101643,Lisa Jackson,01/13/2019,01/13/2037,567000,374220,5.77,2417,90+ Days Delinquent,Multi Family,VA,57,818,37781
LN-101644,Barbara Moore,08/10/2023,08/10/2018,439000,364370,5.5,2696,Current,Condo,CA,57,646,82767
LN-101645,James Thomas,05/08/2019,05/08/2014,559000,374530,3.95,4305,Default,Townhouse,OR,93,820,74770
LN-101646,Kimberly Lopez,04/23/2020,04/23/2044,180000,135000,3.68,2227,Current,Condo,IL,62,760,35083
LN-101647,Emily Harris,07/02/2021,07/02/2041,269000,239410,7.39,2202,Paid Off,Multi Family,FL,84,696,23668
LN-101648,Michael Robinson,08/19/2018,08/19/2046,602000,559860,7.04,1816,60 Days Delinquent,Single Family,OK,84,763,15435
LN-101649,John Rodriguez,06/10/2022,06/10/2044,729000,568620,3.97,2544,Default,Single Family,TN,58,758,26329
LN-101650,Richard Moore,03/21/2023,03/21/2052,174000,154860,3.31,1475,Current,Townhouse,99,82,715,87061
LN-101023,Charles White,03/09/2022,03/09/2050,660000,600600,4.75,3778,90+ Days Delinquent,Condo,GA,77,728,64904
LN-101652,William Smith,11/10/2019,11/10/2047,340000,295800,3.54,3854,Current,Commercial,VA,76,807,64504
LN-101653,Mary Garcia,10/16/2023,10/16/2041,628000,502400,5.89,3347,60 Days Delinquent,Condo,IN,57,788,30812
LN-101654,Charles Hernandez,03/23/2018,03/23/2036,299000,191360,5.27,2522,Paid Off,Condo,MI,76,816,82271
LN-101655,Karen Lewis,01/16/2022,01/16/2017,208000,141440,7.24,2484,60 Days Delinquent,Condo,OR,71,775,99157
LN-101656,Emily Davis,06/13/2019,06/13/2047,316000,240160,5.13,4261,30 Days Delinquent,Single Family,unknown,86,625,29702
LN-101657,Mary Clark,12/28/2023,12/28/2040,575000,414000,7.34,2906,Paid Off,Single Family,LA,80,815,46187
LN-101658,Jessica Wilson,09/19/2021,09/19/2039,718000,610300,4.99,4035,Paid Off,Single Family,MA,80,635,52138
LN-100451,Daniel Anderson,09/12/2019,09/12/2046,795000,691650,6.2,3762,30 Days Delinquent,Townhouse,CT,84,721,29980
LN-101660,Ashley Williams,08/05/2022,08/05/2046,766000,735360,7.42,1471,Paid Off,Commercial,OH,80,683,61944
LN-101661,Robert Sanchez,05/20/2020,05/20/2049,153000,113220,5.74,1915,90+ Days Delinquent,Multi Family,NJ,83,795,44981
LN-101662,Mary Thompson,09/09/2020,09/09/2046,732000,592920,3.9,1620,30 Days Delinquent,Townhouse,AL,67,801,18227
LN-101663,Steven Lopez,01/13/2023,01/13/2050,737000,501160,5.9,2077,Default,Commercial,CO,55,677,15142
LN-101664,Betty Brown,04/05/2022,04/05/2045,471000,367380,7.68,2995,30 Days Delinquent,Townhouse,NY,65,766,47733
LN-101665,Lisa Lewis,09/04/2018,09/04/2048,169000,141960,6.47,1614,60 Days Delinquent,Townhouse,AZ,59,785,67442
LN-101666,Margaret Davis,02/17/2021,02/17/2038,214000,151940,6.95,3368,30 Days Delinquent,Townhouse,TN,88,730,36541
LN-100652,Margaret Davis,02/21/2020,02/21/2049,394000,330960,4.4,2045,60 Days Delinquent,Single Family,TN,84,621,84524
LN-100544,Kimberly Anderson,12/03/2019,12/03/2045,333000,209790,3.37,4046,Paid Off,Commercial,NY,94,775,44997
LN-101669,Jennifer Williams,05/28/2019,05/28/2034,281000,264140,6.11,1488,Default,Townhouse,ZZ,75,660,14925
LN-101670,Mary Ramirez,08/21/2018,08/21/2013,586000,445360,6.99,1333,Current,Condo,OK,58,658,78168
LN-101671,David Smith,06/19/2022,06/19/2052,667000,433550,3.74,3164,60 Days Delinquent,Commercial,texas,75,794,75703
LN-101672,John Miller,11/09/2022,11/09/2044,678000,603420,4.92,2693,Current,Condo,unknown,83,693,69868
LN-101673,Ashley Lopez,02/26/2019,02/26/2037,440000,334400,5.61,1658,Paid Off,Commercial,CT,62,808,41899
LN-101674,Andrew Miller,03/13/2019,03/13/2046,795000,524700,4.23,2158,30 Days Delinquent,Condo,IL,88,627,37818
LN-101675,Michelle White,05/28/2020,05/28/2045,304000,255360,4.35,2249,30 Days Delinquent,Townhouse,NC,89,779,21126
LN-101676,David Hernandez,05/14/2019,05/14/2048,326000,231460,6.79,1570,Current,Commercial,GA,63,638,52697
LN-101677,Emily Brown,01/20/2021,01/20/2041,424000,364640,6.13,1479,90+ Days Delinquent,Townhouse,KY,56,627,52135
LN-101678,Richard Johnson,03/05/2021,03/05/2039,489000,400980,5.64,2235,60 Days Delinquent,Multi Family,IN,70,793,79751
LN-101679,Jennifer Lewis,05/04/2022,05/04/2047,681000,517560,5.1,3932,60 Days Delinquent,Multi Family,UT,62,787,25401
LN-101680,Jennifer Anderson,04/09/2023,04/09/2050,646000,529720,7.69,1294,Current,Single Family,KY,75,762,17879
LN-100928,Robert Lopez,12/01/2020,12/01/2047,721000,461440,5.45,3898,Current,Commercial,VA,80,621,18390
LN-101682,Susan Hernandez,10/08/2018,10/08/2043,474000,374460,7.52,1632,Current,Multi Family,LA,72,770,80668
LN-101683,Jennifer Smith,04/23/2020,04/23/2042,252000,214200,7.14,1727,Default,Single Family,AZ,65,714,74336
LN-101684,Nancy Thomas,06/04/2018,06/04/2048,838000,712300,7.65,3308,Default,Single Family,WI,55,719,65409
LN-100966,Margaret White,06/27/2018,06/27/2040,717000,602280,5.76,1998,Current,Condo,MN,57,801,58253
LN-101686,Mary Gonzalez,11/12/2019,11/12/2014,393000,290820,5.02,3655,60 Days Delinquent,Commercial,MI,81,695,68915
LN-101687,Steven Jackson,06/04/2021,06/04/2041,682000,456940,4.45,1823,Default,Single Family,GA,86,736,29720
LN-101688,Andrew Ramirez,06/09/2018,06/09/2042,263000,218290,4.81,3511,Default,Single Family,NC,93,748,65944
LN-101689,Elizabeth Taylor,10/03/2022,10/03/2049,500000,425000,7.13,3039,Paid Off,Townhouse,WI,67,693,72318
LN-100762,Patricia Davis,06/10/2022,06/10/2047,274000,219200,3.69,3586,Current,Commercial,UT,87,783,18253
LN-101691,Betty Ramirez,11/14/2023,11/14/2039,203000,154280,5.2,3712,Default,Single Family,WA,80,642,30689
LN-101692,David Thompson,01/17/2022,01/17/2037,615000,412050,4.81,3748,Default,Multi Family,FL,88,740,80826
LN-101693,Kimberly Taylor,09/21/2021,09/21/2048,770000,485100,4.69,2763,Paid Off,Single Family,FL,58,813,53514
LN-100884,Matthew Lewis,06/22/2021,06/22/2044,845000,811200,5.34,2268,90+ Days Delinquent,Commercial,AZ,79,787,45941
LN-101695,James Brown,02/05/2019,02/05/2041,425000,403750,4.19,1751,30 Days Delinquent,Multi Family,MN,63,682,40250
LN-101696,Anthony Thomas,05/10/2020,05/10/2037,616000,505120,4.7,2020,Paid Off,Single Family,99,82,762,20926
LN-101697,William Jones,05/15/2019,05/15/2037,344000,216720,4,3746,60 Days Delinquent,Commercial,WI,80,732,80472
LN-101698,Margaret Hernandez,02/12/2018,02/12/2040,380000,311600,4.56,3246,Current,Commercial,FL,57,747,26919
LN-101699,Daniel Thomas,11/14/2020,11/14/2042,589000,530100,5.49,1382,Default,Townhouse,GA,73,797,86015
LN-101700,Margaret Johnson,11/14/2021,11/14/2039,203000,140070,4.25,2567,Paid Off,Condo,IN,80,730,68647
LN-101701,Anthony Gonzalez,08/25/2023,08/25/2018,633000,614010,6.27,1907,30 Days Delinquent,Condo,MI,76,663,60479
LN-101702,Robert Davis,01/20/2020,01/20/2041,678000,589860,5.77,4283,Default,Condo,MN,67,785,96469
LN-101703,Ashley Clark,08/24/2023,08/24/2051,560000,476000,6.84,3975,Current,Single Family,MI,61,739,37318
LN-101704,Jennifer Clark,03/10/2022,03/10/2045,681000,640140,5.54,3259,60 Days Delinquent,Commercial,IL,81,669,49412
LN-101705,Donald Davis,08/06/2020,08/06/2048,544000,489600,6.89,1880,Current,Multi Family,AL,80,706,37474
LN-101706,Susan Thompson,11/09/2021,11/09/2044,760000,706800,4.61,2278,Paid Off,Single Family,CO,85,679,39830
LN-101707,Karen Smith,11/14/2023,11/14/2041,329000,236880,7.18,4092,60 Days Delinquent,Townhouse,OH,62,773,15064
LN-101708,Sandra Jackson,05/24/2022,05/24/2050,477000,424530,5.31,2442,30 Days Delinquent,Single Family,VA,79,695,17141
LN-101709,Patricia Harris,03/11/2019,03/11/2049,524000,319640,4.14,4230,90+ Days Delinquent,Single Family,MD,55,659,67578
LN-100912,Elizabeth Williams,11/21/2019,11/21/2049,400000,264000,4.77,2177,Current,Condo,IN,78,695,97235
LN-101711,Kimberly Garcia,07/01/2020,07/01/2040,316000,230680,7.56,2587,Default,Commercial,TX,87,781,10928
LN-101712,Jennifer Miller,12/28/2022,12/28/2046,407000,329670,6.84,2841,30 Days Delinquent,Townhouse,MA,71,635,73327
LN-101713,Patricia Brown,02/23/2023,02/23/2053,212000,161120,5.49,1764,Current,Multi Family,AL,92,805,50462
LN-101714,Jennifer Garcia,04/16/2021,04/16/2044,590000,525100,4.74,4148,Current,Condo,MO,68,702,83308
LN-101715,Matthew Johnson,01/17/2020,01/17/2038,368000,331200,3.99,3065,Current,Commercial,KY,73,807,23404
LN-101716,Christopher Taylor,08/27/2019,08/27/2043,503000,342040,4.19,2825,30 Days Delinquent,Commercial,MI,92,697,64445
LN-101717,Matthew Jackson,09/16/2021,09/16/2044,849000,577320,7.32,2892,30 Days Delinquent,Multi Family,IN,64,669,86700
LN-101718,Charles Lopez,11/22/2020,11/22/2041,518000,352240,5.24,3835,30 Days Delinquent,Multi Family,LA,64,676,19911
LN-101719,Paul Jones,05/25/2022,05/25/2042,307000,248670,6.21,3871,Current,Single Family,california,61,739,26267
LN-101720,Joseph Lee,11/13/2020,11/13/2044,461000,424120,3.6,4478,Default,Multi Family,NY,81,667,23507
LN-101137,David Rodriguez,10/14/2020,10/14/2048,261000,161820,5.34,4287,Current,Single Family,OR,78,639,64759
LN-101722,Ashley Williams,09/20/2020,09/20/2039,408000,342720,5.92,4117,Default,Townhouse,WI,93,691,39976
LN-101723,Robert Gonzalez,12/20/2019,12/20/2035,413000,330400,6.99,3518,Current,Single Family,NY,77,620,84223
LN-101724,Jessica Harris,12/25/2018,12/25/2042,656000,590400,3.94,3459,60 Days Delinquent,Multi Family,OK,78,744,23810
LN-101725,Linda Lee,02/21/2018,02/21/2038,445000,347100,3.52,3565,60 Days Delinquent,Multi Family,KY,60,692,94259
LN-101726,Joseph Anderson,01/03/2019,01/03/2042,692000,491320,5.5,2704,Default,Single Family,AL,68,786,97782
LN-101727,Steven Perez,04/28/2023,04/28/2040,832000,790400,7.4,2342,30 Days Delinquent,Commercial,TX,56,654,82686
LN-101728,William White,02/14/2018,02/14/2033,159000,106530,7.42,2624,90+ Days Delinquent,Commercial,NJ,55,758,31521
LN-101729,Anthony Anderson,06/17/2023,06/17/2049,699000,517260,6.3,1917,Paid Off,Condo,NJ,92,785,17630
LN-101263,Michelle Miller,12/27/2018,12/27/2041,837000,686340,4.45,3228,Current,Single Family,SC,76,685,55547
LN-101731,David Ramirez,07/20/2021,07/20/2046,806000,628680,6.85,4283,90+ Days Delinquent,Commercial,OR,83,707,70530
LN-101732,Nancy Johnson,01/24/2021,01/24/2050,404000,343400,3.89,3152,60 Days Delinquent,Single Family,KY,94,798,13661
LN-101733,Lisa Clark,04/20/2019,04/20/2043,276000,182160,6.11,1506,Paid Off,Single Family,OR,88,638,36938
LN-101734,Paul Garcia,08/25/2019,08/25/2049,523000,339950,6.1,1441,90+ Days Delinquent,Townhouse,PA,72,633,25592
LN-101292,Ashley Clark,07/27/2022,07/27/2049,812000,527800,6.57,2162,90+ Days Delinquent,Single Family,IL,71,723,77666
LN-101736,Charles Anderson,04/10/2019,04/10/2049,345000,258750,5.19,2151,60 Days Delinquent,Multi Family,IN,57,744,86831
LN-101737,Margaret Thompson,03/19/2020,03/19/2046,526000,515480,6.78,3962,90+ Days Delinquent,Townhouse,IL,66,740,57052
LN-101738,Joseph Perez,12/17/2020,12/17/2047,565000,395500,4.74,3703,Default,Commercial,NC,91,762,84025
LN-101739,Paul Jones,02/13/2019,02/13/2041,473000,312180,6.62,2789,Default,Commercial,MO,62,764,97565
LN-101740,Michael Wilson,12/15/2022,12/15/2017,627000,388740,3.95,2564,Default,Multi Family,OK,62,683,52531
LN-101741,Andrew Sanchez,11/25/2020,11/25/2041,379000,322150,7.63,3695,Paid Off,Commercial,OH,88,661,75548
LN-101742,Robert Thomas,03/08/2023,03/08/2051,763000,457800,4.8,4424,Default,Multi Family,texas,61,790,64575
LN-101743,Sandra Taylor,06/24/2018,06/24/2013,360000,309600,4.73,3518,90+ Days Delinquent,Commercial,NJ,93,712,87512
LN-101744,James Williams,03/27/2022,03/27/2046,357000,224910,6.83,1377,30 Days Delinquent,Multi Family,MD,61,795,61034
LN-101745,Patricia Lopez,09/10/2020,09/10/2050,217000,203980,7.31,2794,Paid Off,Condo,CA,95,733,15034
LN-101746,William Gonzalez,03/22/2021,03/22/2051,586000,416060,4.47,3626,30 Days Delinquent,Commercial,MI,77,680,91732
LN-101747,Jessica Thomas,12/26/2021,12/26/2040,435000,378450,3.56,3462,Default,Multi Family,WI,68,698,57972
LN-101023,Daniel Gonzalez,06/20/2021,06/20/2042,415000,340300,3.38,2663,30 Days Delinquent,Condo,NJ,61,738,60525
LN-101749,Susan Ramirez,12/14/2023,12/14/2043,199000,161190,4.24,2094,Current,Single Family,NC,76,644,80806
LN-101750,Andrew Anderson,02/24/2018,02/24/2034,804000,611040,7.03,1645,90+ Days Delinquent,Commercial,CO,72,705,72202
LN-101751,Matthew Garcia,02/07/2018,02/07/2045,185000,120250,6.48,4272,60 Days Delinquent,Single Family,CO,67,652,52833
LN-100471,Sandra Miller,03/02/2019,03/02/2046,807000,702090,6.89,4393,Paid Off,Multi Family,UT,69,705,64414
LN-101753,Nancy Rodriguez,10/07/2022,10/07/2017,694000,478860,5.37,1918,30 Days Delinquent,Single Family,TN,84,683,18795
LN-101754,Paul Thompson,11/20/2022,11/20/2045,496000,391840,5.21,2660,90+ Days Delinquent,Commercial,MN,66,641,50061
LN-101755,Margaret Rodriguez,08/02/2019,08/02/2046,472000,335120,6.38,4104,Current,Multi Family,CA,70,673,12163
LN-101756,Anthony Sanchez,01/15/2021,01/15/2049,654000,575520,5.05,4255,60 Days Delinquent,Commercial,MD,64,690,64721
LN-101757,Thomas Lewis,11/17/2020,11/17/2035,671000,637450,6.15,1353,Paid Off,Multi Family,WI,57,704,53261
LN-101758,James Brown,02/24/2021,02/24/2037,831000,731280,6.4,1317,60 Days Delinquent,Condo,OK,91,744,75688
LN-101759,Robert Jones,04/20/2019,04/20/2014,476000,437920,7.36,3833,60 Days Delinquent,Townhouse,MD,90,632,83332
LN-101760,Betty Gonzalez,12/20/2021,12/20/2037,563000,529220,6.11,1961,60 Days Delinquent,Condo,CO,65,806,19547
LN-101761,Matthew Thomas,01/21/2023,01/21/2049,300000,249000,6.69,1861,Paid Off,Multi Family,CA,78,654,74262
LN-100573,Jessica Williams,05/27/2020,05/27/2037,549000,334890,3.31,1217,90+ Days Delinquent,Commercial,MI,61,787,48105
LN-101763,Ashley Moore,02/14/2022,02/14/2045,769000,530610,4.65,4326,Current,Townhouse,SC,57,749,58943
LN-101764,Anthony Miller,05/17/2023,05/17/2039,788000,520080,6.75,3110,Paid Off,Townhouse,SC,77,807,71403
LN-101765,Donald Sanchez,05/14/2023,05/14/2045,229000,215260,3.48,1929,Paid Off,Townhouse,PA,83,687,68052
LN-101766,Matthew Anderson,09/19/2021,09/19/2045,186000,141360,6.93,2727,60 Days Delinquent,Commercial,IN,59,761,28239
LN-101767,Charles Miller,09/04/2023,09/04/2051,204000,169320,6.5,2363,30 Days Delinquent,Single Family,PA,61,626,22911
LN-101237,William Thomas,05/25/2019,05/25/2043,811000,559590,3.43,2196,Paid Off,Multi Family,FL,86,624,83013
LN-101769,Joshua Moore,01/28/2020,01/28/2036,703000,520220,4.93,3302,Paid Off,Single Family,MD,95,742,73141
LN-101770,Mark Hernandez,09/21/2019,09/21/2045,305000,271450,7.46,1773,Default,Condo,GA,88,707,92857
LN-101419,John Hernandez,06/20/2023,06/20/2047,814000,545380,6.12,2495,60 Days Delinquent,Commercial,TN,87,777,79490
LN-100900,Matthew Martinez,10/17/2021,10/17/2046,535000,363800,3.92,3403,Default,Townhouse,NY,85,635,12607
LN-101773,William Lewis,11/03/2019,11/03/2039,823000,543180,3.77,4100,60 Days Delinquent,Single Family,GA,72,630,94022
LN-101774,Nancy Perez,12/03/2018,12/03/2044,521000,500160,3.93,1643,60 Days Delinquent,Single Family,unknown,88,662,62281
LN-101775,Lisa Rodriguez,05/15/2022,05/15/2042,474000,369720,6.02,1661,60 Days Delinquent,Multi Family,OR,80,628,12795
LN-101776,Betty Martinez,05/02/2018,05/02/2041,658000,565880,5.16,2833,30 Days Delinquent,Condo,UT,67,650,85367
LN-101777,John Smith,01/17/2021,01/17/2043,718000,595940,4.46,4414,30 Days Delinquent,Townhouse,MO,57,649,51685
LN-101778,Daniel Martinez,03/18/2019,03/18/2046,478000,425420,7.7,3966,90+ Days Delinquent,Single Family,VA,81,726,76236
LN-101779,Elizabeth Hernandez,06/26/2022,06/26/2049,477000,338670,6.02,4403,Default,Single Family,OH,66,730,71844
LN-101780,Joshua Harris,08/27/2019,08/27/2043,425000,293250,4.35,4242,Current,Single Family,TN,78,812,68885
LN-101781,Charles Brown,05/19/2021,05/19/2039,770000,477400,3.92,3508,60 Days Delinquent,Condo,MI,66,744,63933
LN-101782,Thomas Moore,11/17/2022,11/17/2046,761000,593580,3.85,2016,60 Days Delinquent,Condo,MI,55,818,73018
LN-101783,Joshua Williams,05/07/2023,05/07/2018,279000,212040,7.12,2743,60 Days Delinquent,Townhouse,FL,89,720,23073
LN-101784,Matthew Davis,07/03/2018,07/03/2046,203000,176610,5.34,4248,90+ Days Delinquent,Single Family,MN,74,676,80298
LN-101785,Paul Wilson,04/13/2022,04/13/2050,738000,590400,6.51,1335,Current,Single Family,CT,69,727,92005
LN-101786,Donald Johnson,02/13/2023,02/13/2043,743000,683560,5.11,2582,Default,Condo,GA,72,747,83141
LN-101787,Charles Jackson,09/09/2023,09/09/2018,617000,382540,5.61,4102,Default,Multi Family,SC,92,731,59231
LN-100928,Andrew Gonzalez,01/21/2018,01/21/2042,733000,513100,5.55,3198,Paid Off,Multi Family,MI,82,775,75425
LN-101789,Joseph Robinson,10/22/2018,10/22/2044,783000,485460,7.63,1251,90+ Days Delinquent,Townhouse,MO,78,805,84960
LN-101790,Charles Smith,01/25/2019,01/25/2044,577000,363510,3.51,3509,30 Days Delinquent,Multi Family,fl,85,804,80829
LN-101791,Sarah Davis,03/08/2021,03/08/2039,639000,408960,4.42,1735,90+ Days Delinquent,Multi Family,KY,76,752,23467
LN-101792,Christopher Smith,10/28/2019,10/28/2043,440000,338800,6.41,1362,30 Days Delinquent,Single Family,OR,80,625,89937
LN-101793,Betty White,07/19/2020,07/19/2045,561000,347820,4.45,1530,30 Days Delinquent,Townhouse,AL,67,767,42568
LN-101794,John Lewis,12/12/2018,12/12/2041,193000,117730,5.11,3614,30 Days Delinquent,Condo,texas,68,661,16371
LN-101795,Donald Lopez,09/07/2018,09/07/2042,665000,498750,4.34,3579,Default,Townhouse,CA,59,638,86480
LN-101796,Joseph Robinson,01/06/2020,01/06/2045,482000,294020,4.97,3878,Current,Condo,PA,94,652,50911
LN-101797,Matthew Sanchez,03/01/2023,03/01/2048,247000,232180,3.45,2719,90+ Days Delinquent,Townhouse,CA,77,634,90344
LN-101798,Margaret Johnson,08/01/2022,08/01/2051,167000,110220,4.57,4230,60 Days Delinquent,Condo,TX,64,673,92118
LN-101799,Nancy Jones,03/17/2023,03/17/2038,527000,374170,4.7,3128,30 Days Delinquent,Single Family,SC,56,658,94264
LN-101800,Anthony White,02/23/2022,02/23/2049,501000,335670,4.8,3384,60 Days Delinquent,Commercial,MO,78,753,98216
LN-101801,Barbara Lewis,01/10/2018,01/10/2034,173000,150510,4.36,2448,Paid Off,Commercial,SC,94,674,18765
LN-101802,Richard Martinez,11/17/2023,11/17/2018,676000,561080,3.82,3651,Paid Off,Condo,OH,90,816,68225
LN-101803,Jessica Miller,05/27/2018,05/27/2013,692000,588200,5.91,2038,Current,Single Family,OK,76,657,48440
LN-101804,Michelle White,07/19/2018,07/19/2040,579000,544260,4.54,3367,Paid Off,Single Family,NJ,76,698,24077
LN-101805,Michael Martinez,01/25/2019,01/25/2014,337000,266230,6.1,2106,90+ Days Delinquent,Multi Family,TN,94,739,48539
LN-101806,Jessica Ramirez,02/26/2019,02/26/2037,355000,298200,6.75,1535,Current,Multi Family,WA,71,717,49455
LN-101807,Donald Anderson,06/16/2020,06/16/2040,287000,235340,6.42,3113,Paid Off,Multi Family,OR,63,664,44859
LN-101808,Paul Robinson,04/02/2018,04/02/2013,530000,386900,6.77,1445,60 Days Delinquent,Multi Family,GA,58,620,63274
LN-101809,Michael Perez,11/22/2019,11/22/2036,303000,263610,4.13,2215,60 Days Delinquent,Condo,GA,89,686,84678
LN-101810,David Wilson,11/19/2021,11/19/2051,252000,178920,5.53,1359,90+ Days Delinquent,Townhouse,NJ,80,805,43540
LN-101811,Patricia Thompson,08/22/2018,08/22/2013,282000,225600,4.46,3268,Paid Off,Commercial,UT,93,786,70752
LN-101812,Nancy Lee,07/22/2022,07/22/2043,649000,584100,6.91,3069,Paid Off,Commercial,LA,69,798,31752
LN-101813,Sarah Lee,11/25/2021,11/25/2051,517000,496320,4.64,1638,Default,Multi Family,MD,66,783,68135
LN-100183,Donna Clark,05/06/2018,05/06/2039,781000,515460,4.94,2004,Current,Townhouse,GA,93,630,26746
LN-101815,Betty Lee,08/02/2018,08/02/2045,406000,247660,7.59,3113,Paid Off,Commercial,UT,65,626,18077
LN-101816,Lisa Rodriguez,11/19/2021,11/19/2037,211000,194120,4.31,1554,90+ Days Delinquent,Townhouse,ZZ,69,770,25666
LN-101817,Christopher Garcia,06/19/2023,06/19/2043,779000,755630,7.18,1329,Paid Off,Commercial,SC,85,688,60139
LN-101818,Kimberly Garcia,12/08/2021,12/08/2037,765000,520200,7.1,2690,90+ Days Delinquent,Condo,MO,92,694,86488
LN-101819,Charles Wilson,08/08/2018,08/08/2048,206000,199820,4.44,1209,Current,Multi Family,OK,77,690,38411
LN-101820,Emily Hernandez,07/20/2020,07/20/2048,305000,189100,3.99,1872,30 Days Delinquent,Condo,WA,93,803,33144
LN-101821,Matthew Davis,03/19/2021,03/19/2049,666000,652680,6.04,2468,30 Days Delinquent,Condo,MD,59,671,92778
LN-101822,Jessica Jones,08/04/2020,08/04/2050,306000,198900,5.64,1759,Paid Off,Condo,MI,78,672,32470
LN-101823,Joshua Martin,05/10/2020,05/10/2037,200000,182000,5.03,4313,90+ Days Delinquent,Commercial,fl,89,623,23598
LN-101824,Mary Sanchez,08/17/2023,08/17/2050,220000,191400,7.65,2067,Default,Townhouse,OK,58,758,77798
LN-101825,Margaret White,06/08/2019,06/08/2037,411000,365790,3.68,3793,Paid Off,Townhouse,CT,77,785,67961
LN-101826,Mary White,06/27/2021,06/27/2049,192000,161280,4.2,1877,Paid Off,Commercial,LA,92,755,66958
LN-101827,Steven Rodriguez,09/23/2022,09/23/2044,512000,481280,6.87,3762,Current,Single Family,MN,60,809,22718
LN-101828,Jessica Lopez,09/15/2021,09/15/2040,437000,332120,5.47,3348,90+ Days Delinquent,Multi Family,FL,75,671,11400
LN-101829,Donna Brown,08/01/2019,08/01/2044,648000,596160,6.37,3325,90+ Days Delinquent,Condo,MN,63,731,27327
LN-101830,Patricia Moore,11/04/2022,11/04/2039,304000,252320,7.03,2503,Paid Off,Townhouse,WA,93,623,68168
LN-101831,Steven Lee,07/10/2019,07/10/2038,625000,456250,4.39,2002,Paid Off,Townhouse,NY,87,666,14895
LN-101832,Donald Thompson,02/21/2023,02/21/2038,850000,544000,4.26,3876,60 Days Delinquent,Condo,TX,69,657,69183
LN-101833,Michael Lopez,07/25/2018,07/25/2046,790000,584600,3.48,3120,60 Days Delinquent,Commercial,NC,66,644,82731
LN-101834,Charles Lopez,07/08/2021,07/08/2038,382000,336160,6.06,1666,Paid Off,Condo,VA,95,711,72782
LN-101835,Emily Brown,05/12/2018,05/12/2033,352000,341440,6.9,1824,Paid Off,Single Family,california,93,640,52260
LN-101836,Jennifer Gonzalez,02/17/2019,02/17/2044,309000,259560,3.96,2757,Current,Single Family,AL,90,678,12220
LN-101837,Charles Miller,06/02/2022,06/02/2043,520000,364000,6.41,4459,90+ Days Delinquent,Condo,GA,56,750,37376
LN-101838,Joshua Lee,03/22/2020,03/22/2041,807000,548760,5.91,3627,30 Days Delinquent,Townhouse,texas,94,681,29212
LN-101839,Barbara Lee,04/20/2023,04/20/2018,411000,250710,4.74,2124,Current,Commercial,CT,79,685,52747
LN-101840,Mary Moore,03/08/2023,03/08/2038,666000,486180,6.13,4318,90+ Days Delinquent,Single Family,CA,94,649,92887
LN-101841,Mark Jones,04/15/2021,04/15/2040,728000,662480,5.38,2753,30 Days Delinquent,Condo,CO,76,800,72906
LN-101842,Kimberly Wilson,08/06/2021,08/06/2041,518000,331520,4.34,2563,30 Days Delinquent,Townhouse,CA,93,680,49254
LN-101843,Donna Robinson,07/09/2023,07/09/2040,267000,234960,7.71,2821,30 Days Delinquent,Townhouse,CA,55,680,17338
LN-101844,Ashley Perez,11/16/2020,11/16/2015,509000,493730,6.2,2961,60 Days Delinquent,Multi Family,TN,78,749,48178
LN-101845,Susan Sanchez,12/24/2022,12/24/2017,462000,374220,6.97,1614,Paid Off,Multi Family,FL,89,661,76689
LN-101846,Jessica Wilson,07/26/2020,07/26/2050,186000,178560,4.22,2476,Current,Multi Family,LA,58,777,33130
LN-101847,Barbara Jackson,01/07/2019,01/07/2044,556000,372520,6.24,3281,90+ Days Delinquent,Single Family,MI,86,671,81298
LN-101848,Jessica Johnson,12/10/2023,12/10/2042,525000,456750,3.61,4167,30 Days Delinquent,Single Family,MA,67,648,62027
LN-100242,Betty Garcia,02/13/2020,02/13/2048,714000,649740,6.03,3786,90+ Days Delinquent,Commercial,GA,59,744,57354
LN-101850,John Harris,10/22/2020,10/22/2037,463000,351880,4.29,3731,Paid Off,Multi Family,PA,87,709,20961
LN-101851,Emily Martin,08/20/2018,08/20/2048,379000,337310,5.87,1547,60 Days Delinquent,Townhouse,MI,92,758,81121
LN-101852,Christopher Garcia,11/26/2019,11/26/2039,341000,262570,5.25,2111,Default,Condo,IL,58,722,17345
LN-101853,James Thomas,07/27/2021,07/27/2039,696000,466320,6.97,2344,90+ Days Delinquent,Townhouse,99,94,779,80504
LN-101854,Ashley Martin,01/07/2022,01/07/2042,418000,275880,6.1,4095,Current,Commercial,NY,84,721,65838
LN-101855,Daniel Anderson,01/11/2022,01/11/2017,533000,479700,7.18,4443,30 Days Delinquent,Townhouse,WI,94,703,91507
LN-101856,Patricia Harris,05/07/2022,05/07/2046,482000,380780,7.04,3593,60 Days Delinquent,Condo,UT,66,685,89785
LN-101857,Susan Lee,05/21/2018,05/21/2046,383000,340870,7.5,3350,Default,Multi Family,VA,69,809,33954
LN-101858,Karen Davis,08/19/2019,08/19/2039,817000,743470,6.78,2557,Paid Off,Townhouse,MN,75,678,41508
LN-101859,Nancy Thomas,11/21/2019,11/21/2044,566000,475440,3.99,1662,30 Days Delinquent,Single Family,ZZ,72,677,32384
LN-101860,Mary Gonzalez,06/16/2021,06/16/2016,776000,519920,7,1437,Paid Off,Single Family,PA,93,762,89762
LN-101861,William Martin,09/01/2018,09/01/2041,207000,134550,3.71,1304,Default,Multi Family,FL,84,783,70311
LN-101862,Christopher Johnson,07/01/2019,07/01/2049,535000,428000,5.8,1356,30 Days Delinquent,Single Family,SC,82,764,31005
LN-101863,Steven Hernandez,05/23/2019,05/23/2039,224000,197120,5.33,3768,90+ Days Delinquent,Multi Family,XX,65,690,71584
LN-101864,Charles Brown,08/28/2023,08/28/2048,223000,207390,7.53,4197,90+ Days Delinquent,Commercial,PA,77,686,86279
LN-100436,John Lewis,11/28/2021,11/28/2046,461000,451780,6.32,1858,60 Days Delinquent,Single Family,IN,56,674,62229
LN-101866,William Sanchez,07/22/2022,07/22/2045,527000,463760,7.57,2709,Paid Off,Multi Family,99,87,769,95055
LN-101867,Anthony Lee,08/15/2021,08/15/2045,722000,555940,6.67,2781,Default,Multi Family,NC,61,779,61849
LN-101868,John Harris,12/26/2020,12/26/2046,509000,442830,5.61,4450,30 Days Delinquent,Multi Family,NY,92,620,73174
LN-101241,David Moore,12/05/2023,12/05/2048,474000,383940,4.03,2620,60 Days Delinquent,Multi Family,FL,95,789,78657
LN-101870,Karen Williams,10/22/2023,10/22/2044,713000,684480,3.8,1811,60 Days Delinquent,Townhouse,CT,88,681,68035
LN-101871,Joseph Taylor,06/16/2023,06/16/2018,343000,284690,4.13,1848,60 Days Delinquent,Townhouse,TN,62,756,70450
LN-101872,James Davis,08/26/2023,08/26/2050,450000,288000,6.84,3557,Paid Off,Townhouse,GA,80,814,25106
LN-101873,Robert Lopez,03/02/2020,03/02/2047,517000,403260,6.84,3459,Paid Off,Single Family,KY,87,668,85252
LN-101874,Mark Hernandez,06/28/2022,06/28/2017,805000,676200,6.81,2628,30 Days Delinquent,Commercial,MN,71,644,49486
LN-101875,Karen Moore,10/10/2021,10/10/2040,701000,651930,3.84,2411,Default,Townhouse,NJ,82,781,30693
LN-101876,Emily Gonzalez,06/19/2020,06/19/2036,727000,465280,7.47,1433,30 Days Delinquent,Townhouse,TX,82,725,85437
LN-101877,Ashley Sanchez,09/25/2023,09/25/2018,450000,400500,5.79,2031,90+ Days Delinquent,Townhouse,CO,71,775,15277
LN-101878,Daniel Johnson,09/02/2022,09/02/2051,596000,381440,5.74,2828,90+ Days Delinquent,Commercial,IN,87,636,57459
LN-101879,Ashley Johnson,04/27/2020,04/27/2050,579000,405300,6.77,2612,Paid Off,Single Family,LA,83,752,88278
LN-101880,Robert Johnson,10/12/2021,10/12/2049,689000,558090,6.38,1624,60 Days Delinquent,Commercial,IN,61,648,78214
LN-101881,Richard Jackson,02/11/2021,02/11/2036,745000,655600,7.41,2588,Paid Off,Multi Family,TN,56,767,52027
LN-101882,Robert Clark,01/14/2018,01/14/2046,446000,361260,7.68,1997,60 Days Delinquent,Commercial,TX,57,620,88234
LN-101883,Michelle Ramirez,09/07/2022,09/07/2048,278000,197380,5.25,1684,Paid Off,Townhouse,IN,86,764,45235
LN-101884,Christopher Robinson,09/04/2018,09/04/2044,259000,227920,3.5,2639,90+ Days Delinquent,Commercial,WA,80,717,14600
LN-101885,Donna Rodriguez,02/23/2021,02/23/2038,401000,384960,7.19,2341,90+ Days Delinquent,Condo,CA,78,779,70180
LN-101886,Betty Thompson,11/09/2022,11/09/2049,562000,483320,3.86,1472,30 Days Delinquent,Townhouse,TX,55,639,54702
LN-101887,Jessica Thomas,04/26/2020,04/26/2043,540000,432000,6.13,1584,Current,Townhouse,AL,68,663,86357
LN-101888,Betty Hernandez,02/08/2021,02/08/2042,741000,548340,5.14,4154,90+ Days Delinquent,Single Family,CA,60,657,77723
LN-101889,Elizabeth Martin,05/18/2023,05/18/2052,678000,508500,7.31,4415,30 Days Delinquent,Single Family,IN,85,783,23889
LN-101890,Daniel Lee,06/06/2018,06/06/2042,397000,254080,5.51,3913,Default,Condo,ZZ,82,718,15333
LN-101891,Joseph Hernandez,10/21/2018,10/21/2036,378000,287280,4.89,4365,30 Days Delinquent,Multi Family,MA,76,699,93270
LN-101892,Michael Williams,09/17/2022,09/17/2038,532000,420280,3.76,4119,Paid Off,Single Family,GA,94,697,88178
LN-101893,Nancy Perez,06/19/2019,06/19/2040,237000,222780,7.14,3297,60 Days Delinquent,Multi Family,OK,74,760,34478
LN-101894,Steven Perez,08/01/2020,08/01/2046,167000,140280,7.34,2667,60 Days Delinquent,Multi Family,KY,84,686,23620
LN-101895,Emily Johnson,06/08/2021,06/08/2040,485000,329800,4.11,3639,Default,Commercial,LA,89,753,20050
LN-101896,Robert Wilson,12/18/2018,12/18/2043,579000,509520,3.43,1389,60 Days Delinquent,Condo,MA,86,787,47506
LN-101897,Linda Martin,08/02/2023,08/02/2041,187000,162690,5.6,2945,Default,Multi Family,CO,64,812,40228
LN-101898,Joshua Thompson,03/22/2019,03/22/2039,338000,253500,5.13,1887,Current,Commercial,WA,74,639,43040
LN-101707,James Moore,08/10/2021,08/10/2040,267000,181560,5.62,4495,Default,Multi Family,TX,78,735,63877
LN-101900,Mary Taylor,03/04/2023,03/04/2051,267000,170880,5.66,3826,Current,Commercial,IN,72,771,57528
LN-101901,Barbara Miller,12/15/2022,12/15/2037,562000,399020,4.86,1668,Current,Single Family,XX,65,709,62749
LN-101902,Lisa Rodriguez,10/20/2020,10/20/2045,749000,509320,3.83,2462,90+ Days Delinquent,Townhouse,AZ,95,672,39558
LN-101903,Thomas Clark,12/04/2021,12/04/2047,716000,486880,6.62,3391,30 Days Delinquent,Multi Family,OR,56,811,85782
LN-101904,Andrew Garcia,12/11/2018,12/11/2034,170000,105400,7.24,3288,60 Days Delinquent,Commercial,IN,80,799,14719
LN-101905,Donna Lewis,04/24/2023,04/24/2041,372000,316200,5.64,2544,60 Days Delinquent,Single Family,texas,64,642,98552
LN-101906,Jennifer Martinez,03/23/2021,03/23/2036,768000,483840,6.73,3595,90+ Days Delinquent,Townhouse,CT,69,692,87145
LN-101907,Paul Perez,07/10/2021,07/10/2047,653000,613820,4.77,3925,Default,Condo,PA,91,736,99730
LN-101908,Michael Jones,03/05/2018,03/05/2044,409000,261760,5.69,3324,90+ Days Delinquent,Multi Family,FL,69,810,65529
LN-101909,Jennifer Perez,07/11/2019,07/11/2049,659000,467890,7.03,1326,30 Days Delinquent,Commercial,PA,62,706,72878
LN-101910,David Thompson,10/03/2021,10/03/2036,583000,373120,6.2,2900,90+ Days Delinquent,Single Family,NC,71,737,73861
LN-101911,Daniel Robinson,05/07/2020,05/07/2035,219000,205860,4.47,3183,30 Days Delinquent,Single Family,fl,89,657,98081
LN-101912,Nancy Robinson,12/14/2020,12/14/2047,175000,140000,3.43,4203,Default,Condo,FL,70,641,34745
LN-101913,Sandra Sanchez,11/04/2020,11/04/2015,588000,511560,4,1647,90+ Days Delinquent,Commercial,CA,75,730,67442
LN-101914,Richard Thompson,09/05/2020,09/05/2049,174000,116580,6.06,1909,Paid Off,Multi Family,NC,57,636,21576
LN-101915,Mark Lewis,06/19/2021,06/19/2041,245000,151900,5.91,2345,Default,Condo,TX,93,783,91939
LN-101916,Anthony Davis,03/04/2021,03/04/2049,440000,281600,3.71,2593,Default,Multi Family,MO,71,747,43168
LN-101917,Jessica Taylor,05/12/2021,05/12/2040,433000,264130,5.77,1652,Default,Single Family,MN,56,633,62254
LN-101918,Emily Jackson,01/02/2020,01/02/2046,254000,220980,3.9,1209,30 Days Delinquent,Townhouse,WA,67,662,76225
LN-101919,Ashley Lee,09/01/2021,09/01/2037,509000,346120,7.4,1919,Paid Off,Multi Family,PA,60,666,52438
LN-101920,Michelle Gonzalez,12/28/2023,12/28/2050,765000,742050,6.61,4417,60 Days Delinquent,Commercial,IL,88,768,21431
LN-101921,Charles Lewis,02/02/2019,02/02/2037,511000,311710,5.8,3576,30 Days Delinquent,Condo,MI,84,689,82146
LN-101922,Steven Moore,05/05/2022,05/05/2039,669000,528510,4.88,1284,90+ Days Delinquent,Multi Family,MA,69,679,27231
LN-101923,Michelle Lopez,10/11/2019,10/11/2038,366000,300120,5.55,4298,Paid Off,Condo,AZ,82,703,38677
LN-101924,James Garcia,05/14/2020,05/14/2015,791000,585340,4.17,2644,30 Days Delinquent,Single Family,IN,55,798,71399
LN-101782,Thomas Harris,10/23/2020,10/23/2049,725000,543750,7.17,3489,Current,Multi Family,CT,91,816,22666
LN-101926,Robert Harris,04/04/2023,04/04/2051,305000,225700,7.56,3342,Current,Townhouse,MA,61,769,87690
LN-101927,Mark Lewis,08/22/2020,08/22/2015,365000,233600,4.58,1872,Paid Off,Multi Family,MO,83,627,63298
LN-101928,John Garcia,07/01/2022,07/01/2042,280000,271600,3.49,1722,60 Days Delinquent,Commercial,TX,73,766,44829
LN-101929,Jessica Anderson,07/02/2023,07/02/2052,750000,637500,5.57,1580,Current,Single Family,TX,93,727,79923
LN-101930,Andrew Moore,05/13/2019,05/13/2038,402000,245220,3.36,1353,Current,Single Family,NJ,86,647,69468
LN-101931,Nancy Jackson,12/17/2023,12/17/2049,848000,754720,5.48,4142,Current,Condo,NJ,59,651,83103
LN-101932,David Martin,01/03/2018,01/03/2045,771000,709320,6.09,1785,Default,Condo,WI,74,820,82954
LN-101933,Jessica Moore,02/02/2019,02/02/2038,795000,636000,5.01,2946,Paid Off,Townhouse,CO,81,680,46637
LN-101934,Joseph Martinez,10/05/2018,10/05/2013,468000,407160,5.92,3634,Paid Off,Single Family,SC,57,657,33277
LN-101935,Donald Lewis,12/11/2018,12/11/2045,409000,278120,5.84,1980,Paid Off,Condo,IL,86,791,94825
LN-101936,Joshua Smith,02/20/2019,02/20/2042,292000,271560,3.75,3913,Paid Off,Multi Family,AL,66,712,48148
LN-101937,Christopher Gonzalez,03/27/2018,03/27/2035,552000,347760,6.02,3583,Paid Off,Townhouse,GA,81,783,81269
LN-101938,James Wilson,02/11/2018,02/11/2042,216000,207360,4.12,4439,90+ Days Delinquent,Single Family,OR,93,697,34731
LN-101939,Kimberly Rodriguez,09/23/2018,09/23/2043,762000,594360,5.93,3250,Current,Townhouse,CA,89,791,29094
LN-101940,Mark Williams,07/10/2022,07/10/2047,740000,621600,4.05,3978,90+ Days Delinquent,Townhouse,TN,80,689,19908
LN-101941,Donna Lopez,05/10/2022,05/10/2048,719000,510490,7.48,2400,Paid Off,Multi Family,WA,83,699,99120
LN-101942,Jennifer Rodriguez,06/24/2019,06/24/2037,521000,505370,3.29,3909,Paid Off,Multi Family,MA,74,657,62234
LN-101943,Joseph White,01/17/2019,01/17/2041,661000,542020,4.83,2856,Default,Townhouse,TN,92,673,16847
LN-101944,Jessica Martin,09/18/2019,09/18/2014,763000,480690,3.74,2836,30 Days Delinquent,Single Family,UT,95,751,99231
LN-100269,Barbara Smith,09/20/2023,09/20/2038,400000,388000,6.28,2667,Default,Commercial,GA,87,798,47388
LN-101946,Michael Rodriguez,07/12/2018,07/12/2036,478000,406300,7.39,1367,90+ Days Delinquent,Condo,LA,60,767,62197
LN-101947,Christopher Ramirez,05/06/2022,05/06/2043,708000,488520,7.18,1578,Current,Townhouse,CT,91,773,98810
LN-101948,Nancy Harris,09/22/2019,09/22/2049,436000,292120,5.33,1214,60 Days Delinquent,Commercial,WI,81,720,58647
LN-101949,Matthew Thomas,11/09/2021,11/09/2048,221000,192270,7.47,3526,Paid Off,Condo,MD,77,785,15049
LN-101950,Ashley Wilson,05/11/2018,05/11/2046,808000,557520,3.78,2375,Current,Commercial,california,81,684,26298
LN-101951,Linda Johnson,07/02/2022,07/02/2040,613000,563960,4.25,4489,30 Days Delinquent,Condo,newyork,68,653,20922
LN-101952,Robert Robinson,01/28/2019,01/28/2040,500000,370000,4.86,2829,Default,Multi Family,MD,62,670,15826
LN-100307,Barbara Rodriguez,03/22/2021,03/22/2039,636000,470640,4.51,2690,30 Days Delinquent,Single Family,MI,75,792,17411
LN-101954,Jennifer Gonzalez,01/27/2018,01/27/2036,574000,533820,4.07,1978,Current,Multi Family,VA,89,723,75666
LN-101955,Donna Moore,03/05/2021,03/05/2041,556000,372520,7.6,3487,Current,Condo,OR,83,718,11487
LN-101956,David Brown,05/13/2019,05/13/2038,205000,178350,3.94,3552,60 Days Delinquent,Single Family,MA,80,639,71643
LN-101957,Christopher Martin,08/05/2023,08/05/2018,798000,726180,5.87,3426,90+ Days Delinquent,Townhouse,NJ,67,688,18172
LN-101958,Michael Sanchez,01/20/2020,01/20/2050,326000,247760,6.82,2587,Current,Commercial,WI,86,657,68870
LN-101959,Michael Lee,02/18/2021,02/18/2043,375000,270000,5.15,2149,60 Days Delinquent,Townhouse,fl,67,812,14673
LN-101960,Patricia Moore,07/16/2019,07/16/2037,289000,187850,3.59,4047,30 Days Delinquent,Single Family,MI,72,639,56316
LN-101961,Betty Jones,03/14/2022,03/14/2039,693000,554400,3.65,4364,60 Days Delinquent,Commercial,GA,56,788,71440
LN-101962,Donald Lewis,08/11/2023,08/11/2044,789000,733770,6.87,3795,60 Days Delinquent,Commercial,CO,60,748,38888
LN-101963,Linda Thomas,04/15/2020,04/15/2044,210000,163800,7.15,1300,Default,Townhouse,NJ,81,784,34569
LN-101964,Emily Rodriguez,09/15/2021,09/15/2050,836000,794200,5.68,4341,Default,Townhouse,CA,75,680,22600
LN-101077,Barbara Clark,10/05/2021,10/05/2048,253000,242880,4.37,2570,Default,Multi Family,WI,75,735,95643
LN-101966,Susan Lewis,01/10/2020,01/10/2015,663000,596700,5.87,1666,Current,Condo,WI,60,744,58621
LN-101967,Jennifer Martin,08/25/2023,08/25/2042,755000,732350,3.39,3793,60 Days Delinquent,Condo,MN,92,743,25725
LN-101968,Jessica Johnson,06/21/2018,06/21/2036,382000,286500,3.36,3345,Current,Townhouse,OH,65,712,13743
LN-101969,Emily Robinson,07/20/2020,07/20/2037,269000,217890,5.51,3640,90+ Days Delinquent,Townhouse,UT,62,629,17158
LN-101970,Elizabeth Wilson,02/09/2021,02/09/2037,464000,366560,5.72,3494,60 Days Delinquent,Condo,newyork,73,814,94856
LN-101971,Joshua Gonzalez,11/06/2019,11/06/2041,609000,377580,7.26,2751,90+ Days Delinquent,Multi Family,texas,66,647,17047
LN-101972,Donna Wilson,11/04/2019,11/04/2036,831000,714660,4.1,4036,Paid Off,Commercial,CO,62,716,58350
LN-101973,Richard Jones,09/07/2019,09/07/2049,626000,569660,4.12,4108,30 Days Delinquent,Commercial,NY,60,731,75591
LN-101974,Anthony Smith,10/14/2019,10/14/2045,329000,203980,7.05,1602,Paid Off,Multi Family,MN,92,762,36797
LN-101975,Michael Taylor,08/13/2019,08/13/2038,546000,409500,4.32,3344,60 Days Delinquent,Commercial,TX,93,650,91714
LN-101976,James Lopez,02/21/2023,02/21/2046,385000,338800,3.61,2559,Default,Multi Family,OR,82,623,13423
LN-101977,William Robinson,09/25/2020,09/25/2015,588000,540960,7.74,2339,60 Days Delinquent,Commercial,GA,59,797,99342
LN-101978,Betty Clark,05/28/2022,05/28/2045,701000,567810,5.31,1751,Default,Multi Family,KY,77,789,44180
LN-101979,Emily Taylor,05/22/2022,05/22/2017,658000,460600,7.45,3295,60 Days Delinquent,Multi Family,VA,60,791,18201
LN-101980,David Robinson,04/04/2018,04/04/2041,252000,191520,3.28,2488,30 Days Delinquent,Single Family,MI,68,645,73823
LN-101981,Susan Lopez,05/13/2020,05/13/2015,645000,490200,3.44,4462,Current,Condo,OH,85,719,66233
LN-101982,Thomas Martin,08/20/2022,08/20/2047,796000,716400,6.44,3192,Default,Townhouse,OH,87,711,82547
LN-101983,Barbara Brown,03/19/2019,03/19/2042,810000,737100,3.48,2318,60 Days Delinquent,Condo,unknown,74,798,73278
LN-101984,William Thomas,12/23/2022,12/23/2044,649000,434830,6.48,3447,60 Days Delinquent,Condo,AL,70,711,31639
LN-101985,Kimberly Lewis,08/08/2021,08/08/2016,821000,656800,4.58,1910,60 Days Delinquent,Multi Family,IN,72,715,23463
LN-101986,Ashley Ramirez,07/06/2023,07/06/2046,386000,304940,4.61,3497,60 Days Delinquent,Single Family,AL,86,630,21731
LN-101987,Jennifer Anderson,01/12/2018,01/12/2037,587000,528300,7.16,4033,90+ Days Delinquent,Commercial,OR,58,657,32119
LN-101988,William Miller,09/16/2021,09/16/2048,272000,187680,6.2,2142,30 Days Delinquent,Commercial,OH,69,680,10169
LN-101989,Michael Thompson,11/23/2020,11/23/2050,215000,176300,4.42,1869,Paid Off,Single Family,OK,61,709,24193
LN-101990,Betty Johnson,01/09/2020,01/09/2049,269000,190990,4.61,4382,60 Days Delinquent,Commercial,TX,66,625,94868
LN-101991,Sandra Lopez,04/18/2022,04/18/2042,667000,600300,4.91,3618,90+ Days Delinquent,Commercial,KY,78,707,30047
LN-101992,Michael Gonzalez,12/26/2019,12/26/2040,282000,203040,5.21,4147,30 Days Delinquent,Single Family,WA,74,697,51109
LN-100555,Sarah Perez,03/03/2023,03/03/2038,553000,541940,5.26,1573,90+ Days Delinquent,Commercial,MD,67,766,19621
LN-101994,Matthew Johnson,10/09/2022,10/09/2042,758000,727680,5.39,1306,Paid Off,Multi Family,GA,55,797,38137
LN-101995,Christopher Rodriguez,07/02/2020,07/02/2036,311000,239470,7.65,3421,Paid Off,Multi Family,ZZ,60,746,50422
LN-101996,Betty Ramirez,02/01/2018,02/01/2040,181000,126700,3.73,2258,90+ Days Delinquent,Multi Family,AL,90,664,75139
LN-100782,Andrew Williams,05/11/2018,05/11/2037,556000,494840,5.88,2785,Default,Single Family,KY,76,745,65211
LN-101998,Margaret Davis,03/10/2019,03/10/2039,300000,264000,4.86,1510,60 Days Delinquent,Condo,NC,69,645,39253
LN-100905,Mary Moore,11/26/2020,11/26/2039,315000,245700,6.49,2388,90+ Days Delinquent,Commercial,KY,85,766,24101
LN-102000,Ashley Sanchez,07/10/2019,07/10/2041,442000,340340,4.7,1704,Current,Townhouse,CA,70,818,99295
LN-102001,Robert White,05/25/2021,05/25/2038,635000,387350,5.61,1788,Paid Off,Commercial,WA,68,811,69905
LN-102002,Michelle Hernandez,02/14/2019,02/14/2038,396000,289080,6.74,2503,Default,Single Family,FL,84,628,47245
LN-102003,Patricia Martinez,12/14/2021,12/14/2039,783000,563760,4.42,1634,90+ Days Delinquent,Single Family,LA,77,738,96049
LN-102004,Joshua Anderson,02/27/2023,02/27/2052,725000,594500,5.02,2042,60 Days Delinquent,Multi Family,newyork,78,781,88512
LN-102005,Joseph Lewis,09/07/2019,09/07/2034,278000,180700,4,4087,60 Days Delinquent,Condo,NC,83,759,56153
LN-102006,Susan Clark,05/10/2021,05/10/2045,168000,107520,7.08,2466,Default,Multi Family,KY,87,720,55907
LN-102007,Elizabeth Perez,01/02/2019,01/02/2043,268000,254600,4.09,4343,Current,Condo,CA,57,761,49685
LN-102008,Joseph Lopez,08/04/2018,08/04/2041,798000,670320,6.24,2656,90+ Days Delinquent,Single Family,IL,70,664,45129
LN-102009,Joseph Harris,06/26/2018,06/26/2040,431000,314630,4.47,2933,60 Days Delinquent,Condo,MA,79,721,33425
LN-102010,Susan Robinson,02/07/2020,02/07/2039,449000,386140,5.27,2682,Default,Townhouse,CT,77,806,53977
LN-102011,Sandra Davis,09/25/2020,09/25/2045,760000,494000,7,1583,Current,Commercial,fl,95,815,32902
LN-102012,Margaret Brown,11/10/2021,11/10/2043,410000,262400,4.2,3896,Default,Condo,CO,55,739,37163
LN-102013,Sarah Martinez,11/26/2020,11/26/2046,612000,550800,4.33,1846,Paid Off,Condo,MI,90,704,69858
LN-102014,Kimberly Lewis,02/13/2021,02/13/2042,597000,573120,7.58,3921,Default,Townhouse,SC,91,759,14281
LN-101073,Richard Anderson,05/08/2023,05/08/2050,712000,598080,5.35,2572,30 Days Delinquent,Townhouse,AL,87,785,73508
LN-102016,Ashley Garcia,03/09/2022,03/09/2039,796000,764160,4.16,4390,Current,Multi Family,MI,86,698,92072
LN-102017,Patricia Jackson,05/27/2018,05/27/2044,370000,340400,4.7,3330,90+ Days Delinquent,Single Family,OR,81,661,16786
LN-102018,Jessica Miller,05/03/2020,05/03/2046,622000,528700,3.36,4493,30 Days Delinquent,Single Family,NC,88,712,39051
LN-102019,Jennifer Hernandez,04/17/2018,04/17/2036,461000,308870,6.84,3250,60 Days Delinquent,Multi Family,MN,88,655,14622
LN-101395,Betty Williams,02/04/2020,02/04/2036,362000,285980,6.62,1982,Default,Multi Family,TX,91,693,41818
LN-102021,Ashley Rodriguez,10/02/2019,10/02/2034,485000,349200,5.62,3452,90+ Days Delinquent,Townhouse,LA,68,724,41776
LN-102022,James Smith,05/22/2023,05/22/2051,604000,416760,3.49,2236,90+ Days Delinquent,Multi Family,MN,79,657,34828
LN-102023,Joseph Robinson,04/11/2019,04/11/2045,697000,508810,6.71,4158,Default,Townhouse,california,95,730,59057
LN-102024,Donald Brown,06/17/2022,06/17/2039,670000,408700,4.54,3132,90+ Days Delinquent,Multi Family,FL,56,819,22388
LN-102025,Jennifer White,06/08/2022,06/08/2050,414000,281520,5.09,2130,Paid Off,Single Family,VA,63,797,26331
LN-102026,Thomas Martin,02/13/2021,02/13/2040,428000,380920,4.99,2640,Default,Condo,99,86,799,52164
LN-102027,Michael Taylor,10/23/2021,10/23/2042,354000,261960,4.27,4235,Paid Off,Condo,AZ,85,682,54367
LN-102028,Elizabeth Moore,08/19/2020,08/19/2045,674000,451580,4.66,1250,Paid Off,Commercial,IN,91,657,89410
LN-102029,Margaret Wilson,01/08/2018,01/08/2047,407000,345950,4.26,2949,Default,Townhouse,MA,60,656,81478
LN-101976,Jessica Lewis,08/23/2021,08/23/2039,408000,387600,6.74,3818,60 Days Delinquent,Townhouse,MO,76,629,97831
LN-102031,Margaret Jackson,08/14/2018,08/14/2035,502000,481920,7.61,1355,Paid Off,Townhouse,TX,89,758,50667
LN-102032,Nancy Gonzalez,02/09/2023,02/09/2053,430000,288100,6.43,2975,90+ Days Delinquent,Multi Family,SC,75,678,49608
LN-102033,Paul Rodriguez,10/26/2021,10/26/2047,642000,552120,4.8,3802,Current,Townhouse,MN,74,667,49527
LN-102034,Steven Brown,06/14/2021,06/14/2044,489000,332520,7.33,3320,90+ Days Delinquent,Commercial,AZ,60,758,66317
LN-102035,Richard Moore,09/16/2018,09/16/2038,404000,262600,3.46,2480,Default,Commercial,OK,87,820,81483
LN-102036,Richard Smith,10/17/2018,10/17/2037,252000,201600,4.57,2718,Default,Multi Family,IN,95,698,30719
LN-101870,Michael Wilson,04/22/2023,04/22/2049,367000,304610,6.39,3616,30 Days Delinquent,Condo,MO,55,785,71403
LN-102038,David Sanchez,04/15/2022,04/15/2045,285000,239400,6.63,3505,Paid Off,Multi Family,MA,76,728,80132
LN-102039,Karen Jackson,04/23/2023,04/23/2045,669000,535200,7.4,3190,Paid Off,Single Family,IN,60,754,38660
LN-102040,Thomas Davis,05/19/2023,05/19/2041,363000,352110,7.27,2658,Current,Multi Family,VA,73,743,64859
LN-102041,Joseph Wilson,09/09/2022,09/09/2042,710000,646100,6.37,3571,90+ Days Delinquent,Commercial,CT,75,692,53578
LN-102042,Sarah Perez,01/06/2021,01/06/2045,735000,477750,5.36,2972,30 Days Delinquent,Townhouse,TX,85,762,35058
LN-102043,Nancy Wilson,10/23/2019,10/23/2047,368000,320160,3.82,1578,90+ Days Delinquent,Commercial,MI,58,802,86415
LN-102044,Joseph Taylor,07/28/2018,07/28/2045,402000,353760,7.58,4293,Default,Single Family,CO,87,800,92837
LN-102045,Sarah Taylor,04/05/2022,04/05/2042,428000,398040,7.71,3000,90+ Days Delinquent,Townhouse,TN,79,712,90406
LN-102046,Ashley Jackson,10/12/2022,10/12/2049,578000,398820,7.03,3215,Default,Townhouse,OR,76,759,98525
LN-102047,Ashley Harris,09/10/2023,09/10/2051,560000,425600,3.38,3525,30 Days Delinquent,Townhouse,OK,64,672,78970
LN-102048,Sarah White,08/24/2019,08/24/2036,415000,340300,6.56,2257,Current,Townhouse,TX,90,660,80356
LN-102049,Susan Jones,02/14/2019,02/14/2034,634000,526220,6.46,3917,Paid Off,Commercial,IL,64,645,28808
LN-102050,Robert Williams,03/12/2018,03/12/2038,409000,327200,4.92,4240,60 Days Delinquent,Townhouse,MO,67,666,78411
LN-102051,David Davis,08/15/2023,08/15/2038,443000,367690,5.47,3248,Current,Single Family,AL,89,808,38352
LN-102052,Thomas Martin,05/01/2020,05/01/2038,631000,391220,3.42,2232,Current,Condo,CO,92,720,89349
LN-102053,John Anderson,08/13/2019,08/13/2041,649000,493240,4.95,4093,Current,Commercial,ZZ,60,703,33521
LN-102054,Elizabeth Wilson,07/18/2022,07/18/2050,250000,150000,6.41,2082,Paid Off,Townhouse,OH,59,770,14072
LN-102055,Michael Sanchez,04/19/2020,04/19/2040,268000,254600,6.42,2509,Current,Single Family,OK,64,685,25261
LN-102056,Richard Lewis,09/08/2023,09/08/2045,809000,598660,7.12,3085,30 Days Delinquent,Townhouse,IL,78,759,38804
LN-102057,Kimberly Jones,12/17/2019,12/17/2044,276000,256680,7.68,3491,Current,Commercial,KY,91,767,80660
LN-102058,Mark Lewis,01/13/2022,01/13/2046,662000,436920,4.07,4311,Current,Townhouse,NC,57,681,80557
LN-102059,Paul Johnson,04/05/2021,04/05/2038,617000,530620,7.12,4110,Current,Condo,MI,76,734,20449
LN-102060,Elizabeth Sanchez,02/17/2022,02/17/2037,537000,445710,5.25,1782,Current,Commercial,california,67,775,34664
LN-102061,Barbara Williams,11/08/2018,11/08/2034,211000,194120,7.11,3582,60 Days Delinquent,Single Family,NC,78,766,71841
LN-102062,Ashley Williams,06/19/2019,06/19/2044,510000,321300,4.13,2308,90+ Days Delinquent,Single Family,AZ,94,793,37411
LN-102063,Jessica Gonzalez,01/19/2020,01/19/2040,489000,386310,4.29,2834,Default,Commercial,OK,60,713,85824
LN-102064,James Martin,01/18/2022,01/18/2046,285000,270750,7.29,3226,Default,Condo,TX,74,773,86135
LN-101379,Michael Taylor,06/05/2023,06/05/2042,705000,627450,4.74,2957,Paid Off,Multi Family,AZ,79,646,53460
LN-102066,Nancy Thompson,01/22/2020,01/22/2039,190000,171000,4.8,3975,30 Days Delinquent,Multi Family,PA,65,625,46584
LN-102067,Elizabeth Jackson,06/09/2018,06/09/2040,305000,204350,7.29,2520,Default,Multi Family,fl,78,772,78368
LN-102068,Sarah Hernandez,01/17/2021,01/17/2047,478000,411080,5.16,4388,Current,Multi Family,GA,92,663,61044
LN-102069,Jessica Thomas,01/24/2023,01/24/2053,415000,302950,5.17,2575,60 Days Delinquent,Condo,AZ,59,709,71241
LN-102070,Michelle Ramirez,04/26/2018,04/26/2040,622000,398080,4.77,3379,30 Days Delinquent,Townhouse,MD,84,704,26680
LN-102071,Anthony Moore,11/18/2018,11/18/2037,697000,453050,5.11,4380,Default,Single Family,NJ,65,687,94086
LN-102072,Donna Brown,05/19/2020,05/19/2043,404000,371680,5.65,2524,60 Days Delinquent,Single Family,TN,92,802,93377
LN-102073,Daniel Lopez,04/25/2018,04/25/2048,395000,379200,6.91,2973,Paid Off,Single Family,XX,74,753,16998
LN-102074,Joshua Lewis,07/05/2019,07/05/2038,364000,345800,5.19,1605,60 Days Delinquent,Condo,fl,58,775,32680
LN-102075,Mark Ramirez,09/25/2023,09/25/2047,278000,214060,4.28,2163,Default,Multi Family,MO,69,690,28631
LN-102076,Christopher Davis,06/20/2018,06/20/2046,236000,200600,5.02,2645,Paid Off,Single Family,NC,75,786,66959
LN-102077,Elizabeth Hernandez,09/04/2019,09/04/2048,501000,370740,7.3,2188,30 Days Delinquent,Single Family,MI,87,792,69360
LN-100952,Joseph Clark,12/22/2020,12/22/2045,301000,183610,7.59,2855,Default,Single Family,MI,93,653,87682
LN-102079,Robert Robinson,12/18/2023,12/18/2050,777000,753690,3.65,4349,60 Days Delinquent,Townhouse,TN,79,705,16296
LN-102080,Lisa Williams,12/22/2020,12/22/2042,190000,115900,5.31,2350,60 Days Delinquent,Condo,SC,57,656,78197
LN-102081,Anthony Thompson,05/15/2022,05/15/2037,749000,659120,4.97,4155,90+ Days Delinquent,Commercial,FL,61,623,14734
LN-102082,Mary Taylor,05/04/2020,05/04/2041,297000,231660,4.11,2078,Paid Off,Condo,NY,63,705,91002
LN-102083,Margaret Thomas,03/13/2023,03/13/2045,423000,283410,5.73,3591,Default,Single Family,CT,61,629,24179
LN-102084,Elizabeth Harris,07/08/2020,07/08/2046,175000,112000,4.75,3839,30 Days Delinquent,Multi Family,MO,61,630,36954
LN-102085,Paul White,05/01/2020,05/01/2037,189000,168210,3.31,1534,Paid Off,Condo,texas,84,787,95063
LN-102086,Paul Jones,07/05/2021,07/05/2049,481000,399230,5.55,3118,30 Days Delinquent,Commercial,MD,59,794,57180
LN-102087,Kimberly Lewis,10/05/2023,10/05/2046,713000,442060,3.53,3143,30 Days Delinquent,Condo,FL,62,773,59866
LN-102088,Matthew Sanchez,08/12/2021,08/12/2037,533000,453050,4.55,1342,Paid Off,Condo,IN,59,745,78252
LN-102089,Ashley Jackson,07/11/2021,07/11/2049,154000,98560,6.72,1937,Default,Condo,TN,81,715,36577
LN-102090,Ashley Thompson,11/17/2018,11/17/2045,470000,338400,4.87,3147,Paid Off,Commercial,MO,74,804,49831
LN-102091,Robert Perez,03/25/2021,03/25/2046,673000,639350,5.34,3273,Default,Condo,NJ,95,667,94293
LN-102092,Christopher White,01/14/2019,01/14/2048,671000,556930,3.98,3664,90+ Days Delinquent,Single Family,OK,75,663,45934
LN-102093,Robert Harris,03/01/2019,03/01/2036,248000,148800,6.43,1832,Current,Single Family,MN,64,733,27975
LN-102094,James Harris,12/09/2021,12/09/2047,817000,718960,4.52,3039,Paid Off,Townhouse,CA,78,635,25156
LN-102095,Betty Ramirez,05/09/2021,05/09/2037,389000,361770,6.67,3368,Current,Condo,IL,73,685,37440
LN-102096,Daniel Ramirez,09/03/2023,09/03/2040,307000,254810,3.42,2486,Default,Townhouse,NY,79,780,44884
LN-102016,Donna Gonzalez,10/21/2018,10/21/2044,649000,512710,6.25,3157,Paid Off,Single Family,CT,73,739,90876
LN-102098,Andrew Williams,01/13/2023,01/13/2038,826000,735140,4.31,2551,90+ Days Delinquent,Multi Family,IN,69,635,57744
LN-101390,Betty Wilson,06/15/2018,06/15/2043,542000,384820,7.04,1950,90+ Days Delinquent,Multi Family,NY,58,715,95206
LN-102100,Susan Wilson,03/03/2019,03/03/2047,652000,541160,6.66,1893,90+ Days Delinquent,Condo,VA,62,719,36783
LN-102101,Michael Lopez,04/26/2021,04/26/2044,713000,499100,6.24,2434,Paid Off,Commercial,TX,73,654,91632
LN-102102,Matthew Thomas,10/18/2019,10/18/2039,600000,564000,5.19,1432,90+ Days Delinquent,Condo,XX,74,643,84203
LN-102103,Matthew Taylor,01/05/2023,01/05/2044,263000,236700,7.59,4320,Default,Multi Family,IL,74,633,63806
LN-102104,Joseph White,03/13/2022,03/13/2052,170000,161500,3.33,3788,30 Days Delinquent,Townhouse,IN,59,692,90372
LN-102105,David Smith,07/19/2019,07/19/2045,477000,338670,6.82,3604,90+ Days Delinquent,Condo,SC,69,698,33573
LN-102106,Joseph Thomas,10/22/2022,10/22/2051,540000,496800,5.87,3238,Paid Off,Commercial,MD,73,745,64353
LN-102107,Donald Harris,10/25/2022,10/25/2044,328000,311600,4.13,2533,Default,Single Family,SC,67,642,13316
LN-102108,Jessica Brown,06/02/2018,06/02/2033,305000,286700,3.63,1560,60 Days Delinquent,Commercial,texas,83,689,31960
LN-102109,Kimberly Moore,08/20/2020,08/20/2039,289000,242760,6.75,2320,Default,Single Family,TX,59,765,51753
LN-102110,Steven Anderson,08/03/2019,08/03/2041,204000,197880,6.86,3539,Paid Off,Single Family,PA,62,732,20167
LN-102111,Daniel Anderson,09/15/2021,09/15/2050,622000,478940,5.87,1570,Current,Commercial,AZ,74,777,24095
LN-102112,Charles Garcia,10/11/2021,10/11/2044,708000,453120,6.81,2065,90+ Days Delinquent,Multi Family,MO,81,813,15089
LN-102113,Michelle Williams,03/11/2023,03/11/2038,839000,755100,4.36,3534,60 Days Delinquent,Commercial,UT,56,789,28556
LN-102114,Christopher Garcia,12/16/2023,12/16/2043,373000,331970,6.88,3391,90+ Days Delinquent,Commercial,FL,78,796,84845
LN-102115,Michelle Jackson,10/14/2023,10/14/2044,321000,282480,5.14,3207,60 Days Delinquent,Multi Family,NJ,75,713,21753
LN-102116,Matthew Lewis,07/12/2023,07/12/2045,741000,696540,4.14,1686,Default,Commercial,NJ,86,696,16640
LN-102117,Robert Gonzalez,01/23/2018,01/23/2043,403000,306280,3.92,1735,Paid Off,Townhouse,LA,57,759,70539
LN-102118,Anthony Ramirez,08/16/2022,08/16/2048,508000,462280,6.1,2584,Current,Multi Family,NC,71,749,69857
LN-102119,Steven White,03/02/2018,03/02/2045,835000,634600,5.34,2092,30 Days Delinquent,Commercial,99,76,763,82815
LN-102120,Patricia Lewis,10/06/2018,10/06/2035,744000,453840,6.43,1224,Current,Single Family,IN,94,695,15023
LN-102121,Lisa Clark,11/22/2019,11/22/2037,316000,300200,4.57,3093,60 Days Delinquent,Multi Family,CT,86,776,24908
LN-101304,Linda Rodriguez,06/14/2018,06/14/2039,838000,594980,7.34,2094,Default,Townhouse,OK,84,707,23412
LN-102123,Andrew Rodriguez,04/15/2018,04/15/2039,295000,212400,6.94,2081,60 Days Delinquent,Townhouse,MO,64,694,39775
LN-102124,Paul Davis,07/15/2023,07/15/2039,658000,401380,3.83,2624,90+ Days Delinquent,Townhouse,NY,65,819,90743
LN-102125,Sandra Martinez,10/11/2019,10/11/2036,312000,224640,5.61,4311,Current,Single Family,NC,85,761,69733
LN-100470,Andrew Robinson,03/05/2023,03/05/2052,463000,310210,6.31,2294,Current,Single Family,TX,79,704,12651
LN-102127,Sarah Garcia,03/16/2021,03/16/2044,716000,579960,6.57,3668,Paid Off,Single Family,CA,90,734,33175
LN-102128,Paul Anderson,10/21/2021,10/21/2044,361000,310460,4.96,3685,90+ Days Delinquent,Townhouse,UT,68,746,46197
LN-102129,James Harris,03/08/2019,03/08/2043,681000,490320,6.17,3720,90+ Days Delinquent,Multi Family,MD,85,683,86880
LN-102130,Steven Jones,07/06/2019,07/06/2037,828000,745200,4.14,3182,Paid Off,Single Family,OK,81,669,48854
LN-102131,Joseph Lee,11/19/2018,11/19/2043,250000,155000,6.97,3739,Current,Commercial,CA,82,707,67882
LN-102132,Steven Brown,03/13/2023,03/13/2048,774000,704340,5.95,3698,90+ Days Delinquent,Commercial,IN,90,807,91778
LN-102133,Richard Lopez,07/07/2022,07/07/2045,825000,775500,5.04,1701,Current,Multi Family,MO,73,750,30183
LN-102134,Barbara Clark,12/20/2022,12/20/2037,785000,565200,7.38,2643,Default,Condo,UT,70,716,90084
LN-102135,Linda Davis,07/14/2023,07/14/2046,300000,243000,7.49,4133,Default,Multi Family,WA,94,703,61499
LN-102136,Michael Thompson,10/06/2019,10/06/2040,405000,368550,5.23,3020,Current,Commercial,NY,77,759,15458
LN-100947,Joseph Lewis,12/27/2023,12/27/2039,836000,618640,4.66,1351,90+ Days Delinquent,Single Family,VA,67,705,26366
LN-102138,William Clark,08/19/2018,08/19/2039,707000,558530,5.8,2956,Current,Commercial,SC,62,679,95959
LN-102139,Jennifer Martinez,04/05/2019,04/05/2045,631000,599450,4.27,4182,Default,Multi Family,OK,95,788,68544
LN-102140,Robert Clark,07/24/2021,07/24/2036,241000,190390,6.02,3914,Paid Off,Commercial,california,64,690,29738
LN-102141,Donna Miller,07/28/2021,07/28/2048,788000,732840,4.31,3711,30 Days Delinquent,Single Family,NC,94,674,14190
LN-102142,Robert Lewis,03/16/2018,03/16/2036,758000,530600,7.65,1964,60 Days Delinquent,Condo,MI,55,770,58454
LN-102143,Margaret Lee,12/18/2018,12/18/2033,527000,332010,6.29,2684,30 Days Delinquent,Townhouse,NY,63,747,27589
LN-102144,Emily Robinson,03/11/2020,03/11/2036,617000,419560,6.15,3398,Default,Single Family,PA,95,819,59702
LN-102145,Joseph Harris,05/14/2018,05/14/2040,504000,362880,5.55,2012,Paid Off,Townhouse,OK,55,731,73738
LN-102146,Margaret Rodriguez,04/22/2020,04/22/2049,532000,372400,5.24,1487,Paid Off,Townhouse,SC,89,653,18884
LN-101292,Patricia Lewis,02/01/2023,02/01/2041,830000,680600,6.03,1411,Default,Multi Family,FL,65,810,87920
LN-102148,Daniel Hernandez,10/09/2023,10/09/2053,272000,201280,6.99,1609,Default,Multi Family,VA,91,779,49496
LN-102149,William Gonzalez,02/21/2021,02/21/2041,755000,498300,5.68,1378,Current,Multi Family,OR,58,734,92155
LN-102150,Mary Lee,12/15/2021,12/15/2046,236000,221840,6.95,4051,60 Days Delinquent,Multi Family,MA,83,743,87769
LN-102151,William Ramirez,01/28/2020,01/28/2046,441000,388080,6.62,2173,Default,Townhouse,WI,63,765,61133
LN-102152,Karen Wilson,09/28/2022,09/28/2047,602000,553840,7.16,1919,Paid Off,Commercial,IN,88,787,80015
LN-102153,Joshua Martinez,12/25/2020,12/25/2044,432000,401760,7.43,1869,60 Days Delinquent,Single Family,TX,79,740,37319
LN-102067,Robert Robinson,09/27/2019,09/27/2036,703000,435860,5.46,2560,Current,Commercial,IN,69,766,39598
LN-102155,Thomas Davis,10/10/2019,10/10/2041,592000,390720,5.83,1746,60 Days Delinquent,Commercial,MI,57,750,83622
LN-102156,Linda Brown,09/17/2020,09/17/2045,381000,232410,6.41,3536,Default,Multi Family,CA,83,785,53160
LN-102157,Mary Wilson,12/08/2018,12/08/2038,787000,724040,4.26,2800,Default,Condo,CO,63,646,63974
LN-102158,William Smith,10/07/2022,10/07/2048,732000,453840,6.68,2390,90+ Days Delinquent,Condo,CO,84,747,31133
LN-102159,Donna Moore,11/21/2022,11/21/2038,646000,439280,5.56,1658,90+ Days Delinquent,Condo,WA,55,658,42413
LN-102160,Sarah Brown,01/01/2022,01/01/2050,163000,127140,4.97,2018,Default,Townhouse,FL,56,649,18326
LN-102161,Richard Thompson,03/28/2018,03/28/2044,380000,243200,4.99,3728,60 Days Delinquent,Single Family,OR,72,820,64773
LN-102162,Mark Lopez,04/27/2023,04/27/2049,749000,599200,7.33,4386,Paid Off,Multi Family,NC,82,632,50871
LN-102163,Charles Sanchez,12/13/2018,12/13/2047,151000,90600,5.34,2941,90+ Days Delinquent,Condo,WI,67,694,95772
LN-100058,Margaret Rodriguez,03/25/2019,03/25/2045,757000,734290,5.56,1352,60 Days Delinquent,Commercial,MA,89,752,57657
LN-102165,John Wilson,12/13/2022,12/13/2051,225000,211500,6.32,1433,60 Days Delinquent,Single Family,WA,81,748,49783
LN-102166,Jessica Johnson,06/08/2023,06/08/2047,799000,567290,7.63,2553,Current,Commercial,MI,90,768,33975
LN-102167,Thomas Johnson,09/19/2018,09/19/2038,447000,402300,6.04,4490,60 Days Delinquent,Single Family,99,65,720,31100
LN-102168,Susan Sanchez,12/11/2018,12/11/2046,421000,328380,7.34,3363,Current,Commercial,PA,59,741,46120
LN-102169,Christopher Moore,10/23/2020,10/23/2048,746000,671400,6.97,3028,Default,Single Family,ZZ,65,739,71939
LN-102170,Andrew Smith,10/24/2019,10/24/2042,741000,459420,4.05,3232,Default,Single Family,NJ,59,676,95195
LN-102171,Karen Harris,06/02/2020,06/02/2040,296000,213120,7.47,2090,Default,Condo,UT,63,645,77122
LN-102172,Susan Ramirez,08/13/2023,08/13/2039,683000,594210,6.5,3048,Default,Single Family,VA,80,711,76853
LN-102173,Nancy Harris,08/07/2022,08/07/2052,442000,428740,5.51,3608,30 Days Delinquent,Multi Family,NC,93,712,68791
LN-102174,Patricia Martin,07/06/2021,07/06/2042,494000,419900,5.08,4158,90+ Days Delinquent,Single Family,CO,61,760,39629
LN-102175,Lisa Martinez,12/23/2020,12/23/2050,314000,251200,6.38,1459,90+ Days Delinquent,Townhouse,NY,68,693,95778
LN-102176,Patricia Thomas,01/01/2021,01/01/2036,392000,286160,4.06,3980,Current,Multi Family,ZZ,91,716,32810
LN-102177,William Johnson,08/20/2023,08/20/2040,408000,359040,6.78,3744,60 Days Delinquent,Condo,LA,65,812,68751
LN-102178,Mark Williams,03/28/2018,03/28/2046,831000,797760,6.36,2925,Paid Off,Multi Family,CA,58,737,46532
LN-102179,William Anderson,06/02/2021,06/02/2042,694000,617660,4.61,3193,Paid Off,Commercial,ZZ,77,736,73741
LN-101021,Barbara Gonzalez,08/10/2020,08/10/2040,837000,728190,5.18,2654,30 Days Delinquent,Condo,VA,64,694,14602
LN-102181,Sarah Smith,10/03/2021,10/03/2038,269000,199060,3.46,1455,Paid Off,Townhouse,OK,92,735,88979
LN-102182,Matthew Rodriguez,11/25/2022,11/25/2038,151000,143450,3.74,2714,Default,Commercial,MN,65,761,89143
LN-102183,Michelle Lopez,04/16/2023,04/16/2046,713000,691610,3.84,1856,30 Days Delinquent,Single Family,NC,66,711,89687
LN-102184,Anthony Anderson,05/25/2023,05/25/2040,211000,170910,6.85,2711,90+ Days Delinquent,Townhouse,TX,62,808,38205
LN-101655,Anthony Thompson,07/12/2018,07/12/2039,197000,133960,7.65,2704,90+ Days Delinquent,Condo,NY,90,795,58570
LN-102186,Paul Rodriguez,04/16/2018,04/16/2043,778000,700200,4.03,2401,Default,Single Family,OK,69,752,79118
LN-102187,Mary Thomas,07/22/2023,07/22/2049,216000,198720,6.99,4018,30 Days Delinquent,Single Family,texas,87,706,13248
LN-102188,Karen Martinez,02/03/2019,02/03/2045,428000,295320,7.35,1549,Current,Commercial,MI,65,670,85084
LN-102189,Sarah Williams,08/06/2021,08/06/2048,446000,410320,6.6,2077,Default,Townhouse,AL,62,805,40376
LN-102190,Thomas Hernandez,05/13/2018,05/13/2038,547000,481360,7.54,3094,60 Days Delinquent,Commercial,CO,74,623,67350
LN-102191,Barbara Miller,05/20/2019,05/20/2044,408000,301920,6.95,1327,60 Days Delinquent,Townhouse,AL,83,762,42871
LN-102192,Christopher Martinez,12/04/2021,12/04/2036,537000,349050,4.85,1735,30 Days Delinquent,Condo,GA,68,628,78922
LN-102193,Karen Williams,02/02/2021,02/02/2043,261000,164430,7.16,4054,Default,Townhouse,MO,86,710,84981
LN-102194,Michael Anderson,12/20/2023,12/20/2045,333000,246420,5.56,3481,Current,Townhouse,MO,67,771,94492
LN-102195,Joshua Perez,08/20/2021,08/20/2051,691000,456060,4.6,1557,60 Days Delinquent,Single Family,VA,78,803,86298
LN-100217,Mary White,11/13/2020,11/13/2048,259000,220150,5.22,1424,Paid Off,Single Family,OR,84,716,22515
LN-102197,Mary Miller,10/16/2018,10/16/2044,658000,618520,6.16,3096,60 Days Delinquent,Condo,GA,87,679,17267
LN-101259,Karen Thompson,03/03/2021,03/03/2047,481000,360750,4.57,1794,30 Days Delinquent,Single Family,TX,90,659,54879
LN-102199,Karen Clark,11/21/2020,11/21/2042,402000,353760,6.21,2884,Current,Multi Family,OK,71,684,75820
LN-102200,Emily Lee,04/15/2019,04/15/2044,804000,731640,7.43,2918,60 Days Delinquent,Townhouse,FL,66,671,54749
LN-102201,Jennifer Moore,04/01/2023,04/01/2042,353000,289460,7.07,3069,90+ Days Delinquent,Multi Family,NJ,67,649,82307
LN-102202,Betty Harris,06/13/2018,06/13/2033,278000,180700,6.24,3012,Current,Multi Family,SC,90,645,15939
LN-102203,Ashley Garcia,01/14/2021,01/14/2036,165000,155100,4.32,3919,60 Days Delinquent,Condo,MA,55,776,48612
LN-102204,Matthew Johnson,05/28/2022,05/28/2038,741000,718770,4.19,1401,Current,Multi Family,AZ,64,737,46912
LN-102205,Robert Brown,12/19/2022,12/19/2051,579000,434250,4.49,1738,90+ Days Delinquent,Townhouse,PA,64,679,57890
LN-102206,John Perez,06/16/2018,06/16/2040,758000,689780,5.09,3957,Default,Commercial,MN,86,669,91085
LN-101375,Joshua Taylor,05/26/2020,05/26/2042,215000,129000,6.94,1612,30 Days Delinquent,Single Family,TX,56,642,81323
LN-102208,Elizabeth Anderson,08/27/2021,08/27/2044,255000,214200,3.67,2537,30 Days Delinquent,Commercial,OR,55,641,14058
LN-102209,Robert Anderson,08/04/2020,08/04/2035,466000,316880,6.04,1856,60 Days Delinquent,Townhouse,TX,83,761,17934
LN-102210,Nancy Clark,03/05/2020,03/05/2044,456000,360240,4.82,2435,Paid Off,Condo,CT,62,731,64783
LN-102211,Sandra Jones,01/26/2018,01/26/2042,847000,787710,5.17,3117,60 Days Delinquent,Condo,KY,67,718,79174
LN-102212,Karen Brown,06/15/2023,06/15/2043,583000,559680,5.9,1844,60 Days Delinquent,Multi Family,AL,56,695,15025
LN-102213,John Jones,12/05/2023,12/05/2044,240000,223200,4.17,3567,Current,Single Family,WA,73,625,12825
LN-102214,Christopher Brown,11/01/2022,11/01/2040,445000,427200,7.32,1935,60 Days Delinquent,Multi Family,MD,74,719,45001
LN-102215,Margaret Gonzalez,03/21/2022,03/21/2048,614000,589440,5.79,3189,Current,Townhouse,SC,70,686,44630
LN-102216,Matthew Rodriguez,09/20/2021,09/20/2040,725000,565500,6.17,4216,Current,Townhouse,NC,76,716,65148
LN-102217,Matthew Lee,06/07/2019,06/07/2049,707000,466620,5.78,3272,30 Days Delinquent,Single Family,CO,66,760,97366
LN-102218,Donald Thomas,08/06/2023,08/06/2041,713000,556140,5.14,2910,Current,Single Family,AL,64,716,26512
LN-102219,Andrew Thomas,09/14/2018,09/14/2036,540000,475200,5.17,3204,Default,Commercial,AZ,60,758,85081
LN-102220,Andrew Clark,03/01/2018,03/01/2034,352000,337920,7.33,3938,90+ Days Delinquent,Townhouse,AZ,64,685,87133
LN-102221,Barbara Martinez,03/05/2018,03/05/2040,430000,404200,6.6,3326,30 Days Delinquent,Commercial,OK,57,697,48777
LN-102222,Lisa White,12/03/2019,12/03/2045,837000,786780,6.91,3296,90+ Days Delinquent,Townhouse,CO,71,775,28426
LN-102223,Betty Rodriguez,03/21/2018,03/21/2033,632000,480320,5.45,4186,30 Days Delinquent,Single Family,IN,76,745,13097
LN-102224,Betty Moore,10/04/2023,10/04/2050,260000,161200,6.49,4076,90+ Days Delinquent,Condo,CO,57,704,12474
LN-102225,Emily White,09/12/2020,09/12/2038,541000,530180,3.55,3105,Paid Off,Commercial,WI,57,683,76511
LN-101298,Paul Miller,05/21/2018,05/21/2035,831000,614940,4.05,1705,30 Days Delinquent,Condo,IN,71,654,66773
LN-102227,Christopher Harris,02/17/2018,02/17/2042,548000,509640,6.44,2724,90+ Days Delinquent,Multi Family,AZ,73,676,24572
LN-102228,David Harris,06/24/2019,06/24/2035,501000,385770,5.22,4192,Current,Condo,UT,65,628,27090
LN-102031,Richard Thomas,06/16/2019,06/16/2047,680000,564400,4.6,4085,30 Days Delinquent,Multi Family,OK,73,709,62230
LN-100696,Charles Miller,12/16/2019,12/16/2035,338000,219700,3.83,2730,Current,Commercial,WA,82,682,87849
LN-102231,Jessica Davis,01/25/2021,01/25/2043,800000,520000,6.24,1231,30 Days Delinquent,Condo,MO,67,643,83595
LN-102232,Thomas Thomas,12/14/2020,12/14/2036,356000,338200,7.55,3792,Paid Off,Condo,CT,66,774,30853
LN-102233,Lisa Anderson,07/24/2019,07/24/2041,163000,141810,7.43,3938,Paid Off,Multi Family,NC,76,724,72694
LN-102234,Richard Jackson,04/21/2020,04/21/2038,678000,549180,4.76,1621,Paid Off,Townhouse,MN,95,658,14333
LN-102235,Sandra Wilson,06/16/2021,06/16/2049,198000,188100,7.33,4333,30 Days Delinquent,Multi Family,CA,61,763,59365
LN-102236,Richard Jones,02/26/2020,02/26/2047,544000,435200,3.66,2187,30 Days Delinquent,Multi Family,TX,56,774,89305
LN-101160,Kimberly Brown,05/13/2020,05/13/2036,834000,717240,4.27,2428,90+ Days Delinquent,Townhouse,WI,95,691,18607
LN-102238,Michelle Thompson,03/15/2023,03/15/2048,165000,156750,3.82,3603,Default,Commercial,NJ,61,750,41099
LN-102239,Karen Martinez,03/10/2020,03/10/2039,299000,197340,5.04,2107,30 Days Delinquent,Commercial,VA,69,768,89513
LN-100315,Daniel Smith,05/09/2018,05/09/2039,555000,527250,4.51,3360,60 Days Delinquent,Multi Family,PA,87,674,95180
LN-102241,David Garcia,04/27/2023,04/27/2039,356000,263440,4.32,3180,Paid Off,Condo,SC,91,697,77763
LN-102242,Andrew Jones,10/04/2019,10/04/2046,157000,105190,7.53,2727,Current,Commercial,WA,75,808,47266
LN-102243,Anthony Perez,06/25/2019,06/25/2048,534000,475260,6.46,3995,Current,Single Family,UT,83,661,71257
LN-102244,Linda Lee,06/21/2022,06/21/2043,179000,168260,3.41,4156,30 Days Delinquent,Multi Family,OH,68,738,36096
LN-100265,Karen Martinez,07/08/2023,07/08/2041,680000,646000,6.98,3822,30 Days Delinquent,Condo,LA,89,654,58375
LN-102246,Robert Thompson,08/16/2018,08/16/2043,653000,626880,5.07,1852,Paid Off,Commercial,AL,58,659,46676
LN-102247,Mary Johnson,08/03/2019,08/03/2036,507000,446160,6.69,3723,30 Days Delinquent,Townhouse,TN,64,807,94144
LN-102248,Donald Taylor,01/04/2021,01/04/2049,604000,404680,5.88,2585,90+ Days Delinquent,Condo,IL,70,650,45074
LN-102249,Sarah Lewis,06/17/2021,06/17/2041,276000,209760,6.35,4366,Default,Single Family,AL,91,800,74652
LN-102250,Margaret Williams,07/07/2023,07/07/2040,463000,412070,7.23,2649,Paid Off,Multi Family,CA,72,705,78011
LN-102251,Patricia Johnson,11/19/2021,11/19/2042,840000,747600,5.75,1608,Default,Multi Family,OK,77,818,84973
LN-102252,Linda Jackson,01/28/2022,01/28/2045,224000,194880,3.86,2356,Paid Off,Condo,LA,68,761,47547
LN-102253,Mark Johnson,02/03/2018,02/03/2045,271000,197830,7.59,3726,Current,Townhouse,FL,89,771,36758
LN-102254,Steven Johnson,01/14/2018,01/14/2037,793000,539240,7.26,1677,Paid Off,Condo,CT,74,734,88773
LN-102255,Joshua Thomas,03/26/2022,03/26/2051,628000,590320,3.82,2532,60 Days Delinquent,Townhouse,OK,94,762,15597
LN-102256,Paul Martinez,03/16/2020,03/16/2036,804000,787920,6.14,4183,Default,Single Family,GA,83,726,21941
LN-102257,Kimberly Lopez,10/19/2020,10/19/2042,264000,200640,6.42,3769,90+ Days Delinquent,Townhouse,CO,57,641,81455
LN-102258,Emily Clark,01/18/2021,01/18/2037,739000,605980,3.62,1312,Paid Off,Multi Family,PA,90,745,94057
LN-100473,Elizabeth Moore,05/16/2019,05/16/2041,459000,445230,6.26,4240,90+ Days Delinquent,Single Family,OK,74,751,58944
LN-102260,Sarah Jackson,11/20/2022,11/20/2038,436000,366240,7.26,2419,Default,Commercial,UT,59,700,16496
LN-102261,Richard Perez,09/26/2018,09/26/2047,703000,555370,6.41,4045,60 Days Delinquent,Condo,NC,57,689,49308
LN-102262,Betty Perez,05/18/2022,05/18/2045,323000,226100,3.36,3551,Paid Off,Townhouse,MI,86,699,91474
LN-102263,Sandra Martinez,06/19/2020,06/19/2041,465000,381300,3.82,3881,60 Days Delinquent,Commercial,WA,71,656,80323
LN-102264,Thomas Clark,01/22/2018,01/22/2035,528000,401280,5.33,2624,Paid Off,Condo,CA,80,780,18542
LN-102265,Anthony Lee,10/15/2021,10/15/2039,713000,691610,5.33,3766,Default,Townhouse,AL,60,675,39047
LN-102266,Matthew White,09/08/2023,09/08/2050,302000,229520,5.33,2448,Default,Multi Family,AL,76,813,52907
LN-102267,Thomas Martinez,08/24/2019,08/24/2037,600000,462000,6.84,3710,30 Days Delinquent,Multi Family,KY,76,717,14394
LN-102268,Thomas Thomas,12/12/2018,12/12/2033,620000,421600,5.83,3492,Current,Townhouse,FL,75,645,58930
LN-102269,Lisa Hernandez,01/25/2019,01/25/2045,731000,694450,3.93,3559,30 Days Delinquent,Condo,AZ,56,685,73652
LN-102270,Sandra Jackson,07/19/2022,07/19/2049,183000,120780,7.6,3986,Current,Commercial,CT,89,702,67301
LN-102271,Sandra Gonzalez,12/07/2022,12/07/2042,608000,419520,7.14,1826,Paid Off,Townhouse,OR,85,735,21255
LN-101657,Barbara Jackson,09/25/2021,09/25/2039,157000,122460,6.9,3303,Current,Townhouse,MA,64,749,72452
LN-102273,Linda Martinez,06/06/2021,06/06/2045,738000,494460,4.76,2837,30 Days Delinquent,Commercial,OR,68,740,12936
LN-102274,James Lee,08/23/2018,08/23/2041,156000,95160,3.34,3508,Paid Off,Multi Family,MA,87,804,51264
LN-102275,Emily Hernandez,01/14/2018,01/14/2046,442000,309400,4.29,2028,Default,Multi Family,NC,76,692,31153
LN-102276,Mary Perez,01/16/2018,01/16/2039,747000,455670,3.25,1980,90+ Days Delinquent,Townhouse,UT,88,751,86740
LN-101805,Sarah Harris,09/23/2023,09/23/2042,191000,164260,7.55,1635,90+ Days Delinquent,Condo,LA,87,649,35898
LN-102278,Joseph Williams,01/28/2022,01/28/2051,751000,495660,4.48,4093,Current,Commercial,TX,77,811,47520
LN-102279,Anthony Lee,05/08/2018,05/08/2037,190000,142500,6.64,1326,Paid Off,Single Family,UT,92,733,21754
LN-102280,Susan Anderson,02/13/2020,02/13/2046,648000,557280,3.78,3363,90+ Days Delinquent,Townhouse,MA,59,810,25446
LN-102281,Anthony Wilson,07/06/2021,07/06/2049,803000,578160,6.46,3925,Current,Townhouse,MN,79,626,38699
LN-102282,Michelle White,11/11/2021,11/11/2038,259000,183890,3.7,3096,Default,Single Family,WI,88,663,67781
LN-102283,William Gonzalez,12/13/2022,12/13/2039,311000,298560,5.86,4253,90+ Days Delinquent,Townhouse,SC,93,667,44003
LN-102284,Mark Davis,07/03/2021,07/03/2040,640000,563200,5.95,4038,60 Days Delinquent,Condo,SC,95,637,34276
LN-102285,Daniel Jones,04/28/2023,04/28/2042,482000,371140,4.89,2465,30 Days Delinquent,Commercial,NJ,67,747,37807
LN-101148,Joseph Jackson,09/24/2022,09/24/2047,216000,170640,7.28,4135,60 Days Delinquent,Condo,NC,73,622,97986
LN-102287,Charles Perez,05/10/2019,05/10/2035,775000,488250,5.59,1611,Default,Townhouse,GA,68,645,26624
LN-102288,Kimberly White,07/27/2023,07/27/2053,731000,445910,7.06,1698,30 Days Delinquent,Single Family,FL,60,692,96802
LN-102289,Sandra Williams,02/25/2019,02/25/2046,801000,640800,6.37,2537,Current,Townhouse,MO,77,764,10448
LN-102290,Elizabeth Jones,06/27/2021,06/27/2043,616000,517440,6.9,3713,Current,Condo,MD,74,819,30006
LN-102291,Nancy Lewis,06/26/2023,06/26/2045,195000,177450,4.73,2787,90+ Days Delinquent,Multi Family,CA,58,742,11305
LN-102292,Andrew Hernandez,08/08/2019,08/08/2037,330000,237600,4.09,2059,30 Days Delinquent,Single Family,AZ,92,722,53514
LN-102293,Mary Lopez,03/16/2018,03/16/2035,686000,473340,7.26,2125,Current,Commercial,CA,59,681,76912
LN-102294,Thomas Gonzalez,10/11/2022,10/11/2051,518000,486920,6.95,4462,Current,Townhouse,UT,70,638,81394
LN-102295,Linda Robinson,12/09/2020,12/09/2042,426000,268380,5.77,1303,Paid Off,Townhouse,FL,69,634,33950
LN-102296,Andrew Johnson,09/13/2022,09/13/2052,745000,521500,3.34,3644,30 Days Delinquent,Commercial,IL,91,674,93990
LN-102297,Christopher Wilson,07/18/2018,07/18/2033,154000,98560,5.94,1231,90+ Days Delinquent,Single Family,LA,68,722,13128
LN-102298,Susan Clark,11/10/2018,11/10/2036,553000,453460,7.54,3628,90+ Days Delinquent,Condo,IL,89,772,86844
LN-102299,Margaret Taylor,05/11/2023,05/11/2048,698000,607260,7.38,3649,90+ Days Delinquent,Commercial,OK,88,803,90210
LN-102300,Richard Rodriguez,11/12/2023,11/12/2048,406000,349160,4.98,2827,90+ Days Delinquent,Townhouse,UT,82,790,42193
LN-102301,Joshua Lewis,06/15/2020,06/15/2037,646000,594320,5.59,2565,Current,Condo,OR,85,661,11231
LN-102302,David Ramirez,11/01/2019,11/01/2041,501000,330660,4.17,4390,Current,Condo,SC,69,621,10380
LN-102303,Charles Wilson,06/14/2022,06/14/2037,189000,168210,7.62,3630,Current,Condo,FL,72,817,92034
LN-102304,Kimberly Jones,06/16/2022,06/16/2039,451000,347270,5.82,2892,Current,Condo,NJ,86,768,13983
LN-101537,Nancy Lopez,10/27/2020,10/27/2046,308000,261800,4.06,3619,90+ Days Delinquent,Commercial,OH,89,669,60729
LN-102306,Richard Williams,10/03/2023,10/03/2044,850000,552500,5.73,2728,Current,Townhouse,NY,80,742,74615
LN-102307,Linda Harris,08/19/2021,08/19/2041,692000,622800,5.18,2624,30 Days Delinquent,Single Family,NJ,74,681,23541
LN-102223,Paul Martinez,02/14/2021,02/14/2038,548000,334280,6.71,1637,30 Days Delinquent,Townhouse,NY,66,786,66382
LN-102309,Karen Smith,10/27/2022,10/27/2052,297000,288090,7.72,2115,Default,Commercial,PA,60,648,75830
LN-102310,Lisa Perez,07/10/2021,07/10/2045,685000,472650,7.47,2274,Default,Condo,NY,93,695,85927
LN-102311,Sandra Garcia,04/13/2023,04/13/2045,462000,411180,4.42,2997,Paid Off,Condo,SC,70,684,13903
LN-100619,Daniel Taylor,07/28/2021,07/28/2048,216000,146880,3.66,2833,30 Days Delinquent,Single Family,MN,60,806,37524
LN-101348,Donna Taylor,08/19/2020,08/19/2037,710000,497000,7.26,2072,Default,Commercial,NJ,69,728,30606
LN-102314,Jessica Martin,10/07/2020,10/07/2045,607000,370270,4.97,1695,90+ Days Delinquent,Townhouse,TN,61,678,61962
LN-102315,Mark Moore,07/15/2020,07/15/2037,709000,631010,7.68,2242,Paid Off,Condo,WA,73,673,63449
LN-100287,Christopher Miller,07/09/2022,07/09/2046,317000,212390,7.73,1644,Default,Multi Family,VA,92,716,48507
LN-102317,Matthew Jackson,08/21/2019,08/21/2037,156000,109200,3.43,1781,90+ Days Delinquent,Multi Family,SC,65,746,80605
LN-102318,David Johnson,05/21/2018,05/21/2040,202000,181800,5.46,2198,Paid Off,Commercial,CT,92,758,61852
LN-102319,Margaret Martinez,02/08/2021,02/08/2040,500000,455000,7.21,2029,Paid Off,Single Family,LA,73,735,86727
LN-102320,Lisa Brown,08/24/2021,08/24/2040,806000,741520,6.36,1670,90+ Days Delinquent,Multi Family,CA,74,675,23733
LN-102321,Barbara Taylor,09/18/2022,09/18/2050,228000,155040,6.76,1942,Paid Off,Townhouse,MI,94,682,17968
LN-102322,Andrew Williams,07/02/2019,07/02/2049,721000,497490,7.22,2962,60 Days Delinquent,Commercial,VA,95,790,42591
LN-102323,Thomas Robinson,10/10/2021,10/10/2039,823000,724240,5.69,4284,30 Days Delinquent,Commercial,WA,87,732,23612
LN-102324,Andrew Sanchez,06/03/2023,06/03/2048,629000,597550,4.2,4377,90+ Days Delinquent,Townhouse,MA,63,792,59175
LN-102325,James Lopez,11/11/2023,11/11/2048,177000,122130,7.35,3173,Paid Off,Single Family,OR,74,757,61105
LN-102326,Karen Garcia,06/27/2020,06/27/2046,320000,211200,5.46,1944,90+ Days Delinquent,Multi Family,NY,90,759,54093
LN-102327,Betty Sanchez,11/23/2022,11/23/2052,440000,365200,4.63,2790,Paid Off,Commercial,UT,69,791,58246
LN-102328,Sarah Clark,06/20/2018,06/20/2043,314000,235500,5.15,3843,60 Days Delinquent,Commercial,PA,83,773,11408
LN-102329,Steven Clark,02/04/2022,02/04/2045,672000,618240,4.51,3320,Default,Townhouse,MN,82,718,46975
LN-100088,Daniel Taylor,07/11/2022,07/11/2051,606000,502980,3.78,3862,Default,Single Family,NY,58,767,85903
LN-102331,Donald Martinez,03/26/2019,03/26/2034,249000,174300,5.39,2310,90+ Days Delinquent,Townhouse,MA,67,697,89127
LN-102332,Ashley Martin,01/11/2020,01/11/2036,695000,583800,4.33,1980,60 Days Delinquent,Condo,OR,95,662,94300
LN-102068,Anthony Miller,08/15/2020,08/15/2046,245000,156800,4.74,1363,Paid Off,Commercial,NY,59,746,10433
LN-102334,Patricia Clark,04/09/2018,04/09/2034,809000,493490,7.53,3370,Paid Off,Single Family,MA,95,643,88290
LN-102335,Mark Jones,12/04/2020,12/04/2046,454000,354120,7.59,1519,30 Days Delinquent,Commercial,TX,64,796,90188
LN-102336,Thomas Garcia,03/10/2022,03/10/2045,784000,697760,4.57,3212,Default,Single Family,IN,88,745,67045
LN-102337,Christopher Thompson,08/19/2020,08/19/2048,657000,558450,6.45,4243,Current,Single Family,CO,64,651,38047
LN-102338,Thomas Ramirez,10/20/2018,10/20/2042,427000,397110,5.33,3717,Paid Off,Townhouse,FL,71,659,94310
LN-102339,Daniel Martinez,07/27/2021,07/27/2049,282000,211500,6.28,1356,30 Days Delinquent,Condo,PA,61,656,16199
LN-102340,Barbara Hernandez,08/15/2023,08/15/2041,208000,197600,4.71,4098,30 Days Delinquent,Single Family,MA,72,803,77569
LN-102341,Steven Gonzalez,03/09/2019,03/09/2035,357000,335580,4.04,3888,90+ Days Delinquent,Single Family,MD,91,712,35656
LN-102342,Elizabeth Garcia,04/04/2021,04/04/2045,328000,252560,5.63,4322,30 Days Delinquent,Multi Family,FL,74,630,57668
LN-102343,Donald Hernandez,12/07/2023,12/07/2039,525000,425250,4.37,3172,60 Days Delinquent,Condo,CO,74,626,21763
LN-102344,Barbara Lee,12/15/2023,12/15/2046,735000,565950,6.91,3986,30 Days Delinquent,Single Family,AZ,55,801,78750
LN-102345,Daniel Davis,09/26/2023,09/26/2053,726000,704220,6.55,3554,Current,Single Family,TX,69,659,14526
LN-102346,Donald Thompson,03/25/2022,03/25/2045,709000,482120,5.21,2927,Paid Off,Single Family,NC,74,671,83729
LN-102347,Christopher Taylor,03/12/2022,03/12/2050,847000,626780,6.61,2530,Current,Single Family,MD,64,703,34836
LN-102348,Robert Moore,04/21/2023,04/21/2046,564000,501960,6.99,2843,90+ Days Delinquent,Commercial,WI,81,773,97206
LN-102349,David Rodriguez,01/22/2023,01/22/2046,564000,501960,7.66,4341,Paid Off,Multi Family,WI,73,658,55872
LN-100374,Richard Thomas,07/02/2022,07/02/2047,631000,504800,4.29,4367,Current,Single Family,CT,81,646,78980
LN-102351,Mary Smith,06/06/2020,06/06/2040,416000,324480,3.29,3377,30 Days Delinquent,Multi Family,SC,59,819,91252
LN-102352,Jessica Lewis,06/20/2022,06/20/2041,743000,482950,6.69,3905,Default,Multi Family,AZ,89,755,55296
LN-102353,Joseph Ramirez,09/15/2022,09/15/2044,170000,151300,6.92,1437,90+ Days Delinquent,Single Family,CA,80,644,77320
LN-101716,Paul Taylor,01/25/2021,01/25/2046,633000,487410,3.34,3805,60 Days Delinquent,Condo,WA,68,637,72232
LN-102355,Sandra Gonzalez,10/16/2020,10/16/2049,248000,240560,4.56,4148,90+ Days Delinquent,Single Family,AZ,72,680,81388
LN-102356,Andrew Martinez,01/19/2019,01/19/2045,202000,181800,4.46,4367,Paid Off,Commercial,AL,63,774,24425
LN-102357,Nancy Thompson,02/05/2023,02/05/2045,846000,651420,3.93,3183,30 Days Delinquent,Condo,GA,95,799,46824
LN-102358,Thomas Lopez,05/27/2023,05/27/2043,154000,115500,6.7,2434,60 Days Delinquent,Commercial,TN,70,693,31198
LN-102359,Joseph Jones,10/04/2022,10/04/2051,383000,237460,3.78,2321,30 Days Delinquent,Single Family,KY,68,808,39440
LN-102360,Ashley Hernandez,10/16/2023,10/16/2049,580000,487200,7.36,2690,90+ Days Delinquent,Townhouse,MI,76,750,23578
LN-102361,Anthony Perez,07/28/2022,07/28/2040,723000,629010,3.88,3535,30 Days Delinquent,Multi Family,KY,56,793,51400
LN-102362,Jennifer White,07/10/2022,07/10/2050,563000,456030,5.01,1927,30 Days Delinquent,Townhouse,PA,62,643,94466
LN-102363,Paul Wilson,08/15/2022,08/15/2047,454000,276940,4.94,3760,Paid Off,Condo,CO,74,720,96564
LN-102364,Patricia Anderson,03/11/2022,03/11/2047,652000,573760,7.28,3564,Current,Townhouse,PA,58,780,68947
LN-102365,Jennifer Thompson,11/22/2020,11/22/2039,485000,455900,6.46,4253,30 Days Delinquent,Single Family,NY,86,738,28371
LN-102366,Ashley Ramirez,07/11/2018,07/11/2045,766000,643440,6.02,2701,90+ Days Delinquent,Single Family,CT,71,683,21230
LN-102367,David Lewis,12/18/2021,12/18/2048,677000,582220,4.03,3358,90+ Days Delinquent,Commercial,IN,90,749,90879
LN-102368,Linda Thompson,01/22/2018,01/22/2039,502000,451800,6.67,3411,30 Days Delinquent,Condo,UT,65,699,65508
LN-102369,Linda Moore,11/08/2020,11/08/2046,766000,605140,4.3,2745,Default,Multi Family,UT,74,631,65800
LN-102370,Lisa Garcia,08/15/2018,08/15/2045,279000,253890,5.69,1748,90+ Days Delinquent,Condo,VA,67,685,92704
LN-102371,Patricia Gonzalez,04/21/2020,04/21/2046,744000,714240,5.67,2329,90+ Days Delinquent,Commercial,MO,65,708,93282
LN-102372,Karen Brown,03/19/2022,03/19/2047,171000,107730,7.42,3349,Current,Townhouse,LA,87,780,70219
LN-102373,Linda Jones,03/25/2018,03/25/2033,668000,434200,5.47,3813,30 Days Delinquent,Condo,GA,71,724,48905
LN-102374,Ashley Wilson,05/22/2023,05/22/2053,536000,375200,7.01,4186,Paid Off,Townhouse,AL,63,647,72639
LN-102375,Mary Harris,09/17/2020,09/17/2040,327000,248520,6.93,2730,90+ Days Delinquent,Commercial,NC,84,667,81606
LN-102376,Sandra Rodriguez,06/22/2018,06/22/2039,382000,332340,4.58,2079,30 Days Delinquent,Single Family,SC,56,708,52148
LN-102377,Barbara Garcia,10/11/2021,10/11/2041,239000,224660,6.61,3850,Current,Single Family,CO,89,651,76356
LN-102378,Sandra White,08/01/2021,08/01/2048,806000,483600,4.59,1346,Current,Multi Family,NC,92,750,84089
LN-102379,William Gonzalez,04/08/2018,04/08/2042,297000,285120,3.96,1764,60 Days Delinquent,Townhouse,KY,56,814,80158
LN-102380,Joseph Miller,04/13/2020,04/13/2037,156000,126360,5.52,4303,60 Days Delinquent,Single Family,OR,82,738,81058
LN-100901,Margaret Davis,06/20/2020,06/20/2043,368000,253920,7.52,3277,Default,Multi Family,IN,57,660,25398
LN-102382,John Miller,06/21/2019,06/21/2049,422000,354480,4.53,4374,90+ Days Delinquent,Townhouse,WA,66,809,72159
LN-102383,Mary Davis,01/19/2023,01/19/2051,214000,188320,5.32,1648,90+ Days Delinquent,Commercial,CT,80,704,74655
LN-102384,Daniel Sanchez,02/05/2023,02/05/2046,253000,209990,5.69,1450,60 Days Delinquent,Single Family,MO,63,785,72872
LN-102385,Thomas Johnson,11/12/2018,11/12/2036,718000,459520,6.21,4310,90+ Days Delinquent,Townhouse,MI,77,691,54572
LN-102386,Elizabeth Brown,03/12/2022,03/12/2047,429000,368940,4.88,3459,90+ Days Delinquent,Single Family,MN,93,693,62353
LN-102387,Donna Sanchez,05/28/2021,05/28/2039,411000,378120,3.54,3487,90+ Days Delinquent,Single Family,NJ,87,653,41083
LN-102388,Paul Anderson,01/03/2020,01/03/2050,761000,570750,6.77,2238,Current,Multi Family,CT,86,723,92067
LN-102389,Andrew Gonzalez,12/28/2021,12/28/2046,418000,401280,6.14,4196,30 Days Delinquent,Single Family,NY,59,653,30623
LN-102390,William Jones,03/25/2019,03/25/2049,703000,667850,6.83,1648,90+ Days Delinquent,Commercial,CO,91,638,95691
LN-102391,Sarah Martin,08/18/2019,08/18/2049,520000,384800,4.97,2781,90+ Days Delinquent,Commercial,NY,69,758,10182
LN-102392,Sarah Moore,03/12/2023,03/12/2053,631000,435390,4.02,3123,Paid Off,Commercial,CO,73,802,26260
LN-102393,Paul Taylor,09/25/2018,09/25/2036,159000,106530,7.73,4286,90+ Days Delinquent,Multi Family,AL,85,679,44424
LN-102394,Betty Davis,11/03/2023,11/03/2044,611000,391040,4.66,3924,90+ Days Delinquent,Condo,OR,95,636,63516
LN-102395,Robert Sanchez,11/14/2022,11/14/2046,836000,627000,5.91,4090,60 Days Delinquent,Townhouse,IN,82,668,58771
LN-102396,Donald Jones,01/22/2022,01/22/2052,452000,334480,4.08,3784,Default,Condo,NY,57,786,60549
LN-102397,Michael Moore,08/24/2019,08/24/2047,741000,585390,4.1,2465,Default,Multi Family,PA,80,745,26689
LN-102398,James Moore,05/14/2018,05/14/2041,462000,401940,6.02,1654,Paid Off,Townhouse,IN,94,639,41028
LN-102399,Betty Clark,05/09/2023,05/09/2039,777000,520590,6.54,2878,90+ Days Delinquent,Commercial,MN,73,786,95345
LN-102400,Emily White,05/10/2019,05/10/2042,337000,256120,3.51,2061,60 Days Delinquent,Townhouse,AL,58,673,69714
LN-102401,Linda Lewis,03/11/2023,03/11/2046,594000,403920,4.82,1991,Current,Townhouse,UT,62,631,27468
LN-102402,Elizabeth Anderson,11/21/2018,11/21/2038,228000,196080,4.57,4155,90+ Days Delinquent,Commercial,FL,69,763,27649
LN-102403,Daniel Moore,09/11/2020,09/11/2039,486000,432540,6.39,2546,Current,Condo,WA,87,689,88432
LN-102404,Christopher Jones,06/09/2021,06/09/2051,363000,228690,7.71,3580,30 Days Delinquent,Condo,CO,67,744,28138
LN-102405,Mark Jackson,09/07/2022,09/07/2047,447000,339720,5.91,2261,30 Days Delinquent,Townhouse,WI,81,772,84996
LN-102406,Anthony Ramirez,12/09/2018,12/09/2041,365000,240900,3.73,2984,Default,Condo,AZ,59,705,66007
LN-102407,Daniel Rodriguez,05/24/2023,05/24/2053,450000,324000,6.54,4210,90+ Days Delinquent,Commercial,CA,95,775,10607
LN-102408,Mark Wilson,06/23/2019,06/23/2034,681000,599280,6.47,1877,90+ Days Delinquent,Condo,NJ,71,643,31730
LN-101643,William Clark,07/01/2019,07/01/2042,574000,419020,5.88,2534,Current,Condo,LA,95,800,23006
LN-102410,Donna Clark,12/16/2021,12/16/2043,630000,585900,3.96,2763,30 Days Delinquent,Commercial,NJ,75,708,71562
LN-102411,Charles Martin,07/10/2021,07/10/2048,177000,123900,4.95,1688,60 Days Delinquent,Townhouse,WA,75,661,79393
LN-102412,Matthew Martinez,05/01/2023,05/01/2049,636000,616920,6.5,3776,30 Days Delinquent,Commercial,OR,81,652,48202
LN-102413,Thomas Thomas,08/18/2020,08/18/2040,743000,579540,4.86,1303,30 Days Delinquent,Single Family,OH,76,657,96037
LN-102414,Jennifer Martin,12/15/2022,12/15/2050,156000,104520,3.66,2669,Paid Off,Multi Family,PA,62,652,12036
LN-102415,Lisa Moore,04/03/2019,04/03/2044,241000,161470,6.87,1272,Current,Multi Family,AL,60,818,44634
LN-102416,Joseph Martinez,12/02/2020,12/02/2042,361000,339340,5.12,1551,Current,Townhouse,AL,89,801,12583
LN-102417,Betty Davis,04/05/2018,04/05/2039,535000,513600,6.63,1623,30 Days Delinquent,Single Family,VA,68,730,13568
LN-102205,Barbara Brown,01/06/2022,01/06/2041,496000,411680,5.64,3796,Paid Off,Multi Family,MD,70,762,87772
LN-102419,Steven Brown,07/20/2022,07/20/2046,308000,298760,3.42,4332,Current,Condo,MO,77,649,23629
LN-102420,Michelle Martin,06/23/2018,06/23/2040,369000,309960,5.96,3632,60 Days Delinquent,Townhouse,MD,62,681,32283
LN-102421,Jennifer Anderson,03/17/2023,03/17/2046,379000,314570,6.93,2047,Paid Off,Townhouse,MA,79,746,67498
LN-102422,Mary Clark,11/06/2021,11/06/2048,573000,458400,4.44,1594,Default,Condo,IN,64,725,82932
LN-102423,Richard Martin,06/16/2019,06/16/2044,619000,575670,5.78,4464,60 Days Delinquent,Commercial,GA,73,731,22080
LN-102424,Charles Clark,03/21/2022,03/21/2042,718000,560040,7.08,3955,Current,Commercial,OK,84,751,52566
LN-102425,Karen Gonzalez,12/27/2021,12/27/2036,525000,399000,4.85,2265,60 Days Delinquent,Single Family,SC,76,710,55990
LN-101354,Patricia Hernandez,11/15/2023,11/15/2038,466000,326200,3.78,3504,Paid Off,Multi Family,AZ,90,762,40303
LN-102427,Donna Garcia,08/06/2021,08/06/2050,232000,171680,7.25,2703,Paid Off,Townhouse,CA,57,815,11082
LN-102428,Patricia Johnson,05/11/2020,05/11/2039,316000,237000,6.64,1686,30 Days Delinquent,Condo,MD,72,735,48464
LN-102429,Sandra Sanchez,12/18/2021,12/18/2045,720000,504000,4.07,3914,Paid Off,Townhouse,SC,88,749,58541
LN-102430,Donald Wilson,02/25/2020,02/25/2040,638000,593340,7.53,2069,Current,Single Family,PA,74,739,77859
LN-102431,Christopher Jones,05/18/2019,05/18/2049,266000,212800,3.28,2916,30 Days Delinquent,Townhouse,AL,66,770,89380
LN-102432,Linda White,09/08/2019,09/08/2035,298000,235420,4.85,2801,30 Days Delinquent,Single Family,PA,92,718,84346
LN-102433,Betty Anderson,08/16/2023,08/16/2041,296000,272320,4.79,4010,Current,Condo,CO,64,783,62410
LN-102434,Jessica Martinez,02/14/2019,02/14/2042,775000,565750,6.63,2013,Paid Off,Townhouse,MO,65,813,67604
LN-102435,Matthew Lee,07/18/2018,07/18/2043,599000,401330,4.1,3445,Default,Single Family,NY,83,652,58038
LN-102436,William Sanchez,08/16/2019,08/16/2049,847000,703010,6.58,2391,30 Days Delinquent,Commercial,UT,84,694,83790
LN-102437,Karen Davis,06/27/2021,06/27/2042,289000,176290,4.31,2199,90+ Days Delinquent,Multi Family,MI,71,710,12227
LN-102438,Karen Thomas,12/14/2018,12/14/2041,179000,123510,4.52,3376,60 Days Delinquent,Commercial,MN,60,643,58099
LN-101055,Susan Garcia,07/01/2021,07/01/2036,527000,463760,7.14,3899,30 Days Delinquent,Multi Family,PA,63,642,78512
LN-102440,Susan Thompson,02/18/2018,02/18/2043,687000,570210,6.38,2721,90+ Days Delinquent,Condo,OR,56,797,62683
LN-102441,Robert Johnson,01/21/2020,01/21/2036,412000,304880,6.23,3989,Current,Multi Family,TN,80,723,67566
LN-102442,James Lee,12/28/2018,12/28/2038,550000,385000,7.55,3733,30 Days Delinquent,Commercial,UT,85,664,48108
LN-102443,Sarah Martin,10/19/2023,10/19/2045,351000,273780,3.65,2075,Default,Single Family,MA,84,620,25653
LN-100796,Elizabeth Brown,12/04/2019,12/04/2041,192000,159360,6,1439,60 Days Delinquent,Multi Family,OK,91,634,39620
LN-102445,Daniel Jones,10/24/2022,10/24/2046,210000,126000,5.76,1587,Default,Commercial,MA,87,694,33512
LN-102446,David Thompson,09/25/2020,09/25/2049,586000,550840,7.63,2557,Default,Commercial,VA,87,729,90704
LN-101629,Jessica Taylor,09/17/2023,09/17/2050,655000,432300,3.36,2720,Default,Townhouse,KY,76,764,83356
LN-102448,Richard Robinson,03/08/2019,03/08/2039,226000,176280,7.06,3536,Default,Single Family,MO,94,767,58835
LN-102449,Karen Anderson,12/02/2022,12/02/2047,374000,239360,4.34,3649,Default,Multi Family,NJ,60,655,65347
LN-100912,Elizabeth Moore,02/13/2021,02/13/2045,721000,692160,4.88,3162,Paid Off,Condo,MD,91,681,18996
LN-102451,Karen Johnson,06/12/2019,06/12/2040,606000,454500,7.28,3967,Current,Single Family,IL,82,687,65876
LN-102452,Richard Jackson,01/11/2019,01/11/2042,268000,166160,3.38,3990,90+ Days Delinquent,Condo,MA,93,649,57740
LN-102453,Robert Clark,12/17/2022,12/17/2048,485000,305550,3.29,2832,30 Days Delinquent,Commercial,IN,62,774,99946
LN-102454,James Lee,11/17/2022,11/17/2039,365000,299300,5.97,3473,60 Days Delinquent,Townhouse,IN,92,817,56443
LN-101537,Donald Garcia,07/25/2023,07/25/2041,688000,584800,5.67,1537,Default,Townhouse,PA,73,695,76545
LN-102456,Nancy Ramirez,07/15/2020,07/15/2035,816000,726240,7.68,2209,Current,Condo,NY,91,787,84864
LN-102457,Paul Moore,08/14/2020,08/14/2038,363000,272250,5.18,3808,Default,Multi Family,CT,94,786,26738
LN-102458,Elizabeth Miller,04/14/2022,04/14/2047,686000,651700,6.59,3444,Paid Off,Single Family,AL,88,778,38061
LN-102459,Patricia Anderson,01/12/2020,01/12/2046,519000,358110,7.37,3291,30 Days Delinquent,Multi Family,OR,91,769,22055
LN-102460,Betty Ramirez,09/14/2018,09/14/2037,512000,384000,6.6,4243,Paid Off,Commercial,CT,68,627,83644
LN-102461,Sandra Sanchez,10/13/2020,10/13/2044,159000,116070,3.66,3548,60 Days Delinquent,Townhouse,SC,79,662,17526
LN-102462,Joseph White,05/20/2023,05/20/2052,435000,295800,5.63,1995,30 Days Delinquent,Commercial,FL,60,744,29227
LN-102463,Mary Hernandez,08/05/2022,08/05/2051,724000,557480,4.19,2306,Current,Single Family,KY,73,727,88590
LN-102464,Charles Wilson,08/16/2022,08/16/2049,679000,583940,3.9,3456,90+ Days Delinquent,Condo,VA,69,647,36974
LN-102465,Nancy Robinson,09/27/2022,09/27/2052,186000,152520,5.83,2690,Default,Multi Family,TN,64,654,68745
LN-102466,Ashley Jones,03/06/2018,03/06/2036,419000,280730,7.31,2303,60 Days Delinquent,Commercial,NC,65,649,48929
LN-102467,Andrew Ramirez,09/21/2019,09/21/2044,406000,267960,4.15,1833,Default,Condo,MD,83,763,90786
LN-102468,Anthony Hernandez,01/09/2020,01/09/2043,727000,508900,5.62,3971,Paid Off,Condo,TN,67,628,20626
LN-102469,Emily Martin,05/14/2022,05/14/2041,544000,386240,4.7,2317,Current,Multi Family,WI,91,776,94115
LN-102470,Steven Jones,09/13/2023,09/13/2039,741000,481650,4.91,4409,90+ Days Delinquent,Townhouse,AL,60,717,86661
LN-101538,Thomas Lopez,01/21/2022,01/21/2048,176000,126720,7.46,3905,Paid Off,Single Family,MD,81,627,28867
LN-102472,William Moore,05/20/2018,05/20/2037,469000,436170,7.03,1943,90+ Days Delinquent,Single Family,LA,67,719,69318
LN-102473,Donald Perez,01/24/2023,01/24/2045,518000,378140,3.41,3854,Current,Commercial,FL,79,732,26563
LN-102474,Joshua Ramirez,08/26/2018,08/26/2042,844000,616120,6.89,4414,Current,Condo,TX,93,708,94719
LN-102475,Nancy Thompson,11/12/2021,11/12/2040,262000,196500,7.6,3712,Default,Condo,AL,70,786,79910
LN-102476,Paul Martinez,05/26/2021,05/26/2037,673000,410530,4.31,2693,Paid Off,Single Family,TN,90,738,24986
LN-102477,Mark Anderson,02/14/2023,02/14/2042,387000,286380,7.01,4216,30 Days Delinquent,Single Family,TX,73,701,56132
LN-102478,Paul Hernandez,03/27/2020,03/27/2046,594000,368280,3.77,2315,90+ Days Delinquent,Townhouse,UT,87,819,95223
LN-102479,Nancy Gonzalez,02/28/2022,02/28/2048,784000,744800,7.53,1560,30 Days Delinquent,Single Family,MO,59,790,55875
LN-102480,Matthew Martinez,12/16/2019,12/16/2044,464000,324800,5.44,3227,Current,Commercial,WA,73,756,63520
LN-102481,Donald Miller,06/17/2023,06/17/2038,599000,395340,3.98,4372,90+ Days Delinquent,Townhouse,VA,70,742,62114
LN-102482,Steven Rodriguez,12/04/2019,12/04/2035,176000,126720,3.71,2411,Current,Multi Family,CA,66,736,76974
LN-102483,Elizabeth Johnson,12/19/2021,12/19/2037,448000,322560,3.65,3220,30 Days Delinquent,Townhouse,MA,95,716,15495
LN-102484,Kimberly Sanchez,07/11/2019,07/11/2045,618000,587100,3.57,2571,30 Days Delinquent,Townhouse,MD,95,708,76730
LN-102485,Joseph Williams,05/24/2023,05/24/2049,297000,288090,7.12,2186,90+ Days Delinquent,Multi Family,MA,61,761,17375
LN-102486,Lisa Miller,03/07/2021,03/07/2037,734000,477100,6.51,3524,Default,Multi Family,OK,69,788,12908
LN-102487,Joseph Sanchez,06/09/2023,06/09/2043,632000,398160,7.07,1364,30 Days Delinquent,Single Family,MD,58,772,36985
LN-102488,Christopher Hernandez,12/15/2022,12/15/2044,249000,219120,6.24,1876,90+ Days Delinquent,Single Family,PA,80,765,15249
LN-102489,Jennifer Brown,10/17/2021,10/17/2043,421000,332590,6.71,3698,Default,Townhouse,AL,93,685,66623
LN-102490,Nancy Ramirez,06/15/2019,06/15/2041,835000,718100,6.44,2796,Current,Commercial,UT,94,734,64882
LN-100664,Jennifer Lewis,05/27/2020,05/27/2048,803000,778910,4,1557,60 Days Delinquent,Townhouse,VA,59,738,81308
LN-102492,Anthony Williams,08/14/2019,08/14/2034,787000,755520,7.74,2505,60 Days Delinquent,Multi Family,MN,90,655,95993
LN-102493,Robert White,09/17/2020,09/17/2050,368000,353280,4.5,2963,Default,Multi Family,GA,65,664,87243
LN-102494,Christopher Robinson,02/08/2020,02/08/2046,694000,562140,5.76,3160,60 Days Delinquent,Townhouse,NJ,91,727,12570
LN-102495,Emily Taylor,11/15/2018,11/15/2047,669000,575340,3.33,2749,Paid Off,Single Family,MN,81,651,57773
LN-102496,Mary Davis,01/14/2018,01/14/2048,527000,469030,5.88,3940,Paid Off,Multi Family,OH,89,741,34589
LN-102497,Andrew Williams,01/25/2023,01/25/2043,177000,120360,5.42,3120,Paid Off,Single Family,OR,57,777,68731
LN-102498,Jennifer Davis,04/04/2021,04/04/2044,628000,540080,4.87,3702,90+ Days Delinquent,Single Family,MD,72,777,67747
LN-102499,James Thomas,01/13/2020,01/13/2040,598000,412620,5.08,4067,90+ Days Delinquent,Condo,MD,82,681,78597
LN-102500,John Hernandez,04/13/2021,04/13/2041,683000,553230,5.97,1286,Current,Multi Family,KY,92,791,58215
LN-102501,Sarah Moore,01/28/2021,01/28/2037,703000,632700,5.88,3686,30 Days Delinquent,Commercial,MA,79,686,91373
LN-102502,Mary Rodriguez,07/12/2020,07/12/2042,782000,594320,3.81,1411,30 Days Delinquent,Condo,OH,69,724,71278
LN-102503,Richard Rodriguez,09/12/2022,09/12/2037,601000,480800,6.74,4498,30 Days Delinquent,Condo,LA,91,625,88945
LN-102504,Kimberly Martin,02/02/2021,02/02/2042,552000,529920,7.48,3709,30 Days Delinquent,Single Family,IN,84,620,83816
LN-102505,Nancy Rodriguez,12/09/2019,12/09/2048,195000,163800,7.53,4190,Paid Off,Multi Family,CT,79,717,48860
LN-102506,Joseph Lee,09/19/2018,09/19/2046,286000,248820,4.06,2503,Default,Condo,TX,65,633,56680
LN-102507,Linda Robinson,07/15/2018,07/15/2048,157000,113040,7.15,3281,60 Days Delinquent,Condo,VA,87,624,32141
LN-102508,David Martinez,09/28/2018,09/28/2033,654000,536280,7.56,2234,Paid Off,Single Family,PA,67,767,37631
LN-102509,Jessica Rodriguez,07/28/2022,07/28/2044,843000,665970,6.45,1668,Paid Off,Multi Family,CO,67,806,28636
LN-102510,Sarah Taylor,10/10/2023,10/10/2051,271000,186990,5.62,2347,90+ Days Delinquent,Single Family,CT,92,686,46463
LN-102511,Lisa Thompson,09/25/2022,09/25/2041,682000,552420,7.68,1700,30 Days Delinquent,Single Family,NY,59,810,61590
LN-102512,Donna Martinez,02/11/2023,02/11/2045,710000,454400,3.99,2404,90+ Days Delinquent,Condo,NY,77,764,13539
LN-101151,David Jackson,02/25/2019,02/25/2034,628000,427040,4.42,3504,Current,Single Family,LA,73,682,80773
LN-102514,Jessica Smith,07/10/2023,07/10/2053,352000,249920,6.01,4049,90+ Days Delinquent,Condo,OR,80,770,84927
LN-102515,Steven Sanchez,01/14/2021,01/14/2041,380000,247000,3.4,1617,90+ Days Delinquent,Condo,TN,78,744,84024
LN-102516,Ashley Perez,11/05/2020,11/05/2049,827000,810460,3.29,1646,Default,Multi Family,NY,61,759,14578
LN-102517,David Harris,04/01/2021,04/01/2036,402000,381900,3.26,2025,60 Days Delinquent,Townhouse,MN,63,743,89540
LN-102518,Joshua Smith,09/24/2019,09/24/2049,556000,411440,7.65,2451,60 Days Delinquent,Single Family,CT,85,718,66548
LN-102519,Sandra Jackson,02/11/2023,02/11/2045,478000,430200,7.5,3511,Current,Commercial,MI,56,743,45143
LN-102520,Joshua Jones,04/21/2022,04/21/2046,462000,309540,6.68,3325,Default,Single Family,TX,55,797,75732
LN-102521,Richard Wilson,03/06/2018,03/06/2037,326000,277100,6.34,2803,Paid Off,Single Family,GA,59,802,47652
LN-102522,Lisa Gonzalez,04/17/2019,04/17/2044,784000,580160,6.66,1568,Default,Townhouse,UT,89,785,70166
LN-102523,James Ramirez,05/05/2021,05/05/2042,796000,692520,4.87,3285,Default,Townhouse,OK,60,818,69605
LN-102163,Jennifer Williams,10/01/2023,10/01/2042,171000,117990,6.77,2996,30 Days Delinquent,Condo,WA,57,678,63203
LN-102525,Paul Martinez,12/24/2023,12/24/2041,550000,423500,3.52,4403,Default,Commercial,MA,63,786,39600
LN-102526,David Gonzalez,07/20/2023,07/20/2050,755000,490750,7.1,2415,Paid Off,Townhouse,KY,84,713,26981
LN-102527,David Martinez,08/19/2021,08/19/2050,457000,274200,6.74,3750,90+ Days Delinquent,Single Family,OH,83,796,97617
LN-102528,Andrew Rodriguez,05/28/2020,05/28/2038,395000,304150,5.94,4500,30 Days Delinquent,Single Family,IN,83,696,61683
LN-100222,Patricia Jones,06/25/2022,06/25/2049,241000,221720,4.73,1544,Paid Off,Commercial,CA,92,669,74741
LN-102530,Barbara Thompson,10/04/2019,10/04/2041,826000,652540,6.01,2167,Current,Commercial,MA,72,659,95376
LN-102531,John Williams,12/05/2021,12/05/2038,308000,194040,3.72,2706,Default,Condo,FL,80,794,95824
LN-102532,Jessica Hernandez,08/03/2020,08/03/2040,294000,249900,3.83,1317,Paid Off,Multi Family,IL,92,818,75872
LN-102533,Christopher Smith,05/15/2020,05/15/2038,319000,283910,6.56,3716,60 Days Delinquent,Multi Family,MO,61,641,80598
LN-102534,Anthony Ramirez,04/15/2021,04/15/2050,261000,211410,5.01,1372,Paid Off,Townhouse,MN,60,738,51902
LN-102535,Michelle Hernandez,12/14/2020,12/14/2043,452000,366120,6.59,2396,Paid Off,Commercial,NC,57,813,89605
LN-102536,Elizabeth Garcia,04/28/2023,04/28/2045,654000,438180,7.1,4139,90+ Days Delinquent,Townhouse,TN,81,737,54541
LN-102537,William Garcia,05/13/2019,05/13/2037,471000,405060,5.43,3806,Current,Commercial,KY,58,779,60234
LN-100419,John Robinson,08/09/2018,08/09/2047,430000,322500,5.39,4251,90+ Days Delinquent,Commercial,MD,72,660,21331
LN-102539,Jessica Gonzalez,01/16/2018,01/16/2039,320000,281600,5.95,2995,Current,Townhouse,CO,95,659,47218
LN-102540,Kimberly Hernandez,06/23/2018,06/23/2041,742000,727160,6.38,3945,Current,Commercial,AZ,94,764,17711
LN-102541,Joseph Gonzalez,08/11/2023,08/11/2039,663000,437580,3.59,2140,Default,Multi Family,MD,76,627,45130
LN-102542,William Jackson,08/16/2023,08/16/2045,614000,466640,7,2958,90+ Days Delinquent,Single Family,GA,70,810,84151
LN-102543,Mary Johnson,11/03/2018,11/03/2037,697000,648210,6.21,4234,Current,Condo,GA,71,671,64233
LN-102544,Margaret Garcia,05/02/2022,05/02/2050,789000,757440,5.71,4444,Default,Multi Family,OK,58,713,31022
LN-102545,David Lopez,08/27/2020,08/27/2039,296000,204240,6.36,3591,Default,Townhouse,VA,91,747,96137
LN-102546,Kimberly Rodriguez,09/13/2022,09/13/2041,184000,180320,4.64,2009,30 Days Delinquent,Commercial,VA,75,667,90834
LN-102547,Steven Rodriguez,07/16/2019,07/16/2042,549000,378810,7.05,2109,Paid Off,Single Family,MA,92,814,89512
LN-102248,Donald Taylor,09/18/2022,09/18/2037,477000,414990,5.68,2823,Paid Off,Condo,IN,62,763,82274
LN-102549,Thomas Smith,12/17/2020,12/17/2045,486000,335340,5.65,2569,90+ Days Delinquent,Condo,CO,95,629,10414
LN-102550,John Wilson,08/08/2019,08/08/2047,738000,693720,3.69,1715,Paid Off,Commercial,AZ,78,703,13281
LN-102551,Sarah Miller,12/11/2020,12/11/2038,264000,221760,6.57,3894,Paid Off,Commercial,NC,81,656,19243
LN-101563,Charles White,03/28/2022,03/28/2048,694000,451100,6.51,4303,90+ Days Delinquent,Single Family,NJ,62,749,52017
LN-102553,Anthony Ramirez,05/24/2018,05/24/2037,267000,250980,7.2,3922,Current,Single Family,LA,81,795,14794
LN-102554,John Lewis,03/25/2023,03/25/2043,272000,250240,3.69,2311,Default,Single Family,WA,75,791,48182
LN-102555,William Williams,09/21/2023,09/21/2042,225000,141750,6.58,4336,30 Days Delinquent,Single Family,OR,73,645,94297
LN-102556,Anthony Anderson,05/19/2018,05/19/2043,679000,645050,5.99,2390,Default,Townhouse,SC,93,699,96650
LN-102182,Jennifer Ramirez,08/21/2019,08/21/2049,225000,186750,5.06,3051,Current,Commercial,MA,84,700,75330
LN-102352,James Lopez,12/09/2018,12/09/2039,296000,195360,6.98,4309,Default,Townhouse,MN,65,637,57512
LN-102559,Sarah Jackson,03/22/2020,03/22/2050,290000,185600,6.44,4337,30 Days Delinquent,Townhouse,MD,66,684,38742
LN-101173,Elizabeth Taylor,09/19/2023,09/19/2040,246000,211560,3.41,4175,60 Days Delinquent,Commercial,OK,89,671,67170
LN-100581,Charles Hernandez,02/03/2019,02/03/2047,760000,547200,4.93,3814,Default,Single Family,CO,55,778,39773
LN-102562,Sandra Clark,02/10/2023,02/10/2040,170000,146200,5.44,1312,30 Days Delinquent,Single Family,AZ,57,648,79383
LN-102563,Lisa Jackson,07/08/2023,07/08/2039,811000,535260,6.82,4028,90+ Days Delinquent,Townhouse,MD,60,792,75835
LN-102564,Patricia Moore,09/23/2020,09/23/2037,331000,317760,3.78,1770,Default,Single Family,OK,71,700,67145
LN-102565,Anthony Martin,08/07/2021,08/07/2036,426000,379140,4.3,1294,Paid Off,Commercial,IN,89,703,94719
LN-102566,Joseph Sanchez,08/13/2023,08/13/2041,479000,292190,5.9,1480,60 Days Delinquent,Condo,MN,83,683,59473
LN-102567,Donald Miller,12/11/2018,12/11/2048,546000,327600,3.9,4223,Current,Single Family,NC,64,794,22968
LN-102568,James Thomas,08/06/2019,08/06/2037,673000,437450,4.32,3062,60 Days Delinquent,Single Family,TX,81,783,64220
LN-102569,Sandra Sanchez,10/05/2022,10/05/2039,337000,266230,4.49,2034,Paid Off,Townhouse,NY,57,697,85186
LN-102570,Susan Lopez,05/27/2020,05/27/2036,688000,522880,6.93,4090,Current,Condo,MI,82,626,74232
LN-102571,Sarah Garcia,08/10/2023,08/10/2047,280000,212800,6.78,2910,30 Days Delinquent,Townhouse,NJ,80,736,69292
LN-101024,Jessica Garcia,01/01/2018,01/01/2033,570000,513000,4.86,3844,Default,Condo,IN,67,764,82339
LN-102573,Joseph Ramirez,10/10/2021,10/10/2047,357000,346290,5.3,4354,90+ Days Delinquent,Condo,IN,76,682,38417
LN-102574,Susan Davis,01/01/2019,01/01/2036,354000,276120,4.14,4473,Current,Single Family,IN,86,733,69200
LN-102575,Christopher Jackson,09/12/2018,09/12/2042,808000,662560,4.51,1671,60 Days Delinquent,Condo,IL,79,818,23873
LN-102576,Mary Harris,07/24/2019,07/24/2043,448000,268800,4.17,1957,90+ Days Delinquent,Multi Family,AZ,80,711,76914
LN-102577,Robert Garcia,08/09/2019,08/09/2036,694000,430280,5.29,4064,30 Days Delinquent,Commercial,LA,91,664,73596
LN-102578,Paul Taylor,06/13/2020,06/13/2044,599000,581030,7.39,1707,Default,Commercial,KY,93,687,58957
LN-102579,Kimberly Martinez,03/23/2021,03/23/2042,344000,268320,5.88,1329,Paid Off,Single Family,GA,92,750,78766
LN-102580,Margaret Smith,06/28/2021,06/28/2049,326000,215160,4.27,3237,Current,Single Family,CT,65,788,96272
LN-102581,Margaret Robinson,03/17/2019,03/17/2047,460000,400200,4.67,2372,Default,Commercial,OH,62,724,84059
LN-102582,Andrew Brown,06/10/2022,06/10/2037,251000,210840,6.5,4223,Paid Off,Condo,MO,58,744,91862
LN-102583,Jennifer Williams,02/18/2018,02/18/2037,202000,163620,6.71,2764,Paid Off,Condo,OR,83,632,41775
LN-102584,Nancy Martin,08/21/2023,08/21/2038,784000,611520,7.52,3716,30 Days Delinquent,Condo,CO,87,817,10606
LN-102585,Mary Martinez,11/23/2021,11/23/2038,634000,538900,4.37,2536,Current,Multi Family,SC,75,722,45645
LN-102586,Donna Wilson,04/27/2018,04/27/2036,803000,698610,6.39,2887,90+ Days Delinquent,Townhouse,OH,89,804,43201
LN-102587,Margaret Hernandez,01/27/2023,01/27/2050,252000,234360,5.47,3831,90+ Days Delinquent,Commercial,OR,81,818,68465
LN-102588,Joseph Miller,11/05/2020,11/05/2042,296000,248640,5.37,3806,30 Days Delinquent,Commercial,MD,57,711,94053
LN-102589,Steven Johnson,11/02/2021,11/02/2036,168000,156240,5.66,1450,60 Days Delinquent,Single Family,PA,62,794,38112
LN-102590,Thomas Miller,02/17/2019,02/17/2037,656000,590400,3.94,2917,Default,Commercial,IN,83,794,27277
LN-102591,Andrew Wilson,10/05/2019,10/05/2038,180000,174600,6.09,2199,Paid Off,Multi Family,AL,76,724,16986
LN-102592,Matthew Ramirez,03/13/2021,03/13/2041,342000,311220,3.89,2844,30 Days Delinquent,Condo,OR,63,682,46158
LN-102593,John Miller,12/26/2019,12/26/2037,548000,427440,3.87,4326,60 Days Delinquent,Condo,VA,72,806,39792
LN-102594,Jessica Williams,02/06/2021,02/06/2044,583000,431420,3.78,3184,90+ Days Delinquent,Condo,OK,87,728,67040
LN-102595,Betty Jones,10/04/2021,10/04/2042,584000,560640,5.75,2485,90+ Days Delinquent,Single Family,WA,81,649,77071
LN-102596,Donna Smith,09/17/2019,09/17/2041,345000,320850,7.26,2674,Paid Off,Multi Family,FL,93,681,24955
LN-102597,Robert Gonzalez,02/02/2023,02/02/2052,280000,207200,4.18,2630,Current,Condo,IN,93,672,81780
LN-102598,Sarah Thompson,01/05/2020,01/05/2037,348000,250560,3.79,2946,Paid Off,Townhouse,NY,58,664,52547
LN-102599,Betty Jackson,01/16/2023,01/16/2042,829000,696360,4.89,3572,60 Days Delinquent,Condo,OR,93,789,74312
LN-102600,William Lee,02/13/2018,02/13/2046,158000,153260,6.9,2915,60 Days Delinquent,Multi Family,WI,87,738,10089
LN-102601,Barbara Johnson,02/11/2020,02/11/2044,452000,307360,7.11,2157,90+ Days Delinquent,Condo,IL,59,792,16971
LN-102602,Richard Taylor,02/19/2023,02/19/2046,656000,413280,7.49,2943,Default,Condo,NY,77,620,41025
LN-102603,Michael Taylor,11/12/2023,11/12/2043,627000,407550,6.49,2764,30 Days Delinquent,Multi Family,MN,93,820,46720
LN-102604,Linda Clark,09/04/2020,09/04/2038,538000,521860,3.67,3564,90+ Days Delinquent,Commercial,NJ,55,637,88392
LN-102605,Joshua Moore,12/19/2020,12/19/2046,268000,243880,6.18,3606,Default,Condo,LA,60,814,79120
LN-102075,Sandra Thompson,10/28/2021,10/28/2036,627000,445170,7.04,1442,Default,Single Family,KY,62,623,57482
LN-102607,Linda Sanchez,12/13/2023,12/13/2044,426000,357840,7.02,3437,90+ Days Delinquent,Condo,MN,80,620,41471
LN-102608,Sarah Thomas,03/27/2018,03/27/2037,829000,779260,5.37,2414,Paid Off,Commercial,OK,70,798,67398
LN-102609,Joseph Thomas,07/22/2022,07/22/2039,721000,684950,7.41,4234,60 Days Delinquent,Multi Family,PA,88,643,33167
LN-102610,Richard Harris,07/04/2023,07/04/2040,689000,626990,5.48,2572,Paid Off,Single Family,MI,70,642,94411
LN-102611,Paul Thompson,12/16/2021,12/16/2047,234000,184860,4.43,3022,90+ Days Delinquent,Single Family,OK,58,661,34261
LN-102612,Jessica Williams,01/17/2021,01/17/2043,210000,189000,5.83,3821,Paid Off,Commercial,TN,93,816,30878
LN-102613,Mark Miller,03/27/2022,03/27/2050,841000,782130,3.63,1704,60 Days Delinquent,Townhouse,LA,62,762,16367
LN-101024,John Davis,09/23/2021,09/23/2045,435000,369750,6.72,1431,Paid Off,Condo,FL,76,681,24880
LN-102615,David Brown,11/01/2020,11/01/2041,186000,124620,3.42,3703,Paid Off,Single Family,NJ,89,703,77847
LN-102616,Andrew Jackson,08/16/2021,08/16/2042,293000,251980,3.9,1923,Default,Commercial,FL,66,797,85524
LN-102617,Kimberly Anderson,09/19/2021,09/19/2051,475000,299250,6.78,2939,60 Days Delinquent,Multi Family,CO,83,621,17662
LN-102618,Donna Lewis,01/27/2018,01/27/2035,552000,391920,6.25,2534,Current,Multi Family,MA,83,654,63547
LN-102619,Joshua Anderson,05/07/2022,05/07/2048,312000,187200,4.93,4403,30 Days Delinquent,Commercial,NJ,83,658,29386
LN-102620,Karen Lee,05/03/2022,05/03/2052,413000,363440,4.41,1737,60 Days Delinquent,Commercial,WI,61,773,21007
LN-102621,Lisa Martinez,03/01/2019,03/01/2039,538000,473440,5.5,3513,30 Days Delinquent,Townhouse,OH,66,639,72537
LN-102622,Mark Lewis,01/16/2021,01/16/2051,568000,420320,3.33,1688,Default,Single Family,FL,73,760,59370
LN-102623,Elizabeth Johnson,06/19/2023,06/19/2042,760000,539600,4.7,1899,90+ Days Delinquent,Multi Family,WA,88,819,60641
LN-100957,Charles Martinez,02/07/2022,02/07/2046,842000,555720,5.21,2277,90+ Days Delinquent,Multi Family,TX,64,686,10302
LN-102625,Robert Ramirez,09/12/2021,09/12/2037,784000,611520,4.05,3695,30 Days Delinquent,Townhouse,CO,67,654,38952
LN-102626,Betty Anderson,01/12/2018,01/12/2045,295000,209450,5.32,2604,90+ Days Delinquent,Townhouse,WI,77,637,15955
LN-102627,James White,12/05/2021,12/05/2041,214000,156220,6.61,2972,30 Days Delinquent,Commercial,TX,75,672,15658
LN-102628,Steven Brown,06/16/2023,06/16/2048,825000,503250,6.31,2504,30 Days Delinquent,Multi Family,MI,73,798,82959
LN-102629,John Johnson,03/02/2023,03/02/2049,436000,265960,5.89,1261,Current,Single Family,AL,71,789,86566
LN-102630,Jessica Clark,10/19/2023,10/19/2042,479000,330510,3.91,4005,90+ Days Delinquent,Condo,IL,83,674,59293
LN-101764,Christopher Smith,10/16/2021,10/16/2050,849000,662220,6.15,3760,90+ Days Delinquent,Single Family,SC,70,750,94060
LN-102632,Joseph Thomas,01/10/2020,01/10/2047,407000,362230,6.09,2533,Paid Off,Multi Family,TX,60,767,30080
LN-102633,James Perez,01/15/2020,01/15/2041,746000,544580,7.39,2024,Paid Off,Multi Family,KY,63,770,69789
LN-102634,Mary Smith,03/20/2019,03/20/2046,503000,377250,5.7,3775,Default,Commercial,OR,75,753,75174
LN-102635,Ashley Jones,11/09/2020,11/09/2048,413000,260190,7.12,2646,30 Days Delinquent,Single Family,IL,93,727,61400
LN-102636,Richard White,02/06/2022,02/06/2046,703000,576460,5.17,3101,Paid Off,Commercial,SC,67,724,28580
LN-102637,Mark Miller,02/20/2022,02/20/2043,310000,248000,5.35,2044,Current,Townhouse,MD,83,748,51092
LN-102638,Matthew Jones,03/28/2021,03/28/2038,735000,712950,6.83,2108,Current,Condo,CA,58,694,56838
LN-102639,Joseph Martin,05/25/2019,05/25/2047,779000,669940,6.05,2985,30 Days Delinquent,Single Family,OH,55,633,45430
LN-101990,Steven Brown,06/07/2019,06/07/2042,671000,409310,4.32,2692,Paid Off,Commercial,MD,85,622,21925
LN-102641,Thomas Martin,01/02/2023,01/02/2052,758000,689780,4.66,2476,Paid Off,Townhouse,MD,75,763,70741
LN-102642,Steven Sanchez,12/24/2022,12/24/2038,486000,408240,7.74,1244,60 Days Delinquent,Multi Family,VA,91,819,59494
LN-102643,Robert Clark,09/21/2022,09/21/2037,322000,309120,6.55,1761,30 Days Delinquent,Multi Family,OH,64,818,39088
LN-102644,Barbara Taylor,03/09/2020,03/09/2050,589000,429970,6.52,3179,60 Days Delinquent,Townhouse,WA,58,775,39319
LN-102645,Margaret Sanchez,10/11/2023,10/11/2039,817000,555560,3.93,2476,90+ Days Delinquent,Condo,TX,58,639,85456
LN-102646,Nancy Martinez,10/14/2018,10/14/2041,461000,387240,5.77,1952,30 Days Delinquent,Single Family,MI,84,722,51031
LN-102647,Michael Wilson,11/17/2022,11/17/2047,517000,341220,6.43,2627,60 Days Delinquent,Townhouse,MD,89,653,31430
LN-101404,Karen Martin,08/17/2018,08/17/2042,472000,443680,6.77,2132,Default,Condo,IN,90,712,49469
LN-102649,Sandra Brown,06/21/2021,06/21/2046,623000,573160,3.79,3938,30 Days Delinquent,Commercial,CT,71,763,11895
LN-102641,Kimberly Davis,11/18/2021,11/18/2040,539000,512050,4.62,2234,Current,Townhouse,OK,63,746,11724
LN-102651,Linda Taylor,11/22/2018,11/22/2041,466000,405420,6.46,2126,Current,Condo,CO,89,692,91879
LN-102652,Elizabeth Williams,06/11/2018,06/11/2033,771000,678480,5.83,2347,60 Days Delinquent,Condo,GA,83,815,46569
LN-102653,John Sanchez,01/27/2022,01/27/2037,819000,565110,3.64,2714,60 Days Delinquent,Single Family,WI,58,692,74135
LN-102654,Kimberly Jones,03/21/2018,03/21/2042,816000,767040,5.75,1606,Default,Townhouse,OR,75,738,20109
LN-102655,John Brown,06/17/2022,06/17/2045,402000,273360,3.44,3116,90+ Days Delinquent,Commercial,TN,88,655,95333
LN-102656,Patricia Lewis,11/22/2023,11/22/2041,827000,554090,5.71,4191,90+ Days Delinquent,Townhouse,OH,79,750,97254
LN-100881,Patricia Lewis,12/14/2018,12/14/2041,833000,699720,4.47,1801,Default,Townhouse,NY,69,711,84033
LN-100150,Joseph Lee,01/06/2021,01/06/2046,406000,389760,5.29,3592,Paid Off,Townhouse,CA,79,767,62329
LN-102659,Steven Lopez,05/27/2023,05/27/2041,200000,192000,6.61,4153,60 Days Delinquent,Townhouse,MD,60,719,93164
LN-102660,Donna Garcia,10/16/2018,10/16/2040,474000,308100,7.33,2419,30 Days Delinquent,Commercial,WI,82,624,87039
LN-102661,Betty Martin,01/27/2019,01/27/2037,596000,572160,5.47,3687,Paid Off,Townhouse,CA,81,771,42067
LN-102662,Paul Williams,08/11/2019,08/11/2036,540000,334800,5.55,2487,90+ Days Delinquent,Commercial,MI,59,789,33699
LN-102663,Patricia Smith,04/15/2018,04/15/2047,468000,453960,3.58,2288,Default,Multi Family,OR,86,645,70003
LN-102664,Sandra Williams,09/26/2018,09/26/2043,182000,141960,6.02,3509,Current,Commercial,MA,91,701,49676
LN-102665,Lisa Clark,04/25/2022,04/25/2050,165000,112200,6.91,3085,90+ Days Delinquent,Commercial,AL,77,713,86970
LN-102666,Mary White,08/11/2022,08/11/2048,808000,775680,6.17,4182,Current,Townhouse,WA,69,740,77038
LN-102667,Kimberly Miller,02/28/2021,02/28/2051,718000,459520,4.87,2304,90+ Days Delinquent,Condo,MO,89,753,25233
LN-102668,Joshua Garcia,12/12/2018,12/12/2045,205000,149650,3.45,2569,Current,Commercial,TN,81,781,18175
LN-102669,Ashley Martinez,05/23/2019,05/23/2043,390000,280800,4.04,2926,Current,Multi Family,FL,62,659,96393
LN-102670,Elizabeth Rodriguez,02/17/2019,02/17/2047,847000,686070,6.51,3709,Current,Commercial,TN,66,665,91407
LN-102671,William Anderson,06/17/2021,06/17/2038,771000,539700,6.7,1732,90+ Days Delinquent,Single Family,TX,80,740,15412
LN-102672,Linda Ramirez,12/01/2022,12/01/2038,714000,606900,6.05,1350,60 Days Delinquent,Townhouse,UT,83,798,50378
LN-102673,Sandra Clark,12/22/2023,12/22/2052,380000,266000,6.43,4494,60 Days Delinquent,Multi Family,CA,91,622,50169
LN-102674,Linda Miller,01/16/2021,01/16/2051,740000,532800,3.9,3954,30 Days Delinquent,Single Family,WA,95,626,73258
LN-102675,John Smith,07/12/2022,07/12/2042,723000,665160,7.1,3691,30 Days Delinquent,Single Family,CA,70,811,72217
LN-102676,Ashley Lopez,05/03/2021,05/03/2045,752000,503840,5.29,1881,60 Days Delinquent,Townhouse,WI,74,731,59221
LN-102677,Christopher Thomas,05/28/2020,05/28/2050,186000,145080,5.68,2352,90+ Days Delinquent,Townhouse,MI,60,755,96316
LN-102678,Ashley Robinson,01/28/2022,01/28/2051,511000,403690,4.5,2992,Default,Multi Family,MN,55,790,86070
LN-102679,Steven White,04/11/2018,04/11/2039,371000,237440,6.75,2292,30 Days Delinquent,Commercial,GA,83,676,73767
LN-102680,Sandra Robinson,07/01/2023,07/01/2044,170000,113900,5.58,2541,30 Days Delinquent,Commercial,AZ,61,757,45216
LN-100500,Emily Clark,01/01/2022,01/01/2042,190000,159600,5.18,2099,Current,Single Family,MO,69,767,25069
LN-102682,Sarah Robinson,06/14/2022,06/14/2045,302000,184220,3.53,3958,Default,Multi Family,MD,85,651,80999
LN-102683,Andrew Harris,09/17/2021,09/17/2046,733000,645040,3.35,4182,60 Days Delinquent,Townhouse,MD,85,794,82314
LN-101147,Steven Wilson,02/02/2022,02/02/2039,690000,593400,3.28,1626,90+ Days Delinquent,Condo,AL,62,648,67847
LN-102685,Andrew Gonzalez,03/17/2021,03/17/2041,239000,205540,5.48,2177,Paid Off,Condo,NC,84,754,16976
LN-102686,Sandra Clark,11/04/2020,11/04/2042,385000,269500,7.17,1272,Paid Off,Townhouse,CT,64,640,25521
LN-102687,Emily Clark,04/15/2020,04/15/2045,234000,191880,4.09,4374,Default,Condo,NC,78,648,83467
LN-102688,Matthew Lewis,06/26/2020,06/26/2050,453000,357870,7.01,3430,Paid Off,Single Family,MA,86,672,29779
LN-102689,Richard Lee,02/21/2018,02/21/2037,431000,323250,5.35,4141,Current,Commercial,MN,72,687,38736
LN-102690,Jennifer Miller,12/14/2019,12/14/2048,239000,181640,7.22,4116,Default,Condo,CT,90,661,57615
LN-102691,Susan Anderson,08/03/2021,08/03/2044,805000,507150,6.23,1925,Default,Condo,AZ,89,721,78559
LN-102692,Betty Thompson,03/18/2021,03/18/2050,550000,412500,4.09,1370,Default,Condo,LA,90,792,65775
LN-102693,Betty Taylor,05/03/2022,05/03/2052,463000,384290,4.55,1420,Default,Single Family,IL,70,661,80155
LN-102694,John Hernandez,08/21/2018,08/21/2035,165000,151800,5.11,3834,Current,Commercial,WA,72,809,72065
LN-102695,Lisa Hernandez,05/12/2021,05/12/2042,810000,623700,6.45,1743,60 Days Delinquent,Commercial,NC,94,709,16906
LN-102696,Joshua Harris,08/16/2021,08/16/2045,792000,736560,7.21,2467,60 Days Delinquent,Condo,AL,85,719,81736
LN-102697,Michael Garcia,11/11/2023,11/11/2040,356000,348880,6.48,4121,Default,Commercial,LA,57,780,51230
LN-102698,Sandra Lee,11/09/2018,11/09/2041,837000,636120,4.22,2913,Paid Off,Single Family,UT,94,691,15451
LN-102699,Kimberly Taylor,12/14/2023,12/14/2048,703000,492100,6.41,1880,60 Days Delinquent,Single Family,MN,79,696,81817
LN-102700,Patricia Williams,02/15/2018,02/15/2034,690000,641700,3.75,2793,Current,Townhouse,VA,66,720,62197
LN-102701,Linda White,05/20/2023,05/20/2050,719000,582390,3.5,1514,Current,Condo,OH,69,622,62120
LN-102702,Christopher Lewis,06/12/2020,06/12/2036,717000,695490,6.01,3820,90+ Days Delinquent,Multi Family,SC,64,712,40184
LN-102026,Andrew Moore,09/03/2018,09/03/2047,408000,310080,7.62,1828,30 Days Delinquent,Single Family,OR,60,819,14821
LN-102704,Richard Thomas,03/23/2018,03/23/2045,787000,574510,5.62,2756,60 Days Delinquent,Commercial,MD,93,652,35011
LN-102705,Sandra Clark,05/01/2020,05/01/2045,210000,157500,3.25,3438,Paid Off,Multi Family,TN,92,641,48983
LN-101135,Robert Garcia,07/14/2018,07/14/2043,400000,392000,3.74,3076,Current,Condo,OR,84,751,67051
LN-102707,Joseph Thomas,02/11/2021,02/11/2051,734000,594540,4.16,3154,Default,Condo,AZ,67,711,80716
LN-102708,Paul Clark,04/13/2021,04/13/2040,650000,585000,6.84,1950,Default,Commercial,UT,67,790,96218
LN-102709,Anthony Moore,09/24/2023,09/24/2044,753000,730410,6.76,1466,90+ Days Delinquent,Multi Family,GA,61,772,74987
LN-102710,Andrew Miller,04/20/2020,04/20/2036,507000,395460,7.41,3410,Paid Off,Multi Family,MD,77,752,33328
LN-102711,Susan Moore,01/24/2020,01/24/2048,256000,184320,7.71,2902,30 Days Delinquent,Single Family,OR,95,773,92574
LN-100689,Sarah Martinez,08/20/2019,08/20/2042,267000,160200,4.39,2048,60 Days Delinquent,Townhouse,OH,83,714,93357
LN-102713,Betty Jones,03/18/2022,03/18/2045,453000,398640,4.94,3419,Current,Townhouse,FL,70,817,30892
LN-102714,Michelle Lopez,08/13/2022,08/13/2037,413000,338660,6.05,2159,30 Days Delinquent,Commercial,LA,57,759,27541
LN-102715,Barbara Garcia,09/25/2022,09/25/2045,378000,245700,4.1,3954,30 Days Delinquent,Commercial,LA,62,798,58171
LN-102716,Linda Williams,06/28/2019,06/28/2035,550000,456500,7.66,3495,30 Days Delinquent,Single Family,PA,75,739,53275
LN-102717,James Martinez,05/18/2021,05/18/2040,166000,119520,5.68,3055,60 Days Delinquent,Multi Family,TX,70,707,50256
LN-102718,Anthony White,06/09/2022,06/09/2047,253000,202400,5.18,2479,60 Days Delinquent,Single Family,NJ,68,757,10656
LN-102719,Jessica Gonzalez,11/08/2020,11/08/2043,524000,450640,6.67,2600,60 Days Delinquent,Commercial,WI,79,738,70127
LN-102720,Thomas Ramirez,07/21/2019,07/21/2040,800000,512000,4.3,3661,Default,Commercial,PA,80,728,93753
LN-102721,Joshua Sanchez,03/06/2023,03/06/2053,776000,605280,3.6,3093,Current,Single Family,GA,68,644,14999
LN-102722,Richard Garcia,02/08/2022,02/08/2049,771000,585960,7.54,2949,Current,Single Family,FL,93,675,45627
LN-102723,Jessica Martinez,06/08/2023,06/08/2045,619000,420920,5.58,3862,60 Days Delinquent,Single Family,AZ,83,760,61692
LN-102724,Lisa Harris,07/18/2023,07/18/2052,850000,680000,3.26,1220,Paid Off,Multi Family,TN,93,729,24766
LN-102725,Sandra Anderson,08/26/2020,08/26/2042,263000,176210,7.23,2838,Default,Commercial,NY,60,760,76484
LN-102726,James Lewis,11/24/2022,11/24/2042,193000,183350,4.91,1710,90+ Days Delinquent,Condo,LA,55,809,93794
LN-102727,Michael Perez,03/18/2022,03/18/2040,162000,140940,4.91,1222,30 Days Delinquent,Condo,LA,70,735,84355
LN-102728,Paul Robinson,12/22/2020,12/22/2046,804000,514560,7.38,2130,Default,Condo,CT,84,691,50727
LN-102729,William Harris,07/01/2020,07/01/2035,575000,373750,5.11,1262,60 Days Delinquent,Multi Family,KY,69,678,68994
LN-102730,Susan Taylor,08/11/2023,08/11/2047,387000,359910,7.44,4411,Default,Single Family,CO,80,775,40148
LN-102731,Paul Hernandez,08/09/2023,08/09/2044,553000,536410,3.54,1536,90+ Days Delinquent,Commercial,MI,66,692,25029
LN-102732,Margaret Martinez,04/23/2023,04/23/2043,680000,652800,3.77,4050,Current,Townhouse,KY,93,798,34208
LN-102733,Elizabeth Anderson,03/23/2022,03/23/2042,352000,242880,5.16,2423,30 Days Delinquent,Commercial,LA,68,695,67777
LN-102734,Betty Gonzalez,07/17/2020,07/17/2046,741000,674310,6.16,3967,Current,Commercial,WI,76,635,89753
LN-102735,Paul Martin,03/23/2021,03/23/2040,776000,566480,4.46,3762,Paid Off,Condo,LA,71,811,66389
LN-102736,David White,11/07/2018,11/07/2042,749000,689080,4.21,3480,Paid Off,Commercial,WA,66,671,49436
LN-102737,Andrew Moore,08/08/2018,08/08/2044,388000,376360,4.84,2553,Current,Commercial,MI,92,748,60729
LN-102738,Elizabeth Harris,01/15/2022,01/15/2049,630000,428400,6.64,2920,90+ Days Delinquent,Condo,PA,58,622,39811
LN-102739,Michael Moore,10/20/2019,10/20/2042,744000,595200,7.32,2635,Default,Single Family,LA,55,802,28364
LN-102740,Steven White,10/28/2019,10/28/2040,277000,213290,4.67,1497,90+ Days Delinquent,Condo,IN,92,694,19048
LN-102741,Elizabeth Wilson,12/14/2020,12/14/2048,395000,351550,6.99,1867,90+ Days Delinquent,Single Family,UT,68,722,47485
LN-102742,Sarah Garcia,10/17/2019,10/17/2045,411000,382230,7.01,4036,30 Days Delinquent,Condo,GA,56,628,79343
LN-102743,Sarah Ramirez,05/04/2020,05/04/2036,487000,413950,6.13,1276,60 Days Delinquent,Commercial,MI,91,736,63134
LN-102744,Linda Wilson,01/26/2021,01/26/2051,434000,420980,4.72,3641,30 Days Delinquent,Townhouse,GA,81,628,12310
LN-102745,Andrew Anderson,08/02/2021,08/02/2042,542000,368560,3.63,3808,Paid Off,Townhouse,WI,64,662,17166
LN-102746,Christopher Lewis,03/04/2023,03/04/2039,731000,526320,6.11,2612,90+ Days Delinquent,Condo,SC,55,719,15473
LN-102747,Matthew Rodriguez,11/26/2020,11/26/2045,394000,256100,5.17,4468,30 Days Delinquent,Multi Family,VA,67,650,26208
LN-102748,David Thomas,05/25/2019,05/25/2049,824000,782800,3.27,2062,90+ Days Delinquent,Townhouse,VA,86,768,77685
LN-102749,Joseph Ramirez,11/04/2019,11/04/2049,794000,643140,4.67,3383,30 Days Delinquent,Commercial,AL,70,714,83699
LN-102750,Donald Johnson,07/12/2021,07/12/2044,276000,171120,3.84,3213,30 Days Delinquent,Townhouse,CT,84,635,65906
LN-102751,Nancy Rodriguez,10/10/2021,10/10/2041,442000,278460,6.32,4048,Current,Condo,NJ,61,719,62545
LN-102752,Mark Gonzalez,06/28/2018,06/28/2046,327000,297570,5.1,1632,Current,Condo,AZ,83,634,45347
LN-102753,James Garcia,08/13/2019,08/13/2041,180000,160200,3.88,2459,Paid Off,Single Family,PA,76,656,18346
LN-102754,Thomas Sanchez,05/24/2018,05/24/2040,173000,162620,6.03,2747,30 Days Delinquent,Commercial,NY,89,729,35279
LN-102755,Donald Wilson,05/07/2018,05/07/2035,451000,306680,5.38,4415,90+ Days Delinquent,Single Family,OH,78,712,71846
LN-102756,Sarah White,12/14/2018,12/14/2046,505000,489850,4.27,3139,30 Days Delinquent,Single Family,KY,78,627,15940
LN-102757,Paul Brown,06/03/2023,06/03/2042,369000,295200,7.07,3227,Default,Commercial,AL,95,630,36918
LN-102758,Linda Taylor,08/16/2023,08/16/2051,669000,642240,7.03,2477,Paid Off,Multi Family,IN,64,659,59394
LN-102759,Sandra Davis,07/17/2020,07/17/2042,643000,578700,4.71,4238,Default,Single Family,CA,56,661,69901
LN-102760,Steven Sanchez,08/24/2019,08/24/2036,628000,502400,3.54,2938,Default,Multi Family,UT,67,772,87492
LN-102761,Betty Moore,08/06/2022,08/06/2044,600000,492000,5.76,2485,90+ Days Delinquent,Single Family,CO,73,747,86910
LN-102762,Susan Rodriguez,04/22/2020,04/22/2043,247000,205010,7.72,1267,60 Days Delinquent,Single Family,WI,82,627,16426
LN-102763,Steven Davis,06/11/2022,06/11/2042,374000,295460,5.45,2163,90+ Days Delinquent,Multi Family,NY,79,672,52523
LN-102764,Daniel Williams,10/21/2018,10/21/2035,602000,577920,3.41,3854,60 Days Delinquent,Single Family,WA,69,655,67623
LN-102765,Daniel Johnson,04/20/2018,04/20/2034,174000,135720,3.47,3179,Paid Off,Single Family,LA,74,790,59994
LN-102766,Daniel Thompson,09/18/2021,09/18/2037,369000,328410,6.47,4084,Paid Off,Single Family,GA,89,734,28221
LN-102767,Michael Johnson,10/11/2023,10/11/2039,287000,238210,5.25,3145,90+ Days Delinquent,Single Family,IN,94,715,14576
LN-102768,David Gonzalez,06/20/2022,06/20/2045,430000,322500,6.29,3497,Default,Multi Family,MO,59,735,64358
LN-102769,Donald Williams,02/21/2023,02/21/2038,605000,459800,6.45,3123,60 Days Delinquent,Single Family,UT,66,679,26430
LN-102770,Christopher Smith,06/21/2022,06/21/2050,524000,403480,5.11,4172,Default,Commercial,OK,90,713,54504
LN-102771,David Sanchez,08/14/2020,08/14/2039,384000,291840,7.04,4178,Default,Condo,SC,64,718,65354
LN-102772,Sandra Jackson,01/08/2023,01/08/2049,310000,235600,5.1,1650,60 Days Delinquent,Condo,CT,70,620,63346
LN-102773,Nancy Anderson,05/18/2020,05/18/2048,200000,182000,4.51,2065,60 Days Delinquent,Commercial,PA,82,803,28100
LN-102774,Jennifer Anderson,03/15/2022,03/15/2041,374000,287980,4.06,3726,Paid Off,Condo,VA,75,721,80244
LN-102775,Barbara Jackson,08/18/2023,08/18/2047,771000,701610,5.93,1943,Current,Multi Family,IL,90,635,23418
LN-102776,Linda Smith,12/03/2021,12/03/2043,163000,109210,6.13,1476,Current,Condo,WI,77,784,60618
LN-102777,Michelle Miller,03/23/2019,03/23/2044,524000,366800,5.95,1458,30 Days Delinquent,Single Family,MI,77,679,40874
LN-102778,Jennifer Taylor,11/05/2021,11/05/2037,397000,341420,3.63,2703,Paid Off,Townhouse,OH,68,776,19003
LN-102779,John Sanchez,09/06/2019,09/06/2047,508000,309880,6.57,3628,30 Days Delinquent,Single Family,TX,75,645,28270
LN-102780,Ashley Robinson,07/27/2019,07/27/2035,643000,520830,4.81,4153,Current,Condo,MD,82,722,52268
LN-102781,Michael Lewis,04/27/2023,04/27/2045,366000,267180,6.3,3031,30 Days Delinquent,Commercial,IL,60,637,65382
LN-102782,Karen Lewis,08/08/2022,08/08/2038,280000,260400,7.49,4155,Paid Off,Townhouse,SC,77,720,71926
LN-102783,Patricia Thomas,03/16/2019,03/16/2041,655000,412650,5.33,2108,90+ Days Delinquent,Condo,GA,74,643,42879
LN-102784,Sarah Thompson,02/16/2023,02/16/2041,693000,547470,7.39,3637,Default,Condo,WI,57,776,15768
LN-102785,Margaret Wilson,03/28/2022,03/28/2041,294000,273420,3.6,4155,Default,Multi Family,NC,94,634,91439
LN-102786,Jessica Clark,10/18/2018,10/18/2035,475000,294500,6.94,2413,90+ Days Delinquent,Single Family,SC,87,651,62158
LN-102787,Kimberly Miller,07/13/2021,07/13/2048,407000,333740,6.93,2705,30 Days Delinquent,Townhouse,OH,65,746,97806
LN-102788,Margaret Jones,06/16/2020,06/16/2048,321000,288900,6.94,3820,60 Days Delinquent,Commercial,MN,64,779,42949
LN-102789,Richard Thompson,05/01/2022,05/01/2047,844000,514840,7.08,2289,90+ Days Delinquent,Townhouse,VA,82,757,61963
LN-102790,Karen Miller,09/13/2023,09/13/2045,818000,638040,3.42,3170,Default,Single Family,AL,83,779,15479
LN-102791,Andrew Taylor,09/27/2023,09/27/2039,597000,507450,6.69,1343,90+ Days Delinquent,Commercial,AZ,88,671,77766
LN-102792,Mark Jones,12/06/2019,12/06/2047,431000,306010,7.48,2588,Paid Off,Commercial,OH,90,773,48082
LN-102793,Lisa Brown,05/01/2018,05/01/2046,611000,501020,5.54,4092,60 Days Delinquent,Commercial,OH,88,744,84002
LN-102794,Charles Jones,04/20/2019,04/20/2039,491000,441900,4.01,3329,30 Days Delinquent,Condo,FL,95,620,55517
LN-102795,Elizabeth Thomas,03/12/2021,03/12/2036,471000,400350,4.75,2683,Default,Condo,GA,85,786,87755
LN-102796,Michael Smith,08/06/2021,08/06/2042,571000,365440,5.06,2046,90+ Days Delinquent,Single Family,CO,82,650,58849
LN-102797,Joseph Wilson,11/10/2020,11/10/2037,199000,175120,6.67,3206,Current,Commercial,LA,74,805,43143
LN-102798,Richard Gonzalez,01/12/2020,01/12/2050,694000,659300,3.73,1677,30 Days Delinquent,Townhouse,FL,68,739,95585
LN-102799,Susan Williams,08/08/2018,08/08/2046,455000,300300,4.19,2202,90+ Days Delinquent,Commercial,WI,57,808,33855
LN-102800,Jennifer Garcia,03/04/2021,03/04/2040,819000,581490,5.15,4471,Current,Condo,TN,95,652,23698
LN-102801,Susan Anderson,03/16/2022,03/16/2048,330000,247500,6.22,1708,60 Days Delinquent,Townhouse,OR,62,719,66620
LN-102802,Mary Johnson,12/13/2019,12/13/2047,469000,356440,7.21,1466,60 Days Delinquent,Commercial,MA,56,769,92247
LN-102803,Andrew Gonzalez,01/21/2018,01/21/2035,528000,316800,7.21,2246,30 Days Delinquent,Condo,MD,93,704,53469
LN-102804,Paul Jones,07/13/2023,07/13/2041,269000,182920,5.71,4271,Current,Condo,PA,75,640,69599
LN-102805,Jennifer Jones,02/21/2022,02/21/2051,633000,557040,5.67,2858,30 Days Delinquent,Multi Family,WA,59,773,32190
LN-102806,Jessica Thompson,04/19/2018,04/19/2045,429000,398970,6.99,3074,60 Days Delinquent,Multi Family,SC,92,631,14868
LN-102807,Mary Gonzalez,10/24/2018,10/24/2035,597000,555210,6.38,2394,60 Days Delinquent,Townhouse,OR,88,727,94329
LN-102808,Margaret Garcia,04/27/2023,04/27/2053,287000,198030,5.95,1589,90+ Days Delinquent,Townhouse,LA,85,698,81081
LN-102809,Lisa Gonzalez,06/24/2018,06/24/2033,508000,431800,7.32,3882,30 Days Delinquent,Multi Family,CA,58,733,39431
LN-102810,Christopher Hernandez,12/27/2018,12/27/2048,762000,586740,3.5,3905,Paid Off,Commercial,CT,95,783,98464
LN-102811,Thomas Clark,03/27/2020,03/27/2035,299000,242190,6.59,3513,Current,Townhouse,MO,85,626,67987
LN-102812,Michael Robinson,11/26/2020,11/26/2045,686000,500780,7.42,4175,Current,Commercial,NY,60,701,29393
LN-102813,Ashley Anderson,02/05/2023,02/05/2039,176000,144320,3.52,1689,30 Days Delinquent,Commercial,LA,94,727,67498
LN-102814,Matthew Williams,06/08/2019,06/08/2039,272000,261120,7.15,3196,30 Days Delinquent,Commercial,IL,78,737,83753
LN-102815,Sarah Johnson,09/01/2023,09/01/2049,406000,280140,3.65,2113,Current,Commercial,MA,68,704,54484
LN-102816,Patricia Martin,08/19/2023,08/19/2042,247000,239590,6.12,3880,Default,Multi Family,OR,63,703,35419
LN-102817,Matthew Robinson,04/19/2020,04/19/2036,381000,289560,7.64,1978,30 Days Delinquent,Multi Family,NJ,75,705,11653
LN-102818,Matthew Miller,06/01/2019,06/01/2038,735000,588000,5.51,3957,90+ Days Delinquent,Townhouse,MO,64,622,18976
LN-102819,Joshua Thompson,03/13/2021,03/13/2042,310000,260400,4.41,1448,30 Days Delinquent,Commercial,KY,72,817,95027
LN-102820,Steven Rodriguez,11/03/2019,11/03/2039,477000,381600,5.65,4185,Default,Multi Family,AZ,65,670,68558
LN-102821,Kimberly Brown,07/07/2021,07/07/2036,361000,328510,4.08,1651,60 Days Delinquent,Commercial,GA,58,796,46368
LN-102822,Matthew Thompson,08/09/2022,08/09/2038,661000,442870,6.07,3988,Current,Commercial,MA,78,815,97625
LN-102823,Lisa Hernandez,09/25/2018,09/25/2037,261000,193140,5.29,2519,60 Days Delinquent,Townhouse,MI,71,801,87616
LN-102824,Michelle Williams,09/27/2021,09/27/2038,748000,501160,5.66,3245,90+ Days Delinquent,Multi Family,MN,95,703,50821
LN-102825,Thomas Clark,12/17/2018,12/17/2046,221000,198900,3.54,4343,30 Days Delinquent,Townhouse,FL,82,637,42864
LN-102826,Charles Rodriguez,06/02/2023,06/02/2042,663000,616590,5.5,4136,Paid Off,Commercial,IL,57,669,49262
LN-102827,Donna White,10/13/2019,10/13/2034,784000,736960,7.08,3427,30 Days Delinquent,Condo,AZ,76,622,21136
LN-102828,William Taylor,01/19/2020,01/19/2046,417000,375300,6.38,1540,90+ Days Delinquent,Townhouse,TX,87,663,57510
LN-102829,Thomas Martinez,04/01/2022,04/01/2049,311000,233250,5.78,3420,Paid Off,Single Family,MN,92,655,98934
LN-102830,Barbara Jackson,11/02/2023,11/02/2050,358000,239860,4.43,4189,Paid Off,Single Family,NY,70,725,51092
LN-102831,Richard Garcia,07/17/2023,07/17/2041,808000,751440,3.45,4369,Paid Off,Townhouse,PA,78,651,94592
LN-102832,James Lopez,02/21/2022,02/21/2048,534000,357780,3.28,4158,Default,Commercial,FL,95,739,42161
LN-102833,Steven Robinson,06/28/2018,06/28/2041,288000,201600,6.18,2947,60 Days Delinquent,Multi Family,IN,93,671,48548
LN-102834,Christopher Jones,09/04/2023,09/04/2047,569000,460890,7.41,2332,30 Days Delinquent,Commercial,MA,68,718,12106
LN-102835,Sandra Brown,09/21/2020,09/21/2049,304000,276640,5.6,3610,Default,Single Family,WI,86,762,43247
LN-102836,Thomas Jackson,07/18/2022,07/18/2037,766000,612800,5.18,1919,60 Days Delinquent,Condo,MD,90,752,15674
LN-102837,Sandra Robinson,09/03/2023,09/03/2038,474000,284400,7.38,2573,60 Days Delinquent,Townhouse,SC,63,736,52042
LN-102838,Thomas Sanchez,08/03/2022,08/03/2043,618000,401700,6.2,2549,30 Days Delinquent,Commercial,FL,80,784,67178
LN-102839,Donna Lee,01/16/2020,01/16/2044,214000,128400,7.6,4090,Paid Off,Commercial,LA,95,725,55789
LN-102840,Donna Jones,07/11/2019,07/11/2047,482000,404880,5.94,1797,Paid Off,Condo,VA,75,659,46216
LN-102841,Karen Harris,02/20/2018,02/20/2034,298000,262240,6.92,1576,Paid Off,Commercial,MA,67,749,91798
LN-102842,Karen Martinez,12/11/2019,12/11/2048,432000,380160,3.61,3217,Paid Off,Single Family,OH,67,646,33315
LN-102843,Susan Gonzalez,11/14/2023,11/14/2042,586000,521540,4,3149,Default,Commercial,WI,88,755,92718
LN-102844,Ashley Harris,07/18/2020,07/18/2044,591000,531900,3.58,1331,60 Days Delinquent,Commercial,TX,91,719,55702
LN-102845,Matthew Jackson,04/13/2019,04/13/2048,317000,221900,6.06,3320,Default,Townhouse,SC,67,798,54798
LN-102846,Margaret Brown,11/11/2018,11/11/2036,642000,622740,3.42,3445,Paid Off,Multi Family,LA,91,714,60832
LN-102847,Matthew Martin,06/09/2020,06/09/2042,226000,169500,4.44,1956,Default,Multi Family,MI,63,768,61490
LN-102848,Jessica Brown,03/26/2018,03/26/2039,397000,333480,5.72,1671,90+ Days Delinquent,Multi Family,SC,55,700,55555
LN-102849,Sarah Sanchez,10/03/2019,10/03/2045,800000,552000,5.38,1384,Paid Off,Townhouse,LA,72,671,56227
LN-102850,Elizabeth Ramirez,09/11/2019,09/11/2049,673000,592240,6.2,4399,Paid Off,Commercial,OH,62,625,45566
LN-102851,Sarah Wilson,04/01/2019,04/01/2042,367000,231210,3.51,3365,60 Days Delinquent,Multi Family,SC,90,744,26449
LN-102852,Donna Rodriguez,02/18/2020,02/18/2038,204000,132600,3.96,3390,Default,Townhouse,MN,92,677,86422
LN-102853,James Hernandez,10/26/2019,10/26/2035,316000,199080,7.5,2980,60 Days Delinquent,Commercial,MI,68,668,36495
LN-102854,John Johnson,02/09/2018,02/09/2045,777000,505050,4.62,1805,30 Days Delinquent,Townhouse,MN,55,672,84610
LN-102855,Patricia Lee,06/18/2019,06/18/2043,489000,469440,4.43,2548,Default,Townhouse,TX,67,656,76712
LN-102856,Sandra Lee,05/06/2023,05/06/2052,472000,410640,5.71,1472,90+ Days Delinquent,Townhouse,MO,69,788,79473
LN-102857,Mark Moore,03/18/2021,03/18/2051,526000,320860,4.67,2489,Paid Off,Condo,OH,86,627,47616
LN-102858,Sarah Ramirez,04/02/2021,04/02/2045,636000,597840,6.32,2064,60 Days Delinquent,Single Family,TX,65,725,48262
LN-102859,William Clark,10/25/2021,10/25/2049,569000,483650,4.65,4423,Paid Off,Multi Family,AZ,79,641,11508
LN-102860,Richard Lewis,03/17/2020,03/17/2046,198000,172260,6.93,1763,Paid Off,Commercial,PA,58,721,60794
LN-102861,Andrew Smith,07/17/2020,07/17/2039,176000,123200,5.66,2058,90+ Days Delinquent,Condo,MI,88,757,43652
LN-102862,Jennifer Thomas,10/07/2023,10/07/2043,286000,254540,5.46,3533,60 Days Delinquent,Multi Family,LA,68,674,60934
LN-102863,Margaret Johnson,10/16/2019,10/16/2040,675000,445500,4.45,2621,60 Days Delinquent,Townhouse,CA,66,679,30653
LN-102864,Susan Wilson,09/10/2020,09/10/2042,782000,492660,3.88,3113,30 Days Delinquent,Townhouse,AZ,85,647,78926
LN-102865,Donald Brown,10/09/2021,10/09/2043,249000,181770,3.7,4403,30 Days Delinquent,Condo,NJ,62,678,93106
LN-102866,Joseph Ramirez,08/22/2020,08/22/2037,307000,233320,5.8,3020,Default,Condo,MO,79,662,81828
LN-102867,Linda Sanchez,09/18/2023,09/18/2053,205000,164000,4.54,2141,30 Days Delinquent,Condo,VA,64,770,70990
LN-102868,Robert Wilson,07/02/2022,07/02/2038,759000,523710,6.94,3531,90+ Days Delinquent,Condo,WI,84,769,66058
LN-102869,Donna Robinson,01/18/2021,01/18/2037,188000,169200,7.18,1350,Paid Off,Single Family,FL,59,694,84497
LN-102870,Jessica Taylor,07/15/2020,07/15/2040,244000,200080,5.66,2131,60 Days Delinquent,Condo,TX,87,636,70840
LN-102871,Elizabeth Hernandez,12/15/2023,12/15/2043,318000,213060,4.3,2960,90+ Days Delinquent,Commercial,IN,59,775,94787
LN-102872,Anthony Martinez,01/16/2021,01/16/2045,444000,275280,7.25,3073,90+ Days Delinquent,Townhouse,PA,93,627,90811
LN-102873,Elizabeth Lee,10/18/2021,10/18/2041,743000,690990,7.34,4322,90+ Days Delinquent,Townhouse,NJ,76,668,53589
LN-102874,Michael Lewis,10/09/2021,10/09/2038,176000,153120,4.51,3322,60 Days Delinquent,Multi Family,CO,62,787,70169
LN-102875,Mark Lopez,03/01/2022,03/01/2044,319000,252010,5.77,2942,Current,Single Family,IN,82,726,82444
LN-102876,Karen Sanchez,09/25/2022,09/25/2039,368000,283360,6.77,2191,60 Days Delinquent,Commercial,UT,55,640,39138
LN-102877,Kimberly Lewis,12/28/2021,12/28/2047,300000,249000,7.11,3900,60 Days Delinquent,Condo,NY,59,762,12946
LN-102878,Donald Thomas,08/18/2019,08/18/2035,305000,283650,7.26,2608,30 Days Delinquent,Condo,AL,87,729,45284
LN-102879,Lisa Thompson,11/06/2020,11/06/2049,633000,379800,4.89,1426,Current,Condo,GA,71,674,47158
LN-102880,Daniel Garcia,12/23/2019,12/23/2047,507000,461370,6.45,1548,30 Days Delinquent,Multi Family,MD,59,707,49789
LN-102881,Barbara Miller,10/18/2022,10/18/2049,608000,492480,7.66,3653,Default,Multi Family,NC,86,791,56226
LN-102882,Donna Robinson,09/07/2018,09/07/2047,351000,305370,5.86,1505,60 Days Delinquent,Townhouse,IL,59,627,35622
LN-102883,Margaret Smith,12/25/2023,12/25/2050,643000,469390,6.85,2212,90+ Days Delinquent,Condo,NC,57,734,74692
LN-102884,Joshua Thompson,06/21/2021,06/21/2042,174000,163560,5.03,1251,Current,Townhouse,MO,77,738,16565
LN-102885,Mary Hernandez,06/17/2018,06/17/2036,241000,161470,5.62,4376,30 Days Delinquent,Single Family,VA,62,815,28421
LN-102886,Mary Thomas,07/14/2018,07/14/2045,374000,235620,3.37,3815,60 Days Delinquent,Single Family,UT,80,790,37082
LN-102887,Michelle Moore,10/12/2021,10/12/2037,758000,560920,6.46,3153,60 Days Delinquent,Commercial,MO,86,655,87549
LN-102888,Betty Davis,03/27/2020,03/27/2047,541000,470670,4.51,1577,30 Days Delinquent,Multi Family,NC,70,684,27915
LN-102889,Patricia Taylor,10/14/2022,10/14/2050,522000,475020,6.2,2531,Paid Off,Multi Family,NY,85,631,95754
LN-102890,Thomas Thomas,03/16/2019,03/16/2046,814000,643060,3.79,3422,30 Days Delinquent,Single Family,MN,57,642,30469
LN-102891,Paul Wilson,02/09/2023,02/09/2052,476000,342720,4.25,2398,Current,Single Family,NY,71,701,40567
LN-102892,Charles Moore,03/09/2018,03/09/2041,695000,451750,6.61,3138,Default,Multi Family,PA,82,633,84292
LN-102893,Matthew Thomas,04/05/2021,04/05/2050,386000,239320,4.04,3845,Paid Off,Townhouse,FL,63,812,43347
LN-102894,Nancy Sanchez,11/11/2019,11/11/2041,715000,550550,6.53,1384,30 Days Delinquent,Multi Family,SC,86,685,38306
LN-102895,Thomas Lewis,05/14/2018,05/14/2041,609000,566370,4.26,1984,Current,Townhouse,CA,58,793,62909
LN-102896,Paul Jackson,07/26/2023,07/26/2047,283000,263190,5.91,4163,Paid Off,Condo,MI,82,794,76709
LN-102897,Betty Robinson,02/25/2021,02/25/2047,264000,253440,3.27,4086,Current,Commercial,WI,92,647,13087
LN-102898,Linda Jones,07/10/2021,07/10/2039,563000,377210,3.31,3415,90+ Days Delinquent,Commercial,PA,86,664,17560
LN-102899,Lisa Clark,10/25/2021,10/25/2038,557000,334200,7.28,3246,Paid Off,Condo,MI,84,632,73066
LN-102900,James Moore,10/23/2018,10/23/2043,789000,639090,6.95,2056,Paid Off,Multi Family,OK,86,670,22583
LN-102901,Kimberly Gonzalez,08/17/2021,08/17/2048,340000,258400,7.53,1463,Current,Townhouse,MD,60,628,37455
LN-102902,Robert Brown,01/28/2023,01/28/2041,580000,394400,4.31,1295,90+ Days Delinquent,Multi Family,TN,72,621,79876
LN-102903,Jessica Rodriguez,02/27/2020,02/27/2047,750000,720000,4.81,3294,90+ Days Delinquent,Single Family,CO,78,764,30826
LN-102904,Karen Thomas,11/16/2020,11/16/2042,322000,206080,6.82,1634,90+ Days Delinquent,Single Family,TX,91,677,96545
LN-102905,Sandra Johnson,12/24/2020,12/24/2040,839000,503400,7.63,2452,Default,Condo,OK,58,707,97409
LN-102906,Sandra Martin,07/15/2021,07/15/2049,608000,510720,6.29,2286,30 Days Delinquent,Multi Family,OH,72,813,92114
LN-102907,John Lee,01/21/2021,01/21/2046,461000,281210,3.76,4460,90+ Days Delinquent,Multi Family,IL,70,676,65639
LN-102908,Michael Martinez,02/25/2023,02/25/2050,356000,284800,5.46,3431,60 Days Delinquent,Single Family,NC,88,807,99935
LN-102909,Nancy Taylor,07/13/2018,07/13/2034,366000,241560,7.62,1231,30 Days Delinquent,Commercial,OR,93,730,68108
LN-102910,Daniel Thompson,05/12/2021,05/12/2049,357000,285600,4.26,1976,Default,Townhouse,NC,64,770,66740
LN-102911,Elizabeth Lee,08/26/2021,08/26/2036,279000,212040,3.26,1712,30 Days Delinquent,Commercial,OH,68,739,65966
LN-102912,Charles Anderson,03/02/2022,03/02/2042,369000,324720,7.67,3786,Paid Off,Single Family,OR,65,775,15738
LN-102913,Thomas Thomas,05/18/2020,05/18/2049,686000,541940,5.61,4176,30 Days Delinquent,Single Family,CO,64,621,94406
LN-102914,Karen Williams,11/13/2021,11/13/2051,389000,303420,3.32,1853,60 Days Delinquent,Single Family,OK,71,666,98328
LN-102915,Kimberly Miller,08/09/2023,08/09/2050,503000,492940,6.78,3074,Default,Townhouse,MN,79,753,61690
LN-102916,Michelle Clark,08/07/2019,08/07/2040,224000,152320,6.76,1227,60 Days Delinquent,Multi Family,MA,95,785,46432
LN-102917,Michael Ramirez,08/20/2021,08/20/2041,734000,565180,6.42,1387,Default,Townhouse,TX,77,670,77574
LN-102918,Michelle Lewis,02/17/2023,02/17/2046,428000,273920,4.88,3106,Default,Multi Family,CT,88,802,30861
LN-102919,Barbara Gonzalez,11/18/2021,11/18/2048,410000,311600,7.4,3746,60 Days Delinquent,Single Family,MA,61,756,30083
LN-102920,Anthony Williams,10/15/2022,10/15/2049,621000,422280,4.74,2430,30 Days Delinquent,Townhouse,LA,57,637,53636
LN-102921,William Anderson,08/06/2023,08/06/2048,377000,248820,6.71,3645,Current,Single Family,MI,60,690,78117
LN-102922,Emily Lewis,06/04/2020,06/04/2037,441000,282240,5.79,1790,Paid Off,Multi Family,WI,62,682,78738
LN-102923,Barbara Smith,05/22/2019,05/22/2038,812000,511560,7.42,1999,30 Days Delinquent,Multi Family,MO,80,715,96581
LN-102924,Sarah Ramirez,10/01/2019,10/01/2041,742000,623280,3.87,3529,90+ Days Delinquent,Townhouse,UT,70,808,19350
LN-102925,Mary Williams,04/25/2019,04/25/2038,841000,555060,7.23,1512,90+ Days Delinquent,Multi Family,PA,91,710,66904
LN-102926,John Jackson,08/23/2022,08/23/2044,212000,195040,4.73,2957,90+ Days Delinquent,Multi Family,MI,64,668,91744
LN-102927,Sandra Smith,01/12/2022,01/12/2038,622000,547360,5.56,3233,30 Days Delinquent,Single Family,MD,57,644,97322
LN-102928,Anthony Harris,12/27/2022,12/27/2049,666000,652680,4.45,1821,90+ Days Delinquent,Commercial,PA,55,784,33474
LN-102929,Emily Lee,10/18/2018,10/18/2047,577000,484680,3.6,3176,60 Days Delinquent,Commercial,AL,93,773,12240
LN-102930,Sandra Jackson,01/27/2021,01/27/2039,245000,188650,5.44,4009,90+ Days Delinquent,Townhouse,FL,59,697,66342
LN-102931,Emily White,04/16/2020,04/16/2040,683000,635190,5.8,3596,Current,Single Family,TN,75,650,16151
LN-102932,Joshua Anderson,05/21/2019,05/21/2038,662000,503120,3.37,2760,Paid Off,Multi Family,LA,92,670,32354
LN-102933,Joseph Jackson,07/11/2020,07/11/2039,598000,370760,7.58,1684,30 Days Delinquent,Single Family,CO,74,717,29620
LN-102934,David Lewis,09/19/2023,09/19/2040,713000,648830,5.68,3376,60 Days Delinquent,Condo,IN,56,785,66499
LN-102935,Robert Sanchez,09/12/2021,09/12/2043,466000,312220,3.93,4107,Paid Off,Commercial,AZ,79,806,49417
LN-102936,Mark Lewis,06/21/2018,06/21/2037,369000,298890,6.21,2663,Paid Off,Townhouse,MI,62,648,59968
LN-102937,Linda Perez,04/01/2020,04/01/2036,338000,256880,7.34,4202,Paid Off,Townhouse,WA,61,802,53564
LN-102938,Joseph Thompson,02/24/2018,02/24/2046,369000,350550,4.77,3126,Default,Condo,WA,79,803,43468
LN-102939,Ashley Thomas,07/10/2021,07/10/2037,833000,774690,5.62,1371,Current,Condo,CO,86,777,20150
LN-102940,Mark Martin,08/12/2018,08/12/2047,156000,123240,7.02,1681,60 Days Delinquent,Single Family,MA,60,743,67866
LN-102941,David Clark,09/28/2022,09/28/2052,561000,342210,5.16,2612,Default,Multi Family,WA,93,732,51404
LN-102942,Margaret Johnson,08/03/2021,08/03/2043,270000,251100,4.75,4146,90+ Days Delinquent,Multi Family,GA,68,804,12269
LN-102943,Kimberly Taylor,12/18/2018,12/18/2037,703000,520220,5.65,1214,Paid Off,Townhouse,GA,60,742,69172
LN-102944,Patricia Anderson,04/23/2018,04/23/2035,381000,251460,6.8,3427,90+ Days Delinquent,Townhouse,TN,83,770,41071
LN-102945,Richard Williams,04/02/2022,04/02/2048,782000,641240,6.89,1566,60 Days Delinquent,Single Family,AZ,64,749,24993
LN-102946,John Lee,05/27/2018,05/27/2035,155000,116250,4.42,3938,Paid Off,Commercial,MA,95,800,44088
LN-102947,Barbara Davis,11/13/2023,11/13/2046,247000,212420,7.4,4020,Paid Off,Townhouse,IN,86,753,55799
LN-102948,Donald Lewis,08/13/2019,08/13/2035,215000,148350,5.8,3928,Current,Commercial,TX,55,683,95239
LN-102949,Christopher Smith,06/08/2020,06/08/2041,646000,490960,3.63,4134,Paid Off,Condo,OH,60,809,24118
LN-102950,Kimberly Thompson,08/01/2019,08/01/2049,553000,331800,5.61,1438,Default,Single Family,NC,88,702,31161
LN-102951,Betty Harris,01/27/2022,01/27/2042,375000,337500,4.06,4483,Current,Commercial,KY,85,650,78782
LN-102952,Elizabeth Robinson,10/05/2021,10/05/2050,388000,283240,5.29,2788,Default,Commercial,OH,84,690,10733
LN-102953,Jennifer Perez,06/22/2021,06/22/2039,486000,403380,4.16,4355,60 Days Delinquent,Commercial,WI,94,810,12418
LN-102954,Mary Williams,11/28/2020,11/28/2040,613000,582350,6.5,4026,90+ Days Delinquent,Multi Family,IN,79,674,26801
LN-102955,Michelle Ramirez,02/01/2019,02/01/2044,477000,453150,5.86,2357,30 Days Delinquent,Multi Family,LA,63,642,75509
LN-102956,Donald Gonzalez,11/22/2022,11/22/2042,677000,568680,3.65,1254,30 Days Delinquent,Single Family,MA,72,681,85143
LN-102957,Emily Ramirez,07/19/2021,07/19/2040,628000,514960,4.01,1882,Current,Multi Family,OK,66,666,83685
LN-102958,Jessica Taylor,12/05/2023,12/05/2049,608000,389120,3.72,4021,Default,Multi Family,MN,77,789,86351
LN-102959,Michael Clark,12/14/2018,12/14/2043,546000,485940,4.94,3583,Current,Multi Family,WI,70,630,79149
LN-102960,Donald Ramirez,08/14/2021,08/14/2049,292000,213160,5.36,2045,60 Days Delinquent,Condo,VA,62,686,30879
LN-102961,Anthony Martinez,06/27/2023,06/27/2046,670000,435500,6.95,2769,Current,Townhouse,UT,55,669,41855
LN-102962,Daniel Martin,04/05/2023,04/05/2040,368000,242880,6.69,2033,Paid Off,Multi Family,OH,77,660,57269
LN-102963,Emily Miller,10/13/2022,10/13/2038,372000,364560,6.14,1998,Current,Single Family,CT,62,788,13875
LN-102964,Linda Garcia,06/19/2018,06/19/2048,226000,205660,6.04,4018,60 Days Delinquent,Multi Family,NJ,75,804,58523
LN-102965,Daniel Garcia,06/19/2022,06/19/2042,606000,527220,7.6,2837,Default,Commercial,WA,59,796,49062
LN-102966,Mark Ramirez,03/06/2019,03/06/2048,810000,583200,4.2,1793,Default,Multi Family,AZ,83,625,83928
LN-102967,Matthew Lopez,09/08/2021,09/08/2049,756000,604800,7.14,3185,60 Days Delinquent,Single Family,NC,64,809,83897
LN-102968,William Rodriguez,04/08/2022,04/08/2039,512000,414720,7.27,2561,30 Days Delinquent,Townhouse,MA,77,626,94289
LN-102969,William Martin,06/18/2023,06/18/2042,786000,652380,3.77,4150,30 Days Delinquent,Condo,MA,72,808,14042
LN-102970,Donna Martin,06/07/2023,06/07/2049,198000,138600,4.95,1610,90+ Days Delinquent,Townhouse,PA,67,793,42735
LN-102971,Jennifer Thomas,04/21/2023,04/21/2045,842000,766220,6.99,3777,60 Days Delinquent,Commercial,NY,67,762,89299
LN-102972,Karen Lewis,01/07/2018,01/07/2036,622000,597120,5.86,2467,Paid Off,Single Family,FL,94,680,65210
LN-102973,Matthew Harris,02/03/2022,02/03/2041,705000,620400,4.47,4335,60 Days Delinquent,Multi Family,VA,75,695,91408
LN-102974,Jennifer Lopez,12/06/2021,12/06/2044,545000,419650,3.28,2165,Default,Single Family,AZ,58,659,77301
LN-102975,Patricia Lewis,10/08/2018,10/08/2039,160000,145600,4.98,1484,60 Days Delinquent,Multi Family,SC,61,690,99071
LN-102976,Thomas Anderson,06/18/2019,06/18/2041,233000,172420,4.8,2197,Default,Single Family,MN,72,663,65765
LN-102977,Christopher Martin,06/02/2018,06/02/2043,619000,470440,5.23,3834,60 Days Delinquent,Single Family,AL,64,819,36579
LN-102978,Steven Clark,10/05/2020,10/05/2039,457000,397590,3.73,1918,Current,Single Family,AZ,63,807,58024
LN-102979,Karen Anderson,12/22/2021,12/22/2051,495000,480150,5.04,3289,30 Days Delinquent,Single Family,MN,82,717,16511
LN-102980,Susan Ramirez,08/16/2019,08/16/2041,337000,330260,7.1,4010,60 Days Delinquent,Single Family,UT,73,745,57698
LN-102981,Mark Hernandez,01/15/2019,01/15/2034,331000,268110,7.47,3383,60 Days Delinquent,Townhouse,IN,60,662,28297
LN-102982,Steven Wilson,06/24/2022,06/24/2037,821000,558280,6.7,4355,30 Days Delinquent,Multi Family,IN,74,694,53545
LN-102983,Donald Davis,03/10/2023,03/10/2045,500000,475000,6.36,3367,Paid Off,Townhouse,SC,86,646,24087
LN-102984,Matthew Perez,07/12/2019,07/12/2037,480000,316800,7.32,1938,30 Days Delinquent,Townhouse,MD,86,668,18129
LN-102985,Daniel Thomas,03/23/2020,03/23/2041,565000,542400,7.18,1816,Current,Multi Family,IL,68,674,12732
LN-102986,David Perez,08/14/2022,08/14/2041,740000,710400,3.65,4472,90+ Days Delinquent,Commercial,IL,93,656,19791
LN-102987,Susan Thomas,02/21/2022,02/21/2051,296000,183520,7.6,2770,30 Days Delinquent,Single Family,PA,84,763,98969
LN-102988,John Smith,12/06/2023,12/06/2047,438000,411720,4.75,4169,Default,Multi Family,NC,80,699,68680
LN-102989,Susan Anderson,03/28/2020,03/28/2048,163000,138550,7.56,3564,60 Days Delinquent,Commercial,MO,79,780,57255
LN-102990,Andrew Williams,01/17/2023,01/17/2049,403000,278070,3.27,1792,30 Days Delinquent,Single Family,NC,78,739,70646
LN-102991,Daniel Ramirez,09/04/2018,09/04/2034,241000,154240,5.14,2894,60 Days Delinquent,Multi Family,CT,71,735,99601
LN-102992,Paul Perez,04/02/2020,04/02/2046,270000,172800,4.41,4066,Paid Off,Condo,MD,60,772,14836
LN-102993,Joseph Jackson,01/07/2022,01/07/2047,741000,503880,5.04,2498,Default,Commercial,NJ,78,802,87222
LN-102994,Ashley Garcia,11/11/2018,11/11/2041,530000,386900,5.72,1743,Default,Condo,OR,91,627,86136
LN-102995,Robert Lopez,02/13/2022,02/13/2051,732000,658800,4.71,4203,60 Days Delinquent,Commercial,FL,66,819,43773
LN-102996,Michael Williams,02/25/2022,02/25/2045,612000,459000,7.25,1504,Current,Single Family,CA,83,664,24283
LN-102997,Betty Williams,08/09/2019,08/09/2048,289000,196520,5.84,4429,Default,Townhouse,GA,72,676,13532
LN-102998,Matthew Hernandez,12/13/2018,12/13/2046,565000,536750,4.8,3082,Current,Commercial,CT,78,670,67988
LN-102999,Jennifer Sanchez,08/28/2021,08/28/2048,800000,608000,3.69,2554,Current,Townhouse,CO,92,689,28225
LN-103000,Sarah Martinez,05/18/2022,05/18/2048,516000,366360,5.71,1543,Current,Condo,IN,69,643,62029
LN-103001,Jessica Martin,10/14/2020,10/14/2045,597000,513420,3.68,2428,Default,Townhouse,NC,82,779,95652
LN-103002,Mark Martinez,12/20/2019,12/20/2044,663000,517140,3.7,4377,Default,Condo,PA,72,804,85701
LN-103003,Jessica Williams,12/19/2023,12/19/2040,615000,399750,3.53,1275,90+ Days Delinquent,Multi Family,AZ,63,813,92836
LN-103004,Donna Harris,02/04/2023,02/04/2048,612000,477360,5.64,1874,Current,Condo,OR,86,636,92302
LN-103005,Elizabeth Lee,03/02/2020,03/02/2049,225000,137250,5.43,3934,Paid Off,Multi Family,KY,75,786,94319
LN-103006,Mary Robinson,11/21/2023,11/21/2042,847000,770770,3.8,1578,Current,Condo,LA,94,719,16648
LN-103007,Mary Miller,01/11/2023,01/11/2039,773000,556560,4.81,3342,Default,Condo,TN,87,807,69226
LN-103008,John Perez,02/04/2020,02/04/2046,630000,573300,7.19,4098,30 Days Delinquent,Condo,OH,87,794,38049
LN-103009,Anthony Lee,11/10/2021,11/10/2044,746000,581880,5.6,4130,Default,Multi Family,MI,80,700,82756
LN-103010,Joseph Ramirez,03/15/2018,03/15/2045,627000,489060,5.5,3278,30 Days Delinquent,Single Family,AZ,56,797,62864
LN-103011,Richard White,11/17/2021,11/17/2039,431000,310320,6,2563,Default,Townhouse,AZ,94,810,26616
LN-103012,Steven Sanchez,03/26/2020,03/26/2046,559000,380120,3.8,2283,Default,Single Family,OK,67,789,71464
LN-103013,Jessica Brown,10/06/2023,10/06/2041,815000,570500,4.4,2423,Current,Townhouse,LA,75,698,73609
LN-103014,Richard Hernandez,07/15/2019,07/15/2043,559000,475150,6.85,4045,Default,Townhouse,NC,94,698,23183
LN-103015,Jennifer Jackson,12/27/2022,12/27/2045,594000,415800,7.37,2453,90+ Days Delinquent,Single Family,MI,68,670,99534
LN-103016,Matthew Robinson,10/15/2019,10/15/2045,193000,154400,5.25,3669,90+ Days Delinquent,Single Family,NJ,81,702,30906
LN-103017,Sandra Lopez,09/12/2022,09/12/2038,260000,166400,3.79,1580,Default,Multi Family,WI,57,623,71856
LN-103018,David Sanchez,09/17/2023,09/17/2038,282000,225600,5.23,3581,Default,Townhouse,CO,64,792,24658
LN-103019,Paul Smith,06/18/2018,06/18/2045,565000,519800,7.46,1388,60 Days Delinquent,Condo,WA,55,690,21386
LN-103020,Susan Lee,09/07/2019,09/07/2047,435000,395850,5.19,1935,90+ Days Delinquent,Commercial,AL,64,775,16477
LN-103021,Michael White,05/06/2019,05/06/2041,552000,485760,6.84,3144,Paid Off,Multi Family,TX,91,815,97432
LN-103022,Thomas Lee,04/04/2020,04/04/2039,818000,793460,6.35,1336,Default,Condo,CA,71,636,91664
LN-103023,James Davis,03/14/2019,03/14/2042,811000,551480,7.15,1813,60 Days Delinquent,Single Family,CT,84,786,88538
LN-103024,Thomas Jones,07/20/2021,07/20/2043,697000,522750,4.38,2875,30 Days Delinquent,Single Family,OH,57,810,35028
LN-103025,Jessica Davis,10/18/2021,10/18/2044,458000,416780,3.58,3292,Current,Commercial,OR,81,775,37026
LN-103026,Thomas Robinson,08/16/2021,08/16/2037,798000,510720,3.5,1210,Current,Multi Family,PA,76,658,15119
LN-103027,Daniel Robinson,10/16/2021,10/16/2036,313000,266050,6.38,1687,30 Days Delinquent,Single Family,WA,90,697,79194
LN-103028,Charles Robinson,11/14/2021,11/14/2041,661000,495750,7.27,3368,Paid Off,Townhouse,WI,60,756,87430
LN-103029,Linda Thomas,11/03/2022,11/03/2039,161000,119140,7.61,3898,Paid Off,Single Family,KY,82,688,29300
LN-103030,Donna Lewis,05/19/2020,05/19/2047,304000,231040,6.6,2865,Default,Single Family,MO,87,743,34782
LN-103031,Patricia Jones,06/26/2022,06/26/2041,742000,630700,3.5,1924,Paid Off,Condo,IL,64,680,82846
LN-103032,Karen Thomas,09/18/2022,09/18/2051,813000,504060,7.01,1773,60 Days Delinquent,Condo,WA,95,785,18863
LN-103033,Christopher Anderson,07/13/2020,07/13/2042,519000,477480,5.01,1937,Default,Condo,VA,80,780,12068
LN-103034,Michelle Ramirez,03/15/2023,03/15/2051,355000,220100,7.74,2234,90+ Days Delinquent,Single Family,MD,78,624,65244
LN-103035,Ashley Thomas,09/20/2022,09/20/2048,198000,188100,5.17,1398,30 Days Delinquent,Multi Family,AL,83,656,81705
LN-103036,Mary Brown,04/23/2022,04/23/2038,627000,551760,5.78,2834,60 Days Delinquent,Condo,MD,64,739,80226
LN-103037,Jennifer Taylor,09/07/2020,09/07/2039,697000,627300,3.55,2575,60 Days Delinquent,Condo,GA,81,759,81252
LN-103038,Lisa Thompson,08/09/2021,08/09/2040,422000,350260,5.16,3349,30 Days Delinquent,Townhouse,AZ,67,786,93900
LN-103039,Sarah Rodriguez,09/13/2019,09/13/2043,424000,339200,6.38,2243,Paid Off,Multi Family,AZ,89,711,37887
LN-103040,Michelle Rodriguez,03/23/2021,03/23/2039,300000,195000,6.87,1463,90+ Days Delinquent,Townhouse,NC,58,623,36765
LN-103041,Anthony Robinson,02/16/2018,02/16/2038,466000,377460,6.94,3406,Paid Off,Multi Family,PA,83,817,34733
LN-103042,Jessica Lopez,01/14/2021,01/14/2038,810000,502200,5.41,3936,90+ Days Delinquent,Single Family,LA,92,724,95656
LN-103043,Michael Jackson,05/15/2018,05/15/2035,772000,602160,7.56,3144,Default,Multi Family,MI,77,787,21940
LN-103044,Andrew Miller,01/19/2022,01/19/2041,839000,713150,7.57,3849,30 Days Delinquent,Condo,OH,72,641,15115
LN-103045,Joseph Garcia,10/14/2022,10/14/2046,386000,235460,7.56,2437,30 Days Delinquent,Multi Family,VA,67,806,98916
LN-103046,Sandra Thompson,08/16/2020,08/16/2045,442000,371280,6.78,1874,Default,Townhouse,MA,91,789,76526
LN-103047,Matthew Williams,11/25/2018,11/25/2044,201000,154770,5.35,1358,90+ Days Delinquent,Condo,TN,73,634,54302
LN-103048,Joshua Anderson,01/03/2022,01/03/2042,562000,415880,4.56,3113,60 Days Delinquent,Single Family,MD,65,739,71296
LN-103049,Mary Lee,08/21/2018,08/21/2047,659000,553560,3.73,2300,Current,Commercial,NY,56,794,34483
LN-103050,Sandra Taylor,09/24/2022,09/24/2048,695000,556000,6.48,2911,30 Days Delinquent,Multi Family,PA,88,626,56700
LN-103051,Christopher Harris,11/13/2022,11/13/2042,546000,420420,5.58,3086,60 Days Delinquent,Single Family,AL,59,665,91179
LN-103052,Thomas Johnson,07/01/2021,07/01/2042,546000,371280,7.15,2033,Current,Single Family,NC,83,708,98407
LN-103053,Ashley Garcia,11/08/2021,11/08/2044,694000,673180,6.98,3283,Default,Condo,GA,60,678,42301
LN-103054,Mary White,12/08/2020,12/08/2044,707000,593880,5.52,2416,60 Days Delinquent,Condo,WA,70,807,97048
LN-103055,Christopher Robinson,11/14/2020,11/14/2050,475000,384750,5.51,3933,90+ Days Delinquent,Condo,OH,75,662,20929
LN-103056,Nancy Hernandez,10/01/2023,10/01/2042,723000,491640,5.82,2312,Current,Townhouse,PA,61,817,23779
LN-103057,Nancy Thomas,06/06/2019,06/06/2042,180000,158400,6.74,1654,30 Days Delinquent,Condo,AZ,70,720,95604
LN-103058,Linda Thompson,10/26/2022,10/26/2052,400000,308000,6.45,2150,Current,Condo,CO,65,628,28487
LN-103059,James Robinson,08/22/2021,08/22/2044,610000,536800,7.29,2200,60 Days Delinquent,Commercial,AL,82,680,11968
LN-103060,Margaret Clark,04/19/2019,04/19/2047,681000,565230,5.21,1812,60 Days Delinquent,Townhouse,MO,90,747,74742
LN-103061,Karen Gonzalez,06/17/2021,06/17/2045,646000,562020,3.62,4469,30 Days Delinquent,Multi Family,IN,83,752,79584
LN-103062,Linda Sanchez,04/22/2018,04/22/2038,184000,150880,5.7,3272,Current,Multi Family,OH,90,701,79369
LN-103063,Ashley Miller,07/07/2019,07/07/2039,203000,194880,3.69,2342,60 Days Delinquent,Single Family,TN,89,746,67587
LN-103064,Christopher White,10/07/2021,10/07/2045,770000,739200,6.3,3998,60 Days Delinquent,Condo,LA,93,770,40972
LN-103065,Joseph Jones,10/02/2020,10/02/2038,746000,574420,5.27,1761,60 Days Delinquent,Condo,GA,74,797,14538
LN-103066,Matthew Rodriguez,02/14/2021,02/14/2048,644000,515200,7.72,3385,Default,Multi Family,MA,92,668,98248
LN-103067,Emily Robinson,07/04/2018,07/04/2033,599000,473210,6.39,2818,Default,Single Family,WI,57,679,39740
LN-103068,Mary White,11/07/2022,11/07/2038,509000,381750,6.63,3238,Default,Condo,CO,78,648,89664
LN-103069,Michael Lewis,10/23/2021,10/23/2040,641000,570490,3.71,4468,Paid Off,Townhouse,GA,84,699,64861
LN-103070,Barbara Thompson,06/16/2019,06/16/2038,805000,676200,4.98,1619,60 Days Delinquent,Townhouse,TN,80,819,72174
LN-103071,Betty Hernandez,09/12/2020,09/12/2038,597000,364170,4.44,1811,Current,Condo,SC,62,734,94179
LN-103072,Mark Lopez,04/22/2018,04/22/2039,344000,227040,3.29,4433,Paid Off,Townhouse,OK,63,756,74236
LN-103073,Joshua Perez,02/23/2018,02/23/2037,535000,518950,4.83,3907,30 Days Delinquent,Multi Family,PA,83,757,16965
LN-103074,Joseph Thompson,05/21/2022,05/21/2047,849000,764100,6.48,3908,Current,Single Family,GA,75,631,31011
LN-103075,Donald Anderson,10/14/2020,10/14/2046,820000,541200,3.49,4403,30 Days Delinquent,Commercial,LA,91,655,31486
LN-103076,David Jones,06/02/2018,06/02/2036,442000,313820,4.59,1489,Paid Off,Commercial,FL,77,732,65391
LN-103077,John White,09/15/2022,09/15/2046,445000,387150,3.88,2531,30 Days Delinquent,Condo,TN,69,794,45606
LN-103078,Joseph Sanchez,03/18/2022,03/18/2050,307000,242530,5.97,3512,Default,Commercial,CT,71,800,58493
LN-103079,Jessica Anderson,10/20/2020,10/20/2038,176000,170720,4.46,1545,Default,Condo,IL,59,656,99169
LN-103080,Mary Miller,08/25/2018,08/25/2040,319000,252010,3.92,1712,60 Days Delinquent,Multi Family,UT,84,810,18885
LN-103081,Kimberly Rodriguez,04/24/2020,04/24/2041,522000,401940,6.39,1890,Paid Off,Commercial,GA,72,717,24050
LN-103082,Ashley Clark,02/13/2019,02/13/2047,784000,595840,4.55,1422,30 Days Delinquent,Multi Family,IL,55,682,78574
LN-103083,Donna Gonzalez,04/13/2020,04/13/2046,786000,754560,6.64,2872,30 Days Delinquent,Townhouse,WA,75,800,19368
LN-103084,Emily Gonzalez,07/13/2023,07/13/2050,332000,298800,5.36,3524,60 Days Delinquent,Multi Family,NY,68,776,13777
LN-103085,Sarah Williams,07/11/2022,07/11/2046,639000,575100,5.27,3047,Paid Off,Commercial,VA,79,808,21728
LN-103086,Lisa Anderson,10/28/2020,10/28/2048,641000,487160,3.26,3240,30 Days Delinquent,Commercial,MN,83,696,30039
LN-103087,Barbara Ramirez,12/10/2021,12/10/2036,442000,371280,4.98,4103,60 Days Delinquent,Townhouse,VA,88,658,33133
LN-103088,Donna Jones,11/22/2018,11/22/2047,303000,269670,3.64,1916,30 Days Delinquent,Multi Family,CO,85,789,86193
LN-103089,David Ramirez,08/07/2018,08/07/2038,726000,566280,7.47,2318,Paid Off,Multi Family,TN,78,780,47568
LN-103090,Andrew White,02/22/2023,02/22/2051,180000,133200,4.9,2348,90+ Days Delinquent,Multi Family,MN,70,665,59293
LN-103091,Jennifer Perez,04/18/2020,04/18/2047,577000,351970,3.67,3073,60 Days Delinquent,Commercial,MI,58,629,98943
LN-103092,Mary Martinez,07/09/2020,07/09/2035,459000,449820,4.15,2779,Default,Multi Family,CA,75,663,48048
LN-103093,Mary Lee,07/21/2019,07/21/2048,848000,602080,3.79,1374,90+ Days Delinquent,Multi Family,WA,64,732,94781
LN-103094,Mark Anderson,09/23/2018,09/23/2046,335000,227800,4.23,4061,Current,Commercial,SC,73,678,66035
LN-103095,Karen Anderson,02/14/2018,02/14/2048,609000,487200,3.93,4275,60 Days Delinquent,Multi Family,WI,85,702,86276
LN-103096,James Gonzalez,07/18/2021,07/18/2036,805000,684250,3.37,1215,Current,Multi Family,NC,62,807,91765
LN-103097,Joshua Martinez,08/11/2021,08/11/2038,586000,392620,7.43,2123,Paid Off,Townhouse,MA,66,698,60088
LN-103098,Mary Sanchez,02/07/2019,02/07/2040,220000,202400,5.54,2243,60 Days Delinquent,Commercial,KY,76,815,67458
LN-103099,Anthony Jackson,07/28/2019,07/28/2046,559000,352170,7.17,3281,90+ Days Delinquent,Townhouse,NY,79,702,19809
LN-103100,Linda Davis,05/09/2018,05/09/2036,701000,574820,3.59,3479,90+ Days Delinquent,Commercial,LA,74,776,13735
LN-103101,Matthew Gonzalez,03/23/2020,03/23/2035,751000,533210,4.75,1980,30 Days Delinquent,Condo,MI,73,701,24506
LN-103102,Matthew Sanchez,08/18/2020,08/18/2039,219000,131400,4.14,4230,90+ Days Delinquent,Townhouse,OK,77,788,31943
LN-103103,Mark Brown,08/20/2022,08/20/2040,704000,605440,7.17,4216,30 Days Delinquent,Townhouse,MD,95,756,73437
LN-103104,Jessica Lewis,05/14/2020,05/14/2047,214000,205440,5.72,3997,60 Days Delinquent,Single Family,TX,77,813,21710
LN-103105,Betty Taylor,03/06/2019,03/06/2047,307000,273230,6.6,2253,Current,Townhouse,CO,68,728,90869
LN-103106,Anthony Garcia,10/17/2019,10/17/2046,759000,546480,3.56,1465,Default,Multi Family,AL,78,773,54736
LN-103107,Elizabeth Perez,06/10/2020,06/10/2047,191000,169990,7.52,4244,30 Days Delinquent,Condo,AL,76,789,75039
LN-103108,Paul Martinez,04/23/2020,04/23/2042,412000,296640,5.63,1676,90+ Days Delinquent,Single Family,NC,93,624,76791
LN-103109,William Davis,11/05/2020,11/05/2047,258000,203820,3.74,4106,30 Days Delinquent,Condo,UT,93,651,61572
LN-103110,Joshua Rodriguez,08/28/2020,08/28/2041,827000,653330,4.82,1493,60 Days Delinquent,Condo,IN,87,766,91227
LN-103111,Charles Miller,05/09/2022,05/09/2047,833000,624750,4.68,3947,60 Days Delinquent,Single Family,MO,78,728,17795
LN-103112,Matthew Miller,05/07/2019,05/07/2036,173000,115910,5.64,3887,Paid Off,Townhouse,NY,60,704,55424
LN-103113,Nancy Lewis,03/07/2018,03/07/2048,602000,379260,4.64,4318,Default,Multi Family,IN,80,818,39826
LN-103114,Donna Davis,04/12/2021,04/12/2045,807000,726300,3.86,2390,30 Days Delinquent,Multi Family,NC,55,803,70485
LN-103115,Donald Martin,11/11/2023,11/11/2047,758000,621560,6.51,1845,Current,Commercial,WA,79,719,19694
LN-103116,Robert Williams,08/10/2022,08/10/2043,823000,518490,6.39,1610,90+ Days Delinquent,Condo,WI,74,660,36572
LN-103117,William Gonzalez,03/11/2023,03/11/2052,185000,112850,3.79,4059,Default,Townhouse,MO,92,681,29525
LN-103118,Betty Taylor,09/23/2021,09/23/2042,843000,767130,4.77,1370,90+ Days Delinquent,Multi Family,MA,68,729,79289
LN-103119,Sandra Hernandez,12/14/2019,12/14/2038,246000,150060,4.32,2494,Paid Off,Multi Family,TN,57,767,64566
LN-103120,David Williams,08/16/2021,08/16/2043,201000,124620,4.39,1279,60 Days Delinquent,Multi Family,MO,84,784,49899
LN-103121,Sarah Williams,04/23/2018,04/23/2037,332000,305440,4.9,3949,Default,Multi Family,MD,87,783,68541
LN-103122,Joshua White,10/25/2018,10/25/2040,637000,605150,4.55,2829,Paid Off,Commercial,PA,63,716,55155
LN-103123,Mark Johnson,07/09/2018,07/09/2035,423000,334170,5.85,2967,Paid Off,Commercial,FL,94,751,97314
LN-103124,Jennifer Lee,04/28/2019,04/28/2047,265000,206700,7.28,4136,60 Days Delinquent,Commercial,VA,91,716,75186
LN-103125,Paul Gonzalez,03/20/2022,03/20/2039,554000,343480,5.09,4398,Paid Off,Townhouse,CT,64,749,72762
LN-103126,Joseph Smith,02/28/2020,02/28/2046,208000,185120,6.15,3719,60 Days Delinquent,Townhouse,MN,82,734,53318
LN-103127,Kimberly Davis,07/15/2018,07/15/2048,356000,220720,5.07,3344,60 Days Delinquent,Multi Family,NY,91,663,34988
LN-103128,Linda Taylor,07/23/2018,07/23/2044,639000,543150,3.38,3915,30 Days Delinquent,Condo,MO,80,658,10858
LN-103129,Michael Jones,01/05/2020,01/05/2046,774000,495360,6.19,2843,30 Days Delinquent,Condo,IN,76,704,18715
LN-103130,Ashley Anderson,05/26/2021,05/26/2041,284000,176080,3.27,3715,30 Days Delinquent,Multi Family,GA,95,746,87001
LN-103131,Elizabeth White,07/07/2019,07/07/2040,417000,383640,6.12,1361,30 Days Delinquent,Single Family,NY,93,671,78759
LN-103132,Lisa Garcia,02/16/2022,02/16/2048,545000,512300,6.47,2488,30 Days Delinquent,Townhouse,CO,62,644,93421
LN-103133,Jennifer Thomas,07/06/2023,07/06/2041,603000,482400,7,2661,Paid Off,Multi Family,MA,77,767,16268
LN-103134,Christopher Moore,03/09/2022,03/09/2043,362000,351140,3.55,4133,60 Days Delinquent,Commercial,WA,70,644,49299
LN-103135,Michael Garcia,06/06/2021,06/06/2037,432000,280800,6.38,3300,60 Days Delinquent,Multi Family,MN,62,724,25342
LN-103136,Steven Lee,08/19/2022,08/19/2042,209000,137940,7.59,2432,30 Days Delinquent,Condo,MD,87,733,73659
LN-103137,Sandra Lopez,12/28/2020,12/28/2039,485000,388000,7.33,2724,90+ Days Delinquent,Townhouse,OK,82,701,20600
LN-103138,Robert Anderson,10/04/2019,10/04/2038,193000,137030,4.06,4252,90+ Days Delinquent,Condo,NJ,88,762,59779
LN-103139,Mary Gonzalez,06/09/2019,06/09/2035,516000,479880,7.55,3574,Current,Townhouse,FL,93,748,92510
LN-103140,Steven Jackson,09/26/2021,09/26/2045,774000,487620,4.95,2125,Default,Single Family,IN,60,805,94726
LN-103141,Barbara Davis,03/13/2018,03/13/2039,738000,678960,7.74,1289,Paid Off,Townhouse,MI,69,723,74209
LN-103142,Joseph Johnson,04/02/2022,04/02/2049,580000,510400,7.18,2137,90+ Days Delinquent,Multi Family,CA,55,747,12533
LN-103143,Mary Taylor,09/20/2018,09/20/2034,481000,456950,7.18,3462,90+ Days Delinquent,Townhouse,MA,57,777,79479
LN-103144,Mark Garcia,09/26/2022,09/26/2043,762000,632460,3.25,1757,Paid Off,Condo,CT,89,716,73160
LN-103145,Karen Lopez,05/24/2018,05/24/2048,611000,446030,4.21,1280,Paid Off,Townhouse,GA,91,766,50215
LN-103146,Linda Davis,06/26/2022,06/26/2037,542000,401080,5.64,2116,Current,Commercial,IN,85,659,64507
LN-103147,Jessica Moore,08/07/2023,08/07/2044,643000,501540,6.24,4057,Default,Commercial,GA,74,636,97483
LN-103148,Betty Moore,02/06/2018,02/06/2038,415000,381800,6.5,3790,Current,Commercial,TN,72,817,84976
LN-103149,Patricia Jackson,05/09/2020,05/09/2038,425000,318750,4.2,2246,Paid Off,Commercial,TN,67,793,64387
LN-103150,Joshua Lewis,02/25/2021,02/25/2037,502000,426700,4.71,2147,60 Days Delinquent,Townhouse,GA,87,796,74186
LN-103151,Ashley Johnson,03/21/2021,03/21/2050,327000,294300,3.97,3700,90+ Days Delinquent,Townhouse,KY,60,707,10707
LN-103152,John Robinson,02/05/2018,02/05/2038,198000,150480,5.89,2823,30 Days Delinquent,Townhouse,TX,82,713,37434
LN-103153,Donna Jones,04/13/2019,04/13/2042,559000,491920,5.23,3697,Default,Single Family,VA,94,784,13900
LN-103154,Elizabeth Smith,01/07/2018,01/07/2042,456000,351120,7.65,2703,60 Days Delinquent,Condo,WI,56,689,52822
LN-103155,David Sanchez,02/23/2023,02/23/2052,652000,436840,5.62,1515,90+ Days Delinquent,Townhouse,CT,63,716,59055
LN-103156,Linda Rodriguez,08/25/2021,08/25/2051,341000,245520,7.42,1822,Current,Townhouse,FL,65,661,29336
LN-103157,Paul Smith,01/28/2021,01/28/2048,430000,279500,7.73,2381,Default,Single Family,OR,95,812,16408
LN-103158,Jessica Martin,11/05/2018,11/05/2040,806000,685100,3.63,4157,Default,Commercial,IL,60,629,58775
LN-103159,Mark Miller,12/05/2018,12/05/2034,189000,173880,5.67,3901,Current,Condo,MI,92,807,53969
LN-103160,Betty Rodriguez,11/05/2020,11/05/2048,342000,314640,6.1,1507,Paid Off,Townhouse,GA,89,786,70721
LN-103161,Patricia Thompson,03/05/2023,03/05/2049,354000,265500,5.11,3734,30 Days Delinquent,Single Family,IN,56,754,54730
LN-103162,Daniel Wilson,11/22/2023,11/22/2042,489000,415650,6.33,2911,Paid Off,Townhouse,WI,62,778,92691
LN-103163,Robert Martinez,04/15/2018,04/15/2048,815000,537900,4.26,3798,60 Days Delinquent,Single Family,AZ,74,693,23116
LN-103164,Barbara Thomas,09/25/2019,09/25/2040,666000,526140,4.88,3311,Paid Off,Townhouse,AL,72,814,85374
LN-103165,Joshua Johnson,12/01/2020,12/01/2041,150000,108000,3.47,3472,Default,Condo,KY,77,805,70146
LN-103166,Andrew Wilson,12/06/2023,12/06/2038,236000,207680,3.3,2364,60 Days Delinquent,Multi Family,UT,69,763,23851
LN-103167,Mary Jones,07/25/2021,07/25/2042,732000,710040,3.62,1275,90+ Days Delinquent,Commercial,PA,83,646,28261
LN-103168,Linda Clark,02/01/2020,02/01/2039,516000,350880,4.44,2705,60 Days Delinquent,Townhouse,LA,72,683,96452
LN-103169,Daniel Rodriguez,06/19/2019,06/19/2038,284000,244240,5.56,4207,30 Days Delinquent,Commercial,OR,55,668,31812
LN-103170,John Gonzalez,02/04/2021,02/04/2044,344000,295840,7,1323,Paid Off,Condo,FL,90,622,51389
LN-103171,Christopher Jackson,05/04/2023,05/04/2047,671000,516670,4.91,3828,60 Days Delinquent,Condo,MO,58,684,27767
LN-103172,Sandra Garcia,12/03/2020,12/03/2040,653000,541990,3.42,4462,Current,Commercial,CA,69,792,43690
LN-103173,Sarah Garcia,12/03/2023,12/03/2042,722000,613700,3.27,2798,90+ Days Delinquent,Townhouse,PA,56,815,65378
LN-103174,Robert Williams,09/27/2023,09/27/2040,707000,452480,4.18,3689,90+ Days Delinquent,Multi Family,FL,81,654,81401
LN-103175,Steven Martin,09/05/2022,09/05/2038,609000,456750,4.77,2742,Paid Off,Townhouse,UT,58,697,97376
LN-103176,William Moore,05/03/2022,05/03/2048,584000,385440,7,2334,90+ Days Delinquent,Condo,LA,61,622,41221
LN-103177,Daniel Williams,11/08/2023,11/08/2053,378000,275940,7.13,2549,90+ Days Delinquent,Single Family,GA,91,776,85882
LN-103178,Barbara Rodriguez,11/27/2022,11/27/2038,179000,109190,6.58,1211,60 Days Delinquent,Condo,PA,70,695,90174
LN-103179,Kimberly Moore,12/24/2019,12/24/2036,776000,667360,3.79,1579,Default,Commercial,CA,86,786,33807
LN-103180,Richard Hernandez,05/02/2021,05/02/2039,653000,541990,3.33,4142,Paid Off,Condo,OR,64,712,37983
LN-103181,Margaret Lopez,12/01/2021,12/01/2044,800000,632000,6.01,4012,30 Days Delinquent,Condo,OH,67,706,44161
LN-103182,Karen White,11/06/2019,11/06/2042,714000,464100,5.94,4310,Current,Multi Family,GA,81,815,87472
LN-103183,Nancy White,04/26/2022,04/26/2047,203000,146160,4.67,3171,Current,Commercial,LA,71,742,68494
LN-103184,Michael Rodriguez,09/08/2018,09/08/2038,216000,133920,4.8,4199,Default,Condo,AL,64,702,90582
LN-103185,Robert Miller,12/04/2023,12/04/2053,440000,343200,6.01,3684,Paid Off,Condo,MA,66,754,79480
LN-103186,Linda Sanchez,02/05/2020,02/05/2035,354000,237180,4.5,1765,Default,Multi Family,CT,61,628,47577
LN-103187,Elizabeth Thomas,05/08/2018,05/08/2040,450000,315000,4.75,3654,Paid Off,Single Family,TX,90,760,59361
LN-103188,Joshua Martinez,10/20/2021,10/20/2046,617000,438070,3.48,1458,30 Days Delinquent,Multi Family,MA,87,793,80087
LN-103189,John Taylor,02/13/2023,02/13/2053,497000,472150,6.13,2949,60 Days Delinquent,Commercial,KY,62,733,66064
LN-103190,Joseph Moore,09/11/2021,09/11/2051,232000,180960,5.94,3791,Default,Commercial,WA,74,702,78145
LN-103191,Anthony Jackson,11/16/2019,11/16/2044,412000,284280,5.37,2845,Current,Single Family,NY,68,729,47337
LN-103192,Anthony Johnson,08/04/2020,08/04/2040,693000,665280,5.53,3256,Default,Commercial,UT,57,744,91564
LN-103193,James Taylor,08/20/2023,08/20/2039,639000,408960,3.29,1881,30 Days Delinquent,Commercial,FL,92,802,87242
LN-103194,Betty Wilson,10/09/2020,10/09/2043,824000,618000,6.36,2740,30 Days Delinquent,Multi Family,WA,68,816,36888
LN-103195,Christopher Garcia,07/16/2019,07/16/2040,497000,432390,7.53,2772,Default,Single Family,AZ,67,748,97328
LN-103196,Christopher Lopez,12/18/2018,12/18/2048,418000,288420,6.33,1798,Paid Off,Condo,AL,93,802,51088
LN-103197,Michelle Clark,08/25/2022,08/25/2038,661000,568460,6.15,4228,Current,Single Family,MO,67,806,71418
LN-103198,Kimberly Rodriguez,08/26/2020,08/26/2035,181000,166520,3.97,3230,90+ Days Delinquent,Commercial,MI,90,813,52905
LN-103199,Donald Lee,11/12/2021,11/12/2038,462000,337260,5.77,3598,30 Days Delinquent,Multi Family,TX,65,758,67437
LN-103200,Christopher Lee,10/13/2018,10/13/2037,317000,193370,6.77,3294,Current,Single Family,OR,61,659,41115
LN-103201,Paul Rodriguez,02/04/2021,02/04/2050,443000,420850,4.24,4129,Paid Off,Commercial,VA,91,709,42125
LN-103202,Barbara Clark,02/27/2023,02/27/2040,235000,220900,6.33,3684,Current,Townhouse,GA,60,794,61559
LN-103203,Thomas Perez,08/16/2018,08/16/2040,793000,594750,5.2,2710,Default,Single Family,MA,93,788,39981
LN-103204,Steven Jones,11/08/2023,11/08/2039,285000,213750,7.13,4131,60 Days Delinquent,Commercial,IL,59,666,25932
LN-103205,James Perez,04/10/2023,04/10/2043,260000,169000,7.55,3738,60 Days Delinquent,Single Family,MO,58,704,38669
LN-103206,Donna Perez,09/05/2021,09/05/2045,395000,339700,4.07,3705,Paid Off,Condo,AL,64,710,23207
LN-103207,Kimberly Lewis,02/28/2019,02/28/2035,757000,704010,3.8,4181,30 Days Delinquent,Commercial,CA,69,706,73300
LN-103208,Margaret Anderson,06/22/2022,06/22/2051,163000,136920,6.06,2837,Current,Townhouse,CO,92,757,71324
LN-103209,Michelle Robinson,05/17/2018,05/17/2048,716000,443920,6.3,1337,Default,Condo,CA,74,662,43481
LN-103210,Richard Williams,08/17/2020,08/17/2040,210000,165900,4.13,2808,30 Days Delinquent,Multi Family,SC,90,635,58670
LN-103211,Joshua Williams,06/03/2021,06/03/2049,463000,384290,5.43,1830,60 Days Delinquent,Multi Family,SC,93,811,45199
LN-103212,Lisa Anderson,08/07/2018,08/07/2034,190000,133000,6.64,2252,Paid Off,Single Family,CO,91,702,46582
LN-103213,Emily Martinez,03/07/2020,03/07/2045,786000,503040,7.52,4299,90+ Days Delinquent,Townhouse,OK,55,650,41479
LN-103214,Karen Jones,06/04/2018,06/04/2037,717000,473220,7.38,2816,Default,Multi Family,OH,68,765,37162
LN-103215,Ashley Anderson,02/19/2018,02/19/2041,289000,231200,7.16,3180,Current,Townhouse,FL,93,750,36671
LN-103216,Michael Robinson,02/24/2020,02/24/2045,218000,167860,4.95,1308,Current,Single Family,NC,57,735,69684
LN-103217,Jennifer Perez,06/20/2018,06/20/2034,694000,478860,3.75,1790,Paid Off,Commercial,AL,64,696,82308
LN-103218,James Harris,03/12/2021,03/12/2047,830000,680600,4.01,2494,Default,Multi Family,TN,93,733,98754
LN-103219,Michelle Martinez,09/07/2022,09/07/2045,542000,352300,3.67,3267,Current,Multi Family,MO,64,677,67360
LN-103220,Susan Jones,03/23/2021,03/23/2038,273000,262080,4.93,3105,90+ Days Delinquent,Townhouse,MN,94,652,68623
LN-103221,Lisa Lee,01/17/2023,01/17/2040,726000,624360,4.5,3705,30 Days Delinquent,Single Family,LA,80,685,38653
LN-103222,Jessica Jones,06/15/2021,06/15/2051,355000,269800,6.06,3877,Current,Townhouse,FL,68,747,13535
LN-103223,Mary Martin,09/03/2019,09/03/2034,691000,456060,4.64,2306,60 Days Delinquent,Single Family,SC,75,723,98770
LN-103224,Nancy Gonzalez,09/26/2021,09/26/2045,541000,513950,7.38,3085,30 Days Delinquent,Single Family,MD,72,672,12482
LN-103225,Karen Harris,08/03/2020,08/03/2048,170000,120700,6.96,4490,Default,Commercial,KY,58,654,13732
LN-103226,Daniel Clark,09/15/2023,09/15/2050,276000,237360,4.02,1624,Default,Multi Family,NY,71,633,29702
LN-103227,Thomas Gonzalez,03/07/2023,03/07/2048,432000,397440,7.04,4073,30 Days Delinquent,Townhouse,UT,94,815,34312
LN-103228,Robert Smith,08/04/2022,08/04/2046,297000,261360,5.94,3676,90+ Days Delinquent,Multi Family,AL,88,694,85478
LN-103229,David Williams,11/09/2021,11/09/2036,285000,188100,5.53,3127,Current,Multi Family,MA,76,772,44293
LN-103230,Susan Smith,09/05/2022,09/05/2046,285000,216600,6.29,1382,Current,Townhouse,MO,86,761,80075
LN-103231,Kimberly Miller,07/11/2020,07/11/2044,632000,613040,5.7,1588,Paid Off,Single Family,AZ,69,778,39561
LN-103232,Donna Anderson,10/20/2023,10/20/2048,342000,235980,4.55,3968,90+ Days Delinquent,Townhouse,MI,61,765,54869
LN-103233,David Brown,12/08/2019,12/08/2040,262000,254140,4.71,1290,Default,Single Family,OH,65,626,16807
LN-103234,Betty Davis,12/08/2020,12/08/2038,247000,185250,4.28,2636,30 Days Delinquent,Townhouse,KY,83,638,23396
LN-103235,Jessica Martin,01/03/2023,01/03/2049,722000,700340,5.14,2702,30 Days Delinquent,Commercial,KY,55,737,30572
LN-103236,Jessica Davis,10/13/2018,10/13/2038,838000,569840,3.66,2349,30 Days Delinquent,Multi Family,MD,86,622,28297
LN-103237,Emily Garcia,07/21/2019,07/21/2037,184000,132480,6.69,2647,Default,Townhouse,MA,72,722,35830
LN-103238,Joseph Harris,08/14/2021,08/14/2039,527000,337280,7.33,2923,60 Days Delinquent,Multi Family,PA,61,776,56869
LN-103239,Karen Thompson,06/25/2021,06/25/2038,332000,298800,7.74,3264,Default,Townhouse,CO,94,818,32277
LN-103240,Michael Clark,12/18/2020,12/18/2040,670000,649900,3.64,4016,90+ Days Delinquent,Townhouse,OR,82,653,40406
LN-103241,Nancy Johnson,05/06/2022,05/06/2045,195000,163800,5.52,4133,30 Days Delinquent,Multi Family,OR,67,666,49662
LN-103242,Sarah Martinez,09/22/2018,09/22/2047,259000,186480,3.4,2994,Default,Multi Family,NJ,65,777,25473
LN-103243,David Harris,03/19/2019,03/19/2036,539000,479710,5.4,1436,Current,Multi Family,OK,73,638,44217
LN-103244,Daniel Brown,02/27/2021,02/27/2039,360000,309600,6.01,3455,Default,Commercial,WI,94,694,43993
LN-103245,Donald Johnson,10/26/2021,10/26/2047,841000,756900,6.36,3864,Paid Off,Multi Family,FL,92,677,31154
LN-103246,Barbara Gonzalez,01/04/2018,01/04/2044,331000,225080,3.55,1338,60 Days Delinquent,Townhouse,WA,95,761,79526
LN-103247,John Hernandez,01/09/2018,01/09/2042,460000,441600,7.57,1739,Current,Commercial,PA,69,726,28195
LN-103248,Sarah Hernandez,04/08/2020,04/08/2038,458000,366400,5.54,3785,Default,Multi Family,TX,61,658,70960
LN-103249,Linda Smith,12/18/2020,12/18/2048,558000,351540,3.84,3634,Paid Off,Single Family,GA,84,729,78554
LN-103250,Paul Lewis,10/04/2020,10/04/2040,523000,502080,5.99,1631,90+ Days Delinquent,Multi Family,SC,58,659,49955
LN-103251,Nancy Ramirez,02/12/2019,02/12/2036,496000,446400,3.9,4381,Default,Commercial,AZ,75,801,75477
LN-103252,Mary Smith,12/28/2021,12/28/2049,307000,236390,7.44,2664,30 Days Delinquent,Townhouse,GA,70,671,34454
LN-103253,Paul Davis,06/02/2022,06/02/2037,640000,524800,3.82,1778,90+ Days Delinquent,Single Family,TN,69,654,52935
LN-103254,Jessica Ramirez,04/27/2022,04/27/2050,229000,148850,6.95,2882,Paid Off,Multi Family,KY,56,746,57445
LN-103255,Daniel Ramirez,06/21/2020,06/21/2045,556000,522640,3.74,1382,Default,Multi Family,NC,57,779,90619
LN-103256,Nancy Martin,12/19/2022,12/19/2042,317000,234580,4.27,3878,60 Days Delinquent,Townhouse,OH,68,818,30320
LN-103257,Paul Perez,07/25/2019,07/25/2048,178000,140620,7.34,2406,Default,Townhouse,VA,66,739,21947
LN-103258,Robert Robinson,08/28/2018,08/28/2044,194000,174600,7.52,3591,Paid Off,Condo,MD,82,681,43889
LN-103259,Susan Lopez,10/05/2018,10/05/2048,620000,471200,6.09,2228,Default,Commercial,AZ,70,788,51644
LN-103260,Matthew Anderson,06/24/2019,06/24/2047,700000,588000,7.16,2399,Default,Condo,MD,70,647,65119
LN-103261,Elizabeth Lee,05/22/2020,05/22/2037,749000,689080,3.98,3769,Default,Commercial,AL,83,678,64991
LN-103262,Joshua Jackson,06/05/2018,06/05/2043,500000,375000,5.36,2481,60 Days Delinquent,Commercial,OK,61,796,73527
LN-103263,Thomas Ramirez,07/16/2020,07/16/2049,750000,487500,4.41,3235,90+ Days Delinquent,Multi Family,OK,67,656,69584
LN-103264,Anthony Martinez,02/01/2018,02/01/2035,628000,514960,3.28,3010,Default,Condo,PA,78,622,70615
LN-103265,David Davis,09/03/2021,09/03/2040,485000,349200,5.9,3755,Paid Off,Townhouse,UT,76,745,51437
LN-103266,John Sanchez,05/14/2019,05/14/2041,703000,583490,6.9,1648,Default,Multi Family,CT,76,698,68106
LN-103267,Thomas Brown,07/19/2021,07/19/2045,841000,689620,6.04,1731,30 Days Delinquent,Condo,NY,89,686,67425
LN-103268,Karen Rodriguez,04/08/2023,04/08/2047,359000,280020,7.26,3843,30 Days Delinquent,Condo,TX,93,750,44826
LN-103269,Michael Thompson,06/14/2022,06/14/2039,213000,193830,7,2800,Paid Off,Commercial,IN,64,672,80664
LN-103270,Thomas Clark,03/23/2022,03/23/2043,650000,598000,6.16,3415,30 Days Delinquent,Multi Family,MN,67,761,47237
LN-103271,Donna Gonzalez,08/26/2020,08/26/2045,670000,603000,4.55,1357,Paid Off,Commercial,TX,91,810,26955
LN-103272,Matthew Perez,11/15/2019,11/15/2038,399000,323190,7.26,3185,90+ Days Delinquent,Single Family,MD,69,804,12082
LN-103273,Barbara Lee,11/08/2021,11/08/2048,392000,341040,7.64,4254,Current,Commercial,TN,81,809,91068
LN-103274,Margaret Thomas,04/28/2021,04/28/2036,844000,573920,4.81,2916,Default,Single Family,IL,70,818,14066
LN-103275,Matthew Smith,01/02/2018,01/02/2046,530000,318000,7.6,1946,30 Days Delinquent,Townhouse,VA,75,645,71684
LN-103276,Emily Perez,02/24/2020,02/24/2035,727000,647030,3.98,1899,Default,Single Family,WI,71,691,17397
LN-103277,Nancy Garcia,03/15/2018,03/15/2043,393000,385140,4.35,3316,Current,Single Family,MA,72,753,96105
LN-103278,Barbara Wilson,11/15/2022,11/15/2038,488000,297680,5.11,3760,60 Days Delinquent,Single Family,WA,82,638,75657
LN-103279,Nancy Jackson,06/03/2018,06/03/2040,331000,211840,6.63,2329,90+ Days Delinquent,Multi Family,SC,59,808,54678
LN-103280,Lisa Smith,09/09/2021,09/09/2046,271000,176150,4.82,3190,30 Days Delinquent,Condo,WI,82,709,64003
LN-103281,Ashley Thomas,03/08/2022,03/08/2048,600000,558000,3.76,1713,Default,Single Family,TN,86,632,34830
LN-103282,Charles Hernandez,08/06/2021,08/06/2042,681000,585660,4.84,2662,Paid Off,Townhouse,WA,81,700,74288
LN-103283,Steven Miller,10/21/2022,10/21/2042,628000,540080,5.56,1309,Paid Off,Multi Family,MN,95,666,55787
LN-103284,Susan Gonzalez,08/25/2021,08/25/2041,823000,641940,6.33,1290,30 Days Delinquent,Commercial,CO,89,802,81914
LN-103285,Steven Lewis,05/12/2023,05/12/2041,582000,407400,7.16,2786,Current,Condo,KY,86,657,82645
LN-103286,Michelle Johnson,03/25/2020,03/25/2049,158000,113760,3.49,3861,30 Days Delinquent,Single Family,OR,81,752,73137
LN-103287,Matthew Lewis,01/04/2021,01/04/2037,609000,371490,4.13,2094,30 Days Delinquent,Condo,NY,67,643,48869
LN-103288,Emily Lopez,12/07/2018,12/07/2046,241000,185570,4.51,3917,Paid Off,Condo,MI,64,802,21562
LN-103289,Kimberly Clark,11/27/2021,11/27/2049,223000,160560,3.41,2339,Current,Commercial,IL,75,798,67863
LN-103290,Elizabeth Moore,12/16/2023,12/16/2051,292000,175200,6.28,3458,30 Days Delinquent,Commercial,CO,57,623,49106
LN-103291,Thomas Harris,01/06/2022,01/06/2042,559000,452790,6.18,4398,90+ Days Delinquent,Multi Family,MD,57,664,92185
LN-103292,Donna Jackson,07/16/2021,07/16/2043,697000,466990,5.63,4422,Paid Off,Condo,CO,73,790,72596
LN-103293,Sarah Garcia,09/14/2023,09/14/2046,405000,376650,5.81,1347,Paid Off,Townhouse,CA,95,784,90453
LN-103294,William Lee,12/10/2019,12/10/2039,702000,610740,4.15,1286,Current,Single Family,FL,69,661,46532
LN-103295,Donald Gonzalez,09/20/2021,09/20/2040,402000,253260,5.29,1325,30 Days Delinquent,Condo,GA,92,772,99876
LN-103296,Charles Hernandez,04/06/2022,04/06/2040,506000,470580,5.04,2904,Default,Single Family,MI,70,681,36118
LN-103297,Ashley Lopez,09/09/2023,09/09/2038,337000,272970,4.66,3983,Default,Condo,TX,85,786,40698
LN-103298,Steven Thompson,03/11/2018,03/11/2043,499000,429140,5.51,1971,Default,Commercial,VA,81,796,70330
LN-103299,John Garcia,10/04/2022,10/04/2043,800000,664000,7.72,1491,Default,Condo,SC,60,777,33218
LN-103300,Joseph Clark,02/07/2019,02/07/2047,740000,584600,3.99,2585,Default,Single Family,CA,66,645,28850
LN-103301,Sarah Lee,06/21/2023,06/21/2049,524000,492560,4.76,1686,30 Days Delinquent,Commercial,MO,74,675,88224
LN-103302,Steven Lopez,06/10/2019,06/10/2049,735000,529200,4.83,1614,Paid Off,Condo,AZ,57,675,15412
LN-103303,Joseph Johnson,09/06/2022,09/06/2047,615000,584250,3.59,3960,60 Days Delinquent,Condo,VA,89,736,28613
LN-103304,David Jones,08/16/2021,08/16/2041,688000,536640,4.61,2134,30 Days Delinquent,Townhouse,VA,75,711,97770
LN-103305,Steven Robinson,08/05/2019,08/05/2036,358000,257760,4.32,1877,Default,Commercial,VA,88,679,50066
LN-103306,Joshua Gonzalez,05/18/2023,05/18/2047,181000,166520,6.19,4062,60 Days Delinquent,Condo,MI,65,674,24787
LN-103307,Sarah Smith,01/08/2022,01/08/2052,409000,347650,6.78,3804,Current,Commercial,VA,61,622,27900
LN-103308,Matthew Ramirez,12/14/2021,12/14/2038,330000,310200,4.07,2489,Default,Single Family,NC,84,634,90886
LN-103309,Emily Jones,10/27/2019,10/27/2039,709000,453760,4.39,3153,Current,Multi Family,MN,75,735,69622
LN-103310,John Ramirez,02/15/2023,02/15/2046,536000,375200,7.07,2113,Current,Multi Family,KY,69,637,60077
LN-103311,Kimberly Davis,11/13/2021,11/13/2037,584000,408800,5.6,3816,60 Days Delinquent,Townhouse,OR,90,713,25181
LN-103312,Ashley Rodriguez,04/24/2019,04/24/2048,375000,341250,5.82,3947,30 Days Delinquent,Multi Family,TN,86,725,66104
LN-103313,Margaret Taylor,05/15/2023,05/15/2052,784000,548800,5.86,1998,30 Days Delinquent,Single Family,OR,75,761,59322
LN-103314,Donald Garcia,09/01/2020,09/01/2039,777000,722610,7.39,2581,30 Days Delinquent,Multi Family,TX,80,754,35524
LN-103315,Patricia Thompson,08/01/2018,08/01/2044,724000,615400,6.5,4331,Default,Townhouse,OH,87,629,37226
LN-103316,Jennifer Johnson,05/20/2020,05/20/2044,347000,288010,3.68,2000,90+ Days Delinquent,Commercial,CT,62,641,36548
LN-103317,Ashley Smith,09/17/2020,09/17/2041,420000,273000,5,3584,60 Days Delinquent,Single Family,PA,93,678,69642
LN-103318,Sandra Thomas,04/04/2020,04/04/2037,382000,351440,4.41,3166,90+ Days Delinquent,Commercial,IN,87,820,93347
LN-103319,Mark Clark,03/05/2021,03/05/2037,563000,472920,6.31,2481,60 Days Delinquent,Condo,NY,64,688,75415
LN-103320,Betty Ramirez,11/06/2020,11/06/2046,307000,199550,5.89,3900,Paid Off,Townhouse,MD,65,729,38300
LN-103321,Emily Gonzalez,05/12/2018,05/12/2037,249000,224100,6.51,3339,30 Days Delinquent,Condo,VA,64,762,83521
LN-103322,Robert Lee,03/02/2019,03/02/2035,243000,206550,3.26,3622,60 Days Delinquent,Townhouse,MN,91,663,42038
LN-103323,Linda Martin,01/15/2020,01/15/2048,200000,130000,4.87,1792,Default,Condo,VA,79,715,12876
LN-103324,Emily Lee,12/06/2018,12/06/2041,290000,194300,3.83,4429,Default,Commercial,MO,77,761,26040
LN-103325,Linda Robinson,12/15/2020,12/15/2045,607000,370270,7.48,2603,90+ Days Delinquent,Townhouse,MA,87,759,28502
LN-103326,Barbara Martin,05/06/2023,05/06/2042,288000,227520,6.77,4440,60 Days Delinquent,Condo,AL,90,621,54319
LN-103327,Charles Taylor,02/19/2023,02/19/2046,839000,654420,6.14,2708,Current,Commercial,CA,67,783,74820
LN-103328,William Sanchez,11/14/2019,11/14/2035,276000,267720,5.92,4092,Current,Condo,TN,75,766,66782
LN-103329,Anthony Lewis,10/25/2020,10/25/2045,659000,467890,4.19,3568,Current,Commercial,FL,94,733,99713
LN-103330,Matthew Johnson,05/02/2022,05/02/2040,281000,207940,3.53,4040,Paid Off,Commercial,WI,82,761,15810
LN-103331,Lisa Miller,09/17/2022,09/17/2046,669000,474990,7.38,3499,Paid Off,Condo,FL,83,694,10061
LN-103332,Mary Davis,04/17/2022,04/17/2049,189000,166320,6.72,4383,Paid Off,Single Family,LA,65,818,36692
LN-103333,Steven Lewis,08/02/2020,08/02/2050,202000,153520,3.97,4449,Default,Condo,MD,80,657,15440
LN-103334,Richard Johnson,01/12/2022,01/12/2042,389000,342320,5.82,1277,Current,Commercial,CA,55,713,52433
LN-103335,Karen Smith,10/17/2022,10/17/2051,573000,452670,6.49,4389,90+ Days Delinquent,Condo,OH,71,711,88907
LN-103336,Andrew Lewis,10/20/2019,10/20/2049,198000,146520,7.6,3061,90+ Days Delinquent,Commercial,MA,66,631,81625
LN-103337,Margaret Rodriguez,03/01/2020,03/01/2048,602000,535780,7.1,3055,Current,Condo,CA,87,774,81615
LN-103338,William Lee,10/20/2018,10/20/2033,503000,382280,4.15,3566,Default,Townhouse,OK,92,720,13541
LN-103339,Thomas Clark,08/08/2022,08/08/2037,797000,637600,6.41,2099,90+ Days Delinquent,Commercial,NC,73,696,62342
LN-103340,Mary Jones,11/25/2018,11/25/2042,611000,470470,6.92,2420,60 Days Delinquent,Condo,MO,76,772,73465
LN-103341,Elizabeth Taylor,04/20/2021,04/20/2038,735000,602700,3.93,3892,60 Days Delinquent,Single Family,GA,74,803,63596
LN-103342,Daniel Gonzalez,01/15/2021,01/15/2044,441000,392490,6.42,4379,Default,Multi Family,NC,89,649,75602
LN-103343,Betty Martinez,03/09/2022,03/09/2037,295000,209450,5.93,2685,Paid Off,Commercial,WI,60,628,86916
LN-103344,Sandra Perez,08/25/2021,08/25/2038,182000,145600,7.1,2260,30 Days Delinquent,Single Family,MO,93,743,61333
LN-103345,Margaret Martin,03/05/2020,03/05/2037,547000,503240,3.6,4406,Default,Condo,MO,85,682,68848
LN-103346,Matthew Robinson,08/17/2023,08/17/2038,590000,395300,5.02,2033,Paid Off,Townhouse,OH,59,682,10468
LN-103347,Barbara Anderson,02/22/2022,02/22/2040,310000,226300,5.64,2243,Current,Commercial,OH,93,679,36730
LN-103348,Donna Rodriguez,07/26/2023,07/26/2045,325000,315250,6.88,3605,30 Days Delinquent,Condo,CO,92,753,26825
LN-103349,William Miller,05/03/2022,05/03/2043,561000,381480,4.52,3669,Default,Townhouse,SC,75,705,32118
LN-103350,Betty Lee,09/22/2022,09/22/2050,335000,314900,5.83,3118,Current,Single Family,MO,73,777,49574
LN-103351,Margaret Lopez,11/27/2023,11/27/2046,699000,440370,7.28,1428,60 Days Delinquent,Multi Family,IL,64,644,35160
LN-103352,Andrew White,01/05/2020,01/05/2047,175000,133000,5.5,4414,60 Days Delinquent,Multi Family,VA,66,746,16483
LN-103353,Michelle Ramirez,12/01/2022,12/01/2047,575000,414000,7.54,1533,Current,Single Family,MD,76,682,40097
LN-103354,Donald Martinez,08/12/2019,08/12/2047,755000,468100,5.29,4185,Current,Condo,WA,94,721,43081
LN-103355,Donald Williams,01/16/2023,01/16/2045,231000,224070,3.66,4121,Paid Off,Townhouse,CO,64,683,58857
LN-103356,William White,07/10/2023,07/10/2042,364000,247520,7.69,2807,90+ Days Delinquent,Condo,CT,77,640,52829
LN-103357,Michael Taylor,05/26/2022,05/26/2041,190000,155800,3.4,1676,90+ Days Delinquent,Condo,KY,86,776,46082
LN-103358,James Lopez,03/17/2018,03/17/2040,841000,605520,6.86,2152,90+ Days Delinquent,Townhouse,WI,80,638,92339
LN-103359,Matthew Clark,10/06/2023,10/06/2040,510000,372300,6.25,4174,90+ Days Delinquent,Townhouse,SC,70,646,59275
LN-103360,Charles Miller,03/03/2023,03/03/2053,450000,297000,7.57,3927,Paid Off,Condo,AL,63,689,36271
LN-103361,Donald Rodriguez,12/24/2022,12/24/2049,688000,516000,5.89,3418,60 Days Delinquent,Multi Family,MI,81,683,58517
LN-103362,Margaret Miller,03/06/2022,03/06/2052,255000,193800,7.75,2875,Default,Condo,AL,87,668,30387
LN-103363,James Thompson,04/01/2020,04/01/2040,713000,663090,4.83,3687,60 Days Delinquent,Commercial,SC,71,749,19482
LN-103364,Paul Rodriguez,12/26/2019,12/26/2039,706000,508320,3.5,1910,Current,Townhouse,MO,88,652,45407
LN-103365,Jessica Taylor,01/09/2023,01/09/2049,835000,576150,5.11,1787,Default,Single Family,NJ,69,819,23630
LN-103366,Jennifer Brown,03/12/2023,03/12/2046,347000,249840,6.56,3014,Current,Townhouse,SC,59,623,71172
LN-103367,Jennifer Lewis,10/27/2019,10/27/2046,453000,366930,5.46,2257,90+ Days Delinquent,Single Family,MI,72,779,87208
LN-103368,Joseph Miller,10/08/2020,10/08/2050,154000,137060,4.23,2997,30 Days Delinquent,Commercial,LA,62,626,39756
LN-103369,Donna Robinson,05/10/2020,05/10/2040,652000,593320,5.2,1472,30 Days Delinquent,Multi Family,OR,91,819,34957
LN-103370,Joshua Williams,05/19/2020,05/19/2042,176000,156640,4.72,2198,30 Days Delinquent,Single Family,NJ,93,663,95132
LN-103371,Andrew Lopez,04/06/2021,04/06/2041,277000,177280,7.04,3835,60 Days Delinquent,Commercial,IL,89,716,80530
LN-103372,Mark Smith,09/06/2020,09/06/2048,740000,651200,3.97,2456,Current,Commercial,WI,77,785,27275
LN-103373,Kimberly Brown,05/03/2019,05/03/2042,598000,514280,6.94,3939,60 Days Delinquent,Townhouse,WA,79,721,89729
LN-103374,Christopher Williams,10/10/2021,10/10/2044,604000,465080,6.76,4423,90+ Days Delinquent,Commercial,UT,62,679,68415
LN-103375,Sarah Harris,10/21/2018,10/21/2034,306000,263160,5.9,4114,90+ Days Delinquent,Condo,KY,86,642,28508
LN-103376,Barbara Perez,08/15/2022,08/15/2039,271000,192410,4.38,4135,30 Days Delinquent,Townhouse,KY,73,733,34531
LN-103377,Susan Davis,09/07/2022,09/07/2038,809000,695740,6.8,1784,Paid Off,Townhouse,IN,84,733,40400
LN-103378,William Anderson,09/07/2023,09/07/2046,204000,195840,7.68,2455,30 Days Delinquent,Condo,LA,66,639,84816
LN-103379,Joseph Anderson,10/16/2022,10/16/2042,629000,446590,4.4,3248,Paid Off,Single Family,IL,70,621,39673
LN-103380,Betty Garcia,06/22/2022,06/22/2038,746000,619180,4.46,1981,90+ Days Delinquent,Commercial,OR,91,692,40545
LN-103381,Michael Thompson,03/02/2021,03/02/2040,220000,204600,5.5,4097,Current,Condo,PA,95,802,25227
LN-103382,Kimberly Lee,01/07/2023,01/07/2043,409000,355830,4.02,4452,90+ Days Delinquent,Single Family,UT,59,809,10897
LN-103383,Matthew Lopez,06/16/2020,06/16/2045,456000,405840,5.78,2752,Paid Off,Commercial,MA,65,753,23720
LN-103384,William Martin,04/09/2021,04/09/2040,627000,576840,4.35,2477,30 Days Delinquent,Multi Family,OK,69,626,19108
LN-103385,David Martinez,02/26/2020,02/26/2047,836000,652080,5.97,2523,Paid Off,Single Family,SC,75,771,50809
LN-103386,John Sanchez,03/10/2023,03/10/2049,832000,615680,3.35,3992,60 Days Delinquent,Multi Family,IL,81,684,19270
LN-103387,Richard Lopez,02/02/2022,02/02/2047,692000,650480,5.19,3899,Paid Off,Single Family,VA,82,634,99664
LN-103388,Steven Miller,03/13/2020,03/13/2047,179000,134250,5.8,1324,Default,Commercial,PA,92,716,20318
LN-103389,Michelle Miller,10/23/2019,10/23/2038,311000,186600,5.13,1837,Default,Single Family,CA,84,770,65285
LN-103390,Emily Robinson,03/15/2018,03/15/2035,840000,730800,7.05,1565,30 Days Delinquent,Multi Family,CO,76,711,82887
LN-103391,William Perez,06/27/2023,06/27/2046,212000,192920,4.11,1492,90+ Days Delinquent,Multi Family,MA,90,771,43644
LN-103392,Anthony Harris,02/04/2021,02/04/2043,525000,425250,7.52,3328,Current,Single Family,AL,58,700,76941
LN-103393,Paul Miller,05/10/2019,05/10/2048,833000,691390,4.84,4419,30 Days Delinquent,Townhouse,WA,84,670,54994
LN-103394,Christopher Moore,12/09/2022,12/09/2052,807000,718230,3.5,3360,Default,Single Family,VA,58,705,34695
LN-103395,Anthony Thomas,04/16/2018,04/16/2041,288000,178560,4.49,4004,30 Days Delinquent,Single Family,AZ,71,780,99438
LN-103396,Christopher Lee,08/05/2018,08/05/2037,536000,477040,6.76,3963,Default,Townhouse,KY,84,791,46236
LN-103397,Susan Gonzalez,02/02/2022,02/02/2041,348000,261000,5.09,2560,60 Days Delinquent,Multi Family,MO,94,720,73664
LN-103398,Christopher Jones,04/09/2021,04/09/2042,403000,274040,5.15,1258,60 Days Delinquent,Single Family,MA,73,640,56284
LN-103399,Michael Anderson,02/08/2018,02/08/2048,508000,350520,3.87,3151,Default,Commercial,OH,90,665,77743
LN-103400,Emily Ramirez,10/21/2023,10/21/2047,536000,412720,4.22,3159,Paid Off,Commercial,CT,72,720,28606
LN-103401,Donald Lee,04/16/2019,04/16/2035,399000,263340,6.03,3502,90+ Days Delinquent,Townhouse,NJ,60,742,86405
LN-103402,Jennifer Sanchez,10/05/2023,10/05/2042,461000,451780,7.13,4496,Paid Off,Single Family,LA,77,739,78204
LN-103403,William Wilson,08/22/2023,08/22/2052,603000,404010,4.45,3211,30 Days Delinquent,Single Family,PA,91,813,57964
LN-103404,Patricia Davis,08/15/2023,08/15/2041,219000,166440,6.95,2302,60 Days Delinquent,Multi Family,NC,89,729,81150
LN-103405,Kimberly Smith,12/15/2018,12/15/2045,622000,485160,7.44,3127,60 Days Delinquent,Townhouse,AZ,81,798,75813
LN-103406,Emily Rodriguez,11/21/2018,11/21/2042,231000,217140,6.75,2745,Paid Off,Multi Family,PA,69,680,96856
LN-103407,Elizabeth Smith,01/26/2022,01/26/2049,465000,399900,6.31,4175,Current,Condo,MN,67,756,62493
LN-103408,Anthony Sanchez,10/28/2019,10/28/2045,503000,362160,7.53,1967,60 Days Delinquent,Commercial,IN,82,806,61616
LN-103409,David Robinson,06/14/2020,06/14/2037,171000,140220,6.64,4100,90+ Days Delinquent,Condo,AZ,60,625,64503
LN-103410,Sarah Johnson,02/03/2020,02/03/2039,231000,189420,7.17,1278,Paid Off,Townhouse,CO,83,626,29562
LN-103411,John Anderson,05/03/2023,05/03/2050,451000,324720,7.02,3976,60 Days Delinquent,Condo,NJ,72,666,94558
LN-103412,Betty Thompson,03/20/2023,03/20/2045,522000,495900,3.33,1312,90+ Days Delinquent,Commercial,LA,71,801,75304
LN-103413,Charles Jones,10/04/2022,10/04/2051,707000,480760,6.06,3352,Current,Single Family,TX,83,653,98330
LN-103414,Christopher Perez,08/12/2021,08/12/2047,290000,191400,5.31,2242,60 Days Delinquent,Single Family,WI,58,716,62323
LN-103415,Paul Johnson,05/26/2020,05/26/2050,253000,220110,7.53,1666,60 Days Delinquent,Single Family,MO,71,651,96833
LN-103416,Nancy Gonzalez,10/07/2018,10/07/2044,338000,327860,7.39,2649,60 Days Delinquent,Single Family,CT,71,670,93940
LN-103417,Michael Perez,10/06/2023,10/06/2051,517000,418770,7.43,2562,30 Days Delinquent,Condo,MD,89,808,90482
LN-103418,Jennifer Lee,03/15/2019,03/15/2047,421000,345220,4.54,3919,60 Days Delinquent,Commercial,MO,62,664,58256
LN-103419,Daniel Martin,12/08/2022,12/08/2049,362000,228060,4.46,3954,30 Days Delinquent,Multi Family,NY,91,769,21300
LN-103420,Emily Brown,06/25/2023,06/25/2039,744000,520800,3.48,2789,90+ Days Delinquent,Townhouse,LA,74,756,25051
LN-103421,Andrew Martinez,07/12/2018,07/12/2042,440000,374000,3.64,4335,Default,Condo,OH,64,720,40406
LN-103422,Emily Taylor,01/25/2018,01/25/2039,760000,471200,5.32,2474,Paid Off,Multi Family,CT,70,810,47790
LN-103423,Sarah Martinez,11/17/2018,11/17/2033,296000,180560,5,2301,90+ Days Delinquent,Condo,OH,76,735,74777
LN-103424,William Robinson,11/27/2021,11/27/2049,523000,449780,4.06,2728,Current,Condo,IN,74,708,92843
LN-103425,Andrew Hernandez,02/10/2021,02/10/2050,450000,351000,5.16,3652,30 Days Delinquent,Single Family,MN,64,626,72771
LN-103426,Mary Brown,01/04/2022,01/04/2042,529000,396750,7.13,2779,90+ Days Delinquent,Single Family,CO,79,794,16621
LN-103427,Lisa Robinson,02/16/2018,02/16/2035,523000,449780,4.76,2124,90+ Days Delinquent,Commercial,AZ,64,785,35560
LN-103428,Michael Moore,01/24/2019,01/24/2040,721000,663320,6.16,2203,Paid Off,Townhouse,MD,60,743,53051
LN-103429,Kimberly Lee,04/01/2023,04/01/2053,646000,587860,3.93,1879,30 Days Delinquent,Commercial,WI,56,674,95090
LN-103430,David Miller,05/11/2019,05/11/2035,385000,346500,4.95,1773,Default,Commercial,UT,65,651,70640
LN-103431,Charles Thompson,03/17/2018,03/17/2042,290000,194300,7.59,2339,Paid Off,Single Family,MI,57,749,28899
LN-103432,Karen Martin,06/24/2020,06/24/2037,234000,189540,5.44,1341,30 Days Delinquent,Townhouse,MD,63,697,90748
LN-103433,Robert Jackson,08/18/2023,08/18/2048,728000,538720,6.1,2098,Paid Off,Commercial,TX,78,703,94414
LN-103434,Kimberly Harris,06/18/2019,06/18/2039,667000,573620,7.53,3214,90+ Days Delinquent,Townhouse,CT,56,690,37977
LN-103435,Daniel Jackson,01/11/2020,01/11/2037,326000,251020,4.19,3145,90+ Days Delinquent,Multi Family,NC,57,751,80327
LN-103436,Thomas Miller,04/15/2019,04/15/2035,375000,356250,4.16,1905,Paid Off,Townhouse,CO,63,812,16024
LN-103437,Nancy Moore,08/28/2023,08/28/2048,419000,293300,6.58,2530,Current,Multi Family,IN,74,677,88728
LN-103438,Elizabeth Lee,02/01/2018,02/01/2046,559000,340990,3.79,1758,90+ Days Delinquent,Commercial,MO,58,777,88000
LN-103439,Mary Hernandez,01/21/2020,01/21/2044,341000,323950,3.39,1754,60 Days Delinquent,Condo,FL,83,736,37128
LN-103440,Michelle Clark,04/25/2022,04/25/2051,287000,281260,5.71,1400,60 Days Delinquent,Single Family,OH,69,805,74453
LN-103441,David Thomas,05/01/2022,05/01/2040,685000,431550,5.3,3606,60 Days Delinquent,Townhouse,OK,87,794,33659
LN-103442,Thomas Ramirez,04/19/2023,04/19/2052,623000,392490,4.31,3601,90+ Days Delinquent,Single Family,NC,63,778,24488
LN-103443,Anthony White,05/23/2023,05/23/2038,237000,187230,4.7,4359,30 Days Delinquent,Single Family,NY,60,690,24508
LN-103444,Karen Martinez,05/11/2019,05/11/2046,165000,161700,6.5,3509,30 Days Delinquent,Townhouse,UT,91,681,93689
LN-103445,Christopher Rodriguez,08/07/2021,08/07/2047,351000,305370,7.54,3225,90+ Days Delinquent,Townhouse,AZ,75,664,55275
LN-103446,Michelle Jackson,07/15/2022,07/15/2046,392000,239120,6.17,4423,Paid Off,Townhouse,CA,95,697,81632
LN-103447,Sarah Thomas,06/05/2019,06/05/2047,736000,647680,5.57,2823,90+ Days Delinquent,Condo,NC,71,698,50329
LN-103448,Ashley Thomas,09/16/2023,09/16/2045,845000,616850,3.6,3544,Paid Off,Multi Family,TX,71,708,78281
LN-103449,Donald Anderson,06/27/2018,06/27/2038,338000,287300,7.62,1839,90+ Days Delinquent,Multi Family,NJ,68,625,26286
LN-103450,John Thomas,11/14/2020,11/14/2039,188000,116560,4.76,3877,30 Days Delinquent,Condo,NY,92,684,91499
LN-103451,Elizabeth Jones,07/01/2023,07/01/2038,733000,623050,5.61,1803,Current,Townhouse,UT,63,649,27347
LN-103452,Anthony Smith,04/18/2022,04/18/2048,669000,588720,3.26,2637,Current,Single Family,CA,76,807,10394
LN-103453,Joshua Taylor,11/18/2018,11/18/2043,582000,355020,5.02,2824,60 Days Delinquent,Single Family,GA,56,633,36656
LN-103454,Richard Martin,03/13/2023,03/13/2051,360000,255600,7.62,1974,Current,Condo,IL,82,814,23068
LN-103455,Sandra Jones,03/14/2019,03/14/2043,238000,176120,5.74,1599,30 Days Delinquent,Commercial,IL,58,734,69019
LN-103456,Michael Smith,06/09/2018,06/09/2043,423000,351090,5.47,3743,Default,Townhouse,MN,59,703,76199
LN-103457,Karen Rodriguez,05/01/2018,05/01/2041,588000,552720,4.81,3543,60 Days Delinquent,Townhouse,PA,76,743,38319
LN-103458,Richard Rodriguez,05/26/2020,05/26/2050,340000,275400,5.32,2479,90+ Days Delinquent,Multi Family,NY,82,728,72809
LN-103459,Robert Lewis,07/25/2018,07/25/2044,569000,415370,4.16,3788,90+ Days Delinquent,Single Family,MI,80,746,78300
LN-103460,Patricia Lewis,02/17/2022,02/17/2052,236000,143960,4.72,3423,30 Days Delinquent,Multi Family,MO,60,665,16087
LN-103461,Matthew Thomas,09/13/2023,09/13/2043,539000,501270,3.87,2018,Paid Off,Townhouse,MI,71,775,51434
LN-103462,Jennifer Smith,02/15/2018,02/15/2048,512000,471040,3.81,1847,Current,Condo,IL,75,740,46992
LN-103463,Susan Harris,01/21/2020,01/21/2044,544000,500480,5.49,3863,Default,Townhouse,TN,83,734,72198
LN-103464,Betty Martin,11/23/2022,11/23/2043,565000,452000,4.14,3741,30 Days Delinquent,Single Family,VA,74,692,19962
LN-103465,Joshua Davis,02/20/2023,02/20/2044,355000,312400,5.61,2355,90+ Days Delinquent,Townhouse,MO,56,653,87975
LN-103466,Margaret Anderson,05/16/2022,05/16/2050,791000,743540,6.77,3556,Current,Townhouse,KY,75,714,59707
LN-103467,Karen Martin,04/25/2019,04/25/2046,591000,567360,6.18,1914,60 Days Delinquent,Single Family,MD,78,636,39991
LN-103468,Christopher Martinez,03/27/2020,03/27/2048,674000,586380,3.57,1480,Paid Off,Condo,MN,76,725,51536
LN-103469,Michelle Williams,10/04/2021,10/04/2046,594000,463320,6.73,3695,60 Days Delinquent,Multi Family,TX,89,713,42987
LN-103470,Michelle Moore,11/20/2019,11/20/2035,818000,744380,3.57,3667,60 Days Delinquent,Condo,MD,92,675,60182
LN-103471,Michelle Thompson,07/09/2022,07/09/2037,474000,293880,5.87,3658,90+ Days Delinquent,Commercial,FL,61,798,50561
LN-103472,Robert Smith,01/24/2023,01/24/2043,398000,370140,5.71,1489,90+ Days Delinquent,Single Family,MA,84,803,44352
LN-103473,Charles Moore,09/11/2018,09/11/2033,513000,389880,3.82,3636,60 Days Delinquent,Condo,MO,88,624,97805
LN-103474,Joseph Jones,12/08/2023,12/08/2045,822000,739800,5.32,3223,60 Days Delinquent,Multi Family,CT,95,674,80243
LN-103475,Karen Martin,04/19/2022,04/19/2045,207000,178020,6.99,4251,30 Days Delinquent,Townhouse,WA,60,645,27774
LN-103476,Mark Davis,06/03/2021,06/03/2045,228000,159600,6.53,3492,Paid Off,Multi Family,TN,81,709,22976
LN-103477,William Miller,05/07/2022,05/07/2038,228000,164160,5.07,3809,60 Days Delinquent,Commercial,VA,87,667,88687
LN-103478,Thomas Thomas,05/13/2018,05/13/2041,626000,406900,6.71,1439,60 Days Delinquent,Condo,NY,70,720,12680
LN-103479,Jennifer Gonzalez,07/21/2018,07/21/2042,676000,493480,5.99,4083,Paid Off,Multi Family,IL,79,666,74453
LN-103480,Thomas Ramirez,11/15/2020,11/15/2043,827000,760840,5.15,2419,60 Days Delinquent,Townhouse,WI,64,700,28319
LN-103481,Paul Perez,05/01/2022,05/01/2052,503000,477850,4.92,1958,60 Days Delinquent,Multi Family,SC,63,792,77468
LN-103482,Joseph Smith,12/16/2018,12/16/2045,705000,507600,5.29,1922,30 Days Delinquent,Condo,MO,81,642,48851
LN-103483,Jennifer Anderson,02/14/2022,02/14/2039,623000,610540,4.66,1470,Current,Commercial,CO,69,749,40772
LN-103484,Donald Lopez,07/14/2019,07/14/2041,843000,783990,6.39,1748,60 Days Delinquent,Single Family,AZ,75,804,27877
LN-103485,Joseph Moore,05/08/2019,05/08/2035,713000,663090,4.31,2622,60 Days Delinquent,Single Family,MN,58,642,14975
LN-103486,Joshua Jackson,07/25/2019,07/25/2049,750000,652500,7.75,4351,Default,Condo,UT,82,751,59179
LN-103487,Jessica Wilson,07/14/2020,07/14/2040,661000,495750,4.15,2091,Current,Condo,MO,67,722,14521
LN-103488,Jessica Hernandez,04/10/2022,04/10/2043,818000,768920,6.39,1640,90+ Days Delinquent,Multi Family,UT,68,746,36863
LN-103489,John Smith,03/08/2021,03/08/2038,589000,482980,4.08,3850,Paid Off,Condo,TN,70,694,70336
LN-103490,Kimberly Clark,12/22/2020,12/22/2044,820000,533000,3.91,3942,60 Days Delinquent,Single Family,CA,61,628,39130
LN-103491,Donald Lopez,03/02/2020,03/02/2041,411000,312360,3.5,2963,Current,Single Family,MI,87,669,53560
LN-103492,Robert Martin,02/19/2021,02/19/2041,700000,665000,7.72,4496,Default,Single Family,UT,64,779,77113
LN-103493,Jessica Smith,05/07/2023,05/07/2039,565000,350300,4.1,3556,Paid Off,Commercial,SC,93,779,81465
LN-103494,Michelle Robinson,04/25/2023,04/25/2045,374000,243100,6.53,3338,60 Days Delinquent,Commercial,CA,94,704,66382
LN-103495,Lisa Lopez,03/08/2023,03/08/2041,263000,236700,7.53,4500,60 Days Delinquent,Single Family,OR,58,800,89085
LN-103496,Daniel Johnson,05/06/2022,05/06/2050,538000,322800,7.55,4107,Current,Townhouse,LA,71,786,36661
LN-103497,Steven Jones,05/25/2019,05/25/2044,461000,290430,5.19,2485,Paid Off,Condo,OK,76,633,19244
LN-103498,Andrew Perez,02/25/2022,02/25/2041,667000,513590,7.73,1301,Default,Condo,NJ,58,703,29444
LN-103499,Barbara Martinez,09/13/2022,09/13/2048,345000,331200,5.4,2511,Default,Commercial,VA,62,790,89926
LN-103500,Paul Williams,09/08/2021,09/08/2048,302000,286900,7.48,4349,90+ Days Delinquent,Commercial,SC,69,774,58312
LN-103501,Nancy Davis,05/22/2022,05/22/2042,742000,630700,7.73,2664,30 Days Delinquent,Commercial,FL,77,683,52870
LN-103502,Jessica Taylor,01/02/2020,01/02/2044,624000,461760,6.77,1504,90+ Days Delinquent,Commercial,AZ,62,645,90438
LN-103503,Sarah Clark,06/17/2023,06/17/2042,542000,444440,4.26,3423,30 Days Delinquent,Condo,CO,83,764,82267
LN-103504,Barbara Garcia,11/01/2022,11/01/2043,826000,578200,4.85,2987,30 Days Delinquent,Townhouse,NJ,60,764,62016
LN-103505,Susan Williams,11/23/2020,11/23/2040,163000,97800,5.52,1987,30 Days Delinquent,Condo,NC,56,696,36117
LN-103506,Betty Hernandez,12/26/2020,12/26/2036,197000,171390,6.9,2379,Current,Multi Family,GA,72,729,53275
LN-103507,William Lee,10/12/2020,10/12/2036,656000,537920,7.35,1863,90+ Days Delinquent,Condo,OK,79,711,23133
LN-103508,Elizabeth Martinez,11/06/2023,11/06/2051,801000,600750,6.26,1774,60 Days Delinquent,Condo,IN,68,728,32077
LN-103509,Michael Miller,08/19/2022,08/19/2037,183000,140910,4.69,3667,Default,Townhouse,TX,90,779,64428
LN-103510,David Ramirez,06/25/2018,06/25/2041,227000,140740,4.62,1443,Current,Multi Family,NJ,57,680,12009
LN-103511,Matthew White,04/21/2019,04/21/2046,564000,406080,5.18,1487,60 Days Delinquent,Townhouse,WA,78,783,83045
LN-103512,Barbara Wilson,07/27/2022,07/27/2052,777000,660450,6.33,4237,Paid Off,Commercial,CA,84,706,37382
LN-103513,William Hernandez,10/23/2020,10/23/2047,541000,346240,5.91,1517,90+ Days Delinquent,Single Family,MD,77,716,34709
LN-103514,Margaret Rodriguez,05/25/2021,05/25/2042,686000,541940,5.94,1977,Paid Off,Multi Family,IN,76,625,24695
LN-103515,Elizabeth Davis,11/11/2022,11/11/2051,281000,233230,4.45,4346,60 Days Delinquent,Multi Family,TN,95,686,36680
LN-103516,Emily Lopez,11/19/2018,11/19/2048,604000,459040,3.86,4342,Default,Single Family,AL,58,627,21833
LN-103517,Mark Taylor,01/14/2018,01/14/2042,798000,758100,3.87,3995,90+ Days Delinquent,Multi Family,WA,77,721,30981
LN-103518,Matthew Ramirez,03/02/2023,03/02/2051,395000,343650,6.27,1618,60 Days Delinquent,Townhouse,CO,95,765,62976
LN-103519,Linda White,05/05/2021,05/05/2049,733000,535090,5.48,1897,Default,Townhouse,CT,60,788,15404
LN-103520,Linda Harris,02/17/2022,02/17/2049,786000,495180,5.33,2107,90+ Days Delinquent,Townhouse,MA,58,746,93231
LN-103521,Karen Miller,12/21/2021,12/21/2049,460000,404800,7.09,2289,Paid Off,Condo,IN,92,700,28660
LN-103522,Donald Ramirez,01/24/2023,01/24/2051,483000,304290,4.82,3929,Default,Commercial,TN,55,632,50208
LN-103523,Lisa Robinson,12/19/2019,12/19/2039,433000,402690,4.54,2037,90+ Days Delinquent,Townhouse,UT,79,637,58780
LN-103524,Lisa Martin,06/17/2023,06/17/2052,160000,107200,7.29,4268,Default,Condo,MO,67,806,28049
LN-103525,Kimberly Davis,01/24/2020,01/24/2048,360000,302400,4.33,2325,Default,Commercial,NJ,95,738,37279
LN-103526,Matthew Miller,09/03/2020,09/03/2040,687000,577080,5.26,1781,Current,Condo,MI,83,654,20337
LN-103527,Karen Gonzalez,12/14/2022,12/14/2038,219000,166440,5.88,4344,60 Days Delinquent,Multi Family,PA,56,728,75465
LN-103528,James Lewis,10/14/2023,10/14/2044,375000,345000,4.8,2962,30 Days Delinquent,Condo,SC,80,818,52475
LN-103529,John Perez,09/09/2018,09/09/2039,794000,762240,6.77,2115,Default,Multi Family,WA,73,706,52780
LN-103530,Mary Brown,04/07/2018,04/07/2040,322000,225400,7.2,1211,Paid Off,Commercial,UT,85,666,49351
LN-103531,Emily Anderson,11/08/2023,11/08/2047,796000,724360,5.48,2809,30 Days Delinquent,Condo,CA,55,781,51322
LN-103532,James Davis,06/27/2023,06/27/2049,359000,337460,7.26,4142,60 Days Delinquent,Condo,AL,59,694,58855
LN-103533,Michael Jones,06/19/2022,06/19/2050,586000,503960,3.38,1484,90+ Days Delinquent,Commercial,OK,60,717,93055
LN-103534,Jennifer Johnson,09/28/2019,09/28/2041,275000,203500,7.73,2353,Paid Off,Condo,GA,91,792,90735
LN-103535,James Moore,03/28/2023,03/28/2051,383000,333210,6.43,1622,60 Days Delinquent,Commercial,MO,71,691,60209
LN-103536,Richard Wilson,08/24/2019,08/24/2034,822000,493200,6.96,4122,Paid Off,Multi Family,NC,92,666,72370
LN-103537,Jennifer Moore,04/26/2023,04/26/2048,357000,342720,6.81,1346,Current,Commercial,MD,95,761,50119
LN-103538,Steven Taylor,12/11/2021,12/11/2048,766000,743020,7.44,3995,Paid Off,Townhouse,MN,61,701,43115
LN-103539,Steven Lopez,11/09/2023,11/09/2042,221000,150280,6.59,2781,90+ Days Delinquent,Townhouse,MD,80,630,99651
LN-103540,Jennifer Lee,02/25/2022,02/25/2039,695000,639400,3.35,1432,Default,Single Family,OR,80,742,67732
LN-103541,Christopher Gonzalez,11/23/2021,11/23/2045,527000,395250,3.49,3963,90+ Days Delinquent,Condo,OK,93,760,70111
LN-103542,Sandra Martin,02/25/2019,02/25/2042,287000,264040,7,3091,90+ Days Delinquent,Condo,CT,61,797,73157
LN-103543,Ashley Ramirez,01/03/2022,01/03/2041,580000,423400,5.25,1902,30 Days Delinquent,Commercial,OK,77,687,97277
LN-103544,Donna Lee,06/14/2020,06/14/2035,610000,579500,4.66,3854,Default,Townhouse,TN,76,741,92916
LN-103545,Linda Johnson,07/20/2023,07/20/2041,846000,617580,6.05,2510,60 Days Delinquent,Condo,KY,63,723,90788
LN-103546,Donna Jackson,11/02/2018,11/02/2044,281000,182650,6.72,2578,Default,Condo,CT,58,817,91979
LN-103547,Barbara Johnson,02/03/2020,02/03/2047,219000,208050,7.47,1694,60 Days Delinquent,Townhouse,OR,88,678,60143
LN-103548,Michelle Thompson,06/12/2021,06/12/2043,719000,560820,4.78,2115,90+ Days Delinquent,Townhouse,MD,73,685,22904
LN-103549,Richard Anderson,07/07/2023,07/07/2052,760000,676400,5.99,2824,90+ Days Delinquent,Single Family,UT,69,778,38325
LN-103550,Barbara Clark,08/07/2018,08/07/2047,542000,525740,6.41,3634,90+ Days Delinquent,Commercial,NJ,70,783,41507
LN-103551,Elizabeth Lewis,07/20/2022,07/20/2041,661000,515580,7.28,3520,Paid Off,Single Family,IL,58,814,96880
LN-103552,Michael Lee,12/07/2023,12/07/2045,375000,273750,7.52,1837,Paid Off,Single Family,OH,58,778,75669
LN-103553,Charles Davis,05/25/2023,05/25/2051,634000,380400,3.29,4160,Paid Off,Condo,PA,67,722,91863
LN-103554,William Johnson,06/15/2023,06/15/2049,804000,731640,3.64,1594,Current,Condo,SC,60,662,44500
LN-103555,Mark Taylor,09/20/2023,09/20/2046,787000,605990,6.94,3373,30 Days Delinquent,Multi Family,NC,60,761,38287
LN-103556,Daniel Harris,04/26/2022,04/26/2044,279000,209250,6.19,4331,90+ Days Delinquent,Multi Family,IL,93,663,38042
LN-103557,Richard Wilson,11/17/2018,11/17/2047,289000,271660,4.33,1909,30 Days Delinquent,Townhouse,CA,59,634,22005
LN-103558,Michael Brown,08/11/2018,08/11/2039,506000,450340,3.38,2835,90+ Days Delinquent,Condo,LA,84,688,62795
LN-103559,Thomas White,12/16/2019,12/16/2041,273000,212940,3.35,2644,Current,Condo,MO,84,815,47498
LN-103560,Patricia Thompson,03/18/2021,03/18/2037,539000,441980,4.79,3702,60 Days Delinquent,Townhouse,NJ,95,622,53490
LN-103561,Joseph Jones,09/19/2019,09/19/2039,371000,359870,5.33,1554,90+ Days Delinquent,Townhouse,AL,62,809,12643
LN-103562,Elizabeth Garcia,12/12/2019,12/12/2040,196000,160720,7.6,1337,30 Days Delinquent,Townhouse,SC,70,751,26167
LN-103563,Mary Miller,08/06/2019,08/06/2034,606000,533280,3.7,1812,30 Days Delinquent,Townhouse,CA,92,771,71354
LN-103564,Sandra Jackson,10/26/2019,10/26/2047,193000,133170,5.64,1280,Paid Off,Single Family,CA,75,775,60955
LN-103565,Michael Ramirez,06/20/2019,06/20/2045,299000,260130,7.75,2443,Paid Off,Multi Family,VA,81,725,17664
LN-103566,Steven Jones,08/04/2022,08/04/2043,153000,125460,5.13,3554,90+ Days Delinquent,Condo,MD,72,758,36816
LN-103567,Ashley Davis,12/13/2021,12/13/2046,432000,362880,4.48,1629,90+ Days Delinquent,Townhouse,TN,79,671,91472
LN-103568,Barbara Davis,12/05/2019,12/05/2049,829000,696360,4.02,2814,Current,Single Family,MD,56,631,80427
LN-103569,William Martinez,08/21/2018,08/21/2040,359000,226170,4.89,3278,Current,Multi Family,OK,73,702,55405
LN-103570,Sandra Thompson,02/06/2023,02/06/2049,206000,189520,5.83,3426,Paid Off,Condo,VA,67,669,66441
LN-103571,Christopher Wilson,06/18/2020,06/18/2045,257000,156770,3.57,3480,Paid Off,Townhouse,AL,91,690,61465
LN-103572,Barbara Thompson,01/17/2019,01/17/2034,454000,322340,4.78,2252,Default,Single Family,AL,69,725,15558
LN-103573,Patricia Martin,11/25/2020,11/25/2038,574000,464940,7.67,2843,30 Days Delinquent,Commercial,NC,66,699,53489
LN-103574,Patricia Rodriguez,12/05/2018,12/05/2036,229000,167170,7.32,3032,90+ Days Delinquent,Commercial,IN,91,792,68246
LN-103575,Richard Miller,04/16/2020,04/16/2037,246000,191880,5.96,2097,60 Days Delinquent,Single Family,MD,77,728,37780
LN-103576,John Thomas,01/02/2021,01/02/2047,190000,157700,4.68,3480,60 Days Delinquent,Townhouse,MN,93,700,98364
LN-103577,Thomas Ramirez,04/06/2021,04/06/2049,605000,369050,6.7,3954,90+ Days Delinquent,Single Family,UT,68,657,17480
LN-103578,James Taylor,10/12/2018,10/12/2037,195000,134550,3.62,2796,Current,Single Family,SC,65,803,80976
LN-103579,Ashley Moore,09/24/2018,09/24/2041,431000,366350,5.75,3782,60 Days Delinquent,Condo,SC,65,707,69245
LN-103580,James Rodriguez,09/23/2022,09/23/2037,783000,767340,7.51,4021,30 Days Delinquent,Condo,VA,68,740,34529
LN-103581,Margaret Thompson,04/15/2022,04/15/2039,816000,718080,4.94,2585,60 Days Delinquent,Multi Family,UT,89,778,75142
LN-103582,Michelle Martin,10/16/2023,10/16/2049,368000,345920,3.65,2266,Current,Commercial,KY,84,644,17016
LN-103583,Barbara Wilson,04/23/2021,04/23/2050,625000,518750,4.08,1728,60 Days Delinquent,Townhouse,WI,58,780,41560
LN-103584,Linda Gonzalez,12/23/2018,12/23/2035,285000,225150,7.21,2063,Default,Multi Family,UT,86,649,74830
LN-103585,David Sanchez,04/08/2018,04/08/2046,165000,155100,7.57,2798,Current,Townhouse,CT,91,731,24320
LN-103586,Patricia Davis,10/21/2020,10/21/2036,503000,397370,3.4,3963,Paid Off,Condo,TX,91,707,52556
LN-103587,Daniel Jackson,06/25/2018,06/25/2042,736000,537280,4.16,3917,90+ Days Delinquent,Townhouse,GA,72,803,60304
LN-103588,Kimberly Robinson,03/06/2023,03/06/2051,578000,450840,4.26,3623,90+ Days Delinquent,Commercial,FL,82,671,96477
LN-103589,James Hernandez,12/02/2018,12/02/2040,177000,127440,3.44,1282,Paid Off,Multi Family,MO,65,621,31853
LN-103590,Lisa Moore,11/07/2019,11/07/2043,224000,174720,7.36,2925,Default,Multi Family,MD,84,755,30545
LN-103591,Paul Jones,11/21/2020,11/21/2048,500000,475000,3.36,2652,90+ Days Delinquent,Multi Family,MN,69,766,24952
LN-103592,Emily Lopez,08/05/2019,08/05/2045,634000,557920,4.48,1663,Paid Off,Single Family,LA,89,803,23541
LN-103593,Donald Lee,09/21/2022,09/21/2043,270000,259200,6.2,1627,60 Days Delinquent,Townhouse,KY,87,797,35899
LN-103594,Margaret Ramirez,08/09/2022,08/09/2046,761000,646850,3.29,2090,Paid Off,Condo,CT,70,697,66337
LN-103595,Kimberly Clark,06/24/2020,06/24/2036,323000,206720,4.59,2991,60 Days Delinquent,Condo,IL,58,732,86361
LN-103596,Steven Ramirez,07/09/2019,07/09/2046,701000,609870,6.09,2063,Current,Condo,PA,86,636,42090
LN-103597,Elizabeth Gonzalez,12/10/2022,12/10/2038,444000,359640,4.47,2246,90+ Days Delinquent,Townhouse,WI,88,776,31715
LN-103598,Lisa Perez,09/10/2019,09/10/2035,403000,294190,7.13,1650,Current,Commercial,CA,94,633,48821
LN-103599,Richard Clark,08/22/2021,08/22/2042,237000,173010,3.33,4272,60 Days Delinquent,Condo,MI,63,791,53353
LN-103600,Thomas Harris,04/13/2021,04/13/2043,348000,257520,4.22,2206,Current,Multi Family,MN,88,800,92103
LN-103601,Margaret Anderson,05/24/2021,05/24/2036,748000,471240,5.81,3686,Default,Multi Family,OR,87,714,22388
LN-103602,Richard Garcia,01/27/2022,01/27/2046,586000,562560,6.85,3405,Default,Single Family,CO,93,631,82665
LN-103603,Steven Johnson,10/11/2023,10/11/2045,383000,337040,5.48,3216,Default,Townhouse,AL,75,737,82320
LN-103604,Donald Davis,04/01/2018,04/01/2038,410000,369000,7.36,4454,Current,Commercial,WA,86,653,85250
LN-103605,Daniel Brown,09/21/2019,09/21/2034,697000,641240,5.64,1881,Current,Commercial,CA,86,640,84922
LN-103606,John Sanchez,03/04/2020,03/04/2042,769000,630580,3.62,4209,Paid Off,Multi Family,CA,74,655,46102
LN-103607,Linda Hernandez,11/26/2020,11/26/2039,220000,211200,7.71,2036,Paid Off,Single Family,VA,55,734,88900
LN-103608,Nancy Brown,08/03/2021,08/03/2038,158000,127980,3.5,2626,60 Days Delinquent,Multi Family,LA,57,667,30175
LN-103609,Barbara Clark,02/04/2018,02/04/2039,573000,383910,4.21,1859,30 Days Delinquent,Single Family,TN,75,787,56693
LN-103610,Sarah Harris,01/04/2022,01/04/2050,515000,314150,3.82,1204,Current,Condo,TN,76,622,57226
LN-103611,Lisa Perez,09/11/2023,09/11/2038,329000,305970,7.18,1534,Default,Condo,TX,90,790,78909
LN-103612,Elizabeth Robinson,02/22/2019,02/22/2038,463000,337990,3.33,3556,90+ Days Delinquent,Townhouse,UT,64,633,63217
LN-103613,Donna Jackson,05/09/2019,05/09/2034,318000,263940,7.24,1359,Default,Single Family,CO,95,750,77694
LN-103614,Jessica Garcia,11/24/2021,11/24/2045,183000,120780,3.48,2325,60 Days Delinquent,Single Family,MN,84,802,70850
LN-103615,Thomas Hernandez,10/05/2019,10/05/2036,408000,301920,3.3,3198,60 Days Delinquent,Multi Family,WI,86,732,92145
LN-103616,Steven Lee,02/11/2022,02/11/2052,609000,383670,6.95,3829,Current,Multi Family,MD,68,752,33185
LN-103617,Anthony Taylor,05/09/2020,05/09/2045,592000,444000,3.84,2044,Current,Multi Family,CT,80,775,93441
LN-103618,Thomas Jones,12/26/2021,12/26/2042,386000,285640,3.8,2358,30 Days Delinquent,Townhouse,VA,64,724,37738
LN-103619,Mark Thompson,06/02/2021,06/02/2048,397000,353330,7.63,4341,Current,Condo,MI,67,631,36234
LN-103620,Anthony Perez,11/06/2022,11/06/2042,156000,106080,4.94,4251,Default,Condo,TX,85,708,95008
LN-103621,Michelle Lee,10/06/2019,10/06/2045,498000,418320,5,2429,Paid Off,Townhouse,OR,92,710,89327
LN-103622,Anthony Lewis,06/19/2021,06/19/2042,712000,683520,3.85,1831,Current,Condo,OK,65,695,85178
LN-103623,Joshua Lopez,05/14/2021,05/14/2043,276000,253920,5.2,3732,Current,Multi Family,NJ,75,763,11524
LN-103624,Anthony Sanchez,10/22/2020,10/22/2043,180000,124200,4.11,1401,Paid Off,Multi Family,WI,83,807,80129
LN-103625,Mary Lewis,03/22/2022,03/22/2050,751000,540720,4.95,1615,Default,Townhouse,MN,89,743,66016
LN-103626,Linda Brown,08/21/2022,08/21/2039,245000,215600,5.38,2806,90+ Days Delinquent,Condo,NJ,87,756,83069
LN-103627,Anthony Martin,06/10/2019,06/10/2043,628000,458440,6.95,3558,Paid Off,Single Family,AZ,72,780,65751
LN-103628,Richard Harris,05/28/2021,05/28/2051,471000,329700,5.08,1430,Paid Off,Commercial,NC,60,719,78911
LN-103629,Ashley Smith,12/06/2018,12/06/2041,783000,602910,7.24,2859,30 Days Delinquent,Multi Family,IN,66,620,89169
LN-103630,Ashley Rodriguez,10/24/2019,10/24/2045,481000,442520,4.14,3087,30 Days Delinquent,Commercial,OH,68,790,25750
LN-103631,Michelle Williams,07/06/2023,07/06/2043,716000,665880,3.32,2683,Current,Townhouse,NC,59,817,69004
LN-103632,Donna Jones,07/21/2021,07/21/2041,652000,612880,7.28,1749,60 Days Delinquent,Condo,NC,77,641,96343
LN-103633,Karen Smith,08/06/2020,08/06/2043,293000,284210,7.53,1625,30 Days Delinquent,Condo,NJ,70,627,84465
LN-103634,Michelle Lee,12/23/2023,12/23/2045,792000,498960,6.22,3811,60 Days Delinquent,Townhouse,MD,73,765,81535
LN-103635,Joshua Miller,12/26/2022,12/26/2045,258000,229620,7.06,2826,30 Days Delinquent,Townhouse,OK,73,644,36718
LN-103636,Betty Miller,02/07/2019,02/07/2042,716000,486880,3.48,1620,Paid Off,Multi Family,IL,95,679,10933
LN-103637,Christopher Robinson,01/03/2020,01/03/2041,547000,328200,5.19,1259,Default,Multi Family,CA,87,689,71307
LN-103638,Jessica Davis,02/21/2020,02/21/2041,505000,323200,3.76,2471,Default,Commercial,KY,58,746,80718
LN-103639,Robert Wilson,02/20/2021,02/20/2044,740000,680800,6.09,3821,60 Days Delinquent,Commercial,NJ,82,726,40904
LN-103640,Anthony Martinez,11/01/2018,11/01/2036,826000,768180,6.08,1299,60 Days Delinquent,Commercial,NJ,80,699,97288
LN-103641,Thomas Taylor,11/14/2023,11/14/2049,358000,289980,6.83,2374,Default,Commercial,KY,63,758,53257
LN-103642,Linda Anderson,07/04/2023,07/04/2039,224000,185920,7.12,3556,Current,Multi Family,NY,75,798,43028
LN-103643,Mark Wilson,02/11/2019,02/11/2039,548000,427440,7.74,3667,30 Days Delinquent,Commercial,FL,80,637,90308
LN-103644,Steven Taylor,09/15/2019,09/15/2034,436000,388040,5.45,2489,60 Days Delinquent,Multi Family,MI,66,811,84806
LN-103645,Barbara Sanchez,02/08/2020,02/08/2050,712000,526880,6.46,2358,Default,Multi Family,NJ,83,690,53694
LN-103646,Richard Lopez,12/12/2018,12/12/2044,755000,641750,6.78,1397,Current,Single Family,CA,65,717,61833
LN-103647,John Moore,02/12/2022,02/12/2051,626000,425680,7.12,4345,Paid Off,Condo,FL,57,800,21545
LN-103648,Karen Jones,05/17/2022,05/17/2042,495000,400950,6.73,2196,30 Days Delinquent,Commercial,PA,79,805,97585
LN-103649,Barbara Lee,06/15/2022,06/15/2047,287000,180810,6.3,4438,90+ Days Delinquent,Townhouse,MO,61,800,49949
LN-103650,Margaret White,06/05/2021,06/05/2040,166000,142760,4.93,1477,Paid Off,Condo,NY,83,649,46753
LN-103651,Sandra Lewis,01/17/2022,01/17/2037,470000,399500,5.75,3120,Current,Condo,CT,63,767,17293
LN-103652,James Robinson,07/05/2022,07/05/2050,345000,289800,6.63,3464,Current,Townhouse,IL,89,728,62814
LN-103653,Steven Davis,08/14/2021,08/14/2048,475000,437000,3.46,3147,Current,Single Family,SC,75,762,39663
LN-103654,Susan Wilson,02/18/2023,02/18/2052,668000,487640,6.02,1549,60 Days Delinquent,Condo,MD,75,714,31664
LN-103655,Daniel Rodriguez,07/05/2019,07/05/2048,560000,436800,3.37,2639,30 Days Delinquent,Commercial,LA,57,692,38251
LN-103656,Thomas Anderson,10/25/2023,10/25/2050,378000,340200,5,4331,60 Days Delinquent,Townhouse,KY,74,645,50471
LN-103657,Steven Brown,03/07/2018,03/07/2041,748000,725560,7.58,2293,Current,Single Family,AL,89,706,37430
LN-103658,Mary Lewis,03/09/2019,03/09/2041,445000,275900,6.95,2997,Current,Townhouse,CO,86,707,49271
LN-103659,Jennifer Taylor,10/20/2023,10/20/2047,703000,463980,7.1,1393,60 Days Delinquent,Commercial,MO,79,733,30113
LN-103660,Betty Perez,11/17/2023,11/17/2052,744000,565440,7.45,3905,60 Days Delinquent,Commercial,SC,71,631,21040
LN-103661,Nancy Hernandez,02/02/2021,02/02/2046,569000,472270,6.61,2570,Current,Townhouse,KY,64,656,67522
LN-103662,Donna Johnson,05/10/2022,05/10/2047,277000,196670,3.54,3388,60 Days Delinquent,Commercial,GA,89,702,39271
LN-103663,Joshua Williams,10/22/2019,10/22/2034,396000,388080,6.36,1820,90+ Days Delinquent,Single Family,WA,62,800,10835
LN-103664,Mary Martinez,11/07/2020,11/07/2036,322000,218960,3.32,4008,60 Days Delinquent,Multi Family,KY,70,696,73114
LN-103665,William Sanchez,12/10/2018,12/10/2039,462000,415800,7.37,4354,60 Days Delinquent,Townhouse,OK,93,771,89732
LN-103666,Christopher Gonzalez,04/24/2018,04/24/2042,298000,259260,3.63,4282,Current,Commercial,MN,72,771,42236
LN-103667,Sandra Garcia,04/16/2018,04/16/2044,694000,430280,5.31,3519,Paid Off,Condo,MO,88,816,48122
LN-103668,Michael Perez,11/22/2023,11/22/2047,216000,131760,5.97,3121,Paid Off,Condo,UT,84,668,67287
LN-103669,Kimberly Sanchez,10/18/2023,10/18/2038,709000,659370,4.04,4328,30 Days Delinquent,Multi Family,OK,80,653,64728
LN-103670,Richard Anderson,08/28/2022,08/28/2051,654000,510120,6.54,3133,90+ Days Delinquent,Townhouse,NY,77,780,85314
LN-103671,Jennifer Robinson,05/11/2018,05/11/2033,612000,526320,6.51,3624,60 Days Delinquent,Multi Family,CA,87,713,63865
LN-103672,Michelle Robinson,07/18/2021,07/18/2043,749000,636650,3.6,1308,Current,Multi Family,CO,75,785,65431
LN-103673,David Lopez,11/25/2022,11/25/2044,510000,311100,7.48,3980,Current,Commercial,MO,63,736,63452
LN-103674,Mark Gonzalez,01/17/2019,01/17/2043,683000,443950,5.1,4078,30 Days Delinquent,Single Family,NC,80,621,84154
LN-103675,William Rodriguez,05/13/2021,05/13/2037,831000,714660,5.83,4445,Paid Off,Commercial,CT,90,757,65387
LN-103676,Kimberly Lewis,12/09/2021,12/09/2042,784000,642880,5.26,3733,Current,Single Family,AL,63,711,29448
LN-103677,Michael Thomas,08/18/2019,08/18/2048,725000,478500,3.54,1980,90+ Days Delinquent,Single Family,GA,88,810,94338
LN-103678,Karen Ramirez,06/04/2022,06/04/2038,847000,804650,4.64,1756,Current,Townhouse,TX,71,658,53991
LN-103679,Christopher Perez,06/16/2023,06/16/2051,716000,529840,7.13,3559,60 Days Delinquent,Single Family,TX,57,755,58268
LN-103680,Jennifer Moore,02/28/2021,02/28/2041,605000,375100,6.35,2302,90+ Days Delinquent,Condo,IN,92,696,25286
LN-103681,Steven Wilson,10/15/2019,10/15/2042,583000,396440,4.73,3021,90+ Days Delinquent,Single Family,TX,74,666,34796
LN-103682,David Martinez,12/16/2019,12/16/2045,754000,678600,4.48,3695,Default,Townhouse,NY,92,815,62120
LN-103683,Michelle Moore,01/22/2019,01/22/2040,447000,290550,5.28,2160,Paid Off,Townhouse,MI,74,761,78063
LN-103684,William Martin,04/01/2019,04/01/2038,511000,485450,6.05,4208,90+ Days Delinquent,Multi Family,UT,61,812,68436
LN-103685,Mary Rodriguez,05/13/2021,05/13/2039,636000,464280,3.79,2192,Paid Off,Multi Family,WI,72,637,32553
LN-103686,Joshua Miller,06/17/2018,06/17/2047,679000,549990,6.47,2623,30 Days Delinquent,Condo,NC,84,732,42423
LN-103687,Linda Sanchez,05/28/2018,05/28/2046,429000,283140,4.01,2661,30 Days Delinquent,Townhouse,VA,66,760,94297
LN-103688,Sarah Martin,12/20/2021,12/20/2049,332000,302120,3.53,3295,Current,Condo,WI,79,658,55864
LN-103689,Margaret Rodriguez,01/06/2019,01/06/2048,329000,296100,4.64,1521,Default,Condo,NY,82,652,27193
LN-103690,Michelle Thomas,09/15/2019,09/15/2040,465000,372000,6.75,3653,60 Days Delinquent,Condo,SC,67,677,13040
LN-103691,Michelle Lopez,12/05/2019,12/05/2038,259000,186480,3.5,4452,Current,Townhouse,FL,72,756,98471
LN-103692,Margaret Johnson,01/25/2023,01/25/2049,484000,300080,4.66,2009,Current,Condo,MO,62,746,56594
LN-103693,Jessica Perez,07/15/2018,07/15/2048,787000,724040,4.77,3158,30 Days Delinquent,Commercial,OR,75,800,16526
LN-103694,Patricia Brown,12/20/2023,12/20/2046,256000,235520,6.59,3264,Default,Multi Family,PA,81,743,39224
LN-103695,James Jackson,01/01/2023,01/01/2049,671000,436150,4.95,4199,Paid Off,Condo,OK,78,749,89022
LN-103696,Donald Jones,01/28/2021,01/28/2047,155000,151900,3.76,1494,30 Days Delinquent,Single Family,GA,78,803,29989
LN-103697,Thomas Robinson,07/04/2020,07/04/2037,583000,507210,6.56,3132,90+ Days Delinquent,Townhouse,MI,68,726,19635
LN-103698,Charles Lopez,06/02/2023,06/02/2052,544000,375360,5.42,1641,90+ Days Delinquent,Condo,CA,94,765,59844
LN-103699,Patricia Gonzalez,10/19/2018,10/19/2035,595000,517650,5.03,2477,30 Days Delinquent,Multi Family,CT,77,689,57690
LN-103700,Sarah Lewis,09/05/2018,09/05/2046,377000,369460,3.4,4259,Paid Off,Commercial,MN,73,748,31892
LN-103701,Daniel Jackson,03/10/2018,03/10/2035,687000,480900,6.58,2842,60 Days Delinquent,Condo,CA,94,639,27465
LN-103702,Margaret Taylor,01/21/2022,01/21/2043,559000,508690,7.2,1236,60 Days Delinquent,Townhouse,IL,63,791,91046
LN-103703,Emily Davis,03/01/2020,03/01/2049,207000,132480,5.87,1425,60 Days Delinquent,Commercial,NY,59,700,49416
LN-103704,Lisa Robinson,07/23/2023,07/23/2047,678000,664440,4.11,1499,Default,Townhouse,VA,55,786,56257
LN-103705,Jessica Brown,11/28/2019,11/28/2038,427000,260470,5.44,4158,Current,Single Family,MA,89,689,62333
LN-103706,Karen Hernandez,11/08/2020,11/08/2046,538000,355080,7.58,1403,30 Days Delinquent,Condo,TN,61,793,98862
LN-103707,Donna Gonzalez,02/05/2018,02/05/2041,151000,146470,5.73,2070,Paid Off,Commercial,FL,82,701,44625
LN-103708,Robert White,08/08/2019,08/08/2049,680000,578000,7.4,1776,30 Days Delinquent,Multi Family,TN,83,799,30494
LN-103709,Charles Lopez,10/24/2023,10/24/2051,394000,303380,4.15,4224,Default,Commercial,OR,86,776,78110
LN-103710,Patricia Taylor,03/21/2020,03/21/2048,482000,404880,5.31,3796,Current,Commercial,KY,61,629,31546
LN-103711,Sandra Thomas,08/16/2020,08/16/2045,512000,317440,5.02,3386,90+ Days Delinquent,Multi Family,GA,57,740,51904
LN-103712,Patricia Rodriguez,03/28/2020,03/28/2044,165000,122100,6.61,4271,Paid Off,Commercial,WA,77,744,31835
LN-103713,Andrew Robinson,10/08/2019,10/08/2036,536000,503840,6.94,1258,Default,Condo,LA,75,809,30105
LN-103714,David Robinson,11/09/2023,11/09/2046,497000,318080,5.62,2768,Current,Multi Family,NJ,83,759,15957
LN-103715,Karen Davis,02/13/2022,02/13/2038,222000,170940,4.11,4176,Paid Off,Single Family,WA,59,770,21740
LN-103716,Susan Sanchez,12/07/2021,12/07/2042,841000,773720,4.38,4307,Current,Condo,NC,89,776,77571
LN-103717,Michelle Ramirez,01/26/2020,01/26/2046,578000,560660,5.93,1978,30 Days Delinquent,Multi Family,NC,57,766,54352
LN-103718,Robert Brown,12/15/2018,12/15/2047,405000,279450,7.31,4041,Paid Off,Single Family,IL,72,708,52517
LN-103719,Michelle Moore,03/21/2020,03/21/2036,828000,794880,6.08,1792,Current,Single Family,MI,63,670,85553
LN-103720,Anthony Robinson,03/27/2018,03/27/2035,790000,489800,5.5,1505,Default,Multi Family,MD,91,755,17835
LN-103721,Nancy Gonzalez,04/14/2022,04/14/2045,429000,274560,7.15,3113,30 Days Delinquent,Single Family,UT,93,671,34123
LN-103722,Daniel Robinson,02/25/2020,02/25/2035,275000,220000,5.23,1536,30 Days Delinquent,Multi Family,CA,61,787,52530
LN-103723,Donald Thompson,10/09/2023,10/09/2039,434000,425320,7.68,2489,60 Days Delinquent,Commercial,AZ,84,750,90690
LN-103724,Thomas Lewis,03/13/2020,03/13/2039,530000,498200,5.27,1502,30 Days Delinquent,Commercial,VA,69,768,86152
LN-103725,Karen Garcia,11/06/2018,11/06/2034,322000,196420,7.15,3721,Default,Townhouse,NJ,86,649,73015
LN-103726,Michelle Jones,06/01/2019,06/01/2046,187000,175780,4.25,1891,Paid Off,Townhouse,PA,60,640,26888
LN-103727,Barbara Miller,11/26/2021,11/26/2048,200000,172000,7.08,3045,90+ Days Delinquent,Condo,LA,91,770,82631
LN-103728,Donald Lopez,06/09/2018,06/09/2042,541000,530180,3.86,2960,90+ Days Delinquent,Single Family,NY,75,783,69544
LN-103729,Lisa Garcia,01/04/2023,01/04/2042,354000,290280,4.35,3166,Paid Off,Commercial,TX,61,762,44097
LN-103730,Michael Thomas,04/13/2021,04/13/2038,766000,497900,5.91,1244,Paid Off,Townhouse,VA,61,732,92749
LN-103731,James Robinson,07/09/2018,07/09/2043,345000,234600,7.22,1886,Paid Off,Townhouse,NC,90,796,69982
LN-103732,Susan Harris,07/27/2023,07/27/2044,231000,143220,3.73,3732,Default,Single Family,IL,78,732,65834
LN-103733,Christopher Garcia,02/15/2018,02/15/2035,426000,396180,5.43,1950,Default,Condo,NC,91,627,22096
LN-103734,Anthony Clark,07/07/2021,07/07/2042,213000,127800,4.36,1890,60 Days Delinquent,Townhouse,GA,86,736,92097
LN-103735,Jennifer Anderson,12/27/2022,12/27/2047,641000,538440,4.66,3095,60 Days Delinquent,Townhouse,AZ,89,653,86642
LN-103736,Sandra Lopez,03/01/2021,03/01/2036,665000,565250,6.53,1809,60 Days Delinquent,Commercial,NY,59,733,36757
LN-103737,Michelle Brown,02/09/2019,02/09/2034,390000,312000,5.58,1347,60 Days Delinquent,Single Family,CT,71,679,28966
LN-103738,John Williams,03/01/2023,03/01/2038,550000,440000,5.62,1895,30 Days Delinquent,Townhouse,AZ,93,720,98124
LN-103739,Donna Martin,02/20/2022,02/20/2049,351000,228150,6.27,1910,30 Days Delinquent,Condo,VA,59,709,62416
LN-103740,Emily Lee,07/09/2023,07/09/2050,382000,282680,3.57,3827,Paid Off,Condo,VA,66,640,95405
LN-103741,Patricia Thomas,09/01/2020,09/01/2045,588000,540960,4.83,3789,90+ Days Delinquent,Commercial,LA,90,749,10882
LN-103742,Michael Garcia,08/03/2018,08/03/2037,634000,545240,5.03,3055,Current,Townhouse,GA,83,814,37033
LN-103743,Lisa Lee,05/02/2021,05/02/2038,430000,339700,5.26,1740,Paid Off,Single Family,OR,75,716,46112
LN-103744,Donald Lopez,10/20/2020,10/20/2040,498000,468120,6.52,1485,30 Days Delinquent,Townhouse,CT,66,693,70587
LN-103745,Joseph Garcia,10/03/2019,10/03/2042,252000,221760,5.21,2093,90+ Days Delinquent,Multi Family,MI,56,637,16518
LN-103746,Joseph Clark,08/03/2020,08/03/2036,474000,336540,4.89,3549,90+ Days Delinquent,Commercial,WI,72,718,16346
LN-103747,Mary Ramirez,02/07/2019,02/07/2040,313000,297350,3.81,2076,90+ Days Delinquent,Multi Family,TN,89,743,30423
LN-103748,Jessica Wilson,02/21/2022,02/21/2044,807000,669810,5.69,4456,30 Days Delinquent,Townhouse,OH,90,639,39505
LN-103749,Barbara Thomas,05/05/2018,05/05/2037,820000,738000,7.59,1592,Paid Off,Condo,MD,68,802,52680
LN-103750,Jennifer White,09/22/2019,09/22/2048,206000,197760,3.7,1383,30 Days Delinquent,Commercial,NC,59,627,41975
LN-103751,Jennifer Lewis,02/01/2018,02/01/2043,310000,269700,3.48,4326,60 Days Delinquent,Townhouse,OK,63,680,18852
LN-103752,Matthew Wilson,05/28/2019,05/28/2045,798000,598500,6,3085,Current,Commercial,MN,72,653,51443
LN-103753,Michelle Sanchez,05/09/2022,05/09/2037,790000,608300,7.67,3891,Current,Townhouse,CT,58,776,75338
LN-103754,Elizabeth Rodriguez,05/26/2021,05/26/2051,421000,290490,4.84,3859,60 Days Delinquent,Multi Family,NC,90,809,45990
LN-103755,Thomas Johnson,03/14/2020,03/14/2040,222000,175380,7.74,2229,Paid Off,Condo,OR,82,649,72270
LN-103756,Nancy Davis,07/04/2020,07/04/2040,654000,510120,5.9,2542,Paid Off,Condo,NY,61,745,22645
LN-103757,Susan Johnson,06/17/2019,06/17/2041,319000,248820,6,3886,Paid Off,Condo,MN,59,649,75646
LN-103758,Joseph Gonzalez,01/24/2021,01/24/2038,847000,601370,5.35,2959,30 Days Delinquent,Single Family,OH,80,656,84816
LN-103759,Michelle Brown,03/15/2020,03/15/2048,266000,223440,7.27,3679,Current,Multi Family,AL,70,809,75727
LN-103760,Thomas Smith,08/28/2023,08/28/2053,268000,206360,4.21,3801,Paid Off,Townhouse,AZ,83,818,75378
LN-103761,Jennifer Sanchez,11/18/2022,11/18/2039,367000,249560,4.85,1884,30 Days Delinquent,Commercial,TN,81,663,54684
LN-103762,Matthew Lee,11/16/2018,11/16/2036,695000,667200,6.33,3272,30 Days Delinquent,Condo,FL,59,791,50218
LN-103763,Andrew Johnson,04/13/2019,04/13/2039,772000,617600,7.44,1318,30 Days Delinquent,Condo,AL,61,735,62534
LN-103764,Donna White,10/25/2023,10/25/2040,535000,401250,4.53,3898,60 Days Delinquent,Condo,NC,91,698,41896
LN-103765,Thomas Clark,09/09/2019,09/09/2039,275000,264000,5.05,1342,Default,Multi Family,WI,93,819,39316
LN-103766,Donald Sanchez,11/10/2020,11/10/2038,318000,289380,7.39,1655,Default,Multi Family,WI,56,650,34838
LN-103767,Kimberly Hernandez,10/18/2019,10/18/2038,303000,296940,4.27,2857,Default,Condo,AZ,87,622,99624
LN-103768,Kimberly Lewis,01/12/2023,01/12/2045,540000,345600,6.62,4147,30 Days Delinquent,Commercial,IN,61,764,98413
LN-103769,Thomas Rodriguez,01/21/2023,01/21/2043,521000,369910,7.63,2299,Current,Condo,OK,70,778,93563
LN-103770,Barbara Brown,02/03/2020,02/03/2040,161000,130410,7.58,3797,Current,Commercial,OR,89,725,45402
LN-103771,Jennifer Taylor,08/27/2021,08/27/2047,755000,671950,5.12,2316,Default,Condo,NJ,63,671,88922
LN-103772,Margaret Moore,03/02/2022,03/02/2050,591000,425520,7.3,4119,Default,Townhouse,IL,94,683,90464
LN-103773,Jessica Garcia,02/14/2023,02/14/2046,680000,618800,3.8,2053,90+ Days Delinquent,Multi Family,VA,91,721,73041
LN-103774,Matthew Thomas,12/11/2020,12/11/2041,615000,442800,3.78,3356,30 Days Delinquent,Single Family,MD,89,665,68812
LN-103775,Mark Ramirez,09/17/2023,09/17/2040,753000,602400,4.25,3565,Default,Condo,MI,87,780,62308
LN-103776,James Williams,11/26/2018,11/26/2035,553000,514290,4.38,3432,30 Days Delinquent,Townhouse,VA,90,738,68386
LN-103777,Sandra Smith,06/05/2020,06/05/2049,642000,558540,6.18,3589,Current,Single Family,AZ,91,787,43963
LN-103778,Joshua Ramirez,07/28/2021,07/28/2046,373000,361810,5.48,1841,Current,Townhouse,CO,90,621,74291
LN-103779,Lisa Gonzalez,10/09/2023,10/09/2052,685000,493200,7.15,1394,90+ Days Delinquent,Condo,NJ,63,702,92641
LN-103780,Paul Martinez,10/14/2023,10/14/2047,318000,232140,5.66,3325,60 Days Delinquent,Commercial,CA,87,645,98688
LN-103781,Richard Lee,09/16/2023,09/16/2053,613000,465880,4.82,1620,30 Days Delinquent,Commercial,PA,86,644,58007
LN-103782,Matthew Davis,03/26/2021,03/26/2045,275000,222750,5.18,1697,90+ Days Delinquent,Multi Family,VA,90,713,99001
LN-103783,Barbara Jackson,10/11/2019,10/11/2048,728000,618800,4.8,1933,Default,Condo,FL,55,738,54157
LN-103784,Karen Brown,07/07/2021,07/07/2049,376000,233120,7.13,3879,30 Days Delinquent,Condo,SC,83,687,91995
LN-103785,Donald Jackson,06/14/2022,06/14/2042,463000,435220,6.84,3671,Current,Multi Family,WI,74,800,30909
LN-103786,Michelle Hernandez,10/09/2020,10/09/2045,521000,401170,7.04,3993,Paid Off,Townhouse,SC,84,739,62754
LN-103787,Lisa Brown,07/08/2019,07/08/2045,838000,804480,7.31,2869,Default,Townhouse,TN,73,648,72343
LN-103788,John Jackson,09/15/2019,09/15/2048,815000,635700,3.47,3558,Paid Off,Commercial,MO,56,684,87435
LN-103789,Margaret Thomas,11/05/2018,11/05/2043,739000,546860,5.11,2385,Current,Condo,MO,62,820,14307
LN-103790,Paul Martin,08/10/2019,08/10/2045,221000,205530,4.97,3941,Current,Townhouse,NC,66,694,40402
LN-103791,Sarah Davis,06/15/2019,06/15/2046,653000,633410,6.79,3970,Default,Single Family,VA,81,696,37304
LN-103792,Jennifer Thompson,04/12/2020,04/12/2039,517000,434280,3.66,3967,Paid Off,Commercial,LA,91,746,54146
LN-103793,Mark Lewis,02/18/2020,02/18/2035,260000,249600,3.42,2859,Paid Off,Commercial,UT,78,782,68795
LN-103794,Nancy Harris,08/07/2019,08/07/2035,212000,201400,5.24,3084,Paid Off,Single Family,AL,67,781,74049
LN-103795,Robert Williams,11/01/2019,11/01/2042,198000,122760,3.76,3569,30 Days Delinquent,Townhouse,TN,91,775,66113
LN-103796,Susan Thompson,07/12/2023,07/12/2048,525000,325500,4.31,1420,60 Days Delinquent,Single Family,CO,62,645,75133
LN-103797,Sarah Brown,08/13/2022,08/13/2041,412000,354320,6.94,4023,60 Days Delinquent,Condo,AL,62,655,90295
LN-103798,Michelle Miller,07/12/2022,07/12/2037,775000,503750,5.38,4376,Default,Single Family,AL,57,700,63204
LN-103799,Lisa Thomas,09/09/2023,09/09/2048,777000,707070,7.1,3375,Paid Off,Multi Family,LA,66,755,61266
LN-103800,Daniel Martinez,04/16/2020,04/16/2037,755000,732350,6.01,2980,Paid Off,Multi Family,CO,88,791,91972
LN-103801,Emily Lee,04/24/2023,04/24/2053,790000,600400,3.33,4316,90+ Days Delinquent,Commercial,TX,76,787,19186
LN-103802,Joshua Garcia,05/13/2019,05/13/2045,595000,499800,3.82,1409,60 Days Delinquent,Condo,TN,68,685,85742
LN-103803,Barbara Davis,07/18/2019,07/18/2044,335000,251250,6.9,3070,Current,Townhouse,GA,90,807,58659
LN-103804,Betty Johnson,09/20/2022,09/20/2050,356000,309720,3.7,2318,60 Days Delinquent,Single Family,LA,93,702,71454
LN-103805,Susan Wilson,07/04/2019,07/04/2038,199000,145270,7.01,2106,Current,Single Family,MI,88,787,32656
LN-103806,Matthew Williams,03/14/2022,03/14/2047,850000,654500,7.6,2630,Default,Townhouse,OR,89,769,44324
LN-103807,Steven Johnson,01/20/2021,01/20/2041,484000,295240,7.32,4359,Current,Single Family,TN,86,649,63649
LN-103808,Barbara Martinez,05/04/2021,05/04/2046,287000,226730,5.99,2081,Default,Condo,WA,59,639,46688
LN-103809,Joshua Thompson,02/18/2020,02/18/2048,795000,556500,6.3,2245,90+ Days Delinquent,Condo,OH,79,743,13277
LN-103810,David Martinez,02/28/2021,02/28/2047,476000,366520,5.19,3460,90+ Days Delinquent,Multi Family,WI,58,627,44983
LN-103811,Susan Jackson,10/04/2021,10/04/2051,616000,437360,3.86,4068,30 Days Delinquent,Commercial,KY,88,698,56466
LN-103812,Anthony Brown,08/04/2020,08/04/2040,307000,270160,4.17,1845,90+ Days Delinquent,Condo,LA,89,654,19439
LN-103813,Ashley Jackson,04/15/2020,04/15/2035,362000,282360,5.29,4044,Paid Off,Townhouse,NJ,90,631,54132
LN-103814,Ashley Taylor,12/20/2019,12/20/2034,266000,215460,6.07,4401,90+ Days Delinquent,Townhouse,MA,56,794,30815
LN-103815,Kimberly Robinson,09/14/2019,09/14/2039,395000,383150,4.29,2742,90+ Days Delinquent,Single Family,OH,89,746,68926
LN-103816,Charles Ramirez,01/08/2022,01/08/2046,804000,779880,5.68,3583,Current,Commercial,TX,84,797,70882
LN-103817,Jennifer Hernandez,10/18/2018,10/18/2038,443000,314530,5.52,3775,Paid Off,Multi Family,SC,69,796,66075
LN-103818,Ashley Garcia,08/08/2018,08/08/2047,503000,306830,6.57,3655,Current,Single Family,UT,58,733,58691
LN-103819,Donald Martinez,07/18/2021,07/18/2042,843000,665970,4.2,1600,90+ Days Delinquent,Condo,TN,89,730,99388
LN-103820,Donna Williams,09/05/2021,09/05/2046,413000,400610,6.98,1339,60 Days Delinquent,Condo,MO,84,679,38791
LN-103821,Daniel Hernandez,11/02/2021,11/02/2051,170000,144500,5.87,2715,30 Days Delinquent,Townhouse,VA,60,647,60920
LN-103822,James Davis,12/23/2021,12/23/2049,632000,448720,3.46,1499,90+ Days Delinquent,Commercial,IN,61,633,23138
LN-103823,Linda Lopez,03/10/2019,03/10/2037,226000,205660,6.58,3920,Default,Multi Family,MN,69,717,82875
LN-103824,David White,04/23/2021,04/23/2050,744000,677040,5.16,3987,90+ Days Delinquent,Multi Family,WI,76,626,28151
LN-103825,James Jackson,02/09/2019,02/09/2045,761000,631630,4.07,2921,Default,Commercial,TN,84,644,74026
LN-103826,Susan Harris,12/06/2020,12/06/2048,528000,369600,7.05,3569,60 Days Delinquent,Single Family,OK,59,776,86499
LN-103827,Lisa Jones,10/02/2019,10/02/2049,832000,707200,4.41,4221,90+ Days Delinquent,Townhouse,FL,92,818,64145
LN-103828,Andrew Jackson,12/19/2018,12/19/2033,742000,682640,6.52,2124,90+ Days Delinquent,Single Family,IL,64,793,87432
LN-103829,Susan Jackson,08/11/2022,08/11/2041,236000,188800,4.51,1386,Current,Condo,CO,75,645,75866
LN-103830,Steven Sanchez,03/13/2018,03/13/2037,376000,308320,6.34,1815,Default,Single Family,IN,75,791,52698
LN-103831,William Johnson,04/23/2023,04/23/2041,475000,313500,4.47,3605,Default,Commercial,LA,94,712,52781
LN-103832,Linda Miller,09/11/2021,09/11/2047,571000,405410,7.09,1206,Current,Townhouse,WI,94,818,33966
LN-103833,Elizabeth Williams,11/11/2018,11/11/2035,170000,125800,6.73,1962,30 Days Delinquent,Single Family,MD,66,683,66700
LN-103834,Emily Martinez,07/10/2020,07/10/2037,652000,502040,7.29,1663,Paid Off,Condo,PA,69,809,78013
LN-103835,Sarah Miller,12/21/2021,12/21/2047,377000,229970,3.85,1695,30 Days Delinquent,Single Family,PA,63,775,80964
LN-103836,Joshua Williams,10/26/2019,10/26/2049,577000,363510,4.18,4235,30 Days Delinquent,Commercial,NJ,61,718,48987
LN-103837,Lisa Lee,11/10/2020,11/10/2036,277000,235450,5.09,3394,Default,Multi Family,WI,61,643,28680
LN-103838,Nancy Moore,02/19/2018,02/19/2034,184000,112240,6.73,3719,30 Days Delinquent,Condo,MO,67,638,30106
LN-103839,Nancy White,06/09/2021,06/09/2051,715000,579150,6.84,2935,90+ Days Delinquent,Townhouse,KY,56,668,24845
LN-103840,James Lee,01/20/2021,01/20/2046,714000,656880,4.27,3762,90+ Days Delinquent,Condo,MA,57,795,87968
LN-103841,Anthony Miller,05/21/2019,05/21/2039,695000,660250,4.41,3690,Current,Single Family,MD,73,755,48660
LN-103842,Margaret Jones,06/04/2020,06/04/2038,414000,289800,3.9,2554,Default,Commercial,OK,88,634,42744
LN-103843,Joshua Garcia,02/17/2023,02/17/2041,506000,303600,4.5,2878,90+ Days Delinquent,Townhouse,MI,61,717,68964
LN-103844,Jennifer Wilson,05/08/2020,05/08/2037,249000,151890,5.92,3303,Current,Multi Family,PA,92,676,30265
LN-103845,Elizabeth Jackson,04/11/2023,04/11/2040,405000,311850,6.82,3578,30 Days Delinquent,Townhouse,WI,62,736,54562
LN-103846,Margaret Williams,07/03/2023,07/03/2039,189000,143640,3.57,1637,60 Days Delinquent,Condo,LA,95,754,58370
LN-103847,John Moore,10/13/2019,10/13/2039,304000,264480,4.72,4182,Current,Condo,MI,77,621,25953
LN-103848,Jennifer Harris,07/04/2023,07/04/2038,670000,455600,3.84,4196,90+ Days Delinquent,Multi Family,NJ,88,762,77985
LN-103849,Mark Taylor,07/14/2018,07/14/2035,284000,272640,3.49,3439,60 Days Delinquent,Townhouse,CT,66,819,18138
LN-103850,Richard Gonzalez,01/07/2018,01/07/2037,606000,509040,5.62,3753,30 Days Delinquent,Multi Family,PA,59,727,65382
LN-103851,William Jackson,07/14/2022,07/14/2039,266000,239400,6.19,2194,30 Days Delinquent,Single Family,MI,78,815,67352
LN-103852,Steven Ramirez,01/19/2023,01/19/2047,614000,497340,6.46,1804,Current,Single Family,OK,89,675,15600
LN-103853,Susan White,12/14/2021,12/14/2049,707000,537320,4.56,2609,Current,Multi Family,IN,75,695,14679
LN-103854,Andrew Martinez,12/24/2018,12/24/2039,556000,505960,7.19,2663,Default,Single Family,MA,56,790,65360
LN-103855,Joshua Martin,09/13/2020,09/13/2037,635000,495300,4.4,1568,60 Days Delinquent,Multi Family,MN,60,783,48795
LN-103856,Mary Robinson,11/05/2020,11/05/2041,647000,407610,3.7,1773,60 Days Delinquent,Townhouse,SC,74,647,66380
LN-103857,Nancy Smith,07/05/2018,07/05/2044,819000,679770,5.98,3695,Current,Condo,MA,58,650,96839
LN-103858,William Anderson,05/03/2019,05/03/2040,583000,495550,4.72,2356,Default,Commercial,GA,59,739,70863
LN-103859,Elizabeth Garcia,02/05/2022,02/05/2048,433000,398360,4.67,2874,Current,Commercial,VA,92,638,59450
LN-103860,Steven Smith,09/19/2018,09/19/2042,237000,146940,3.63,2013,30 Days Delinquent,Commercial,AL,61,763,74055
LN-103861,James Lopez,12/13/2022,12/13/2042,478000,329820,3.32,2342,90+ Days Delinquent,Condo,NY,90,792,73151
LN-103862,Linda Anderson,01/09/2021,01/09/2038,597000,364170,4.49,2902,60 Days Delinquent,Condo,OR,67,741,82267
LN-103863,Elizabeth Jackson,10/05/2018,10/05/2039,819000,712530,7.57,1964,60 Days Delinquent,Townhouse,NJ,72,633,10653
LN-103864,Andrew Taylor,03/19/2023,03/19/2048,715000,650650,3.57,2327,Current,Townhouse,WI,58,788,92937
LN-103865,Barbara Martin,02/07/2021,02/07/2038,642000,597060,5.9,1703,60 Days Delinquent,Commercial,MI,63,787,96222
LN-103866,Donald Clark,12/14/2023,12/14/2043,733000,645040,6.84,4405,Current,Multi Family,VA,78,654,46606
LN-103867,Mary Jackson,09/12/2021,09/12/2046,397000,333480,4.81,1214,Current,Multi Family,CA,85,782,81507
LN-103868,Robert Sanchez,01/05/2022,01/05/2047,235000,143350,6.01,2151,Paid Off,Multi Family,MD,60,632,21458
LN-103869,Richard Jackson,07/28/2018,07/28/2046,509000,356300,3.63,2417,Current,Townhouse,IN,79,699,41296
LN-103870,Linda Perez,05/12/2020,05/12/2044,514000,380360,7.16,3008,60 Days Delinquent,Commercial,MD,71,794,15353
LN-103871,Mary Martinez,10/16/2023,10/16/2052,180000,131400,4.87,3681,Default,Townhouse,KY,69,754,73868
LN-103872,Andrew Sanchez,04/08/2022,04/08/2052,602000,523740,5.28,1643,Default,Condo,GA,73,717,72912
LN-103873,Linda Anderson,10/27/2022,10/27/2043,296000,227920,6.83,4093,Current,Multi Family,TX,76,696,14020
LN-103874,Charles Miller,03/15/2018,03/15/2039,420000,373800,5.37,3018,60 Days Delinquent,Single Family,MI,73,723,59082
LN-103875,Richard Williams,01/21/2018,01/21/2039,554000,409960,6.25,3753,30 Days Delinquent,Condo,MN,67,702,85312
LN-103876,Joseph Brown,03/24/2021,03/24/2048,755000,724800,7.09,1584,Current,Townhouse,WA,70,745,15229
LN-103877,Patricia Ramirez,04/17/2022,04/17/2049,800000,640000,6.98,3003,30 Days Delinquent,Commercial,UT,92,689,37826
LN-103878,Elizabeth Brown,08/12/2021,08/12/2043,652000,456400,5.77,3556,Current,Commercial,SC,57,795,34870
LN-103879,Joseph Lopez,01/16/2022,01/16/2050,571000,491060,7.17,2972,Default,Commercial,VA,79,629,39588
LN-103880,Thomas Jones,04/25/2022,04/25/2044,165000,118800,5.52,2622,Current,Condo,OR,73,814,86854
LN-103881,Christopher Davis,12/24/2021,12/24/2047,301000,204680,3.41,3501,Paid Off,Condo,OH,58,739,81537
LN-103882,Mark Ramirez,10/11/2022,10/11/2051,232000,194880,7.64,3549,Current,Commercial,NC,94,773,12854
LN-103883,Patricia Lee,04/21/2019,04/21/2038,520000,488800,5.18,1860,60 Days Delinquent,Townhouse,CO,90,810,71123
LN-103884,Mark Johnson,10/16/2018,10/16/2036,686000,493920,3.89,4180,Paid Off,Multi Family,NY,72,788,94277
LN-103885,Margaret Thompson,06/01/2018,06/01/2040,681000,476700,4.05,3619,Current,Single Family,SC,60,628,20012
LN-103886,Daniel Jackson,02/08/2020,02/08/2044,235000,211500,5.55,2478,90+ Days Delinquent,Condo,VA,68,804,37445
LN-103887,Paul Hernandez,02/10/2020,02/10/2045,378000,272160,4.03,2066,90+ Days Delinquent,Condo,KY,81,808,89914
LN-103888,James Perez,12/14/2022,12/14/2052,577000,403900,5.85,3709,Default,Condo,FL,62,710,53928
LN-103889,Paul Rodriguez,09/23/2021,09/23/2048,579000,550050,5.75,4031,Default,Commercial,OK,66,667,58604
LN-103890,Jennifer Miller,11/17/2023,11/17/2041,328000,226320,5.26,4123,60 Days Delinquent,Condo,MA,85,783,36785
LN-103891,Kimberly Jones,05/25/2018,05/25/2038,582000,372480,7.68,2596,Default,Commercial,CO,83,800,96406
LN-103892,Michelle Martin,05/26/2020,05/26/2042,658000,513240,5.04,3405,Paid Off,Condo,WI,89,698,41093
LN-103893,Jennifer Brown,10/25/2020,10/25/2048,623000,380030,5.72,1400,Current,Single Family,CA,72,725,27780
LN-103894,John Brown,03/17/2019,03/17/2035,307000,202620,5.46,1844,Default,Multi Family,KY,68,664,15877
LN-103895,Margaret Thompson,06/10/2023,06/10/2047,650000,604500,7.75,1775,Current,Multi Family,AZ,61,725,24426
LN-103896,Elizabeth Sanchez,09/08/2021,09/08/2040,259000,212380,4.71,3840,30 Days Delinquent,Commercial,MA,72,689,17196
LN-103897,John Williams,01/26/2022,01/26/2046,256000,240640,7,1921,Paid Off,Single Family,NJ,92,808,16641
LN-103898,Mark Williams,02/26/2020,02/26/2040,341000,265980,6.75,1287,30 Days Delinquent,Multi Family,CT,84,752,14790
LN-103899,Donald Taylor,12/16/2019,12/16/2043,488000,326960,7.16,4099,Default,Condo,MN,64,718,99228
LN-103900,Sarah Jones,01/23/2022,01/23/2046,270000,234900,5.95,2233,90+ Days Delinquent,Single Family,LA,55,804,99752
LN-103901,Susan Lee,09/11/2021,09/11/2044,471000,438030,6.66,3009,60 Days Delinquent,Single Family,SC,87,787,72379
LN-103902,Susan Lee,04/23/2023,04/23/2053,260000,192400,5.36,2514,Default,Townhouse,AL,83,637,66380
LN-103903,Jessica Johnson,10/27/2022,10/27/2048,712000,647920,5.62,2946,60 Days Delinquent,Commercial,MI,79,675,26189
LN-103904,Emily Thomas,05/23/2018,05/23/2040,787000,700430,6.03,4036,Default,Townhouse,MD,68,744,29451
LN-103905,Jessica Thomas,03/21/2021,03/21/2043,715000,693550,3.58,2944,Paid Off,Condo,OR,92,720,42320
LN-103906,Elizabeth Martin,11/14/2021,11/14/2048,697000,501840,3.84,4435,60 Days Delinquent,Condo,IN,60,702,50418
LN-103907,David Taylor,10/01/2019,10/01/2040,497000,362810,3.35,3226,Paid Off,Commercial,MD,67,640,17868
LN-103908,Sarah Smith,08/27/2023,08/27/2039,592000,426240,5.01,3367,60 Days Delinquent,Townhouse,VA,57,696,10049
LN-103909,Sandra Jackson,01/09/2020,01/09/2050,312000,249600,7.17,2570,60 Days Delinquent,Single Family,MN,90,628,57391
LN-103910,Jennifer Miller,02/21/2022,02/21/2046,294000,285180,5.83,2875,90+ Days Delinquent,Condo,AL,65,698,62206
LN-103911,Michael Lee,09/08/2018,09/08/2033,303000,269670,6.9,4498,Paid Off,Commercial,MN,84,680,79767
LN-103912,Anthony Robinson,07/14/2021,07/14/2045,242000,234740,4.07,2965,Default,Commercial,MD,56,758,13035
LN-103913,Elizabeth Ramirez,03/08/2018,03/08/2047,339000,206790,4.26,2250,30 Days Delinquent,Single Family,WI,55,796,18657
LN-103914,Lisa Jackson,02/15/2020,02/15/2039,418000,342760,6.03,2411,90+ Days Delinquent,Townhouse,OH,92,802,15069
LN-103915,Sarah Lee,02/22/2023,02/22/2042,437000,402040,4.66,3408,90+ Days Delinquent,Condo,UT,83,819,43333
LN-103916,Matthew Williams,08/21/2019,08/21/2039,641000,557670,5.06,2998,Default,Commercial,WI,62,727,41959
LN-103917,Margaret Lewis,09/21/2019,09/21/2046,441000,414540,7.26,4176,Paid Off,Multi Family,LA,73,691,50512
LN-103918,Joseph Thompson,03/04/2022,03/04/2037,821000,779950,7.57,1814,60 Days Delinquent,Single Family,KY,67,802,90140
LN-103919,Michael Perez,01/15/2021,01/15/2037,474000,412380,3.7,4038,Current,Commercial,FL,56,686,54440
LN-103920,Donna Davis,02/27/2018,02/27/2036,305000,210450,7.11,3476,60 Days Delinquent,Townhouse,VA,67,816,71430
LN-103921,Mary Rodriguez,03/16/2019,03/16/2036,325000,224250,4.27,3254,Paid Off,Single Family,VA,55,658,58803
LN-103922,Anthony Hernandez,10/28/2019,10/28/2044,192000,163200,5.74,2412,Paid Off,Commercial,KY,68,708,86611
LN-103923,Charles Rodriguez,12/27/2018,12/27/2034,817000,686280,4.27,4374,Default,Commercial,MO,78,797,27459
LN-103924,Jessica Thomas,10/28/2022,10/28/2039,506000,475640,7.17,2117,90+ Days Delinquent,Townhouse,FL,93,645,34606
LN-103925,Sarah Clark,01/02/2020,01/02/2043,344000,251120,5.64,2187,30 Days Delinquent,Condo,OK,60,777,35894
LN-103926,Richard White,05/10/2022,05/10/2050,281000,272570,3.59,1554,90+ Days Delinquent,Commercial,MN,80,685,97250
LN-103927,Matthew Thomas,03/19/2019,03/19/2041,589000,382850,4.55,2514,Default,Townhouse,WI,68,726,61113
LN-103928,Donna Taylor,05/13/2023,05/13/2045,420000,302400,7.71,1284,Current,Single Family,FL,72,709,52948
LN-103929,Margaret Thompson,03/13/2021,03/13/2044,395000,343650,4,4008,Current,Single Family,MO,57,710,44542
LN-103930,Paul Jones,02/02/2019,02/02/2044,319000,239250,5.09,4177,30 Days Delinquent,Multi Family,IL,65,753,45616
LN-103931,Richard Hernandez,03/17/2020,03/17/2046,561000,527340,5.33,1964,60 Days Delinquent,Condo,OR,64,817,22490
LN-103932,Jessica Sanchez,06/13/2020,06/13/2044,830000,755300,4.72,3338,Paid Off,Multi Family,CA,92,762,20792
LN-103933,William Gonzalez,08/04/2018,08/04/2040,426000,400440,7.26,3529,90+ Days Delinquent,Townhouse,OR,91,663,11922
LN-103934,Jessica Moore,11/11/2023,11/11/2041,213000,200220,3.87,2438,60 Days Delinquent,Condo,NJ,95,701,21815
LN-103935,Linda Wilson,03/24/2018,03/24/2045,559000,536640,6.41,3792,90+ Days Delinquent,Commercial,IL,83,657,63746
LN-103936,Donald Perez,01/14/2023,01/14/2039,775000,651000,4.48,1875,90+ Days Delinquent,Multi Family,IN,81,760,39738
LN-103937,Anthony Lewis,05/11/2019,05/11/2042,502000,321280,3.49,2359,30 Days Delinquent,Townhouse,CT,74,759,17108
LN-103938,David Gonzalez,02/10/2021,02/10/2039,811000,567700,4.34,4108,Default,Single Family,PA,59,698,53217
LN-103939,Margaret Ramirez,09/16/2018,09/16/2034,718000,481060,5.56,3357,60 Days Delinquent,Multi Family,UT,85,718,74741
LN-103940,Kimberly Sanchez,11/07/2023,11/07/2048,642000,398040,7.74,3145,Default,Commercial,TX,59,762,44753
LN-103941,Ashley Lee,10/11/2018,10/11/2044,658000,572460,3.83,3033,90+ Days Delinquent,Townhouse,OH,82,633,11869
LN-103942,Michael Miller,09/19/2023,09/19/2048,767000,467870,4.78,1884,30 Days Delinquent,Multi Family,MI,83,815,70350
LN-103943,Linda Martin,07/01/2019,07/01/2034,299000,194350,5.11,3282,30 Days Delinquent,Multi Family,MN,85,671,72707
LN-103944,Paul Ramirez,08/20/2021,08/20/2049,490000,298900,6.63,3753,Default,Multi Family,MI,89,666,26158
LN-103945,Richard Williams,03/02/2021,03/02/2040,694000,659300,5.84,3428,Current,Single Family,TX,75,712,29777
LN-103946,John Rodriguez,09/25/2021,09/25/2043,703000,632700,5.23,3063,Paid Off,Condo,WA,76,662,61702
LN-103947,Michelle Ramirez,07/01/2023,07/01/2049,527000,416330,7.02,1680,90+ Days Delinquent,Commercial,UT,70,680,62696
LN-103948,Richard White,10/02/2023,10/02/2039,733000,645040,4.32,4477,60 Days Delinquent,Condo,OH,69,816,42917
LN-103949,Matthew White,10/07/2022,10/07/2041,153000,128520,3.7,4113,60 Days Delinquent,Single Family,WI,79,811,30646
LN-103950,Joseph Lopez,11/13/2022,11/13/2051,801000,488610,7.53,1651,90+ Days Delinquent,Multi Family,NY,75,808,84144
LN-103951,Richard Williams,09/21/2018,09/21/2039,727000,479820,3.89,4250,30 Days Delinquent,Multi Family,OR,78,710,37616
LN-103952,William Davis,11/13/2018,11/13/2040,846000,769860,5.01,3105,30 Days Delinquent,Condo,VA,89,705,93620
LN-103953,William Clark,03/14/2023,03/14/2041,352000,334400,4.89,1693,Paid Off,Single Family,OH,78,716,79491
LN-103954,Michael Davis,12/09/2020,12/09/2040,373000,305860,4.22,2538,30 Days Delinquent,Commercial,CA,86,783,83098
LN-103955,Joseph Harris,07/02/2021,07/02/2050,831000,797760,6.71,2104,60 Days Delinquent,Commercial,OK,57,702,12719
LN-103956,Michelle Martin,12/15/2018,12/15/2039,355000,266250,4.15,2539,30 Days Delinquent,Townhouse,AZ,85,665,87393
LN-103957,Robert Thompson,05/24/2021,05/24/2050,518000,321160,3.72,3570,90+ Days Delinquent,Commercial,UT,68,744,75191
LN-103958,Anthony Ramirez,12/22/2022,12/22/2049,175000,161000,6.95,3728,Paid Off,Townhouse,WA,81,682,95551
LN-103959,Thomas Thompson,06/09/2020,06/09/2035,741000,496470,3.53,2576,90+ Days Delinquent,Commercial,NC,81,651,65141
LN-103960,Daniel Taylor,10/02/2023,10/02/2048,335000,207700,4.1,2888,Paid Off,Commercial,NY,84,766,19480
LN-103961,Andrew Gonzalez,08/16/2023,08/16/2046,296000,257520,7.67,4403,Default,Single Family,CA,84,644,54808
LN-103962,Andrew Robinson,07/05/2018,07/05/2040,382000,286500,6.06,1820,60 Days Delinquent,Townhouse,MN,69,626,22184
LN-103963,Susan Smith,02/25/2021,02/25/2037,366000,300120,5.29,4225,Paid Off,Condo,SC,78,638,75451
LN-103964,Lisa Rodriguez,09/16/2020,09/16/2040,567000,368550,3.29,1701,60 Days Delinquent,Multi Family,NY,74,738,99864
LN-103965,David Lee,08/22/2019,08/22/2040,829000,712940,3.65,3731,Current,Commercial,IL,56,771,71664
LN-103966,Betty Robinson,11/10/2018,11/10/2046,791000,719810,3.81,4080,Default,Multi Family,TX,80,687,15916
LN-103967,Margaret Jones,11/27/2019,11/27/2046,455000,295750,6.43,3635,Paid Off,Multi Family,AZ,76,779,19808
LN-103968,Thomas Harris,01/23/2022,01/23/2039,334000,207080,4.4,2835,Default,Multi Family,AZ,64,663,30107
LN-103969,Matthew Anderson,05/28/2020,05/28/2036,839000,604080,5.68,3550,90+ Days Delinquent,Condo,OR,60,758,66682
LN-103970,Donald Hernandez,11/27/2023,11/27/2042,233000,193390,5.24,1521,Paid Off,Commercial,WA,88,693,58880
LN-103971,Robert Davis,09/20/2020,09/20/2036,383000,298740,5.05,4123,60 Days Delinquent,Single Family,OR,68,678,76514
LN-103972,Betty Brown,08/14/2020,08/14/2046,529000,359720,4.01,1706,Current,Multi Family,WI,70,624,71875
LN-103973,Andrew Taylor,03/01/2019,03/01/2047,844000,557040,4.88,4424,Paid Off,Condo,WA,90,647,94937
LN-103974,William Davis,02/04/2019,02/04/2047,329000,230300,4.13,2938,60 Days Delinquent,Commercial,CT,94,742,21385
LN-103975,Susan Perez,02/17/2018,02/17/2041,375000,337500,6.95,1527,Paid Off,Multi Family,FL,84,628,65736
LN-103976,John Lee,08/05/2021,08/05/2040,670000,529300,7.67,1345,Default,Multi Family,VA,87,630,28433
LN-103977,William Johnson,01/06/2020,01/06/2037,704000,542080,4.18,3034,90+ Days Delinquent,Condo,LA,55,782,21729
LN-103978,Thomas Taylor,12/25/2018,12/25/2045,541000,367880,7.74,2623,Paid Off,Townhouse,OR,70,800,51092
LN-103979,Steven Wilson,01/23/2018,01/23/2044,361000,299630,3.77,2176,60 Days Delinquent,Commercial,IL,86,763,98842
LN-103980,Patricia Ramirez,09/07/2023,09/07/2041,705000,444150,4.3,2471,Paid Off,Townhouse,UT,93,782,97463
LN-103981,Patricia Wilson,07/14/2021,07/14/2046,212000,144160,4.66,2688,Default,Condo,CA,78,740,32419
LN-103982,Sarah Garcia,06/18/2019,06/18/2043,286000,208780,5.31,1305,60 Days Delinquent,Multi Family,MA,91,765,30111
LN-103983,Kimberly Sanchez,05/06/2020,05/06/2037,809000,558210,6.12,1818,Current,Condo,CA,93,723,86884
LN-103984,David Williams,03/15/2019,03/15/2037,403000,366730,6.99,1311,Default,Condo,NJ,60,661,74011
LN-103985,Linda White,02/07/2021,02/07/2038,850000,705500,4.39,3238,Paid Off,Commercial,NJ,82,770,28783
LN-103986,John Brown,04/16/2021,04/16/2043,533000,463710,5.57,1420,60 Days Delinquent,Commercial,OK,65,691,16496
LN-103987,Susan Gonzalez,11/21/2018,11/21/2037,697000,613360,4.6,3639,Default,Commercial,MI,73,763,96439
LN-103988,Emily Wilson,05/05/2018,05/05/2037,591000,395970,6.49,3822,60 Days Delinquent,Condo,TN,66,649,88944
LN-103989,Lisa Moore,05/15/2018,05/15/2047,338000,270400,4.8,4177,30 Days Delinquent,Condo,CO,83,741,16366
LN-103990,David Gonzalez,06/09/2019,06/09/2044,502000,376500,5.6,3423,Default,Multi Family,NY,83,693,95893
LN-103991,Karen Williams,10/20/2022,10/20/2052,763000,495950,7.13,3938,60 Days Delinquent,Condo,WI,95,653,69535
LN-103992,Karen Brown,09/02/2021,09/02/2049,174000,137460,7.13,4304,60 Days Delinquent,Multi Family,IL,80,786,80487
LN-103993,Anthony Thompson,03/15/2021,03/15/2036,734000,535820,3.68,1945,Paid Off,Townhouse,SC,73,758,34718
LN-103994,Mark Gonzalez,09/12/2019,09/12/2044,152000,112480,3.84,2540,90+ Days Delinquent,Condo,MI,55,780,39266
LN-103995,Paul Martin,06/01/2023,06/01/2050,177000,123900,5.45,4080,Current,Condo,AL,67,764,91492
LN-103996,Karen Martin,02/23/2018,02/23/2042,834000,708900,4.66,3547,Paid Off,Condo,CO,70,819,73555
LN-103997,Steven Sanchez,05/21/2019,05/21/2049,421000,256810,3.78,2838,Default,Condo,UT,90,802,30721
LN-103998,Linda Johnson,05/02/2022,05/02/2048,690000,448500,7.11,4070,Current,Townhouse,MI,77,684,77691
LN-103999,Kimberly Harris,05/20/2023,05/20/2039,571000,348310,5.48,1906,60 Days Delinquent,Single Family,NY,70,685,38606
LN-104000,Michelle Hernandez,11/24/2023,11/24/2042,176000,117920,4.58,1559,Paid Off,Multi Family,VA,78,699,86412
LN-104001,Margaret Lopez,10/16/2020,10/16/2035,375000,258750,6.84,1568,60 Days Delinquent,Commercial,NJ,76,656,14194
LN-104002,Kimberly Martinez,10/12/2020,10/12/2050,411000,332910,5.45,3367,Paid Off,Townhouse,MA,69,803,39747
LN-104003,Mary White,04/10/2022,04/10/2045,506000,318780,4.55,4103,Default,Commercial,IL,84,626,81480
LN-104004,Mary Rodriguez,05/19/2018,05/19/2034,686000,432180,5.94,3303,Paid Off,Commercial,MO,56,751,87097
LN-104005,Patricia White,09/23/2020,09/23/2041,523000,350410,6.13,2471,90+ Days Delinquent,Single Family,KY,82,624,78074
LN-104006,Richard Lewis,03/03/2022,03/03/2037,234000,147420,7.37,1284,60 Days Delinquent,Multi Family,UT,71,633,44033
LN-104007,Barbara Wilson,01/02/2023,01/02/2041,735000,529200,3.38,3208,Paid Off,Condo,SC,70,731,55538
LN-104008,Paul Anderson,02/05/2023,02/05/2049,658000,605360,4.67,1289,Default,Multi Family,KY,82,812,71531
LN-104009,Charles Harris,05/17/2018,05/17/2035,507000,359970,4.29,1610,Current,Commercial,CO,63,738,59260
LN-104010,Michelle Lee,02/19/2019,02/19/2048,330000,270600,7.39,3653,Default,Commercial,AL,62,820,63314
LN-104011,William Johnson,01/22/2023,01/22/2051,439000,390710,5.02,1964,Default,Townhouse,MN,83,622,71057
LN-104012,Michael Davis,03/10/2022,03/10/2050,848000,517280,5.31,2137,Current,Single Family,NC,95,691,49800
LN-104013,Jennifer Lee,03/01/2020,03/01/2038,701000,574820,5.4,2433,30 Days Delinquent,Commercial,OH,85,713,76691
LN-104014,Richard Rodriguez,06/16/2021,06/16/2037,375000,307500,6.37,1486,Paid Off,Single Family,MA,77,750,14031
LN-104015,Joseph Lee,06/17/2020,06/17/2050,355000,337250,7.17,2998,60 Days Delinquent,Condo,NY,77,778,43426
LN-104016,Christopher Robinson,11/24/2022,11/24/2039,491000,338790,4.68,2099,Current,Condo,MO,71,642,48008
LN-104017,Nancy Taylor,01/20/2019,01/20/2037,515000,406850,6.32,3410,Paid Off,Commercial,OR,70,703,41338
LN-104018,Karen Lee,02/08/2018,02/08/2045,816000,783360,7.64,3646,Default,Townhouse,LA,95,763,24885
LN-104019,Joseph Perez,10/06/2020,10/06/2046,604000,549640,3.35,2808,60 Days Delinquent,Multi Family,IN,61,795,36819
LN-104020,Paul Thompson,10/25/2020,10/25/2044,288000,273600,5.97,3172,Paid Off,Townhouse,KY,81,723,80166
LN-104021,Nancy Robinson,09/09/2023,09/09/2047,496000,376960,5.05,4239,Default,Multi Family,VA,66,788,32672
LN-104022,Christopher Wilson,10/06/2022,10/06/2045,479000,296980,3.47,2660,Default,Single Family,SC,63,623,28152
LN-104023,Emily Rodriguez,09/08/2020,09/08/2039,630000,516600,4.89,2882,Paid Off,Multi Family,MN,71,621,27216
LN-104024,Ashley Anderson,08/14/2020,08/14/2050,258000,247680,5.17,2572,Paid Off,Multi Family,AL,95,655,33096
LN-104025,Margaret Gonzalez,09/24/2020,09/24/2048,522000,464580,4.7,1444,30 Days Delinquent,Single Family,MN,60,756,55774
LN-104026,Sandra Lee,07/26/2018,07/26/2044,306000,275400,5.53,3428,90+ Days Delinquent,Commercial,TX,76,634,81204
LN-104027,Lisa Gonzalez,02/16/2022,02/16/2049,380000,247000,5.03,3975,60 Days Delinquent,Condo,CA,72,803,65101
LN-104028,Elizabeth Garcia,02/08/2020,02/08/2045,401000,264660,3.42,3835,30 Days Delinquent,Commercial,IN,69,709,29775
LN-104029,Margaret Perez,03/09/2023,03/09/2041,577000,455830,7.35,3141,Current,Townhouse,MO,90,681,74973
LN-104030,Donald Davis,10/22/2023,10/22/2040,587000,528300,4.24,2500,60 Days Delinquent,Multi Family,WI,71,687,42358
LN-104031,Mary Ramirez,06/14/2022,06/14/2047,745000,685400,7.04,2240,60 Days Delinquent,Commercial,FL,81,620,13631
LN-104032,Robert Jones,03/01/2020,03/01/2046,491000,314240,4.72,2053,30 Days Delinquent,Multi Family,PA,80,722,32969
LN-104033,Michelle Lopez,08/09/2019,08/09/2042,239000,184030,6.37,1963,Current,Townhouse,NY,87,819,10771
LN-104034,Lisa Lee,03/25/2020,03/25/2037,376000,229360,4.23,4359,Default,Townhouse,OK,85,700,14530
LN-104035,Charles Jones,09/13/2018,09/13/2036,274000,197280,5.08,3420,30 Days Delinquent,Commercial,OK,66,795,43417
LN-104036,Ashley Davis,05/09/2022,05/09/2042,154000,93940,4.06,2551,30 Days Delinquent,Townhouse,MA,83,684,99162
LN-104037,Michelle Davis,12/28/2019,12/28/2045,318000,244860,4.81,2873,30 Days Delinquent,Multi Family,TN,67,671,70515
LN-104038,Sarah Ramirez,10/24/2018,10/24/2033,785000,698650,5.34,4272,30 Days Delinquent,Commercial,KY,67,696,61786
LN-104039,Donna Perez,08/07/2019,08/07/2049,737000,700150,7.53,3562,60 Days Delinquent,Single Family,FL,74,813,67557
LN-104040,Daniel Wilson,11/07/2022,11/07/2043,423000,342630,4.83,1200,Paid Off,Condo,WI,60,624,32840
LN-104041,Donald Sanchez,07/17/2018,07/17/2038,220000,191400,5.64,1638,Current,Townhouse,VA,75,772,73885
LN-104042,Kimberly Hernandez,01/27/2019,01/27/2043,769000,630580,4.01,3075,Default,Multi Family,OR,63,702,92674
LN-104043,Donald Martin,12/06/2022,12/06/2041,635000,400050,3.49,3831,90+ Days Delinquent,Condo,MI,74,697,90428
LN-104044,Christopher Johnson,11/11/2021,11/11/2043,409000,364010,3.73,1941,Paid Off,Multi Family,CA,75,768,21751
LN-104045,Betty Smith,02/18/2019,02/18/2043,809000,744280,6.44,3919,30 Days Delinquent,Multi Family,CA,91,665,64662
LN-104046,John Thomas,01/10/2022,01/10/2041,828000,587880,4.36,2436,30 Days Delinquent,Condo,WA,92,770,68071
LN-104047,Lisa Harris,07/07/2021,07/07/2043,798000,478800,7.12,3663,30 Days Delinquent,Townhouse,IL,81,796,11742
LN-104048,Richard Jackson,05/20/2020,05/20/2043,834000,533760,5.1,3438,90+ Days Delinquent,Condo,MA,55,695,26770
LN-104049,Matthew Anderson,05/08/2022,05/08/2043,839000,637640,6.08,1782,Current,Townhouse,IN,84,651,18513
LN-104050,Elizabeth Thompson,10/25/2018,10/25/2040,820000,549400,7.43,3016,30 Days Delinquent,Commercial,AL,73,728,36085
LN-104051,Michelle Garcia,05/04/2019,05/04/2047,158000,110600,6.56,2767,Default,Single Family,MD,92,666,38092
LN-104052,Sarah Clark,04/24/2020,04/24/2038,520000,338000,6.2,4036,Current,Condo,OK,83,711,54915
LN-104053,Andrew Martinez,11/09/2023,11/09/2041,569000,426750,4.86,4378,90+ Days Delinquent,Single Family,NY,81,678,21302
LN-104054,Mary Thompson,09/12/2023,09/12/2045,813000,569100,4.52,2664,90+ Days Delinquent,Townhouse,TX,94,814,44649
LN-104055,Michelle Anderson,06/27/2022,06/27/2038,408000,252960,6.25,1646,60 Days Delinquent,Townhouse,NY,57,761,14063
LN-104056,David Jackson,07/17/2020,07/17/2038,764000,580640,7.26,4102,Default,Single Family,NC,78,645,77863
LN-104057,Daniel Thompson,01/14/2023,01/14/2053,277000,204980,6.66,1994,Default,Commercial,NJ,57,706,15467
LN-104058,Margaret Perez,10/07/2018,10/07/2038,628000,433320,6.84,2031,Current,Multi Family,SC,56,692,53490
LN-104059,Betty Robinson,06/22/2022,06/22/2044,522000,354960,6.27,1585,90+ Days Delinquent,Condo,AL,81,818,91164
LN-104060,Elizabeth Martin,10/23/2022,10/23/2039,482000,298840,6.91,3406,30 Days Delinquent,Multi Family,PA,76,697,25007
LN-104061,William Miller,12/10/2018,12/10/2036,835000,576150,5.72,1722,Default,Condo,AZ,90,712,69043
LN-104062,Ashley Taylor,09/06/2020,09/06/2039,182000,160160,7.55,2759,30 Days Delinquent,Commercial,NC,88,758,96025
LN-104063,Emily Jackson,01/09/2019,01/09/2047,237000,229890,4.34,2073,30 Days Delinquent,Single Family,SC,74,622,80308
LN-104064,Michelle Johnson,02/25/2019,02/25/2035,661000,561850,3.53,1931,Default,Townhouse,AL,61,730,25673
LN-104065,Barbara Hernandez,01/02/2018,01/02/2044,471000,438030,5.9,1792,Current,Commercial,WI,95,689,35863
LN-104066,Donald Harris,02/06/2022,02/06/2049,180000,151200,5.95,1637,Current,Townhouse,OR,73,724,58070
LN-104067,Linda Rodriguez,04/03/2022,04/03/2050,269000,242100,4.75,4482,30 Days Delinquent,Multi Family,TN,56,716,57034
LN-104068,Linda Moore,06/06/2021,06/06/2051,637000,560560,6.83,4028,Default,Townhouse,NY,56,778,58341
LN-104069,Joshua Clark,08/21/2021,08/21/2047,406000,296380,5.04,2880,Current,Multi Family,CA,63,800,38292
LN-104070,Andrew Jones,06/16/2020,06/16/2048,309000,268830,5.48,4246,Default,Condo,OK,95,697,59928
LN-104071,Linda Brown,07/28/2019,07/28/2034,497000,477120,5.94,4304,60 Days Delinquent,Single Family,MO,70,762,72863
LN-104072,David Sanchez,07/18/2018,07/18/2036,200000,150000,4.51,3948,30 Days Delinquent,Single Family,AZ,73,637,18314
LN-104073,Charles Rodriguez,04/06/2021,04/06/2047,668000,534400,3.84,3042,90+ Days Delinquent,Single Family,KY,80,815,22837
LN-104074,Michelle Thompson,05/22/2019,05/22/2036,785000,486700,4.47,3396,Default,Condo,PA,83,627,53170
LN-104075,Joshua Williams,08/19/2023,08/19/2043,355000,298200,3.28,2899,60 Days Delinquent,Single Family,WI,91,769,78530
LN-104076,Barbara Robinson,06/27/2021,06/27/2048,681000,537990,5.34,2737,Default,Condo,OK,81,685,33199
LN-104077,Richard Smith,09/15/2020,09/15/2036,193000,165980,4.35,2963,Current,Commercial,LA,89,819,39551
LN-104078,Linda Wilson,08/28/2020,08/28/2039,696000,598560,7.16,2333,Paid Off,Single Family,MI,68,760,30613
LN-104079,Donna Thompson,10/01/2022,10/01/2040,610000,469700,4.35,2913,Default,Townhouse,CT,82,723,15169
LN-104080,Susan Garcia,05/11/2023,05/11/2047,726000,646140,5.36,2096,30 Days Delinquent,Single Family,NC,85,802,52432
LN-104081,Linda Rodriguez,05/16/2018,05/16/2033,675000,573750,4.48,3200,60 Days Delinquent,Townhouse,WI,86,680,94991
LN-104082,Michael Garcia,12/01/2022,12/01/2050,676000,635440,3.78,1726,30 Days Delinquent,Single Family,FL,72,768,50702
LN-104083,Patricia Lewis,03/23/2023,03/23/2041,290000,179800,5.86,1348,60 Days Delinquent,Condo,MA,68,820,49747
LN-104084,Margaret Williams,07/23/2020,07/23/2039,788000,717080,7.53,2465,Default,Condo,LA,93,764,25088
LN-104085,Mark Clark,01/07/2022,01/07/2049,747000,575190,5.76,3490,Current,Single Family,CA,71,628,70049
LN-104086,Thomas Garcia,03/13/2021,03/13/2048,694000,569080,4.93,3647,60 Days Delinquent,Condo,AZ,90,623,90135
LN-104087,James Jackson,03/03/2019,03/03/2048,366000,237900,5.14,1361,90+ Days Delinquent,Commercial,KY,87,621,70388
LN-104088,James Taylor,07/05/2020,07/05/2041,210000,144900,5.43,4319,60 Days Delinquent,Commercial,CO,91,761,11998
LN-104089,Richard Robinson,12/26/2020,12/26/2037,773000,502450,6.42,2294,Paid Off,Condo,CT,82,802,29929
LN-104090,Mark Davis,11/08/2022,11/08/2038,609000,517650,7.19,3082,Paid Off,Single Family,AL,88,713,47526
LN-104091,Andrew Lewis,04/23/2018,04/23/2035,435000,304500,4.74,2795,30 Days Delinquent,Commercial,NY,73,718,86280
LN-104092,Ashley Thomas,03/04/2023,03/04/2043,253000,192280,6.61,3209,60 Days Delinquent,Multi Family,CA,71,732,43436
LN-104093,Mark Harris,06/26/2022,06/26/2042,682000,538780,5.35,4199,Default,Condo,MD,63,732,28557
LN-104094,John Taylor,04/09/2018,04/09/2038,496000,372000,3.26,4496,90+ Days Delinquent,Condo,GA,79,683,57039
LN-104095,Matthew Clark,12/15/2022,12/15/2042,184000,130640,6.38,2256,90+ Days Delinquent,Condo,KY,57,777,75578
LN-104096,Barbara Jones,11/07/2022,11/07/2044,599000,449250,5.24,1714,90+ Days Delinquent,Condo,NJ,83,630,28053
LN-104097,Donald Clark,09/11/2020,09/11/2037,802000,521300,3.3,2631,Current,Condo,LA,77,682,37531
LN-104098,Thomas Sanchez,03/11/2020,03/11/2036,732000,680760,4.73,3172,Paid Off,Commercial,OH,84,680,82440
LN-104099,Susan Smith,09/15/2020,09/15/2038,700000,462000,5.72,1624,Paid Off,Multi Family,AZ,92,643,47515
LN-104100,Elizabeth Lopez,01/17/2020,01/17/2045,468000,402480,3.94,3390,90+ Days Delinquent,Townhouse,LA,66,780,94778
LN-104101,Steven Brown,07/08/2023,07/08/2043,195000,167700,7.67,3322,30 Days Delinquent,Commercial,PA,78,736,11049
LN-104102,Daniel White,01/08/2023,01/08/2049,488000,341600,4.93,2397,90+ Days Delinquent,Condo,UT,75,671,24176
LN-104103,Karen Rodriguez,07/26/2023,07/26/2039,640000,588800,4.6,3679,90+ Days Delinquent,Single Family,MN,79,794,28782
LN-104104,Matthew Smith,11/13/2018,11/13/2033,809000,501580,4.7,4070,60 Days Delinquent,Townhouse,KY,80,669,78516
LN-104105,William Hernandez,07/25/2023,07/25/2039,707000,473690,6.95,4477,90+ Days Delinquent,Single Family,OK,86,791,84680
LN-104106,Barbara Davis,06/19/2022,06/19/2051,516000,340560,7.45,4022,30 Days Delinquent,Commercial,TX,95,705,38033
LN-104107,Anthony Martin,11/07/2020,11/07/2047,447000,379950,4.5,3853,30 Days Delinquent,Townhouse,MN,87,633,46584
LN-104108,Nancy Martinez,04/23/2018,04/23/2046,226000,219220,7.4,2974,Default,Multi Family,CA,88,643,85083
LN-104109,Linda Harris,03/20/2021,03/20/2044,380000,326800,5.57,4011,60 Days Delinquent,Single Family,IN,72,764,79253
LN-104110,Patricia Robinson,10/01/2022,10/01/2042,788000,748600,4.49,3737,90+ Days Delinquent,Commercial,CO,81,753,89251
LN-104111,James Jones,01/26/2022,01/26/2041,535000,390550,3.59,3943,Paid Off,Single Family,CO,73,724,25956
LN-104112,John Williams,08/27/2021,08/27/2047,734000,579860,4.67,2962,30 Days Delinquent,Townhouse,MA,66,727,10810
LN-104113,Linda Lee,10/24/2021,10/24/2036,790000,758400,7.65,4294,30 Days Delinquent,Condo,AZ,89,698,57616
LN-104114,Barbara Garcia,08/25/2020,08/25/2050,670000,569500,6.06,4242,90+ Days Delinquent,Condo,CA,66,784,85872
LN-104115,Charles Lewis,08/18/2023,08/18/2042,245000,222950,3.6,3803,30 Days Delinquent,Commercial,IL,64,623,67531
LN-104116,Steven Martinez,09/14/2021,09/14/2051,369000,232470,5.89,1460,60 Days Delinquent,Multi Family,KY,86,771,14599
LN-104117,Ashley Lee,06/02/2023,06/02/2044,160000,155200,6.66,4395,30 Days Delinquent,Single Family,UT,57,773,44067
LN-104118,Elizabeth Moore,03/14/2020,03/14/2049,201000,174870,6.83,3060,90+ Days Delinquent,Multi Family,IN,81,692,27750
LN-104119,Richard Lopez,10/05/2018,10/05/2046,776000,706160,6.96,2336,30 Days Delinquent,Multi Family,CO,82,687,10393
LN-104120,Andrew Martin,06/23/2019,06/23/2047,687000,522120,5.67,1530,30 Days Delinquent,Single Family,MD,72,748,49102
LN-104121,Michelle Rodriguez,11/26/2022,11/26/2040,622000,466500,7.33,2377,30 Days Delinquent,Commercial,GA,60,676,69516
LN-104122,Karen Thomas,11/02/2018,11/02/2044,165000,127050,6.39,1867,60 Days Delinquent,Commercial,NY,94,675,76567
LN-104123,Sarah Martinez,10/13/2022,10/13/2039,262000,157200,6.15,3908,Paid Off,Single Family,CT,89,684,26199
LN-104124,Nancy Harris,02/02/2021,02/02/2042,195000,156000,7.54,4379,90+ Days Delinquent,Condo,OK,90,734,15365
LN-104125,Anthony Wilson,08/25/2023,08/25/2039,822000,616500,5.33,2760,30 Days Delinquent,Commercial,MO,80,671,89421
LN-104126,Kimberly Garcia,10/12/2021,10/12/2047,271000,170730,7.4,2424,Default,Single Family,AL,61,678,39998
LN-104127,Daniel Perez,05/09/2023,05/09/2042,470000,296100,5.58,2401,90+ Days Delinquent,Single Family,MI,89,669,81359
LN-104128,Mary Lee,01/17/2023,01/17/2045,398000,274620,3.74,3722,Paid Off,Multi Family,MA,56,723,79398
LN-104129,Donna Lopez,04/12/2022,04/12/2042,246000,184500,6.77,2065,60 Days Delinquent,Condo,AL,85,686,67751
LN-104130,Donna Taylor,05/23/2023,05/23/2048,780000,577200,6.41,2703,Current,Condo,FL,64,724,46389
LN-104131,Christopher Miller,06/20/2018,06/20/2038,429000,274560,5.73,1898,30 Days Delinquent,Townhouse,OK,79,629,62393
LN-104132,Lisa Lopez,05/11/2022,05/11/2045,804000,691440,7.57,3557,Paid Off,Multi Family,MN,77,757,10604
LN-104133,Donald White,06/17/2023,06/17/2043,802000,513280,3.79,3429,60 Days Delinquent,Single Family,WA,65,761,53223
LN-104134,Emily Smith,01/09/2023,01/09/2050,764000,481320,7.13,2200,60 Days Delinquent,Commercial,PA,69,771,53670
LN-104135,Sandra Sanchez,04/03/2023,04/03/2043,701000,588840,4.62,3979,Current,Multi Family,KY,90,695,32752
LN-104136,Margaret Clark,12/21/2018,12/21/2046,391000,273700,4.28,4225,Current,Commercial,KY,58,681,70879
LN-104137,Mary Garcia,11/17/2023,11/17/2038,458000,412200,5.51,3033,Current,Condo,MA,56,683,16237
LN-104138,Lisa Jackson,04/25/2021,04/25/2043,422000,384020,4.76,3544,Current,Condo,GA,92,773,17022
LN-104139,Donna Rodriguez,05/13/2022,05/13/2046,564000,344040,4.21,3540,30 Days Delinquent,Commercial,AL,87,655,67973
LN-104140,Matthew Thomas,06/28/2019,06/28/2047,255000,181050,7.4,2116,Current,Townhouse,MO,73,669,66506
LN-104141,Karen Jackson,12/26/2020,12/26/2040,807000,516480,3.4,4201,90+ Days Delinquent,Commercial,PA,87,674,33575
LN-104142,James Harris,12/04/2020,12/04/2037,714000,449820,7.26,2020,30 Days Delinquent,Townhouse,GA,61,770,31640
LN-104143,Matthew Lewis,11/19/2020,11/19/2037,277000,260380,4.88,2502,Paid Off,Single Family,NJ,70,749,71814
LN-104144,Nancy Brown,01/22/2019,01/22/2039,160000,150400,5.89,2342,Current,Commercial,LA,76,722,80842
LN-104145,Matthew Clark,01/11/2020,01/11/2041,689000,640770,7.04,3633,Current,Townhouse,AL,79,795,49641
LN-104146,Elizabeth Rodriguez,08/14/2022,08/14/2050,246000,238620,7.36,3356,Default,Single Family,UT,69,624,59960
LN-104147,Nancy Ramirez,08/24/2020,08/24/2036,534000,352440,3.36,3847,60 Days Delinquent,Multi Family,OR,74,622,23886
LN-104148,Steven Robinson,11/21/2020,11/21/2038,813000,658530,3.91,3426,Paid Off,Townhouse,OK,88,657,77504
LN-104149,Matthew Johnson,10/13/2019,10/13/2048,360000,331200,6.19,2692,Current,Single Family,IL,86,652,46724
LN-104150,Betty Gonzalez,06/01/2022,06/01/2051,650000,442000,6.26,3251,90+ Days Delinquent,Commercial,IN,62,725,76113
LN-104151,Michael Smith,07/13/2019,07/13/2039,161000,140070,5.89,1402,Paid Off,Single Family,WA,77,765,25607
LN-104152,Matthew Taylor,11/16/2023,11/16/2050,272000,233920,7.53,4172,60 Days Delinquent,Single Family,LA,63,813,32812
LN-104153,James Davis,04/26/2018,04/26/2046,820000,533000,3.72,2768,90+ Days Delinquent,Townhouse,KY,70,684,53581
LN-104154,James Taylor,03/27/2020,03/27/2049,840000,554400,4.9,3901,30 Days Delinquent,Townhouse,FL,55,673,56112
LN-104155,Donald Ramirez,07/15/2022,07/15/2049,752000,548960,4.1,1286,90+ Days Delinquent,Multi Family,OK,57,736,44480
LN-104156,Jessica Rodriguez,01/27/2023,01/27/2041,639000,555930,4.48,4297,Paid Off,Multi Family,NC,82,765,21751
LN-104157,Joseph Taylor,01/12/2022,01/12/2043,174000,156600,6.44,4052,90+ Days Delinquent,Single Family,WA,81,803,83994
LN-104158,Michael Lopez,12/09/2019,12/09/2035,640000,569600,6.13,1849,30 Days Delinquent,Condo,CO,68,792,15539
LN-104159,Michelle Jackson,07/16/2019,07/16/2044,480000,307200,6.87,3285,Default,Single Family,OH,74,703,31392
LN-104160,Steven Anderson,06/13/2018,06/13/2046,836000,693880,7.21,2707,Paid Off,Townhouse,NY,82,807,51257
LN-104161,Sandra Martin,11/03/2022,11/03/2037,275000,242000,6.94,1315,60 Days Delinquent,Multi Family,NJ,70,709,19124
LN-104162,Lisa Jackson,08/27/2019,08/27/2045,309000,296640,3.34,2812,Default,Condo,MD,76,792,22663
LN-104163,David Brown,03/27/2018,03/27/2036,797000,613690,6.31,3509,Paid Off,Townhouse,OH,66,722,89607
LN-104164,David Smith,03/22/2018,03/22/2043,279000,170190,5.38,1352,60 Days Delinquent,Commercial,OR,73,662,33730
LN-104165,Kimberly Martin,11/20/2023,11/20/2045,681000,626520,6.67,2886,Current,Townhouse,MA,89,688,14919
LN-104166,Matthew Clark,02/21/2021,02/21/2040,211000,154030,4.54,2820,Current,Commercial,MO,76,796,27044
LN-104167,Linda Johnson,02/22/2020,02/22/2043,229000,146560,3.98,1866,Current,Multi Family,TX,85,676,86591
LN-104168,Patricia Brown,05/13/2022,05/13/2051,510000,408000,4.97,3896,Default,Townhouse,PA,60,682,57561
LN-104169,Richard Hernandez,09/15/2020,09/15/2047,667000,553610,7.71,2965,30 Days Delinquent,Multi Family,MO,89,788,55940
LN-104170,Emily Garcia,12/01/2020,12/01/2039,609000,517650,6.56,1423,90+ Days Delinquent,Single Family,FL,55,694,82629
LN-104171,William Perez,03/06/2021,03/06/2038,593000,456610,6.19,1365,Default,Multi Family,UT,55,749,65169
LN-104172,Jennifer Brown,02/22/2020,02/22/2041,417000,387810,4.93,4472,90+ Days Delinquent,Multi Family,MI,75,726,52735
LN-104173,Emily Jones,12/27/2021,12/27/2039,537000,332940,5.98,2533,30 Days Delinquent,Condo,AZ,84,787,95494
LN-104174,Kimberly Garcia,09/08/2022,09/08/2050,603000,422100,4.08,2490,30 Days Delinquent,Townhouse,AL,63,792,58584
LN-104175,Elizabeth Lopez,01/14/2021,01/14/2040,736000,588800,5.95,2545,60 Days Delinquent,Condo,LA,64,711,90515
LN-104176,William Miller,10/04/2019,10/04/2042,778000,513480,3.93,4443,Current,Condo,VA,57,745,21544
LN-104177,Donald Jackson,07/26/2022,07/26/2051,516000,381840,7.28,3337,Default,Single Family,TX,80,667,19092
LN-104178,Michelle Miller,11/15/2021,11/15/2038,759000,622380,7.59,2500,60 Days Delinquent,Commercial,WI,76,715,22941
LN-104179,Patricia Thomas,08/22/2022,08/22/2039,699000,664050,7.19,2546,Current,Single Family,MI,83,757,58427
LN-104180,Robert Williams,02/24/2018,02/24/2042,478000,296360,4.28,1780,60 Days Delinquent,Multi Family,IN,73,662,67835
LN-104181,Mark Martin,12/15/2020,12/15/2037,705000,423000,3.86,3109,30 Days Delinquent,Multi Family,MO,57,628,77633
LN-104182,Joshua Sanchez,05/18/2019,05/18/2035,265000,219950,6.57,4312,Paid Off,Multi Family,IN,66,749,45075
LN-104183,David Brown,01/18/2018,01/18/2035,332000,222440,5.01,1443,Current,Townhouse,UT,60,665,46468
LN-104184,Joshua Jones,05/21/2020,05/21/2048,417000,404490,6.59,2342,90+ Days Delinquent,Condo,MA,65,675,92958
LN-104185,Barbara Davis,05/23/2020,05/23/2044,232000,178640,7.38,3763,Paid Off,Condo,MA,86,664,76198
LN-104186,William Johnson,10/26/2019,10/26/2048,402000,293460,7.33,3770,Default,Multi Family,MO,68,695,40805
LN-104187,Linda Robinson,06/06/2018,06/06/2033,396000,364320,7.67,2661,Default,Commercial,CT,85,702,34681
LN-104188,Joshua Perez,06/13/2021,06/13/2047,502000,356420,6.59,1447,90+ Days Delinquent,Condo,WI,94,625,70298
LN-104189,Jennifer Perez,11/01/2023,11/01/2053,655000,471600,3.94,3289,Current,Townhouse,IL,90,673,13430
LN-104190,Sandra Perez,12/08/2022,12/08/2043,763000,473060,7.19,2300,90+ Days Delinquent,Commercial,NJ,92,701,36866
LN-104191,Emily Anderson,06/16/2020,06/16/2037,798000,718200,5.66,1791,Paid Off,Townhouse,NY,69,733,54726
LN-104192,Lisa Harris,08/23/2022,08/23/2045,726000,544500,4.56,3477,60 Days Delinquent,Multi Family,IL,79,737,50703
LN-104193,John Davis,09/05/2021,09/05/2047,520000,348400,7.01,4385,30 Days Delinquent,Condo,PA,61,706,89300
LN-104194,Elizabeth Williams,10/13/2021,10/13/2036,716000,558480,5.64,4466,30 Days Delinquent,Multi Family,MD,88,680,78007
LN-104195,Paul Anderson,02/27/2019,02/27/2048,287000,272650,3.85,2524,Default,Single Family,MN,57,666,84266
LN-104196,Emily Williams,03/06/2021,03/06/2047,323000,251940,3.61,4309,90+ Days Delinquent,Townhouse,SC,74,780,39656
LN-104197,Michael Davis,03/05/2020,03/05/2035,770000,562100,6.81,3154,Paid Off,Townhouse,NC,84,812,96368
LN-104198,Karen Ramirez,01/22/2021,01/22/2040,342000,229140,4.79,3584,30 Days Delinquent,Single Family,TN,94,736,41795
LN-104199,Jessica Clark,04/04/2018,04/04/2033,739000,694660,4.11,3629,30 Days Delinquent,Commercial,MD,77,647,21512
LN-104200,Sarah Ramirez,04/22/2019,04/22/2039,299000,266110,5.83,2603,Default,Condo,OR,81,712,15114
LN-104201,Matthew Martin,09/02/2019,09/02/2041,265000,169600,4.43,1425,Default,Single Family,GA,55,760,90205
LN-104202,Joshua Miller,01/13/2022,01/13/2040,620000,415400,7.47,2125,30 Days Delinquent,Townhouse,SC,77,801,26351
LN-104203,Richard Lewis,05/22/2023,05/22/2040,289000,274550,6.83,1238,Current,Condo,KY,56,654,23231
LN-104204,Robert Davis,10/19/2022,10/19/2038,299000,245180,3.29,3613,30 Days Delinquent,Condo,KY,58,809,32779
LN-104205,Andrew Clark,01/22/2018,01/22/2035,412000,395520,4.9,4095,60 Days Delinquent,Single Family,AZ,70,809,35742
LN-104206,Donald Thomas,12/22/2020,12/22/2044,298000,229460,4.55,3442,Default,Single Family,MA,93,679,78040
LN-104207,Mary Taylor,03/27/2019,03/27/2035,748000,703120,4.73,2248,60 Days Delinquent,Multi Family,WI,85,622,10005
LN-104208,Kimberly Brown,04/01/2020,04/01/2044,178000,151300,4.8,3769,Paid Off,Townhouse,SC,60,651,15902
LN-104209,Robert Johnson,05/24/2020,05/24/2040,678000,630540,4.35,2457,Paid Off,Multi Family,IL,63,788,42413
LN-104210,Andrew Williams,04/16/2020,04/16/2040,718000,696460,5.96,4194,Paid Off,Condo,OR,55,790,48520
LN-104211,Elizabeth Rodriguez,01/07/2022,01/07/2041,738000,701100,3.41,2283,60 Days Delinquent,Townhouse,NJ,87,733,90274
LN-104212,Susan Thomas,03/20/2022,03/20/2044,565000,355950,4.06,2206,Default,Commercial,GA,60,662,39843
LN-104213,Betty Harris,03/04/2023,03/04/2052,659000,560150,6.31,4338,90+ Days Delinquent,Commercial,CT,62,693,23051
LN-104214,Daniel Davis,01/13/2019,01/13/2042,766000,497900,4.02,2432,30 Days Delinquent,Commercial,LA,83,700,59065
LN-104215,Linda Thomas,05/14/2018,05/14/2033,736000,478400,5.47,4288,60 Days Delinquent,Multi Family,MN,58,809,15491
LN-104216,Margaret Anderson,09/12/2018,09/12/2045,366000,344040,4.19,2115,30 Days Delinquent,Multi Family,UT,73,756,57250
LN-104217,Donna Rodriguez,02/27/2021,02/27/2044,349000,314100,3.6,1784,60 Days Delinquent,Commercial,VA,64,750,58657
LN-104218,Ashley Miller,11/25/2019,11/25/2035,593000,515910,5.92,1882,Default,Condo,LA,67,657,56687
LN-104219,Susan Thompson,07/03/2018,07/03/2047,605000,526350,7.65,4449,Default,Commercial,OH,58,813,80820
LN-104220,Michael Lewis,01/15/2021,01/15/2038,355000,237850,5.18,1513,Current,Multi Family,AL,69,667,51270
LN-104221,Donald Moore,11/02/2019,11/02/2048,833000,516460,6.65,3095,Current,Single Family,CO,91,816,63118
LN-104222,Matthew Jackson,12/10/2019,12/10/2041,469000,379890,4.95,3576,90+ Days Delinquent,Commercial,FL,85,748,39952
LN-104223,Anthony Martin,01/08/2023,01/08/2044,451000,333740,5.75,1449,90+ Days Delinquent,Townhouse,MD,66,776,43263
LN-104224,Christopher Clark,05/21/2018,05/21/2045,844000,599240,6.62,3899,Paid Off,Townhouse,OH,73,649,39698
LN-104225,Steven Rodriguez,07/10/2018,07/10/2048,699000,524250,6.74,3496,30 Days Delinquent,Condo,MA,64,623,57817
LN-104226,Jennifer Anderson,10/03/2023,10/03/2038,710000,518300,7.03,1483,90+ Days Delinquent,Condo,IL,88,697,35241
LN-104227,Daniel Wilson,01/04/2023,01/04/2052,260000,241800,4.59,3226,Default,Townhouse,MO,92,797,30754
LN-104228,Emily Smith,02/05/2020,02/05/2038,844000,801800,3.77,1855,60 Days Delinquent,Multi Family,AZ,86,798,17826
LN-104229,Robert Davis,02/10/2019,02/10/2048,463000,287060,5.77,4390,Current,Commercial,AL,72,736,42121
LN-104230,Robert Brown,11/25/2019,11/25/2042,329000,282940,4.48,2384,60 Days Delinquent,Commercial,MN,95,620,56394
LN-104231,Charles Smith,12/03/2021,12/03/2042,170000,120700,4.57,3106,60 Days Delinquent,Multi Family,KY,58,670,52322
LN-104232,Susan Johnson,07/22/2023,07/22/2041,781000,531080,5.06,1285,Current,Townhouse,LA,67,734,15290
LN-104233,Joshua Hernandez,09/03/2021,09/03/2049,350000,238000,3.78,1473,Paid Off,Commercial,UT,78,666,63325
LN-104234,David Johnson,02/18/2021,02/18/2040,551000,385700,7.06,3291,60 Days Delinquent,Condo,GA,81,753,22939
LN-104235,Linda Robinson,08/27/2019,08/27/2041,764000,641760,5.78,3798,Paid Off,Commercial,IN,58,746,57007
LN-104236,Joseph Harris,02/25/2022,02/25/2052,422000,316500,6.5,2098,Default,Townhouse,WI,62,667,29006
LN-104237,Emily Clark,11/07/2020,11/07/2037,189000,124740,3.78,4230,Current,Single Family,TX,82,640,79441
LN-104238,Susan Harris,07/27/2021,07/27/2051,732000,666120,7.66,2069,60 Days Delinquent,Single Family,TN,71,685,78653
LN-104239,Richard Moore,08/17/2021,08/17/2051,533000,517010,6.83,2923,Current,Single Family,OH,74,641,31998
LN-104240,Susan Thompson,11/08/2022,11/08/2038,844000,759600,5.01,2341,Paid Off,Condo,TX,89,751,64704
LN-104241,Christopher Williams,11/26/2018,11/26/2045,267000,221610,4.64,1496,Default,Single Family,TX,69,786,85199
LN-104242,Robert Davis,05/17/2019,05/17/2034,188000,120320,5.75,4446,Default,Townhouse,IN,69,786,58358
LN-104243,Lisa Garcia,11/05/2018,11/05/2034,828000,587880,5.96,2495,Paid Off,Multi Family,CO,93,743,35821
LN-104244,Mark White,10/22/2023,10/22/2052,435000,374100,7.39,1746,90+ Days Delinquent,Multi Family,GA,89,727,37829
LN-104245,Thomas Brown,04/27/2019,04/27/2046,272000,223040,6.56,1571,60 Days Delinquent,Multi Family,GA,56,703,97152
LN-104246,Daniel Jones,09/10/2023,09/10/2046,201000,130650,6.07,3644,90+ Days Delinquent,Commercial,CA,61,677,66792
LN-104247,Donna Martinez,02/07/2019,02/07/2041,273000,221130,3.55,2659,30 Days Delinquent,Townhouse,SC,69,699,11198
LN-104248,Paul Robinson,05/16/2020,05/16/2046,795000,699600,4.38,4342,60 Days Delinquent,Condo,NJ,60,800,42899
LN-104249,Richard Hernandez,11/20/2019,11/20/2035,533000,335790,5.51,2355,Default,Townhouse,MD,86,805,11930
LN-104250,Robert Gonzalez,05/22/2019,05/22/2042,185000,159100,3.7,3881,60 Days Delinquent,Single Family,TX,67,749,70097
LN-104251,Mark Ramirez,12/25/2022,12/25/2040,569000,460890,6.43,2642,Default,Single Family,KY,75,679,31251
LN-104252,Charles Davis,10/10/2023,10/10/2040,196000,131320,3.42,3278,Default,Townhouse,LA,75,804,31227
LN-104253,James Lopez,10/12/2018,10/12/2035,419000,351960,4.05,1678,90+ Days Delinquent,Condo,CT,60,666,37394
LN-104254,Elizabeth Williams,06/19/2018,06/19/2048,823000,748930,5.58,3030,60 Days Delinquent,Condo,IL,57,661,94118
LN-104255,Michelle Thomas,08/27/2020,08/27/2043,210000,157500,7.37,3144,Current,Commercial,TX,83,662,78175
LN-104256,Karen Taylor,03/19/2018,03/19/2048,388000,333680,5.85,3658,90+ Days Delinquent,Condo,CA,60,698,95055
LN-104257,Elizabeth Wilson,01/08/2020,01/08/2043,652000,449880,7.13,4314,30 Days Delinquent,Commercial,NJ,55,730,44347
LN-104258,Jennifer Jones,07/15/2019,07/15/2048,660000,627000,5.93,3487,Default,Single Family,SC,82,632,53883
LN-104259,Kimberly Lee,09/05/2018,09/05/2039,154000,113960,6.03,1256,Default,Townhouse,TX,89,808,57296
LN-104260,Betty Anderson,12/25/2019,12/25/2048,790000,521400,3.55,2863,60 Days Delinquent,Single Family,AL,94,794,82632
LN-104261,Lisa Clark,02/16/2022,02/16/2042,179000,144990,5.76,3670,30 Days Delinquent,Multi Family,CT,94,780,20471
LN-104262,Margaret Harris,12/21/2021,12/21/2037,311000,245690,3.75,1633,Paid Off,Commercial,TX,78,752,30342
LN-104263,Thomas Miller,10/11/2018,10/11/2038,629000,616420,6.13,3898,Current,Multi Family,CA,66,662,75802
LN-104264,Linda White,04/03/2018,04/03/2047,402000,269340,7.73,3248,60 Days Delinquent,Single Family,KY,92,695,81594
LN-104265,James Moore,11/19/2020,11/19/2044,504000,388080,5.51,4246,Current,Commercial,IN,57,782,92035
LN-104266,Andrew White,12/11/2021,12/11/2048,342000,232560,5.89,1780,Paid Off,Condo,IL,65,723,18574
LN-104267,Michelle Gonzalez,04/20/2020,04/20/2050,421000,374690,3.26,2007,30 Days Delinquent,Commercial,TN,90,661,16713
LN-104268,Joseph Thompson,10/12/2018,10/12/2037,294000,273420,4.84,2077,30 Days Delinquent,Townhouse,SC,74,760,28351
LN-104269,Andrew Moore,01/26/2023,01/26/2047,794000,722540,6.69,4032,60 Days Delinquent,Commercial,AL,60,625,45947
LN-104270,David Martinez,05/10/2018,05/10/2041,292000,204400,5.4,1467,Default,Condo,CT,56,818,90326
LN-104271,Kimberly Brown,04/17/2023,04/17/2044,640000,409600,4.36,3829,90+ Days Delinquent,Multi Family,TN,85,692,31631
LN-104272,Donald Lopez,10/10/2021,10/10/2046,199000,161190,4.37,1881,Current,Multi Family,KY,74,743,65714
LN-104273,Michelle Lee,03/09/2022,03/09/2045,270000,170100,3.7,1848,Default,Single Family,WI,85,725,97915
LN-104274,Joseph Thompson,02/23/2022,02/23/2037,647000,459370,6.04,4048,90+ Days Delinquent,Commercial,UT,68,649,95261
LN-104275,Michelle Lopez,03/18/2019,03/18/2039,657000,473040,4.89,3840,Paid Off,Condo,SC,59,758,91025
LN-104276,Margaret Ramirez,07/21/2019,07/21/2039,509000,320670,4.82,1920,60 Days Delinquent,Condo,TN,61,633,31322
LN-104277,Kimberly Martinez,07/08/2022,07/08/2044,188000,184240,5.68,3950,90+ Days Delinquent,Commercial,MA,59,705,75336
LN-104278,Jennifer Thomas,05/08/2023,05/08/2049,551000,336110,5.74,1559,60 Days Delinquent,Single Family,AL,78,805,20370
LN-104279,Kimberly Ramirez,04/21/2021,04/21/2044,174000,163560,5.91,3043,Paid Off,Multi Family,MA,94,675,84223
LN-104280,Joseph Jones,12/18/2020,12/18/2049,719000,568010,6.47,1931,30 Days Delinquent,Condo,FL,83,677,51163
LN-104281,Jessica Gonzalez,10/20/2023,10/20/2052,714000,564060,6.37,4380,Paid Off,Single Family,GA,79,781,86101
LN-104282,Anthony Ramirez,08/20/2023,08/20/2049,187000,129030,4.59,2376,Paid Off,Townhouse,PA,58,789,55051
LN-104283,Sandra Taylor,05/25/2018,05/25/2040,803000,762850,7,2635,Paid Off,Single Family,CO,66,791,55261
LN-104284,Andrew Jones,09/25/2018,09/25/2035,832000,582400,5.43,2160,60 Days Delinquent,Commercial,GA,70,786,22951
LN-104285,Anthony Anderson,11/22/2023,11/22/2038,680000,442000,6.5,2121,30 Days Delinquent,Townhouse,KY,60,771,38349
LN-104286,Patricia Martinez,02/13/2020,02/13/2046,740000,555000,7.42,3494,Paid Off,Multi Family,MN,85,691,78081
LN-104287,Michelle Williams,03/25/2020,03/25/2040,493000,340170,5.72,2465,Current,Single Family,NC,81,693,57033
LN-104288,Michael Garcia,05/05/2020,05/05/2035,282000,186120,5.48,1495,Paid Off,Multi Family,CO,63,670,28662
LN-104289,Joseph Jackson,04/25/2021,04/25/2039,645000,586950,5.31,3672,30 Days Delinquent,Multi Family,KY,63,775,94164
LN-104290,Barbara Johnson,08/21/2020,08/21/2047,284000,193120,6.63,4416,60 Days Delinquent,Townhouse,WA,73,697,39265
LN-104291,Nancy Lopez,03/27/2022,03/27/2049,353000,257690,3.94,1374,30 Days Delinquent,Condo,UT,75,717,10824
LN-104292,Robert Anderson,12/23/2019,12/23/2044,319000,245630,4,3904,60 Days Delinquent,Townhouse,MD,87,765,23174
LN-104293,Paul Jackson,01/06/2022,01/06/2037,308000,234080,7.25,1739,Paid Off,Single Family,AZ,72,675,82938
LN-104294,Karen Williams,02/17/2018,02/17/2046,247000,234650,6.91,2079,Current,Commercial,TN,90,728,72285
LN-104295,Steven Rodriguez,04/14/2020,04/14/2038,357000,328440,6.56,2324,60 Days Delinquent,Single Family,CT,82,687,30200
LN-104296,Ashley Clark,11/19/2020,11/19/2047,682000,613800,7.72,3223,Current,Condo,GA,70,753,38890
LN-104297,Barbara Lee,09/14/2023,09/14/2052,213000,127800,7.07,3162,60 Days Delinquent,Townhouse,IN,94,716,76227
LN-104298,Michelle Thompson,11/13/2020,11/13/2050,196000,137200,5.49,1718,Current,Condo,OK,93,761,22187
LN-104299,Karen White,02/10/2020,02/10/2043,281000,171410,7.74,4390,30 Days Delinquent,Multi Family,AL,93,682,40372
LN-104300,Christopher Anderson,11/18/2023,11/18/2044,440000,404800,6.49,3388,Paid Off,Multi Family,VA,93,805,52661
LN-104301,Charles Jones,04/21/2021,04/21/2042,379000,367630,4.53,3962,60 Days Delinquent,Multi Family,SC,57,735,97795
LN-104302,Lisa Lewis,12/14/2023,12/14/2044,310000,248000,4.21,3936,30 Days Delinquent,Commercial,MI,80,674,33422
LN-104303,Emily Gonzalez,07/28/2020,07/28/2044,224000,152320,4.24,2831,Current,Condo,MN,68,727,54085
LN-104304,Sarah Jackson,06/13/2020,06/13/2048,739000,672490,3.86,2744,30 Days Delinquent,Commercial,UT,64,736,71193
LN-104305,Christopher Robinson,11/18/2018,11/18/2037,292000,256960,5.37,3372,Default,Condo,NJ,60,814,39397
LN-104306,Anthony Sanchez,02/24/2019,02/24/2037,526000,326120,6.87,1307,60 Days Delinquent,Multi Family,NJ,75,721,67395
LN-104307,Steven Jackson,11/19/2022,11/19/2039,606000,406020,5.18,2910,90+ Days Delinquent,Single Family,IN,73,735,55273
LN-104308,Thomas Taylor,06/11/2018,06/11/2036,183000,124440,7.01,2019,Default,Commercial,GA,89,819,31202
LN-104309,Michael Jones,10/19/2023,10/19/2048,216000,170640,3.94,2131,30 Days Delinquent,Townhouse,CO,72,721,80438
LN-104310,Lisa Wilson,01/26/2020,01/26/2049,346000,328700,3.46,4257,Current,Commercial,IL,79,764,84216
LN-104311,Jennifer Williams,08/03/2019,08/03/2034,307000,260950,4.77,4150,60 Days Delinquent,Commercial,LA,83,709,67096
LN-104312,Barbara Rodriguez,03/17/2021,03/17/2036,781000,609180,3.94,4455,Current,Townhouse,NJ,55,664,85395
LN-104313,Jessica White,05/26/2020,05/26/2050,441000,396900,6.76,2148,Current,Townhouse,GA,76,717,28037
LN-104314,Lisa Smith,09/18/2022,09/18/2040,770000,616000,7.42,2441,90+ Days Delinquent,Commercial,PA,62,755,31246
LN-104315,Daniel Sanchez,05/19/2019,05/19/2034,702000,596700,5.49,3474,Current,Commercial,NC,68,699,42950
LN-104316,Susan Hernandez,09/12/2023,09/12/2049,714000,499800,6.61,4479,Default,Condo,PA,59,658,73721
LN-104317,Sandra Johnson,06/28/2020,06/28/2044,776000,488880,5.18,3348,90+ Days Delinquent,Commercial,NY,71,661,60784
LN-104318,Anthony Garcia,09/28/2023,09/28/2041,779000,755630,7.23,1225,Current,Single Family,AL,75,748,78937
LN-104319,Jennifer Lee,02/27/2023,02/27/2044,468000,313560,4.02,2113,30 Days Delinquent,Condo,GA,58,664,89768
LN-104320,Elizabeth Davis,05/28/2018,05/28/2035,198000,162360,3.91,3441,Current,Commercial,NJ,72,711,63591
LN-104321,Sandra Jones,03/25/2023,03/25/2038,295000,177000,6.89,2930,90+ Days Delinquent,Multi Family,SC,76,752,45946
LN-104322,David Johnson,04/17/2022,04/17/2043,459000,413100,6.29,2802,Current,Condo,MN,84,730,92637
LN-104323,William Anderson,10/27/2022,10/27/2047,491000,451720,4.24,4426,60 Days Delinquent,Townhouse,VA,71,787,11866
LN-104324,Michael Martin,12/14/2023,12/14/2044,506000,364320,6.02,3704,Paid Off,Commercial,OH,57,644,37668
LN-104325,Jessica Miller,02/03/2018,02/03/2047,677000,582220,5.96,4372,Default,Multi Family,IN,63,720,58423
LN-104326,Mary Hernandez,11/26/2023,11/26/2047,217000,138880,7.46,3557,90+ Days Delinquent,Commercial,TX,80,746,70892
LN-104327,Joseph Martinez,12/21/2019,12/21/2042,163000,130400,6.42,4326,Current,Single Family,NY,58,682,36620
LN-104328,David Moore,03/05/2020,03/05/2036,823000,650170,6.03,2990,Current,Multi Family,LA,61,685,27905
LN-104329,Paul Jackson,05/23/2023,05/23/2047,335000,251250,3.5,2125,30 Days Delinquent,Commercial,OK,95,793,26136
LN-104330,Patricia Smith,12/10/2022,12/10/2045,660000,481800,5.59,4462,90+ Days Delinquent,Commercial,LA,55,681,63063
LN-104331,Emily Miller,01/16/2020,01/16/2036,662000,595800,6.44,4228,Current,Multi Family,TN,84,692,15089
LN-104332,Robert Taylor,12/09/2021,12/09/2046,434000,347200,7.11,2139,90+ Days Delinquent,Condo,TN,78,732,65346
LN-104333,Linda Hernandez,04/10/2023,04/10/2040,155000,114700,6.21,2289,60 Days Delinquent,Single Family,MN,58,753,92217
LN-104334,William Taylor,08/22/2023,08/22/2045,781000,671660,5.27,1552,60 Days Delinquent,Multi Family,AL,65,745,50018
LN-104335,Sarah Lee,08/18/2018,08/18/2041,220000,143000,7.36,4050,60 Days Delinquent,Single Family,AL,70,792,41322
LN-104336,Robert White,01/18/2022,01/18/2044,826000,578200,4.24,3437,60 Days Delinquent,Condo,MA,76,664,12184
LN-104337,Donna Garcia,08/13/2020,08/13/2048,329000,233590,6.59,3863,Paid Off,Commercial,VA,56,801,28421
LN-104338,Joseph Davis,01/13/2022,01/13/2042,836000,652080,4.41,1962,90+ Days Delinquent,Commercial,MO,93,736,61711
LN-104339,Mary Davis,06/15/2023,06/15/2053,154000,117040,6.85,4069,90+ Days Delinquent,Commercial,MO,58,638,75759
LN-104340,Matthew Miller,01/08/2019,01/08/2047,439000,386320,6.88,3437,Current,Single Family,MA,72,652,42981
LN-104341,Elizabeth Lopez,11/17/2021,11/17/2045,262000,220080,6.25,3309,Paid Off,Commercial,NY,63,763,67109
LN-104342,Michelle Wilson,03/04/2019,03/04/2034,420000,268800,5.19,1289,90+ Days Delinquent,Multi Family,IL,88,730,45833
LN-104343,Ashley Lee,01/25/2019,01/25/2049,408000,289680,3.3,2666,Default,Commercial,TX,58,737,10832
LN-104344,Paul Anderson,01/03/2021,01/03/2044,472000,424800,4.89,3562,Paid Off,Multi Family,CO,63,782,73300
LN-104345,Michelle Garcia,08/26/2022,08/26/2051,564000,445560,3.66,3249,Default,Condo,CO,73,813,86384
LN-104346,Jessica Harris,12/02/2018,12/02/2043,171000,167580,5.87,3687,Default,Single Family,KY,85,664,74358
LN-104347,Thomas Sanchez,04/18/2020,04/18/2035,724000,666080,6.3,2469,Paid Off,Condo,CO,68,778,72520
LN-104348,Daniel Robinson,09/16/2021,09/16/2048,274000,178100,6.72,3249,60 Days Delinquent,Townhouse,FL,63,760,35882
LN-104349,Joshua Sanchez,11/06/2021,11/06/2038,687000,425940,6.31,2484,Current,Condo,OR,66,755,45955
LN-104350,Daniel Miller,10/03/2019,10/03/2039,552000,391920,5.68,2279,Paid Off,Townhouse,UT,71,742,46587
LN-104351,Lisa Garcia,07/16/2020,07/16/2043,481000,408850,5.38,2502,90+ Days Delinquent,Townhouse,WI,93,660,70777
LN-104352,Mary Clark,02/15/2021,02/15/2043,359000,229760,7.27,4444,Current,Commercial,MN,66,706,95292
LN-104353,Mark Brown,01/11/2021,01/11/2041,163000,140180,6.84,2386,30 Days Delinquent,Commercial,MA,76,740,70005
LN-104354,Ashley Hernandez,05/09/2021,05/09/2045,528000,411840,3.55,1840,60 Days Delinquent,Condo,IL,92,714,68495
LN-104355,Karen Gonzalez,08/18/2021,08/18/2041,347000,218610,6.84,2328,30 Days Delinquent,Townhouse,TN,55,691,76636
LN-104356,Mary Ramirez,09/25/2018,09/25/2034,618000,574740,3.95,4293,Paid Off,Single Family,KY,71,744,73580
LN-104357,Susan Anderson,01/22/2018,01/22/2044,257000,167050,5.15,2548,60 Days Delinquent,Commercial,WI,63,739,60891
LN-104358,Mark Jones,10/06/2022,10/06/2037,799000,751060,4.97,3688,90+ Days Delinquent,Townhouse,SC,92,724,76711
LN-104359,Margaret Taylor,03/27/2021,03/27/2048,592000,538720,5.53,2226,90+ Days Delinquent,Commercial,IL,79,644,16276
LN-104360,Robert Johnson,06/24/2020,06/24/2046,327000,202740,6.4,2957,Current,Condo,WA,72,791,29703
LN-104361,Sandra Wilson,09/18/2022,09/18/2049,300000,204000,6.82,3236,Current,Condo,GA,77,670,22172
LN-104362,Kimberly Clark,05/07/2021,05/07/2038,642000,603480,5.36,1475,90+ Days Delinquent,Multi Family,SC,64,644,46913
LN-104363,Anthony Wilson,09/15/2018,09/15/2037,326000,228200,4.4,3341,30 Days Delinquent,Commercial,OR,56,758,58532
LN-104364,Ashley Thomas,09/15/2023,09/15/2040,693000,540540,7.62,3851,30 Days Delinquent,Single Family,NY,68,629,25378
LN-104365,Daniel Clark,04/17/2022,04/17/2044,735000,485100,5.04,4261,Paid Off,Multi Family,LA,82,745,48141
LN-104366,David Hernandez,07/11/2020,07/11/2050,517000,336050,3.96,3556,Current,Multi Family,MN,70,758,41903
LN-104367,David Lewis,05/09/2023,05/09/2040,449000,408590,6.39,3681,60 Days Delinquent,Single Family,CO,79,776,45590
LN-104368,Kimberly Davis,03/01/2019,03/01/2034,587000,528300,5.44,3840,Paid Off,Townhouse,MA,65,660,78113
LN-104369,David Moore,03/16/2022,03/16/2037,473000,283800,5.37,3601,Current,Townhouse,CT,66,820,85167
LN-104370,Emily Sanchez,11/22/2020,11/22/2035,474000,412380,7.48,1235,Current,Multi Family,WA,94,816,39153
LN-104371,Jennifer Robinson,05/05/2022,05/05/2051,431000,340490,3.54,2799,30 Days Delinquent,Commercial,TX,60,788,20281
LN-104372,Anthony Jones,02/06/2018,02/06/2045,534000,325740,7.73,2321,30 Days Delinquent,Multi Family,MO,62,730,29885
LN-104373,Mary Lopez,05/20/2020,05/20/2046,367000,249560,3.75,2541,Default,Multi Family,WA,65,694,44300
LN-104374,Donna Lewis,05/24/2021,05/24/2041,508000,325120,7.66,3553,60 Days Delinquent,Commercial,WA,71,690,70764
LN-104375,Michelle Taylor,03/15/2020,03/15/2041,377000,278980,4.49,4089,Paid Off,Commercial,IN,78,680,64728
LN-104376,Linda Anderson,06/24/2019,06/24/2037,530000,318000,6.3,3642,Current,Single Family,MA,91,699,18210
LN-104377,Richard White,06/19/2020,06/19/2046,341000,265980,4.61,2542,90+ Days Delinquent,Single Family,OR,84,630,72792
LN-104378,Richard Hernandez,10/24/2019,10/24/2037,324000,291600,3.26,3501,60 Days Delinquent,Condo,VA,81,810,33316
LN-104379,Paul Davis,05/26/2023,05/26/2040,568000,426000,6.47,2798,90+ Days Delinquent,Townhouse,VA,56,803,52312
LN-104380,James Lewis,03/05/2022,03/05/2044,266000,218120,5.67,3161,60 Days Delinquent,Multi Family,NY,65,817,18846
LN-104381,Margaret Brown,10/16/2021,10/16/2049,302000,292940,4.84,2016,90+ Days Delinquent,Commercial,OR,74,668,77890
LN-104382,Susan Thomas,09/02/2020,09/02/2043,664000,498000,5.05,1346,30 Days Delinquent,Condo,CT,69,774,68215
LN-104383,Matthew White,03/14/2021,03/14/2043,156000,152880,5.44,2394,90+ Days Delinquent,Single Family,NC,92,693,59608
LN-104384,Thomas Lewis,03/18/2021,03/18/2044,315000,211050,3.36,4240,30 Days Delinquent,Single Family,WA,81,754,54013
LN-104385,Elizabeth Moore,08/14/2018,08/14/2036,354000,230100,7.13,2179,Default,Single Family,OK,64,803,59261
LN-104386,Charles Harris,03/14/2019,03/14/2040,673000,430720,7.48,3450,Default,Single Family,TN,78,713,80010
LN-104387,Mary Moore,06/26/2019,06/26/2045,440000,422400,5.89,3992,Paid Off,Single Family,NJ,78,700,33748
LN-104388,Sarah Martin,08/08/2023,08/08/2049,394000,378240,5.77,1966,Current,Multi Family,LA,73,808,15692
LN-104389,William Lopez,07/07/2018,07/07/2036,718000,488240,4.1,2066,30 Days Delinquent,Commercial,TX,88,786,97700
LN-104390,Joshua Wilson,06/13/2019,06/13/2041,785000,628000,4.89,1465,90+ Days Delinquent,Single Family,OR,60,713,79866
LN-104391,Paul Harris,11/03/2019,11/03/2035,467000,284870,7.24,2599,60 Days Delinquent,Single Family,TX,95,759,77019
LN-104392,Mary Davis,12/15/2021,12/15/2050,393000,302610,4.07,3689,30 Days Delinquent,Commercial,CT,69,779,48544
LN-104393,Ashley Garcia,01/20/2020,01/20/2043,647000,627590,6.1,3195,60 Days Delinquent,Multi Family,SC,91,767,93580
LN-104394,Donald Perez,10/13/2018,10/13/2036,545000,419650,6.42,4167,30 Days Delinquent,Condo,WI,92,669,63240
LN-104395,Christopher Taylor,05/18/2018,05/18/2048,838000,796100,5.86,2068,90+ Days Delinquent,Condo,MD,57,814,72103
LN-104396,Elizabeth Jones,07/05/2019,07/05/2043,729000,707130,4.55,4053,90+ Days Delinquent,Multi Family,CT,62,649,13354
LN-104397,Christopher Jackson,05/21/2021,05/21/2050,197000,179270,3.71,1277,60 Days Delinquent,Condo,FL,78,691,98573
LN-104398,Emily Moore,11/09/2023,11/09/2048,700000,665000,7.5,4317,30 Days Delinquent,Single Family,SC,75,669,27281
LN-104399,Joshua Ramirez,01/17/2022,01/17/2051,840000,537600,7.69,1815,30 Days Delinquent,Commercial,MA,76,631,84308
LN-104400,James Brown,06/03/2021,06/03/2040,673000,578780,4.24,1313,Paid Off,Single Family,OH,62,640,68911
LN-104401,Sarah Garcia,08/10/2021,08/10/2050,489000,361860,3.37,2815,Default,Townhouse,NJ,65,783,85026
LN-104402,Karen Jones,02/23/2018,02/23/2033,806000,733460,5.73,2480,Current,Townhouse,LA,57,786,74451
LN-104403,Ashley Miller,05/11/2019,05/11/2034,511000,362810,6.26,3665,Current,Condo,NC,74,820,81829
LN-104404,Mark Perez,07/22/2020,07/22/2049,839000,545350,7.38,2887,Paid Off,Condo,MD,71,765,17775
LN-104405,Christopher Davis,06/28/2018,06/28/2041,183000,126270,3.39,3828,30 Days Delinquent,Townhouse,OR,57,776,80736
LN-104406,Susan Rodriguez,12/21/2022,12/21/2046,788000,496440,5.98,1486,Default,Commercial,PA,93,753,42584
LN-104407,Elizabeth Williams,10/24/2020,10/24/2035,693000,554400,3.79,3055,90+ Days Delinquent,Commercial,GA,59,637,19907
LN-104408,Joseph Taylor,11/01/2020,11/01/2039,347000,253310,7.12,2882,Default,Condo,WA,90,775,54687
LN-104409,David Miller,06/21/2018,06/21/2038,550000,357500,3.8,1284,90+ Days Delinquent,Townhouse,NC,62,656,50275
LN-104410,Emily Clark,10/04/2022,10/04/2041,212000,150520,3.34,2155,30 Days Delinquent,Single Family,VA,71,707,56811
LN-104411,Christopher Martinez,09/11/2020,09/11/2039,769000,538300,5.85,1978,Paid Off,Commercial,PA,92,664,87847
LN-104412,Daniel White,06/21/2022,06/21/2044,343000,315560,7.42,2257,30 Days Delinquent,Single Family,OH,56,760,26887
LN-104413,Paul Martinez,10/21/2022,10/21/2041,540000,464400,6.48,2603,60 Days Delinquent,Single Family,IL,79,651,99745
LN-104414,Paul Perez,04/17/2023,04/17/2043,448000,425600,5.81,4388,Paid Off,Townhouse,UT,91,662,84839
LN-104415,Emily Martin,01/26/2021,01/26/2043,164000,157440,4.72,3108,Default,Condo,OK,65,771,53972
LN-104416,David Lewis,09/11/2022,09/11/2039,670000,616400,5.68,2155,90+ Days Delinquent,Commercial,MD,95,790,36152
LN-104417,Steven Sanchez,03/07/2018,03/07/2047,299000,224250,6.97,2177,90+ Days Delinquent,Commercial,WI,71,796,76859
LN-104418,William Wilson,12/15/2022,12/15/2048,734000,477100,3.5,3088,90+ Days Delinquent,Condo,CO,94,805,93236
LN-104419,Susan Davis,04/20/2020,04/20/2043,272000,261120,4.5,4195,Paid Off,Single Family,AZ,92,769,60142
LN-104420,Susan Thompson,01/14/2018,01/14/2047,198000,162360,3.51,1808,Current,Single Family,MA,64,749,61144
LN-104421,Anthony Williams,01/22/2018,01/22/2042,419000,356150,5.61,3565,Paid Off,Multi Family,CA,89,701,26417
LN-104422,Thomas Martinez,07/01/2022,07/01/2041,437000,371450,5.11,3148,30 Days Delinquent,Condo,MD,94,787,92782
LN-104423,Steven Lee,01/16/2018,01/16/2047,397000,325540,6.39,2239,90+ Days Delinquent,Townhouse,AZ,78,653,67841
LN-104424,Robert Ramirez,02/03/2022,02/03/2045,455000,382200,5.81,3474,60 Days Delinquent,Single Family,MO,79,671,66566
LN-104425,Susan Williams,03/08/2019,03/08/2037,735000,646800,5.44,4091,Default,Condo,AL,70,693,91199
LN-104426,Mary Moore,04/16/2023,04/16/2051,555000,394050,4.16,3154,30 Days Delinquent,Townhouse,SC,65,767,17051
LN-104427,Sandra Wilson,05/25/2019,05/25/2046,647000,556420,6.37,1594,90+ Days Delinquent,Single Family,KY,59,640,43442
LN-104428,Barbara Lopez,07/22/2019,07/22/2034,342000,294120,7.41,2734,Paid Off,Condo,UT,75,621,38796
LN-104429,James Martinez,12/25/2021,12/25/2038,257000,174760,7.08,4022,90+ Days Delinquent,Single Family,MI,65,689,70477
LN-104430,Jennifer Davis,12/22/2023,12/22/2041,675000,526500,3.97,4448,Paid Off,Single Family,VA,60,768,50192
LN-104431,Donald Johnson,08/26/2021,08/26/2044,722000,440420,7.63,2309,Default,Commercial,MA,67,790,72876
LN-104432,James Martinez,09/27/2019,09/27/2047,568000,448720,7.59,1832,90+ Days Delinquent,Multi Family,MN,95,747,19442
LN-104433,Margaret Hernandez,03/03/2018,03/03/2042,811000,494710,7.69,3742,Paid Off,Townhouse,FL,89,667,62363
LN-104434,Emily Garcia,01/09/2022,01/09/2047,292000,251120,3.69,4396,90+ Days Delinquent,Condo,MN,78,745,89205
LN-104435,Linda White,06/01/2020,06/01/2047,545000,485050,5.47,1825,Paid Off,Single Family,AZ,83,726,38063
LN-104436,William Davis,09/23/2023,09/23/2040,708000,630120,3.6,3694,Paid Off,Condo,MI,66,633,62499
LN-104437,David Davis,11/16/2018,11/16/2040,275000,264000,5.2,2279,Current,Condo,SC,61,627,96643
LN-104438,Andrew Johnson,03/19/2018,03/19/2048,220000,173800,4.14,3395,Current,Multi Family,KY,91,631,79404
LN-104439,Steven Perez,11/03/2019,11/03/2046,236000,212400,5.14,3084,Current,Commercial,MI,84,762,19724
LN-104440,William Perez,12/03/2020,12/03/2036,318000,283020,4.09,3394,30 Days Delinquent,Condo,MA,60,774,17744
LN-104441,Nancy Anderson,01/27/2023,01/27/2041,491000,471360,5.38,4108,Default,Townhouse,OK,79,814,94400
LN-104442,Michelle Anderson,12/19/2019,12/19/2048,752000,466240,7.21,2187,30 Days Delinquent,Townhouse,OK,90,811,37572
LN-104443,Linda Miller,01/03/2022,01/03/2047,170000,137700,7.73,3690,90+ Days Delinquent,Multi Family,CA,56,795,79246
LN-104444,Joseph Lee,04/14/2020,04/14/2049,182000,125580,4.3,2142,90+ Days Delinquent,Townhouse,UT,82,706,58000
LN-104445,Steven Miller,02/28/2019,02/28/2044,254000,162560,5.99,1772,Current,Townhouse,CT,85,756,93962
LN-104446,Linda Lewis,12/19/2019,12/19/2038,801000,768960,5.47,3635,60 Days Delinquent,Single Family,CO,64,715,65144
LN-104447,Donna Jackson,03/15/2021,03/15/2044,418000,284240,3.64,2762,Paid Off,Townhouse,LA,74,624,76086
LN-104448,Elizabeth Perez,09/10/2020,09/10/2048,432000,367200,6.46,3149,Current,Commercial,MN,69,738,82618
LN-104449,Matthew Martin,09/27/2019,09/27/2035,293000,237330,7.48,2597,Paid Off,Multi Family,CA,92,670,61432
LN-104450,Margaret White,03/11/2023,03/11/2043,545000,457800,4.49,1432,90+ Days Delinquent,Single Family,MA,55,681,99901
LN-104451,Paul Taylor,01/11/2023,01/11/2038,525000,414750,7.29,1766,Default,Condo,TN,94,671,53340
LN-104452,Sandra Jones,03/19/2023,03/19/2038,310000,257300,6.99,1485,30 Days Delinquent,Condo,VA,89,729,76326
LN-104453,Karen Smith,06/13/2019,06/13/2034,154000,103180,4.84,3447,Default,Commercial,GA,63,808,41789
LN-104454,Andrew Rodriguez,10/14/2019,10/14/2046,510000,459000,3.64,3154,Default,Single Family,CO,64,805,16377
LN-104455,Betty Lee,05/27/2019,05/27/2046,151000,111740,5.37,3326,Default,Multi Family,NJ,87,778,22962
LN-104456,Paul Johnson,04/11/2021,04/11/2046,747000,717120,3.99,4307,30 Days Delinquent,Commercial,NY,73,714,64604
LN-104457,Paul Thomas,07/01/2020,07/01/2035,208000,193440,5.89,2922,60 Days Delinquent,Single Family,NC,80,762,16566
LN-104458,Emily Anderson,11/08/2023,11/08/2040,278000,202940,4.83,2820,Paid Off,Condo,MD,59,738,45284
LN-104459,Susan Robinson,08/22/2019,08/22/2045,612000,465120,4.58,2778,90+ Days Delinquent,Townhouse,NJ,81,669,26013
LN-104460,Jennifer Clark,07/05/2022,07/05/2047,503000,331980,7.68,3686,Default,Multi Family,MI,70,796,48528
LN-104461,Mark Robinson,12/08/2019,12/08/2035,510000,372300,7.2,1333,30 Days Delinquent,Commercial,MA,79,655,99176
LN-104462,Matthew Clark,01/06/2021,01/06/2048,770000,562100,4.62,1713,90+ Days Delinquent,Multi Family,LA,58,787,29656
LN-104463,Andrew Williams,11/16/2023,11/16/2048,838000,603360,5.47,1568,Current,Multi Family,NJ,89,809,37327
LN-104464,Donald Garcia,10/10/2021,10/10/2041,489000,444990,4.74,3468,Paid Off,Commercial,CO,73,787,29415
LN-104465,Barbara Johnson,06/19/2018,06/19/2047,156000,126360,5.06,3401,60 Days Delinquent,Multi Family,PA,87,788,34421
LN-104466,Thomas Jackson,12/26/2019,12/26/2047,418000,376200,3.52,3840,Current,Commercial,MA,75,624,85480
LN-104467,Thomas Jackson,08/02/2023,08/02/2049,772000,548120,6.74,3913,90+ Days Delinquent,Condo,NC,90,694,29282
LN-104468,Patricia Rodriguez,08/03/2021,08/03/2040,725000,623500,6.55,1988,Paid Off,Commercial,OH,63,729,23729
LN-104469,Lisa Robinson,10/14/2021,10/14/2047,676000,567840,5.22,3390,60 Days Delinquent,Multi Family,TX,79,734,10089
LN-104470,Andrew Lee,04/23/2018,04/23/2034,580000,464000,6.08,2122,90+ Days Delinquent,Multi Family,NJ,58,818,45684
LN-104471,Christopher White,11/13/2020,11/13/2040,660000,534600,5,2226,90+ Days Delinquent,Condo,NC,74,661,25925
LN-104472,Daniel Thomas,11/08/2019,11/08/2036,537000,445710,5.97,1865,Paid Off,Multi Family,TN,56,646,88604
LN-104473,Christopher Sanchez,06/09/2023,06/09/2040,681000,653760,5.83,2879,Paid Off,Condo,OH,90,672,64610
LN-104474,Andrew Brown,10/19/2023,10/19/2049,628000,602880,3.31,1298,60 Days Delinquent,Commercial,CO,83,802,39218
LN-104475,Andrew Garcia,07/05/2020,07/05/2041,518000,492100,7.66,3662,Paid Off,Townhouse,OH,56,657,28468
LN-104476,Sandra Wilson,05/17/2021,05/17/2044,298000,232440,6.02,2024,Current,Multi Family,UT,90,673,21771
LN-104477,Christopher Davis,07/21/2019,07/21/2047,667000,406870,5.55,1245,Default,Multi Family,LA,55,698,58246
LN-104478,Michelle Anderson,05/25/2019,05/25/2048,637000,509600,5.54,3450,90+ Days Delinquent,Commercial,WI,89,685,27557
LN-104479,Lisa Harris,08/23/2021,08/23/2043,464000,352640,6.63,4366,90+ Days Delinquent,Multi Family,IN,59,701,51503
LN-104480,Andrew Hernandez,02/28/2018,02/28/2047,589000,359290,7.42,3721,90+ Days Delinquent,Single Family,CA,55,656,70889
LN-104481,Jennifer Moore,04/22/2021,04/22/2048,220000,151800,3.93,1417,60 Days Delinquent,Townhouse,MA,59,772,37836
LN-104482,Thomas Williams,09/09/2018,09/09/2034,167000,140280,3.37,3322,Default,Multi Family,FL,89,773,94773
LN-104483,Andrew Harris,02/08/2023,02/08/2047,203000,172550,6.33,2194,Default,Condo,AL,79,649,99560
LN-104484,Nancy Johnson,09/08/2020,09/08/2046,443000,372120,3.99,2945,Current,Single Family,OH,66,811,62418
LN-104485,Donald Miller,12/08/2022,12/08/2037,688000,543520,4.84,2507,90+ Days Delinquent,Multi Family,PA,67,704,25054
LN-104486,Thomas Clark,05/06/2023,05/06/2049,275000,167750,7.4,2210,30 Days Delinquent,Multi Family,TN,86,673,54034
LN-104487,Emily Thompson,03/12/2019,03/12/2038,491000,387890,4.45,1563,60 Days Delinquent,Multi Family,CT,65,789,48662
LN-104488,Paul Davis,03/13/2020,03/13/2043,750000,690000,3.58,3447,30 Days Delinquent,Single Family,TX,86,686,11688
LN-104489,Mary Martinez,11/07/2023,11/07/2047,797000,581810,3.45,3489,30 Days Delinquent,Commercial,OH,71,686,82251
LN-104490,Barbara Lewis,06/06/2020,06/06/2043,386000,331960,5.79,1985,60 Days Delinquent,Condo,AL,69,698,24674
LN-104491,Patricia Martin,03/13/2019,03/13/2048,392000,360640,7.05,1511,Default,Commercial,FL,66,819,26846
LN-104492,Matthew Jackson,05/17/2019,05/17/2035,424000,262880,6.62,4488,30 Days Delinquent,Single Family,AZ,61,806,52211
LN-104493,Barbara Lewis,05/03/2023,05/03/2044,630000,409500,5.38,2718,60 Days Delinquent,Multi Family,MA,88,740,79564
LN-104494,Mark Jones,05/05/2018,05/05/2039,729000,648810,4.04,3730,Current,Single Family,LA,85,753,88402
LN-104495,Sandra Clark,12/09/2021,12/09/2040,787000,511550,7.69,4121,Current,Townhouse,OK,84,802,44275
LN-104496,David Harris,04/09/2022,04/09/2049,460000,450800,7.19,4452,90+ Days Delinquent,Condo,OH,84,770,59293
LN-104497,Matthew Robinson,01/09/2023,01/09/2046,166000,101260,5.91,3090,Current,Multi Family,SC,58,671,28146
LN-104498,Susan Sanchez,05/04/2022,05/04/2049,473000,411510,4.6,2889,Default,Townhouse,MN,88,687,45259
LN-104499,Steven Lee,07/19/2018,07/19/2043,820000,721600,3.59,2450,60 Days Delinquent,Townhouse,CO,72,735,74515
LN-104500,Ashley Ramirez,11/02/2023,11/02/2045,312000,230880,7.66,4101,30 Days Delinquent,Commercial,OH,73,690,56778
LN-104501,Paul Miller,11/25/2018,11/25/2043,565000,474600,3.33,2575,Paid Off,Multi Family,LA,94,792,48902
LN-104502,Jessica Rodriguez,01/22/2018,01/22/2047,681000,463080,5.22,4348,Current,Single Family,MO,77,632,18125
LN-104503,Patricia Thompson,04/16/2019,04/16/2034,668000,641280,3.6,3567,Default,Townhouse,AZ,82,792,57775
LN-104504,Paul Jackson,12/15/2020,12/15/2041,383000,360020,4.9,3407,30 Days Delinquent,Commercial,UT,83,805,50142
LN-104505,Michael Taylor,05/04/2020,05/04/2048,378000,336420,5.47,4453,30 Days Delinquent,Condo,NJ,84,645,86737
LN-104506,Andrew Lee,01/15/2018,01/15/2039,312000,290160,4.44,2718,90+ Days Delinquent,Condo,TX,62,799,13985
LN-104507,Margaret Brown,01/21/2019,01/21/2042,654000,418560,6.74,1809,Paid Off,Condo,AL,55,691,54402
LN-104508,Lisa Thomas,02/04/2022,02/04/2052,407000,317460,3.63,1488,30 Days Delinquent,Commercial,UT,94,732,24578
LN-104509,Donald Anderson,09/28/2022,09/28/2041,384000,241920,3.92,3296,60 Days Delinquent,Commercial,NY,74,774,92911
LN-104510,William Perez,11/20/2018,11/20/2043,399000,339150,6.41,2378,90+ Days Delinquent,Condo,SC,56,806,58482
LN-104511,Lisa White,01/11/2019,01/11/2048,166000,136120,5.41,1530,30 Days Delinquent,Townhouse,IN,61,765,59807
LN-104512,Jennifer Jones,10/04/2023,10/04/2043,625000,456250,5.62,2802,Default,Commercial,IN,78,756,66062
LN-104513,Karen Davis,10/22/2022,10/22/2038,162000,140940,5.42,2790,60 Days Delinquent,Condo,MA,86,746,97355
LN-104514,Jessica Smith,08/10/2020,08/10/2047,285000,259350,6.46,3797,90+ Days Delinquent,Townhouse,NC,92,755,49301
LN-104515,Michelle Jackson,11/16/2022,11/16/2039,333000,256410,5.7,2761,Default,Multi Family,MA,70,816,13872
LN-104516,Karen Thompson,07/22/2022,07/22/2046,269000,172160,6.91,3413,30 Days Delinquent,Townhouse,KY,74,682,90853
LN-104517,Joshua Miller,02/11/2019,02/11/2043,719000,639910,5.51,3227,Current,Commercial,WI,91,678,42452
LN-104518,Robert Brown,10/16/2020,10/16/2039,187000,172040,4.45,1731,90+ Days Delinquent,Multi Family,LA,65,641,51633
LN-104519,Paul Johnson,08/02/2023,08/02/2045,264000,258720,6.29,4176,Default,Multi Family,GA,83,744,26728
LN-104520,John Sanchez,02/28/2023,02/28/2043,530000,381600,5.27,2230,30 Days Delinquent,Commercial,OK,60,795,80429
LN-104521,Barbara Lopez,02/16/2018,02/16/2041,530000,413400,3.57,3571,Current,Townhouse,OR,71,692,25924
LN-104522,Barbara Lopez,01/09/2020,01/09/2043,541000,524770,3.84,1883,60 Days Delinquent,Single Family,OR,82,622,91375
LN-104523,Donna Martinez,02/11/2018,02/11/2034,360000,262800,6.11,3978,Current,Commercial,TX,56,667,48721
LN-104524,Patricia Clark,07/09/2019,07/09/2040,382000,297960,3.78,2359,60 Days Delinquent,Commercial,FL,72,637,17049
LN-104525,Emily Moore,06/05/2022,06/05/2040,421000,315750,6.59,3465,Default,Commercial,GA,65,721,36834
LN-104526,Betty Gonzalez,06/21/2019,06/21/2045,677000,426510,5.84,2868,30 Days Delinquent,Multi Family,OR,62,623,65028
LN-104527,James Jones,02/23/2020,02/23/2050,541000,438210,7.25,3692,60 Days Delinquent,Single Family,VA,91,722,51439
LN-104528,Sandra Gonzalez,06/22/2023,06/22/2044,234000,142740,4.01,3059,60 Days Delinquent,Multi Family,MO,83,643,81798
LN-104529,Elizabeth White,12/06/2019,12/06/2039,203000,144130,3.98,2460,30 Days Delinquent,Single Family,TX,79,675,13591
LN-104530,David Taylor,02/22/2023,02/22/2044,721000,483070,5.74,3875,Default,Townhouse,CT,84,669,97002
LN-104531,Daniel Johnson,01/03/2022,01/03/2050,753000,692760,6.46,2827,30 Days Delinquent,Condo,NC,86,731,27298
LN-104532,William Smith,09/06/2022,09/06/2041,462000,318780,3.63,2268,Default,Multi Family,IL,93,692,80712
LN-104533,Charles Martinez,11/27/2022,11/27/2043,716000,472560,4.53,4481,Current,Commercial,PA,78,773,76069
LN-104534,Jennifer Perez,11/18/2019,11/18/2036,801000,632790,4.08,3197,Default,Condo,UT,62,819,85854
LN-104535,Barbara Wilson,03/21/2023,03/21/2043,650000,591500,5.54,1600,90+ Days Delinquent,Townhouse,AL,56,657,98811
LN-104536,Sarah White,02/06/2020,02/06/2036,534000,400500,6.95,4280,90+ Days Delinquent,Townhouse,KY,63,665,26381
LN-104537,Charles Perez,04/13/2019,04/13/2048,295000,215350,5.18,1266,30 Days Delinquent,Single Family,NY,95,748,62960
LN-104538,Sandra Hernandez,11/13/2019,11/13/2045,269000,199060,6.08,3609,30 Days Delinquent,Single Family,MA,82,738,87725
LN-104539,Michael Jones,07/26/2021,07/26/2039,295000,218300,6.31,2766,30 Days Delinquent,Townhouse,CA,62,736,88640
LN-104540,Joseph Anderson,05/25/2022,05/25/2038,187000,158950,6.29,1364,30 Days Delinquent,Commercial,VA,58,693,64125
LN-104541,Elizabeth Thomas,05/09/2022,05/09/2049,680000,646000,4,3818,90+ Days Delinquent,Commercial,IN,58,808,78373
LN-104542,Joseph Sanchez,02/19/2023,02/19/2046,682000,641080,6.55,1837,90+ Days Delinquent,Single Family,TN,63,628,54559
LN-104543,Paul Miller,08/09/2018,08/09/2046,506000,313720,5.61,1276,90+ Days Delinquent,Multi Family,OK,80,760,70590
LN-104544,Betty Johnson,04/15/2022,04/15/2045,659000,461300,7.51,1653,30 Days Delinquent,Multi Family,AL,90,725,82952
LN-104545,Betty Anderson,09/22/2019,09/22/2041,178000,160200,5.46,2236,Default,Commercial,PA,71,788,45837
LN-104546,Paul Perez,03/16/2019,03/16/2039,436000,265960,4.7,3450,Paid Off,Condo,IL,80,733,68257
LN-104547,Sarah Brown,04/02/2021,04/02/2050,665000,438900,4.08,1376,90+ Days Delinquent,Townhouse,MI,74,722,89587
LN-104548,Sandra Hernandez,05/17/2019,05/17/2039,214000,149800,5.77,2642,Current,Condo,MI,72,654,12761
LN-104549,James Clark,04/27/2019,04/27/2037,821000,632170,5.57,2481,Current,Townhouse,CA,83,652,97020
LN-104550,Daniel Wilson,12/02/2023,12/02/2040,670000,589600,5.52,3678,Current,Townhouse,MO,68,708,59370
LN-104551,Robert White,01/21/2019,01/21/2037,766000,643440,3.27,1777,90+ Days Delinquent,Multi Family,VA,86,767,48169
LN-104552,Matthew Harris,01/12/2022,01/12/2046,848000,517280,6.55,2543,Default,Condo,TN,68,818,32077
LN-104553,Michael Miller,08/11/2018,08/11/2037,724000,470600,6.1,2015,30 Days Delinquent,Commercial,MA,69,657,14493
LN-104554,Nancy Williams,05/24/2022,05/24/2048,681000,626520,6.23,2741,Default,Townhouse,IL,67,670,93690
LN-104555,Ashley Martinez,09/24/2020,09/24/2037,777000,675990,6.53,4279,60 Days Delinquent,Condo,GA,57,632,62598
LN-104556,Sarah Thompson,08/07/2023,08/07/2048,250000,170000,5.3,2820,30 Days Delinquent,Townhouse,IL,80,655,32837
LN-104557,Elizabeth Lee,06/28/2023,06/28/2050,646000,600780,4.16,3532,Paid Off,Condo,OR,95,753,10803
LN-104558,Nancy Jones,04/24/2023,04/24/2043,274000,263040,4.15,1381,Paid Off,Condo,NY,93,783,66428
LN-104559,Donna Thompson,12/13/2019,12/13/2048,768000,645120,7.03,3428,90+ Days Delinquent,Townhouse,AZ,67,671,74607
LN-104560,Joseph Lopez,05/07/2021,05/07/2041,152000,121600,5.72,2930,60 Days Delinquent,Single Family,CO,86,761,89521
LN-104561,Sarah Smith,08/24/2022,08/24/2038,172000,129000,6.58,3329,Current,Condo,WA,63,653,82483
LN-104562,Linda Wilson,03/07/2021,03/07/2037,350000,315000,4.44,1212,60 Days Delinquent,Commercial,WA,78,802,62090
LN-104563,Robert Davis,06/08/2023,06/08/2049,539000,366520,7.53,1462,Paid Off,Commercial,SC,81,757,76830
LN-104564,Matthew Martinez,05/19/2023,05/19/2052,517000,356730,4.16,3587,30 Days Delinquent,Condo,OK,55,635,83854
LN-104565,Thomas Lopez,03/16/2021,03/16/2037,313000,300480,7.49,2951,Default,Commercial,GA,69,620,21577
LN-104566,John Hernandez,04/02/2018,04/02/2042,715000,550550,5.22,2981,Default,Townhouse,OR,95,783,87095
LN-104567,Patricia Harris,01/27/2018,01/27/2039,466000,307560,5.01,2124,60 Days Delinquent,Single Family,OH,92,631,19509
LN-104568,Nancy Hernandez,02/01/2018,02/01/2037,536000,503840,5.82,2410,60 Days Delinquent,Townhouse,WI,60,768,97844
LN-104569,Mark Clark,06/05/2020,06/05/2041,363000,319440,7.42,4267,Current,Commercial,CT,88,624,70043
LN-104570,Karen White,11/25/2019,11/25/2034,429000,308880,7.75,1739,90+ Days Delinquent,Single Family,MN,79,808,53631
LN-104571,Joseph Robinson,12/15/2020,12/15/2050,171000,145350,7.68,1383,60 Days Delinquent,Condo,GA,59,671,83843
LN-104572,John Garcia,08/22/2019,08/22/2042,498000,363540,6.56,3110,90+ Days Delinquent,Commercial,TX,70,676,81262
LN-104573,Steven Lewis,05/18/2018,05/18/2042,490000,406700,4.07,3188,90+ Days Delinquent,Condo,NY,64,742,59311
LN-104574,Betty Wilson,08/09/2020,08/09/2040,532000,356440,7.68,2671,60 Days Delinquent,Commercial,MI,83,712,85614
LN-104575,Ashley Jones,11/25/2019,11/25/2037,683000,587380,5.73,3435,Paid Off,Single Family,WA,82,766,18408
LN-104576,James Thompson,02/17/2019,02/17/2034,792000,594000,6.11,1645,30 Days Delinquent,Multi Family,IN,76,773,67838
LN-104577,James Clark,09/26/2021,09/26/2049,231000,138600,6.51,3810,60 Days Delinquent,Multi Family,PA,84,761,75436
LN-104578,Emily Hernandez,12/21/2023,12/21/2041,448000,412160,5.04,1409,30 Days Delinquent,Townhouse,AZ,57,666,76217
LN-104579,Christopher Anderson,08/23/2021,08/23/2038,481000,442520,5.47,2426,30 Days Delinquent,Commercial,WI,66,765,56807
LN-104580,Donna White,01/21/2023,01/21/2043,557000,506870,4.41,3163,Paid Off,Commercial,MA,60,820,65847
LN-104581,Jennifer Perez,10/24/2018,10/24/2046,235000,190350,4.93,3971,Paid Off,Commercial,NC,85,752,70620
LN-104582,Christopher Martin,05/09/2020,05/09/2042,493000,330310,7.36,3621,60 Days Delinquent,Commercial,MN,91,729,72215
LN-104583,John Lewis,01/17/2018,01/17/2034,794000,531980,6.94,4462,30 Days Delinquent,Townhouse,MO,64,721,39020
LN-104584,Thomas Rodriguez,10/22/2018,10/22/2040,468000,411840,5.21,1926,Paid Off,Commercial,GA,89,783,25920
LN-104585,Thomas Smith,06/15/2023,06/15/2040,578000,450840,6.34,1683,30 Days Delinquent,Commercial,NY,87,688,27997
LN-104586,Jennifer Hernandez,12/25/2021,12/25/2043,771000,740160,3.81,2751,Default,Single Family,MN,55,690,77509
LN-104587,Mary Perez,02/23/2022,02/23/2047,831000,814380,6.36,1873,Paid Off,Commercial,WI,55,792,83240
LN-104588,David Harris,03/28/2020,03/28/2044,670000,522600,3.33,3130,Current,Multi Family,FL,93,676,42203
LN-104589,Nancy Miller,01/04/2018,01/04/2035,212000,129320,5.35,3054,Current,Condo,AZ,77,767,17105
LN-104590,Elizabeth Martin,10/22/2019,10/22/2040,203000,198940,6.98,4016,Current,Commercial,MD,83,704,53658
LN-104591,Joshua Sanchez,08/20/2022,08/20/2044,721000,562380,5.51,3162,Current,Townhouse,AZ,80,762,35729
LN-104592,Michael Ramirez,11/21/2019,11/21/2047,686000,459620,6.97,1710,90+ Days Delinquent,Single Family,CT,92,741,13565
LN-104593,Thomas Hernandez,11/19/2023,11/19/2049,280000,207200,5.32,2724,Current,Townhouse,IL,83,754,86183
LN-104594,Sarah Moore,09/11/2020,09/11/2041,431000,336180,4.72,2107,Paid Off,Multi Family,IN,90,776,57287
LN-104595,Matthew Johnson,10/13/2019,10/13/2047,267000,256320,7.15,1517,90+ Days Delinquent,Single Family,NJ,78,654,19477
LN-104596,Barbara Robinson,03/27/2019,03/27/2044,524000,492560,4.48,3645,Default,Condo,AZ,66,671,29301
LN-104597,Margaret Perez,04/14/2018,04/14/2036,506000,369380,7.19,3661,30 Days Delinquent,Multi Family,UT,90,698,14169
LN-104598,Joseph Moore,04/21/2020,04/21/2038,671000,630740,4.59,2513,Paid Off,Multi Family,SC,55,626,25372
LN-104599,Ashley Miller,01/16/2023,01/16/2038,392000,250880,4.54,3594,Current,Townhouse,VA,56,735,70969
LN-104600,Andrew Miller,06/09/2023,06/09/2040,315000,270900,7.04,2405,Current,Single Family,FL,88,814,59084
LN-104601,Mary Clark,03/25/2018,03/25/2044,316000,237000,4.96,1494,30 Days Delinquent,Multi Family,TN,58,807,25485
LN-104602,Betty Moore,12/23/2020,12/23/2047,833000,649740,4.87,4389,30 Days Delinquent,Townhouse,GA,79,765,61290
LN-104603,Michelle Moore,07/06/2018,07/06/2042,763000,656180,7.58,3404,Default,Multi Family,PA,95,709,23694
LN-104604,Joshua Thompson,05/22/2021,05/22/2041,154000,92400,5.98,1588,Current,Multi Family,AZ,91,715,38895
LN-104605,Michelle Jones,08/24/2020,08/24/2039,452000,406800,7.33,2055,60 Days Delinquent,Townhouse,FL,81,804,17435
LN-104606,Barbara Jackson,01/09/2022,01/09/2039,294000,241080,6.89,1767,90+ Days Delinquent,Commercial,KY,94,777,13012
LN-104607,James Johnson,12/05/2019,12/05/2042,313000,269180,6.22,3857,Default,Single Family,OK,55,731,93512
LN-104608,Mary Moore,01/05/2021,01/05/2045,839000,713150,4.24,1549,Paid Off,Townhouse,FL,94,668,15932
LN-104609,Richard Harris,10/11/2018,10/11/2041,613000,545570,6.54,1316,Default,Single Family,TN,58,691,75985
LN-104610,Daniel Ramirez,01/03/2018,01/03/2039,257000,246720,7.63,3473,Current,Single Family,CA,68,704,16644
LN-104611,Barbara Johnson,05/15/2019,05/15/2046,534000,491280,5.13,3759,30 Days Delinquent,Single Family,TX,69,657,93229
LN-104612,Christopher Lopez,01/17/2022,01/17/2046,839000,612470,4.55,4242,90+ Days Delinquent,Condo,KY,68,773,71443
LN-104613,Steven Miller,02/22/2020,02/22/2038,743000,534960,5.17,3333,Paid Off,Commercial,MI,84,768,19838
LN-104614,Jessica Lee,12/24/2019,12/24/2047,685000,671300,5.17,1509,60 Days Delinquent,Commercial,TN,70,717,95329
LN-104615,Matthew Miller,08/14/2022,08/14/2038,400000,336000,4.76,3042,Paid Off,Townhouse,WA,61,790,86825
LN-104616,Joseph Taylor,09/21/2022,09/21/2048,311000,298560,5.36,3254,Default,Single Family,WA,78,652,87648
LN-104617,Patricia Robinson,02/25/2019,02/25/2037,832000,565760,4.91,2273,60 Days Delinquent,Condo,WA,61,643,73350
LN-104618,Thomas Hernandez,02/10/2020,02/10/2043,177000,164610,4.66,1451,60 Days Delinquent,Multi Family,CA,72,639,49298
LN-104619,Michael Wilson,12/28/2021,12/28/2041,224000,201600,5.22,4460,60 Days Delinquent,Condo,GA,63,686,10149
LN-104620,Christopher Moore,10/06/2021,10/06/2036,672000,430080,3.65,1675,Default,Commercial,AZ,92,777,96608
LN-104621,Mary Ramirez,06/13/2023,06/13/2040,746000,634100,7,1373,Current,Condo,MD,67,815,34328
LN-104622,Elizabeth Jones,09/25/2023,09/25/2045,430000,301000,5.44,3893,60 Days Delinquent,Commercial,IN,74,787,55418
LN-104623,Steven Miller,03/20/2021,03/20/2036,762000,533400,3.38,2770,90+ Days Delinquent,Condo,IN,73,698,16987
LN-104624,Patricia Wilson,11/11/2018,11/11/2036,841000,571880,7.34,3815,Paid Off,Townhouse,NJ,85,735,85223
LN-104625,William Moore,07/28/2021,07/28/2045,663000,609960,6.94,2553,Paid Off,Commercial,VA,87,701,41969
LN-104626,Nancy Martin,08/09/2018,08/09/2033,180000,113400,5.12,1508,Current,Condo,MD,64,654,13761
LN-104627,Joseph Lewis,01/08/2021,01/08/2046,773000,649320,4.47,3619,60 Days Delinquent,Multi Family,MO,91,750,87402
LN-104628,Betty Brown,12/04/2023,12/04/2042,784000,658560,3.63,1815,60 Days Delinquent,Townhouse,WA,91,710,62731
LN-104629,Jennifer Lopez,05/15/2023,05/15/2046,763000,724850,5.45,4456,30 Days Delinquent,Multi Family,TX,84,777,56611
LN-104630,Robert Gonzalez,11/12/2020,11/12/2049,469000,379890,5.86,1886,60 Days Delinquent,Single Family,IN,93,642,58454
LN-104631,Michelle Taylor,08/24/2020,08/24/2045,706000,663640,5.62,3556,Paid Off,Townhouse,UT,69,644,55183
LN-104632,Donald Clark,06/27/2023,06/27/2042,581000,424130,4.82,1811,Default,Single Family,IN,72,675,73829
LN-104633,Steven Rodriguez,04/22/2023,04/22/2046,193000,152470,4.24,2709,90+ Days Delinquent,Townhouse,CA,92,751,38996
LN-104634,Kimberly Robinson,07/10/2018,07/10/2037,247000,237120,6.58,2230,Default,Single Family,IN,68,690,39550
LN-104635,Anthony Sanchez,06/25/2018,06/25/2036,359000,251300,7.47,3773,30 Days Delinquent,Single Family,FL,76,694,46838
LN-104636,Barbara Wilson,02/10/2020,02/10/2044,701000,553790,5.99,2957,Current,Condo,NJ,85,632,98549
LN-104637,Patricia Sanchez,06/11/2021,06/11/2048,222000,182040,3.94,3457,90+ Days Delinquent,Single Family,MD,83,698,79037
LN-104638,Joshua Garcia,04/09/2020,04/09/2048,169000,106470,3.29,2941,90+ Days Delinquent,Townhouse,MD,59,761,56471
LN-104639,Andrew Thomas,08/16/2021,08/16/2037,205000,164000,6.73,4149,60 Days Delinquent,Single Family,MI,63,620,54296
LN-104640,Sandra Lee,03/27/2018,03/27/2034,805000,523250,6.02,1679,Current,Condo,OH,86,791,43717
LN-104641,Thomas Anderson,05/17/2019,05/17/2048,485000,324950,5.49,3112,60 Days Delinquent,Multi Family,LA,71,733,17727
LN-104642,Emily Thomas,09/11/2019,09/11/2034,689000,544310,4.04,3505,60 Days Delinquent,Commercial,WI,71,739,92213
LN-104643,Jessica Smith,12/14/2023,12/14/2048,245000,222950,5.8,3794,60 Days Delinquent,Commercial,AZ,55,641,91043
LN-104644,Barbara Williams,01/01/2022,01/01/2040,738000,464940,4.02,2630,30 Days Delinquent,Commercial,IL,62,645,56310
LN-104645,Sarah Martinez,01/23/2022,01/23/2045,328000,259120,7.64,2759,Paid Off,Commercial,IN,73,724,35840
LN-104646,Patricia Johnson,11/07/2020,11/07/2044,545000,436000,6.11,4074,30 Days Delinquent,Multi Family,AZ,92,804,48310
LN-104647,Mary Miller,06/04/2021,06/04/2036,780000,655200,6.35,2720,Paid Off,Commercial,CO,57,696,96953
LN-104648,Susan Rodriguez,12/14/2022,12/14/2044,384000,360960,7.23,4191,Default,Single Family,MI,82,667,79251
LN-104649,Matthew Lopez,08/03/2019,08/03/2048,487000,350640,7.38,2474,Default,Commercial,MI,58,766,22818
LN-104650,Charles Brown,06/02/2019,06/02/2047,400000,336000,4.82,4332,Paid Off,Commercial,IL,57,817,13215
LN-104651,David Miller,05/24/2023,05/24/2048,468000,285480,7.25,1299,Current,Condo,MD,65,817,81822
LN-104652,Charles Perez,09/21/2021,09/21/2045,653000,626880,6.44,3311,90+ Days Delinquent,Townhouse,OR,75,628,25071
LN-104653,Nancy Wilson,03/08/2020,03/08/2037,277000,235450,5.87,3792,Current,Condo,NY,69,669,15630
LN-104654,Nancy Lee,06/16/2021,06/16/2050,837000,585900,7.64,1815,90+ Days Delinquent,Multi Family,SC,67,669,77322
LN-104655,Betty Rodriguez,03/14/2020,03/14/2044,598000,478400,4,3044,Current,Condo,NY,89,658,29404
LN-104656,Ashley Clark,10/01/2018,10/01/2042,526000,489180,7.55,3736,Current,Townhouse,WA,56,642,32426
LN-104657,David Moore,09/11/2019,09/11/2045,382000,267400,7.36,1574,Paid Off,Townhouse,TN,72,732,48021
LN-104658,John Taylor,06/04/2023,06/04/2038,279000,184140,6.21,3121,Paid Off,Multi Family,SC,58,679,24272
LN-104659,Sarah Lewis,12/09/2022,12/09/2048,488000,336720,5.03,1450,60 Days Delinquent,Single Family,TX,87,738,77265
LN-104660,Joseph Clark,10/26/2022,10/26/2037,527000,474300,7.33,3863,60 Days Delinquent,Condo,MI,76,640,16607
LN-104661,Donald Clark,04/26/2018,04/26/2043,760000,539600,6.4,2637,Current,Townhouse,NJ,80,773,37870
LN-104662,Karen Taylor,10/14/2023,10/14/2041,512000,414720,4.95,2677,60 Days Delinquent,Commercial,OH,57,695,39030
LN-104663,Jessica Sanchez,08/04/2020,08/04/2037,217000,164920,6.35,2658,Current,Commercial,CA,91,812,71897
LN-104664,Mark Rodriguez,05/22/2018,05/22/2037,340000,295800,5.69,2227,30 Days Delinquent,Commercial,AL,88,638,50684
LN-104665,William Martinez,08/12/2019,08/12/2034,297000,270270,6.23,1382,30 Days Delinquent,Townhouse,PA,94,682,34123
LN-104666,Patricia Wilson,02/11/2022,02/11/2047,278000,258540,5.93,3440,Paid Off,Townhouse,NY,93,770,69219
LN-104667,John Moore,11/18/2022,11/18/2043,833000,724710,4.36,3425,60 Days Delinquent,Townhouse,NC,74,693,58485
LN-104668,William Clark,09/13/2023,09/13/2051,652000,462920,3.8,3653,90+ Days Delinquent,Townhouse,OH,55,641,88059
LN-104669,Robert Sanchez,11/01/2020,11/01/2035,793000,721630,3.59,2793,Default,Commercial,NJ,85,683,93385
LN-104670,Mary Martinez,08/17/2019,08/17/2046,325000,295750,3.69,2635,60 Days Delinquent,Single Family,KY,72,820,20004
LN-104671,Linda Perez,10/21/2023,10/21/2052,831000,614940,6.04,3732,Current,Multi Family,WA,83,695,26407
LN-104672,Michelle Lee,03/04/2022,03/04/2051,234000,194220,4.53,2177,90+ Days Delinquent,Single Family,PA,87,660,42384
LN-104673,Matthew Perez,03/03/2023,03/03/2050,229000,212970,5.75,1948,30 Days Delinquent,Townhouse,MN,85,809,65664
LN-104674,Elizabeth Williams,07/18/2023,07/18/2043,376000,319600,5.62,1764,Default,Condo,CA,76,771,38814
LN-104675,Nancy Jones,09/02/2021,09/02/2046,830000,697200,5.09,4052,60 Days Delinquent,Condo,TX,85,688,63042
LN-104676,Linda Jones,05/02/2022,05/02/2050,839000,654420,5.08,2763,Default,Multi Family,KY,87,756,36259
LN-104677,Kimberly Johnson,09/08/2019,09/08/2034,455000,377650,5.27,4467,Default,Single Family,NY,61,736,49438
LN-104678,Donald Martinez,06/22/2021,06/22/2040,589000,453530,6.26,2848,Paid Off,Multi Family,CA,93,760,98264
LN-104679,James Taylor,05/07/2020,05/07/2040,364000,262080,6.46,1681,Paid Off,Condo,WI,73,664,95186
LN-104680,Jessica Jones,08/12/2022,08/12/2039,721000,454230,6.99,2953,Default,Condo,NY,61,636,81498
LN-104681,Steven Thompson,05/13/2023,05/13/2041,781000,484220,4.34,3346,60 Days Delinquent,Townhouse,IN,70,700,13517
LN-104682,Anthony Lewis,06/03/2018,06/03/2033,360000,252000,7.06,4175,30 Days Delinquent,Condo,NY,76,739,72379
LN-104683,John Johnson,09/06/2019,09/06/2034,206000,164800,3.3,2299,60 Days Delinquent,Multi Family,TN,62,771,48955
LN-104684,David Johnson,03/28/2021,03/28/2043,234000,184860,3.87,2539,Paid Off,Single Family,MO,65,705,76198
LN-104685,Patricia Moore,03/06/2019,03/06/2042,832000,657280,6.08,2560,90+ Days Delinquent,Multi Family,IN,60,737,33572
LN-104686,Mary Anderson,07/09/2020,07/09/2049,275000,189750,6.1,3923,90+ Days Delinquent,Multi Family,GA,74,681,69417
LN-104687,Betty Rodriguez,11/14/2020,11/14/2050,172000,115240,6.55,3664,90+ Days Delinquent,Condo,CA,55,730,42926
LN-104688,Mary Davis,10/14/2020,10/14/2050,591000,401880,4.71,2720,Default,Single Family,OH,70,686,17526
LN-104689,Joshua Clark,05/21/2023,05/21/2048,452000,415840,6.73,3838,Current,Single Family,MO,74,710,54022
LN-104690,Ashley Hernandez,02/28/2021,02/28/2046,343000,233240,7.58,2958,90+ Days Delinquent,Multi Family,NC,78,743,72216
LN-104691,Donald Smith,03/23/2019,03/23/2042,565000,378550,7.22,4124,30 Days Delinquent,Commercial,AL,73,649,26234
LN-104692,Sarah Wilson,04/27/2022,04/27/2044,188000,165440,3.49,1565,Current,Townhouse,OR,67,820,99121
LN-104693,Mary Johnson,05/03/2022,05/03/2047,389000,307310,6.94,3891,Current,Townhouse,AL,80,630,22208
LN-104694,John Davis,04/07/2020,04/07/2045,827000,802190,3.89,4448,30 Days Delinquent,Commercial,AL,90,776,60993
LN-104695,Paul Thomas,10/06/2019,10/06/2040,640000,448000,6.21,3067,30 Days Delinquent,Townhouse,NC,65,628,47104
LN-104696,Barbara Hernandez,03/28/2020,03/28/2041,561000,482460,3.3,4057,90+ Days Delinquent,Multi Family,KY,80,754,66138
LN-104697,Patricia Rodriguez,01/09/2018,01/09/2036,563000,529220,6.65,2153,90+ Days Delinquent,Condo,OH,61,820,44234
LN-104698,Richard Lopez,12/03/2020,12/03/2046,259000,202020,3.34,3788,90+ Days Delinquent,Townhouse,AZ,76,795,90379
LN-104699,Mary Garcia,01/17/2018,01/17/2045,549000,538020,7.65,3936,Paid Off,Commercial,TN,93,708,77165
LN-104700,Joshua Perez,09/09/2022,09/09/2043,502000,351400,5.28,2931,Current,Multi Family,FL,59,662,24569
LN-104701,Matthew Ramirez,09/26/2018,09/26/2046,480000,307200,7.58,1993,Default,Single Family,MA,59,632,54724
LN-104702,Donna Lewis,09/10/2020,09/10/2043,407000,297110,5.39,2840,Paid Off,Single Family,CA,95,750,83902
LN-104703,Donald Williams,08/03/2023,08/03/2043,341000,313720,4.84,3650,Current,Commercial,VA,61,651,61359
LN-104704,Steven Williams,10/16/2018,10/16/2039,506000,430100,6.2,2744,90+ Days Delinquent,Townhouse,FL,79,811,20781
LN-104705,Joseph Lewis,06/13/2023,06/13/2053,604000,446960,5.53,3305,60 Days Delinquent,Townhouse,VA,84,625,74147
LN-104706,Linda Thomas,06/11/2020,06/11/2050,263000,234070,4.23,2374,Paid Off,Single Family,GA,91,755,91391
LN-104707,Ashley Jackson,03/02/2020,03/02/2037,167000,136940,7.51,3808,Current,Commercial,CO,81,805,91192
LN-104708,Thomas Smith,04/25/2022,04/25/2038,164000,123000,6.06,3315,90+ Days Delinquent,Single Family,OK,89,819,49239
LN-104709,Richard Anderson,09/17/2018,09/17/2040,659000,612870,4.68,3909,Current,Commercial,TN,85,657,94862
LN-104710,Susan Williams,12/14/2018,12/14/2041,449000,426550,7.14,2526,90+ Days Delinquent,Townhouse,OH,87,658,78407
LN-104711,Andrew Lewis,10/05/2019,10/05/2035,737000,493790,6.36,1643,Paid Off,Multi Family,MI,90,797,83381
LN-104712,Karen Perez,05/17/2021,05/17/2037,261000,200970,6.41,2581,30 Days Delinquent,Single Family,WI,90,635,77642
LN-104713,Kimberly Miller,02/02/2022,02/02/2051,589000,512430,7.36,3585,Default,Commercial,LA,61,798,96603
LN-104714,Matthew Jones,12/21/2018,12/21/2042,849000,585810,3.29,4029,90+ Days Delinquent,Single Family,MO,71,817,52341
LN-104715,Patricia Lee,03/10/2022,03/10/2039,555000,510600,4.03,4058,30 Days Delinquent,Multi Family,KY,69,802,82702
LN-104716,Sandra Gonzalez,06/05/2020,06/05/2035,533000,501020,4.92,2583,30 Days Delinquent,Townhouse,WA,84,624,67692
LN-104717,Thomas Lee,04/13/2022,04/13/2048,659000,579920,3.41,3707,Default,Commercial,VA,59,638,36406
LN-104718,Matthew Taylor,07/25/2018,07/25/2044,160000,129600,4.63,3050,Default,Single Family,OR,66,783,74359
LN-104719,Kimberly Martinez,03/06/2023,03/06/2049,731000,606730,6.26,2671,Default,Commercial,KY,69,669,90090
LN-104720,Karen Lewis,09/09/2020,09/09/2049,577000,392360,3.42,1382,60 Days Delinquent,Condo,VA,69,720,12907
LN-104721,Richard Taylor,03/16/2021,03/16/2045,797000,605720,7.67,4214,Paid Off,Single Family,LA,89,790,46220
LN-104722,Donald Sanchez,03/05/2022,03/05/2048,326000,202120,6.48,2106,Default,Townhouse,OK,86,800,69533
LN-104723,Karen Harris,09/22/2020,09/22/2040,283000,183950,7.75,2043,90+ Days Delinquent,Commercial,CT,92,707,33534
LN-104724,Joseph Rodriguez,07/21/2021,07/21/2044,456000,428640,3.54,3237,Current,Townhouse,MD,82,781,61726
LN-104725,Kimberly Lopez,02/10/2021,02/10/2049,587000,563520,6.55,3504,Default,Single Family,OR,62,738,21431
LN-104726,Emily Davis,06/14/2019,06/14/2041,519000,342540,4.22,3771,Current,Townhouse,MN,63,786,86965
LN-104727,Sarah Thomas,02/09/2021,02/09/2046,340000,268600,3.27,4420,Current,Multi Family,SC,80,763,46718
LN-104728,Daniel Lopez,04/22/2022,04/22/2040,532000,340480,5.52,2825,90+ Days Delinquent,Single Family,LA,84,640,46207
LN-104729,John Lewis,04/14/2023,04/14/2045,243000,167670,6.44,3483,Default,Condo,WI,62,708,84093
LN-104730,Mary Anderson,07/12/2018,07/12/2037,205000,168100,4.46,1218,Default,Condo,NC,92,770,24350
LN-104731,William Williams,02/22/2023,02/22/2044,727000,545250,5.93,1997,Default,Multi Family,GA,94,736,54630
LN-104732,Mary Clark,10/27/2018,10/27/2036,498000,448200,7.46,3490,30 Days Delinquent,Commercial,AL,92,671,78949
LN-104733,William Smith,04/06/2022,04/06/2047,691000,642630,3.4,2100,60 Days Delinquent,Multi Family,MN,88,661,66824
LN-104734,John Wilson,07/18/2020,07/18/2045,242000,181500,5.78,4480,Current,Commercial,UT,89,804,75420
LN-104735,Steven Jackson,04/07/2019,04/07/2038,330000,237600,7.73,2999,Current,Condo,GA,90,723,77267
LN-104736,Patricia White,08/05/2019,08/05/2036,681000,517560,5.59,4188,Current,Condo,OK,71,717,98185
LN-104737,Susan Taylor,11/08/2020,11/08/2038,268000,246560,6.5,3888,90+ Days Delinquent,Townhouse,AZ,80,673,76816
LN-104738,Donald Sanchez,02/07/2022,02/07/2040,518000,440300,6.19,4186,Default,Single Family,MI,88,668,14710
LN-104739,Charles Gonzalez,05/13/2020,05/13/2041,817000,522880,3.44,2566,Current,Multi Family,MI,57,729,11777
LN-104740,Joseph Lopez,05/24/2020,05/24/2039,465000,339450,3.83,2754,Paid Off,Commercial,IL,73,729,68957
LN-104741,Barbara Williams,06/27/2023,06/27/2042,233000,188730,5.1,2644,30 Days Delinquent,Single Family,AZ,68,648,31671
LN-104742,Emily Gonzalez,06/24/2021,06/24/2049,196000,172480,4.29,2681,60 Days Delinquent,Condo,LA,67,667,54756
LN-104743,Michael Martinez,05/26/2023,05/26/2046,765000,589050,4.91,3756,Current,Commercial,CO,73,772,84681
LN-104744,Charles Moore,03/14/2021,03/14/2051,698000,656120,3.33,3566,Paid Off,Commercial,FL,92,695,36751
LN-104745,Andrew Garcia,09/25/2022,09/25/2038,850000,569500,5.99,3403,Current,Townhouse,WA,80,773,12873
LN-104746,Matthew Moore,02/14/2023,02/14/2050,726000,588060,4.42,1504,30 Days Delinquent,Commercial,NY,55,696,58840
LN-104747,John Sanchez,04/28/2022,04/28/2047,476000,452200,6.13,2148,90+ Days Delinquent,Single Family,OK,85,632,46584
LN-104748,Jessica Lee,01/01/2021,01/01/2049,819000,647010,4.55,2209,60 Days Delinquent,Commercial,CA,71,640,57078
LN-104749,Margaret Perez,06/09/2022,06/09/2052,250000,192500,4,1705,30 Days Delinquent,Single Family,MA,81,766,85298
LN-104750,Richard Miller,04/06/2023,04/06/2041,317000,196540,5.17,1710,Default,Single Family,OH,74,666,32543
LN-104751,Paul Thompson,11/28/2020,11/28/2040,456000,410400,6.82,1421,30 Days Delinquent,Commercial,WI,93,782,60265
LN-104752,Christopher Wilson,10/16/2020,10/16/2047,406000,349160,5.19,2860,90+ Days Delinquent,Commercial,TN,79,718,60312
LN-104753,Sandra Thomas,01/13/2020,01/13/2045,746000,731080,4.78,3092,60 Days Delinquent,Commercial,WA,58,771,74377
LN-104754,Anthony Taylor,09/26/2021,09/26/2048,456000,387600,6.14,1519,90+ Days Delinquent,Commercial,AZ,91,816,84707
LN-104755,Betty Sanchez,08/12/2020,08/12/2043,616000,579040,5.54,2783,60 Days Delinquent,Townhouse,AZ,59,676,80207
LN-104756,Thomas Smith,02/12/2019,02/12/2042,329000,315840,5.83,1534,Default,Condo,PA,95,676,88667
LN-104757,Daniel Martin,09/25/2023,09/25/2047,165000,99000,5.02,2202,30 Days Delinquent,Commercial,KY,57,711,50529
LN-104758,Ashley Rodriguez,09/21/2023,09/21/2039,418000,355300,6.52,3722,Current,Condo,MI,71,806,50748
LN-104759,Susan Miller,02/06/2023,02/06/2046,654000,477420,3.73,2270,90+ Days Delinquent,Multi Family,TX,69,703,63304
LN-104760,Emily Ramirez,09/24/2022,09/24/2040,825000,800250,5.61,4331,60 Days Delinquent,Single Family,OK,71,763,54532
LN-104761,Matthew Jones,05/27/2018,05/27/2046,487000,365250,5.52,1314,90+ Days Delinquent,Condo,TN,75,802,35149
LN-104762,Karen Martin,11/26/2021,11/26/2039,179000,128880,5.36,4455,Current,Single Family,MD,78,763,12078
LN-104763,Betty Jackson,12/20/2020,12/20/2045,400000,320000,7.03,3965,Default,Townhouse,MI,89,656,75417
LN-104764,Richard Hernandez,10/15/2019,10/15/2036,743000,594400,4.69,3244,30 Days Delinquent,Commercial,GA,76,708,54458
LN-104765,Lisa Anderson,07/21/2023,07/21/2052,843000,708120,3.59,2881,Paid Off,Multi Family,MO,56,815,81697
LN-104766,Susan Taylor,08/15/2020,08/15/2040,734000,550500,7.01,1669,Current,Single Family,OK,84,760,62926
LN-104767,Nancy Lewis,06/10/2018,06/10/2042,494000,395200,5.04,3646,Default,Townhouse,OH,73,692,76798
LN-104768,William Ramirez,02/17/2022,02/17/2039,180000,149400,6.04,1685,Paid Off,Townhouse,MD,80,691,12723
LN-104769,Mary Gonzalez,06/21/2022,06/21/2052,220000,191400,5.07,3245,90+ Days Delinquent,Single Family,SC,94,686,21135
LN-104770,Barbara Miller,01/09/2020,01/09/2036,519000,425580,7.17,1369,Default,Commercial,MN,92,684,48667
LN-104771,Richard Jackson,01/24/2022,01/24/2051,769000,653650,6.81,3943,Current,Condo,SC,74,797,84790
LN-104772,Mary Anderson,03/11/2021,03/11/2036,379000,242560,5.24,1998,90+ Days Delinquent,Multi Family,LA,78,736,66899
LN-104773,Elizabeth Martin,11/11/2018,11/11/2034,587000,446120,5.79,2030,Default,Multi Family,TX,93,638,77283
LN-104774,Richard Harris,06/13/2022,06/13/2047,560000,470400,6.19,1503,60 Days Delinquent,Townhouse,WI,55,697,76278
LN-104775,Sandra Johnson,06/06/2020,06/06/2042,843000,792420,7.43,3061,Default,Single Family,NJ,61,710,24603
LN-104776,Donna Martinez,01/26/2023,01/26/2053,765000,474300,5.61,3400,Default,Commercial,PA,57,680,35301
LN-104777,Robert Thompson,05/02/2018,05/02/2040,520000,338000,4,3878,Default,Townhouse,CO,80,815,12621
LN-104778,David Anderson,08/09/2019,08/09/2034,656000,406720,7.05,4137,90+ Days Delinquent,Multi Family,MI,84,767,27427
LN-104779,Mark Miller,06/09/2023,06/09/2040,353000,264750,5.39,3699,Current,Multi Family,MI,56,673,40683
LN-104780,Jessica Martin,10/07/2018,10/07/2039,172000,144480,5.88,3288,Paid Off,Condo,CA,95,714,23488
LN-104781,Steven Jones,07/15/2023,07/15/2038,782000,672520,5.22,1607,60 Days Delinquent,Condo,AL,78,694,66273
LN-104782,Karen Miller,08/26/2021,08/26/2046,693000,568260,5.03,2426,Default,Single Family,KY,63,731,80198
LN-104783,Michelle Lee,05/13/2019,05/13/2045,349000,233830,4.71,1969,Current,Townhouse,MN,88,793,26105
LN-104784,Linda Thomas,03/05/2020,03/05/2045,239000,167300,4.68,4116,Current,Condo,CA,62,664,94096
LN-104785,Michelle Perez,03/20/2021,03/20/2047,573000,464130,3.68,2416,Default,Condo,VA,94,762,21448
LN-104786,Thomas Hernandez,05/23/2023,05/23/2053,686000,617400,5.94,1367,Current,Commercial,TN,85,729,87159
LN-104787,Margaret Taylor,12/27/2022,12/27/2041,614000,392960,4.08,3790,60 Days Delinquent,Single Family,SC,88,678,46865
LN-104788,Christopher Hernandez,01/05/2021,01/05/2051,257000,174760,4.75,2963,Current,Townhouse,KY,75,724,29456
LN-104789,Daniel Martin,08/26/2022,08/26/2047,192000,172800,7.5,2028,60 Days Delinquent,Commercial,CA,72,702,74953
LN-104790,Michael Hernandez,08/12/2022,08/12/2043,745000,596000,5.14,1528,30 Days Delinquent,Commercial,LA,56,637,65797
LN-104791,Thomas Brown,08/13/2019,08/13/2040,850000,663000,4.44,2053,90+ Days Delinquent,Single Family,CT,82,809,56521
LN-104792,Mark Martin,03/19/2022,03/19/2038,580000,388600,6.25,2156,Paid Off,Commercial,WI,81,698,99527
LN-104793,Richard Thompson,08/02/2019,08/02/2036,649000,402380,5.7,1947,90+ Days Delinquent,Single Family,GA,65,724,87328
LN-104794,Donald Perez,11/18/2018,11/18/2038,181000,152040,3.45,1671,90+ Days Delinquent,Multi Family,IL,79,764,86790
LN-104795,Richard Brown,04/09/2021,04/09/2036,656000,419840,4.44,3223,60 Days Delinquent,Condo,CT,93,738,11424
LN-104796,David Jackson,05/02/2019,05/02/2034,691000,497520,5.4,2418,90+ Days Delinquent,Condo,NJ,89,758,63933
LN-104797,Mark Johnson,02/13/2020,02/13/2050,389000,291750,5.55,2313,60 Days Delinquent,Condo,CT,83,743,65074
LN-104798,Anthony Robinson,03/12/2018,03/12/2044,539000,517440,6.24,2190,Default,Townhouse,IN,69,672,27337
LN-104799,Betty Smith,04/07/2023,04/07/2047,386000,293360,3.62,3858,Current,Multi Family,FL,83,753,43037
LN-104800,Susan Brown,06/13/2019,06/13/2038,341000,276210,3.58,3334,Default,Single Family,TN,93,677,83708
LN-104801,Susan Martinez,02/24/2021,02/24/2044,458000,439680,5.62,1757,30 Days Delinquent,Commercial,OR,94,810,76031
LN-104802,Karen Jones,09/11/2018,09/11/2040,327000,310650,6.09,1352,Paid Off,Multi Family,AL,67,733,30611
LN-104803,Ashley Brown,09/21/2019,09/21/2036,398000,386060,5.68,3529,Default,Multi Family,MO,61,718,46031
LN-104804,Sarah Rodriguez,05/16/2022,05/16/2052,605000,387200,5.47,2793,30 Days Delinquent,Single Family,MD,80,817,90081
LN-104805,Nancy White,11/23/2019,11/23/2037,461000,308870,5.72,3018,Default,Multi Family,MN,81,792,45183
LN-104806,Margaret Lopez,03/04/2023,03/04/2052,483000,454020,7.73,3990,30 Days Delinquent,Condo,WI,72,784,34579
LN-104807,Patricia Ramirez,10/23/2023,10/23/2043,159000,98580,4.97,2774,90+ Days Delinquent,Single Family,MN,89,799,98694
LN-104808,Donald Taylor,09/22/2023,09/22/2045,208000,201760,6.65,2755,60 Days Delinquent,Townhouse,TN,91,795,70421
LN-104809,Andrew Lewis,03/14/2018,03/14/2041,582000,384120,7.18,4164,30 Days Delinquent,Townhouse,CT,81,622,89684
LN-104810,Emily Perez,10/15/2018,10/15/2041,483000,294630,5.66,2474,Default,Condo,AL,69,724,77696
LN-104811,Mark Rodriguez,10/06/2021,10/06/2049,661000,403210,6.66,1259,60 Days Delinquent,Condo,WA,83,772,46296
LN-104812,Matthew Smith,06/28/2020,06/28/2041,317000,301150,5.71,2464,Current,Condo,MO,82,650,40574
LN-104813,John White,12/02/2023,12/02/2040,443000,270230,5.76,1567,60 Days Delinquent,Condo,CA,71,780,11495
LN-104814,Anthony Anderson,05/15/2018,05/15/2038,625000,487500,4.66,2255,60 Days Delinquent,Single Family,FL,69,812,45491
LN-104815,Margaret Davis,05/15/2018,05/15/2046,449000,296340,4.39,1577,Paid Off,Commercial,TN,68,691,24318
LN-104816,Thomas Lewis,12/14/2020,12/14/2036,522000,469800,7.72,4399,90+ Days Delinquent,Commercial,LA,63,635,67371
LN-104817,Anthony Davis,03/25/2019,03/25/2044,424000,390080,5.77,2728,30 Days Delinquent,Townhouse,IN,85,814,12924
LN-104818,Donald Rodriguez,01/17/2022,01/17/2049,270000,243000,5.97,4320,Paid Off,Commercial,NY,55,760,48562
LN-104819,Anthony Robinson,10/15/2022,10/15/2052,643000,405090,4.93,2296,30 Days Delinquent,Multi Family,TX,55,673,59116
LN-104820,Paul Martin,01/27/2018,01/27/2035,405000,340200,5.91,2686,Paid Off,Single Family,OH,55,660,70244
LN-104821,Jessica White,05/27/2018,05/27/2044,166000,107900,5.08,3819,Current,Single Family,FL,88,704,77583
LN-104822,Sandra White,02/08/2022,02/08/2048,455000,391300,7.4,3544,60 Days Delinquent,Multi Family,MD,77,669,84055
LN-104823,Mary Anderson,09/18/2019,09/18/2036,170000,112200,4.91,1854,Default,Townhouse,LA,84,735,45284
LN-104824,William Johnson,06/13/2020,06/13/2039,375000,251250,4.38,2995,60 Days Delinquent,Single Family,NC,80,673,75762
LN-104825,Margaret White,06/24/2022,06/24/2039,696000,598560,3.56,1917,30 Days Delinquent,Condo,WI,56,767,42490
LN-104826,Linda Martin,03/18/2019,03/18/2038,324000,197640,5.66,1963,Current,Single Family,OK,87,662,95987
LN-104827,Michelle White,09/17/2023,09/17/2039,468000,444600,5.53,1492,60 Days Delinquent,Condo,OH,62,743,72977
LN-104828,Anthony Johnson,07/26/2018,07/26/2034,803000,554070,4.84,1590,90+ Days Delinquent,Townhouse,KY,83,683,67361
LN-104829,Margaret Martin,01/23/2021,01/23/2041,262000,230560,7.71,2206,90+ Days Delinquent,Single Family,SC,83,669,73896
LN-104830,Matthew Robinson,04/17/2021,04/17/2050,736000,669760,3.64,2364,30 Days Delinquent,Commercial,TX,68,646,80068
LN-104831,Ashley Lewis,06/02/2023,06/02/2041,752000,721920,3.88,3766,60 Days Delinquent,Single Family,NC,60,677,99741
LN-104832,Kimberly Garcia,01/27/2023,01/27/2048,839000,654420,7.15,1843,Default,Single Family,CA,69,648,95824
LN-104833,Joseph Johnson,11/17/2023,11/17/2046,432000,388800,4.42,3238,60 Days Delinquent,Multi Family,UT,70,644,25093
LN-104834,Andrew Miller,07/28/2019,07/28/2040,336000,325920,6.28,3904,30 Days Delinquent,Single Family,OR,56,650,29247
LN-104835,Thomas Lee,04/20/2018,04/20/2039,633000,512730,4.72,3631,Paid Off,Townhouse,NC,68,764,79658
LN-104836,Joseph Robinson,05/02/2019,05/02/2049,832000,723840,7.56,2172,Default,Commercial,MI,74,804,34007
LN-104837,Andrew Miller,07/03/2023,07/03/2043,269000,188300,7.16,2756,30 Days Delinquent,Multi Family,MA,55,635,31500
LN-104838,Daniel Moore,01/05/2021,01/05/2050,359000,351820,4.61,1508,90+ Days Delinquent,Multi Family,SC,57,631,48127
LN-104839,Lisa Smith,07/15/2019,07/15/2048,360000,255600,4.84,4137,Paid Off,Commercial,TX,94,632,10669
LN-104840,Elizabeth Smith,01/25/2022,01/25/2040,195000,159900,7.26,2615,Current,Condo,LA,80,711,73755
LN-104841,James Miller,03/16/2021,03/16/2043,731000,599420,3.69,4212,Paid Off,Multi Family,IN,67,686,10197
LN-104842,Michelle Smith,01/15/2023,01/15/2043,609000,584640,7.25,2696,Default,Multi Family,NJ,72,685,27839
LN-104843,Andrew Wilson,04/01/2023,04/01/2051,466000,377460,4.46,3086,Paid Off,Townhouse,GA,67,647,75036
LN-104844,Paul Gonzalez,04/11/2023,04/11/2044,320000,214400,5.98,3854,60 Days Delinquent,Condo,MN,68,802,74173
LN-104845,Steven Davis,01/01/2023,01/01/2049,523000,496850,4.64,2062,90+ Days Delinquent,Commercial,FL,82,761,78587
LN-104846,Karen Sanchez,08/11/2019,08/11/2037,603000,440190,5.17,3659,60 Days Delinquent,Multi Family,CO,91,759,48413
LN-104847,Matthew Robinson,07/13/2021,07/13/2046,836000,509960,3.32,2464,Current,Single Family,GA,86,625,24808
LN-104848,Karen Harris,12/06/2018,12/06/2042,422000,388240,4.9,2460,Current,Condo,MD,75,793,48675
LN-104849,John Brown,10/14/2019,10/14/2046,559000,531050,5.86,2099,30 Days Delinquent,Single Family,MA,87,653,52658
LN-104850,Michael Moore,10/03/2022,10/03/2051,157000,150720,3.36,1793,Current,Commercial,CT,92,640,92856
LN-104851,Sandra Ramirez,12/21/2021,12/21/2048,154000,138600,6.96,2688,60 Days Delinquent,Commercial,AL,93,646,17220
LN-104852,Joseph Miller,02/13/2023,02/13/2048,171000,104310,4.58,1709,30 Days Delinquent,Condo,SC,93,759,91268
LN-104853,Christopher Wilson,10/17/2023,10/17/2051,621000,385020,4.61,1215,60 Days Delinquent,Condo,VA,90,810,69187
LN-104854,Michael Lopez,09/21/2021,09/21/2048,290000,246500,3.89,2831,Default,Condo,OH,62,775,21145
LN-104855,Michelle Brown,10/25/2021,10/25/2043,481000,418470,6.64,2029,Default,Single Family,VA,78,805,71541
LN-104856,Matthew Perez,02/20/2019,02/20/2042,167000,136940,6.63,1825,60 Days Delinquent,Commercial,KY,59,715,31048
LN-104857,Richard Moore,11/16/2023,11/16/2040,541000,405750,6.28,4298,30 Days Delinquent,Single Family,OH,58,686,19921
LN-104858,Patricia Hernandez,12/21/2020,12/21/2036,600000,528000,4.17,2617,30 Days Delinquent,Condo,FL,74,702,84187
LN-104859,Joshua Davis,07/12/2022,07/12/2052,461000,295040,3.96,1208,60 Days Delinquent,Single Family,MI,65,813,69952
LN-104860,Linda Anderson,06/22/2021,06/22/2037,197000,128050,5.11,3180,Default,Condo,LA,62,717,60708
LN-104861,Barbara Jones,03/03/2018,03/03/2040,255000,188700,7.33,2059,Current,Single Family,OR,67,631,49581
LN-104862,Karen Jackson,01/27/2018,01/27/2048,380000,311600,4.3,2552,30 Days Delinquent,Multi Family,AZ,61,670,86309
LN-104863,Andrew Lewis,03/24/2020,03/24/2040,670000,576200,4.64,3889,90+ Days Delinquent,Single Family,FL,91,803,90683
LN-104864,Linda Williams,08/17/2022,08/17/2039,297000,282150,5.11,2761,Default,Townhouse,PA,83,729,93884
LN-104865,James Thompson,12/28/2019,12/28/2042,160000,153600,5.4,4198,Paid Off,Single Family,KY,57,790,43784
LN-104866,Emily Taylor,05/02/2021,05/02/2043,210000,189000,4.27,3262,60 Days Delinquent,Condo,CA,66,729,16804
LN-104867,Jessica Garcia,07/05/2018,07/05/2040,192000,151680,4.3,1609,Default,Condo,MA,94,708,99546
LN-104868,Matthew Johnson,03/02/2022,03/02/2046,694000,458040,3.4,3474,90+ Days Delinquent,Townhouse,FL,69,694,21269
LN-104869,Charles Lewis,07/05/2023,07/05/2047,331000,297900,5.36,4402,Default,Multi Family,OR,78,718,81120
LN-104870,Steven White,03/17/2021,03/17/2039,466000,358820,3.62,3129,Current,Townhouse,OH,81,683,71364
LN-104871,Mark White,10/28/2018,10/28/2034,839000,746710,3.58,1511,90+ Days Delinquent,Multi Family,IN,56,730,50797
LN-104872,Richard Harris,08/11/2019,08/11/2048,810000,672300,5.46,1801,30 Days Delinquent,Commercial,SC,68,634,53145
LN-104873,Joshua Anderson,03/28/2023,03/28/2045,160000,126400,3.41,1849,60 Days Delinquent,Commercial,WI,93,634,54804
LN-104874,Elizabeth Thompson,04/04/2021,04/04/2047,209000,188100,3.36,2141,60 Days Delinquent,Townhouse,IN,65,728,29189
LN-104875,Ashley Harris,04/21/2020,04/21/2038,675000,553500,5.76,4218,30 Days Delinquent,Multi Family,WI,94,692,54898
LN-104876,Ashley Miller,01/27/2019,01/27/2044,431000,318940,5.21,4495,90+ Days Delinquent,Condo,IL,60,656,99855
LN-104877,Jessica Miller,06/21/2021,06/21/2041,342000,297540,6.25,3062,Default,Multi Family,OK,80,765,54737
LN-104878,James Garcia,10/05/2018,10/05/2046,307000,227180,4.02,3178,90+ Days Delinquent,Townhouse,OK,56,812,32152
LN-104879,James Miller,06/28/2021,06/28/2048,318000,270300,3.26,1505,90+ Days Delinquent,Single Family,IL,58,622,66299
LN-104880,Susan Martin,07/18/2021,07/18/2042,250000,230000,6.03,1775,30 Days Delinquent,Townhouse,MO,79,625,99478
LN-104881,William Ramirez,06/18/2021,06/18/2050,154000,146300,6.59,3587,60 Days Delinquent,Multi Family,FL,60,689,94099
LN-104882,Kimberly Sanchez,07/19/2018,07/19/2040,436000,405480,7.21,4022,30 Days Delinquent,Multi Family,TX,88,659,81329
LN-104883,Jessica Wilson,08/14/2023,08/14/2052,466000,424060,5.77,3587,Paid Off,Multi Family,CA,84,650,23422
LN-104884,Linda Jackson,02/11/2019,02/11/2048,511000,398580,7.04,4473,Default,Commercial,MO,68,725,64527
LN-104885,Thomas Lopez,05/04/2018,05/04/2038,307000,190340,4.11,1258,Current,Condo,IL,88,719,56263
LN-104886,Sarah Clark,03/19/2021,03/19/2045,362000,351140,3.45,3608,Paid Off,Townhouse,MA,63,662,96660
LN-104887,Andrew Perez,12/25/2018,12/25/2047,614000,429800,6.85,3544,90+ Days Delinquent,Commercial,VA,93,812,68141
LN-104888,Linda Hernandez,08/03/2023,08/03/2050,676000,452920,7.44,2324,Current,Condo,NJ,86,625,37562
LN-104889,Ashley Miller,05/23/2020,05/23/2049,397000,329510,5.97,2580,90+ Days Delinquent,Single Family,WA,76,700,11492
LN-104890,Elizabeth Rodriguez,04/23/2018,04/23/2042,417000,350280,7.03,4009,Default,Single Family,LA,67,807,58428
LN-104891,Christopher Gonzalez,04/12/2021,04/12/2045,244000,195200,7.31,2673,Paid Off,Commercial,KY,76,656,88910
LN-104892,Mark Anderson,05/27/2021,05/27/2042,372000,241800,6.75,2026,Default,Condo,PA,69,640,47694
LN-104893,Sarah Wilson,09/24/2019,09/24/2046,171000,143640,6.29,4270,Default,Single Family,TN,68,674,13745
LN-104894,Betty Davis,07/04/2021,07/04/2046,163000,148330,7.57,2027,Current,Commercial,CT,87,780,92405
LN-104895,Margaret Thompson,07/18/2022,07/18/2038,497000,387660,5.22,4494,30 Days Delinquent,Multi Family,AZ,55,805,47704
LN-104896,Elizabeth Lewis,10/21/2021,10/21/2050,435000,291450,7.24,2871,30 Days Delinquent,Condo,KY,72,724,24302
LN-104897,Joshua Thomas,02/07/2020,02/07/2035,152000,147440,4.89,2838,60 Days Delinquent,Condo,TN,83,621,34418
LN-104898,Donna Jones,09/16/2019,09/16/2041,466000,330860,5.11,3777,90+ Days Delinquent,Commercial,MD,58,681,56228
LN-104899,Donald Lee,09/11/2018,09/11/2033,261000,224460,3.68,3151,Paid Off,Multi Family,CO,68,653,37523
LN-104900,John Miller,02/11/2023,02/11/2052,827000,777380,7.75,3488,30 Days Delinquent,Single Family,MA,69,621,76644
LN-104901,Ashley Anderson,08/25/2019,08/25/2048,704000,675840,6.41,3880,60 Days Delinquent,Townhouse,IL,63,672,59099
LN-104902,Margaret Martinez,06/02/2021,06/02/2048,192000,186240,4.56,1538,Default,Single Family,MN,79,754,64574
LN-104903,Robert Jones,05/28/2023,05/28/2040,272000,231200,6.01,1201,90+ Days Delinquent,Multi Family,SC,75,663,48458
LN-104904,Richard Robinson,10/12/2022,10/12/2044,552000,353280,5.2,2580,90+ Days Delinquent,Commercial,TX,79,733,53240
LN-104905,Christopher Moore,06/15/2021,06/15/2036,442000,362440,6.89,3392,Default,Condo,FL,90,777,14138
LN-104906,Ashley White,07/12/2021,07/12/2041,171000,157320,5.41,1352,Default,Townhouse,PA,75,690,49016
LN-104907,Charles Gonzalez,01/20/2018,01/20/2041,756000,687960,7.34,3611,Default,Commercial,TX,57,658,91138
LN-104908,David Thompson,03/12/2019,03/12/2039,647000,556420,4.27,2116,30 Days Delinquent,Condo,MO,68,802,11721
LN-104909,Thomas Rodriguez,09/09/2020,09/09/2041,530000,323300,4.3,3572,60 Days Delinquent,Condo,MO,72,717,87251
LN-104910,Lisa Jackson,10/10/2022,10/10/2047,342000,259920,3.74,3389,90+ Days Delinquent,Commercial,GA,81,806,57167
LN-104911,Daniel Smith,06/26/2020,06/26/2049,386000,247040,7.71,4137,Current,Townhouse,NC,68,707,36627
LN-104912,Sarah Clark,04/27/2022,04/27/2050,492000,349320,3.66,3462,60 Days Delinquent,Condo,VA,55,695,35408
LN-104913,Joshua Robinson,09/26/2022,09/26/2048,588000,405720,5.16,2815,Paid Off,Multi Family,IL,85,667,80412
LN-104914,Kimberly Jackson,01/05/2021,01/05/2043,565000,361600,5.6,3874,Default,Townhouse,OH,68,667,75812
LN-104915,Karen Jones,08/09/2023,08/09/2046,525000,336000,5.7,1758,30 Days Delinquent,Commercial,UT,84,666,56866
LN-104916,David Thomas,01/27/2022,01/27/2038,830000,605900,6.43,1559,Paid Off,Condo,MD,62,760,18197
LN-104917,Joshua Lopez,11/10/2019,11/10/2043,340000,272000,6.03,2030,Current,Multi Family,CO,61,643,82704
LN-104918,Michael Ramirez,09/12/2023,09/12/2041,765000,680850,6.62,2871,90+ Days Delinquent,Commercial,UT,62,768,12670
LN-104919,Margaret Harris,04/13/2018,04/13/2036,582000,552900,7.55,2422,Paid Off,Condo,TX,88,686,84131
LN-104920,Ashley Harris,11/28/2019,11/28/2049,711000,469260,3.82,2437,60 Days Delinquent,Townhouse,AZ,85,626,55962
LN-104921,Susan Garcia,08/23/2018,08/23/2039,762000,655320,4.33,3262,90+ Days Delinquent,Commercial,LA,61,635,23392
LN-104922,Andrew Ramirez,07/18/2020,07/18/2046,508000,452120,3.46,2440,Default,Single Family,GA,57,799,32564
LN-104923,William Gonzalez,11/03/2020,11/03/2036,631000,612070,6.7,1776,Default,Condo,AZ,70,807,21110
LN-104924,Matthew Hernandez,11/14/2019,11/14/2039,476000,295120,7.51,2010,Paid Off,Commercial,PA,63,766,80219
LN-104925,William Moore,05/14/2019,05/14/2049,257000,185040,6.34,1750,Paid Off,Condo,LA,90,808,19739
LN-104926,Christopher Moore,08/20/2021,08/20/2040,685000,637050,4.45,3069,Default,Commercial,AZ,80,704,19917
LN-104927,Paul Clark,06/02/2021,06/02/2038,380000,357200,7.59,1673,Current,Condo,WA,81,684,34005
LN-104928,Barbara Rodriguez,07/04/2021,07/04/2047,804000,691440,6.79,2767,90+ Days Delinquent,Condo,OK,94,671,59018
LN-104929,Richard Wilson,08/16/2018,08/16/2045,554000,398880,3.59,2186,Paid Off,Single Family,OR,67,620,32870
LN-104930,Michael Williams,06/10/2023,06/10/2053,246000,233700,6.55,3652,Current,Townhouse,MO,84,660,25178
LN-104931,Andrew Ramirez,06/12/2018,06/12/2033,809000,720010,5.43,4358,60 Days Delinquent,Single Family,CA,65,717,65963
LN-104932,Richard Robinson,12/12/2023,12/12/2047,434000,286440,4.69,1412,60 Days Delinquent,Commercial,PA,62,620,80877
LN-104933,Anthony Thomas,03/26/2021,03/26/2043,344000,251120,3.51,3011,60 Days Delinquent,Commercial,FL,62,657,25252
LN-104934,Jessica Brown,05/21/2019,05/21/2047,831000,747900,3.43,2686,90+ Days Delinquent,Townhouse,MI,78,783,99009
LN-104935,Thomas Harris,12/24/2020,12/24/2042,450000,342000,6.77,2958,Paid Off,Multi Family,MO,77,664,44419
LN-104936,Daniel Hernandez,02/23/2023,02/23/2053,247000,212420,7.63,2390,Current,Single Family,OR,85,786,51032
LN-104937,Steven Perez,01/23/2020,01/23/2039,717000,537750,5.65,2277,Current,Multi Family,CA,89,647,57000
LN-104938,Lisa Miller,12/08/2018,12/08/2048,409000,323110,3.59,1987,Current,Multi Family,NY,83,690,85313
LN-104939,Mark Hernandez,01/12/2023,01/12/2041,603000,458280,3.72,2977,60 Days Delinquent,Commercial,OH,66,686,29154
LN-104940,Patricia Harris,04/23/2019,04/23/2038,156000,145080,7.23,3944,Paid Off,Single Family,CT,71,796,27653
LN-104941,Richard White,01/13/2023,01/13/2053,844000,641440,6.87,2546,Default,Townhouse,WA,92,793,36955
LN-104942,Emily Johnson,10/20/2022,10/20/2048,665000,578550,6.1,4471,90+ Days Delinquent,Single Family,MD,90,729,81943
LN-104943,Betty Anderson,09/16/2023,09/16/2045,492000,319800,4.37,1397,90+ Days Delinquent,Single Family,TX,86,738,42442
LN-104944,Matthew Johnson,07/05/2019,07/05/2042,531000,366390,7.29,1229,90+ Days Delinquent,Multi Family,MA,60,793,82359
LN-104945,Andrew Thomas,04/28/2020,04/28/2047,782000,578680,3.91,1806,Default,Multi Family,IN,62,803,78980
LN-104946,Richard Hernandez,02/06/2020,02/06/2045,461000,341140,7.38,2004,Paid Off,Commercial,LA,87,718,95882
LN-104947,Patricia Brown,09/28/2018,09/28/2036,246000,238620,5.05,4125,30 Days Delinquent,Townhouse,UT,76,728,19214
LN-104948,Donald Lopez,03/17/2022,03/17/2052,753000,632520,4.37,2174,Default,Commercial,IL,61,763,98444
LN-104949,Donald Robinson,01/18/2023,01/18/2048,533000,517010,7.75,4134,Paid Off,Single Family,MD,92,805,85943
LN-104950,Emily Jones,01/12/2022,01/12/2049,613000,594610,7.6,1696,Current,Single Family,LA,94,643,91142
LN-104951,Sarah Sanchez,08/07/2021,08/07/2048,275000,189750,6.31,1217,90+ Days Delinquent,Multi Family,CT,84,634,72616
LN-104952,Christopher Martinez,02/13/2023,02/13/2053,157000,142870,3.36,1964,30 Days Delinquent,Commercial,MN,68,779,84533
LN-104953,David Anderson,09/15/2018,09/15/2042,167000,158650,3.94,1639,Paid Off,Condo,SC,78,702,33213
LN-104954,John Lopez,11/11/2019,11/11/2045,560000,476000,6.63,3750,Paid Off,Condo,NY,86,683,18021
LN-104955,Susan Moore,12/18/2022,12/18/2042,604000,380520,5.06,3364,Default,Single Family,TN,56,656,67298
LN-104956,Susan Jackson,03/28/2023,03/28/2047,376000,244400,3.78,2104,30 Days Delinquent,Multi Family,OH,56,738,84732
LN-104957,Donald Wilson,10/06/2022,10/06/2048,825000,610500,7.4,4050,90+ Days Delinquent,Single Family,SC,74,697,11314
LN-104958,Ashley Martinez,01/17/2019,01/17/2037,174000,120060,5.84,2119,60 Days Delinquent,Condo,VA,55,685,78989
LN-104959,Mary Martin,09/28/2023,09/28/2050,645000,580500,3.56,1676,90+ Days Delinquent,Condo,TX,73,733,17160
LN-104960,Sandra Thomas,12/12/2019,12/12/2037,770000,508200,3.9,2806,30 Days Delinquent,Commercial,MN,64,733,81803
LN-104961,John Jackson,02/07/2019,02/07/2036,360000,223200,6.2,3710,90+ Days Delinquent,Single Family,MI,86,706,11217
LN-104962,Kimberly Garcia,01/26/2023,01/26/2052,292000,233600,3.97,4054,60 Days Delinquent,Commercial,GA,62,638,91261
LN-104963,Lisa Brown,01/12/2020,01/12/2046,547000,366490,7.41,1929,Default,Commercial,IN,86,666,12049
LN-104964,Jennifer Williams,04/20/2023,04/20/2051,281000,210750,7.28,1843,90+ Days Delinquent,Single Family,WA,71,776,80584
LN-104965,David White,09/10/2021,09/10/2037,294000,220500,5.17,2909,Default,Single Family,OR,75,723,42365
LN-104966,Mary Thomas,05/28/2023,05/28/2040,708000,686760,4.44,3945,90+ Days Delinquent,Townhouse,MN,72,672,96264
LN-104967,Anthony Brown,08/03/2018,08/03/2043,442000,428740,5.62,4125,30 Days Delinquent,Commercial,WA,71,739,15934
LN-104968,John Thomas,11/12/2021,11/12/2046,537000,510150,3.36,2200,Current,Single Family,CT,74,794,26289
LN-104969,Thomas Hernandez,02/10/2022,02/10/2042,400000,248000,7.62,1677,30 Days Delinquent,Townhouse,AL,89,734,64963
LN-104970,James Thompson,01/11/2022,01/11/2042,495000,326700,7.48,2858,30 Days Delinquent,Condo,MI,90,663,92931
LN-104971,Joshua Johnson,12/04/2020,12/04/2043,769000,730550,7.47,2407,30 Days Delinquent,Condo,NC,60,794,27506
LN-104972,Barbara Robinson,03/24/2020,03/24/2046,221000,161330,5.72,4160,Paid Off,Townhouse,MA,73,763,40574
LN-104973,Richard Smith,09/12/2020,09/12/2049,670000,529300,5.32,3863,90+ Days Delinquent,Condo,MI,76,720,20437
LN-104974,Susan Jackson,04/14/2022,04/14/2046,338000,297440,4.22,2154,60 Days Delinquent,Commercial,OH,80,704,87763
LN-104975,Betty Davis,04/09/2021,04/09/2050,455000,427700,5.57,1624,60 Days Delinquent,Townhouse,MA,70,739,49255
LN-104976,Jessica Lee,04/27/2020,04/27/2039,595000,487900,6.17,4115,Paid Off,Commercial,IN,62,813,54354
LN-104977,Richard White,02/13/2020,02/13/2042,201000,142710,4.49,1311,60 Days Delinquent,Townhouse,IL,86,721,75202
LN-104978,James Thomas,05/22/2019,05/22/2035,820000,770800,5.21,4048,30 Days Delinquent,Single Family,AZ,58,784,91818
LN-104979,Jessica Clark,06/13/2022,06/13/2042,601000,450750,7.43,3615,30 Days Delinquent,Commercial,IN,75,636,51265
LN-104980,Emily Lee,03/21/2018,03/21/2035,521000,416800,5.17,4417,60 Days Delinquent,Commercial,MA,70,797,18916
LN-104981,Jennifer Johnson,01/12/2018,01/12/2041,626000,494540,6.61,2487,30 Days Delinquent,Multi Family,VA,69,777,30783
LN-104982,Jessica Moore,03/04/2020,03/04/2050,363000,257730,3.4,3595,Default,Multi Family,IL,66,769,80915
LN-104983,Robert Brown,01/01/2018,01/01/2037,498000,428280,3.96,4072,60 Days Delinquent,Multi Family,IN,95,733,24403
LN-104984,Donald Miller,10/17/2019,10/17/2046,524000,419200,5.92,1654,30 Days Delinquent,Multi Family,MA,68,693,21084
LN-104985,Richard Williams,02/19/2020,02/19/2050,247000,180310,4.16,4486,Current,Commercial,NJ,72,778,50240
LN-104986,Paul Garcia,01/01/2022,01/01/2037,358000,254180,3.43,2941,Paid Off,Single Family,SC,77,639,52993
LN-104987,Mary Lewis,01/08/2021,01/08/2044,218000,152600,4.39,1735,Paid Off,Commercial,VA,84,672,30728
LN-104988,Steven Jones,02/25/2020,02/25/2049,655000,582950,4.92,3697,60 Days Delinquent,Single Family,TX,65,708,30354
LN-104989,Jessica Hernandez,10/16/2022,10/16/2042,464000,306240,7.41,1984,Current,Multi Family,OR,85,663,81369
LN-104990,Jennifer Sanchez,06/26/2021,06/26/2043,555000,488400,5.42,4328,Paid Off,Commercial,VA,67,624,77128
LN-104991,Paul Robinson,09/26/2019,09/26/2036,738000,590400,4.77,3298,Paid Off,Condo,NY,75,685,19434
LN-104992,Mary Davis,07/26/2022,07/26/2048,785000,698650,6.93,1706,90+ Days Delinquent,Townhouse,NC,82,636,61817
LN-104993,Karen Hernandez,04/08/2023,04/08/2042,260000,213200,6.12,1420,Current,Condo,NY,92,682,70187
LN-104994,Barbara Thomas,04/23/2018,04/23/2033,341000,238700,4.47,1230,Default,Townhouse,MO,89,730,17866
LN-104995,William Davis,07/16/2019,07/16/2041,326000,286880,6.05,1476,Current,Multi Family,MD,80,707,88763
LN-104996,Margaret Lopez,07/07/2022,07/07/2042,497000,467180,5.41,1498,90+ Days Delinquent,Commercial,IN,78,681,68860
LN-104997,Thomas Harris,03/01/2020,03/01/2040,850000,799000,5.48,3724,Paid Off,Townhouse,NY,89,688,22004
LN-104998,Donna Lee,10/25/2018,10/25/2040,585000,485550,7.02,1577,Paid Off,Condo,OH,67,818,56579
LN-104999,Susan Robinson,04/28/2021,04/28/2043,376000,255680,6.66,3870,Current,Condo,KY,77,725,69896
LN-105000,Andrew Perez,08/27/2018,08/27/2043,591000,378240,4.84,1996,60 Days Delinquent,Condo,WI,86,695,46471