loan_id,borrower_name,origination_date,maturity_date,principal_balance,current_balance,interest_rate,monthly_payment,loan_status,property_type,property_state,ltv_ratio,credit_score,zip_code
,Donna Robinson,03/24/2023,03/24/2048,226000,196620,6.19,2980,60 Days Delinquent,Townhouse,TN,68,763,55024
LN-100002,Jennifer Perez,05/27/2020,05/27/2046,-606000,466620,4.37,2020,30 Days Delinquent,Single Family,AL,58,733,65260
LN-100003,Sarah Lee,06/15/2019,06/15/2048,393000,251520,3.85,1563,90+ Days Delinquent,Multi Family,OH,70,777,56329
LN-100004,Christopher Garcia,07/20/2018,07/20/2044,797000,526020,6.01,4295,Default,Multi Family,MA,73,809,15816
LN-100005,Sandra Brown,08/19/2018,08/19/2045,490000,475300,6.58,4376,60 Days Delinquent,Condo,SC,92,785,97681
LN-100006,,08/23/2019,08/23/2039,570000,376200,6.3,1874,Default,Multi Family,CA,73,629,16712
LN-100007,Kimberly Lee,05/21/2019,05/21/2046,228000,186960,4.61,4376,30 Days Delinquent,Single Family,FL,87,718,92489
LN-100008,Daniel Hernandez,03/08/2019,03/08/2035,400000,256000,6.83,4428,30 Days Delinquent,Commercial,VA,73,738,32462
LN-100009,David Perez,05/10/2020,05/10/2049,234000,168480,7.74,1530,Current,Single Family,XX,74,724,24500
LN-100010,Ashley Rodriguez,02/24/2021,02/24/2016,293000,254910,4.85,2004,Current,Single Family,SC,73,752,44819
LN-100011,Daniel Moore,08/06/2019,08/06/2040,450000,333000,7.19,2885,60 Days Delinquent,Condo,MA,64,620,46467
LN-100012,Steven Martinez,10/15/2020,10/15/2048,221000,159120,5.53,3501,30 Days Delinquent,Condo,IN,65,794,56228
,Michelle Wilson,02/03/2023,02/03/2041,518000,502460,7.09,4415,Default,Commercial,NY,62,724,53101
LN-100014,Paul Harris,09/23/2020,09/23/2039,820000,770800,6.5,3459,Default,Multi Family,AZ,66,738,74716
LN-100015,Donna Davis,06/27/2023,06/27/2049,-688000,632960,4.07,1523,Paid Off,Multi Family,UT,55,774,61332
LN-100016,Robert Moore,02/23/2019,02/23/2049,422000,350260,-4.82,3290,Paid Off,Single Family,SC,81,718,30089
LN-100017,Joshua Gonzalez,04/24/2022,04/24/2049,299000,287040,7.06,2231,90+ Days Delinquent,Condo,MI,57,683,51482
,Joseph Smith,02/26/2021,02/26/2043,583000,524700,4.7,1459,90+ Days Delinquent,Condo,CT,70,669,72289
LN-100019,Paul Hernandez,05/01/2021,05/01/2046,826000,602980,6.56,3307,60 Days Delinquent,Commercial,PA,86,713,70442
LN-100020,Linda Wilson,07/03/2023,07/03/2051,293000,240260,6.62,2180,Default,Commercial,newyork,64,640,64100
LN-100021,Thomas Thomas,12/20/2020,12/20/2045,826000,784700,5.91,1866,30 Days Delinquent,Single Family,GA,81,804,53213
LN-100022,Mark Taylor,07/14/2018,07/14/2034,358000,229120,6.3,2161,Default,Single Family,NC,56,742,70997
LN-100023,Jennifer Ramirez,08/18/2020,08/18/2043,440000,316800,-4.91,4223,60 Days Delinquent,Multi Family,AL,69,729,88074
LN-100024,Betty Thomas,09/22/2019,09/22/2041,431000,396520,4.05,3060,90+ Days Delinquent,Single Family,FL,55,804,94986
LN-100025,Sandra Thomas,04/18/2018,04/18/2038,318000,302100,5.54,1764,Default,Multi Family,NY,80,811,16217
LN-100026,Paul Lopez,04/27/2021,04/27/2040,173000,124560,5.52,1878,Current,Multi Family,MD,76,729,34572
,Anthony Williams,12/05/2020,12/05/2039,278000,172360,3.3,3362,90+ Days Delinquent,Single Family,AL,81,744,56102
LN-100028,Matthew Gonzalez,05/24/2018,05/24/2040,182000,152880,7.4,1623,90+ Days Delinquent,Commercial,WI,66,639,59091
LN-100029,Karen Clark,05/22/2019,05/22/2040,193000,129310,-4.46,3547,Default,Multi Family,WA,59,683,72008
LN-100030,Michael Lee,07/09/2023,07/09/2047,526000,483920,6.73,4198,Paid Off,Single Family,OK,71,817,90035
LN-100031,William Davis,02/11/2020,02/11/2048,151000,128350,7.63,1906,Current,Townhouse,AL,80,690,61538
LN-100032,Emily Gonzalez,02/14/2022,02/14/2039,-795000,659850,5.92,3871,30 Days Delinquent,Multi Family,SC,92,755,87606
LN-100033,Karen White,01/24/2021,01/24/2049,619000,550910,5.66,1761,60 Days Delinquent,Commercial,TX,75,785,37108
LN-100034,Barbara Jackson,09/06/2023,09/06/2048,181000,159280,7.69,3940,Current,Single Family,IL,60,720,98096
LN-100035,Lisa Anderson,07/25/2019,07/25/2049,735000,690900,3.37,3382,Current,Townhouse,OR,95,791,45281
LN-100036,Lisa Rodriguez,05/03/2020,05/03/2049,280000,193200,5.7,4146,60 Days Delinquent,Commercial,OH,58,816,15303
LN-100037,John Lee,09/25/2023,09/25/2048,349000,342020,3.99,2861,Current,Condo,MO,69,712,20497
LN-100038,Elizabeth Wilson,08/05/2018,08/05/2046,270000,216000,6.76,3830,Default,Multi Family,IN,69,707,38577
LN-100039,Emily Johnson,05/15/2020,05/15/2046,619000,501390,30.81,1351,30 Days Delinquent,Townhouse,TN,74,745,20470
LN-100040,Sandra Johnson,01/21/2023,01/21/2049,555000,338550,4.97,1201,30 Days Delinquent,Commercial,texas,81,651,90967
LN-100041,Joseph Thompson,06/06/2019,06/06/2045,-452000,271200,4.08,3894,Default,Commercial,WA,68,729,97680
LN-100042,Margaret Garcia,11/05/2020,11/05/2046,680000,632400,5.9,2573,90+ Days Delinquent,Townhouse,MD,60,753,23470
LN-100043,Jennifer Clark,08/05/2019,08/05/2049,524000,403480,5.9,3227,60 Days Delinquent,Single Family,XX,77,680,58390
LN-100044,Mary Moore,08/09/2018,08/09/2013,759000,645150,7.66,3599,Paid Off,Single Family,TN,75,778,73213
LN-100045,Anthony Harris,03/16/2018,03/16/2045,-615000,418200,6.68,3574,30 Days Delinquent,Multi Family,MA,69,622,72481
LN-100046,Christopher White,07/24/2021,07/24/2042,452000,397760,6.84,4329,Default,Townhouse,MO,84,668,65089
LN-100047,Thomas Lewis,10/06/2022,10/06/2017,491000,397710,6.66,4221,90+ Days Delinquent,Townhouse,SC,91,716,78751
LN-100048,Lisa Lopez,02/25/2022,02/25/2040,214000,207580,-5.06,3502,30 Days Delinquent,Commercial,TX,72,788,49655
,Steven Smith,05/05/2021,05/05/2042,778000,497920,7.59,3643,60 Days Delinquent,Condo,LA,71,705,29943
LN-100050,Betty Brown,05/12/2019,05/12/2035,485000,407400,7.03,2560,60 Days Delinquent,Condo,AZ,64,637,58883
LN-100051,Richard White,07/27/2019,07/27/2040,291000,267720,3.87,1245,90+ Days Delinquent,Multi Family,GA,86,731,45002
LN-100052,,11/23/2018,11/23/2036,415000,282200,4.03,2889,Paid Off,Multi Family,IN,68,707,30082
LN-100053,Emily Lee,01/05/2022,01/05/2041,610000,469700,-5,1646,30 Days Delinquent,Townhouse,CO,70,641,47186
LN-100054,Margaret Williams,06/21/2021,06/21/2043,-351000,305370,4.08,2700,90+ Days Delinquent,Commercial,UT,87,771,43279
LN-100055,Elizabeth Taylor,05/15/2023,05/15/2046,799000,655180,4.59,4309,Current,Commercial,MA,71,789,83327
LN-100056,Charles Martin,10/22/2021,10/22/2044,205000,137350,5.01,1282,30 Days Delinquent,Condo,NC,85,754,85194
LN-100057,Joseph Smith,12/05/2022,12/05/2017,631000,485870,7.02,2405,Paid Off,Commercial,NJ,77,626,64622
LN-100008,Sandra Miller,02/17/2023,02/17/2042,168000,164640,6.6,4365,Current,Commercial,WA,90,620,67685
,Margaret Gonzalez,10/11/2019,10/11/2036,815000,782400,7.05,4148,Current,Condo,IN,64,735,30424
LN-100060,David Anderson,09/19/2023,09/19/2042,677000,622840,7.72,2956,90+ Days Delinquent,Townhouse,WA,70,625,68455
LN-100061,Sarah Anderson,05/18/2018,05/18/2034,438000,398580,5.95,3386,30 Days Delinquent,Single Family,OK,91,666,91035
LN-100062,Karen White,08/02/2022,08/02/2048,780000,702000,7.33,1749,60 Days Delinquent,Townhouse,NJ,78,778,20357
LN-100025,James Ramirez,01/18/2022,01/18/2042,616000,449680,3.65,3969,Paid Off,Condo,VA,65,693,99667
LN-100064,Anthony Smith,01/07/2022,01/07/2051,479000,316140,4.41,1892,60 Days Delinquent,Multi Family,KY,93,668,48601
LN-100065,Emily Robinson,06/03/2022,06/03/2017,286000,223080,4.85,3225,60 Days Delinquent,Single Family,WA,84,807,24882
LN-100066,Linda Johnson,01/15/2019,01/15/2043,537000,359790,-5.6,4247,60 Days Delinquent,Single Family,VA,82,813,83206
,Matthew White,08/17/2022,08/17/2046,610000,506300,3.9,1730,Current,Multi Family,CO,71,667,93646
LN-100068,Michelle Wilson,04/25/2018,04/25/2047,641000,538440,6.53,1563,60 Days Delinquent,Townhouse,WI,80,733,75934
LN-100069,Thomas Harris,07/24/2023,07/24/2041,187000,114070,5.54,1604,90+ Days Delinquent,Condo,FL,63,778,27673
,Michael Martin,01/05/2021,01/05/2040,810000,526500,6.67,3774,Current,Condo,AL,64,682,89137
LN-100071,Steven Garcia,04/01/2022,04/01/2044,292000,265720,3.82,3824,30 Days Delinquent,Multi Family,GA,80,675,46644
LN-100072,Mary Gonzalez,05/20/2020,05/20/2039,359000,258480,5.23,3375,90+ Days Delinquent,Single Family,OK,63,690,82361
LN-100073,,02/10/2019,02/10/2046,656000,439520,7.34,3937,Paid Off,Condo,MO,72,705,70189
LN-100074,Daniel Smith,04/08/2021,04/08/2037,700000,441000,3.86,2114,Paid Off,Commercial,MA,85,744,68583
LN-100075,Steven Perez,05/26/2023,05/26/2050,446000,347880,6.13,2001,30 Days Delinquent,Multi Family,NC,76,630,64052
LN-100076,Thomas Brown,11/22/2022,11/22/2050,-491000,427170,4.24,3818,90+ Days Delinquent,Townhouse,MA,91,794,28341
,Charles Gonzalez,06/01/2019,06/01/2049,383000,314060,4.72,2848,Paid Off,Multi Family,NY,65,654,99270
LN-100078,Daniel Thomas,07/10/2022,07/10/2043,-393000,294750,3.38,2766,Default,Commercial,LA,70,679,11681
LN-100079,Lisa Ramirez,03/08/2019,03/08/2035,566000,441480,35.41,4279,Current,Single Family,PA,62,716,73307
LN-100028,Michael Garcia,04/22/2019,04/22/2038,312000,287040,6.73,2640,Current,Commercial,WA,60,688,88949
LN-100081,Michael Lewis,05/18/2021,05/18/2040,798000,758100,7.65,1485,60 Days Delinquent,Single Family,KY,65,742,67265
LN-100082,Joshua Miller,10/07/2018,10/07/2047,633000,493740,7.09,2529,Default,Townhouse,SC,79,756,77991
,David Thomas,05/17/2019,05/17/2042,450000,409500,7.08,3949,60 Days Delinquent,Commercial,TX,78,780,57197
LN-100084,Donna Martin,11/24/2021,11/24/2046,455000,327600,6.47,1748,30 Days Delinquent,Condo,MO,88,647,82940
LN-100085,Robert Hernandez,12/13/2018,12/13/2045,367000,253230,7.16,2188,Current,Condo,WA,80,797,85399
LN-100086,Elizabeth Harris,03/16/2018,03/16/2035,583000,402270,5.86,3018,Default,Single Family,AZ,63,820,78673
LN-100087,Richard Rodriguez,04/17/2022,04/17/2039,-514000,436900,3.83,1455,Default,Multi Family,MD,89,795,12938
LN-100088,Matthew Rodriguez,03/16/2022,03/16/2048,692000,422120,34.4,1772,Default,Townhouse,SC,60,646,14550
LN-100089,Nancy Jackson,10/06/2022,10/06/2047,762000,685800,32.74,3966,60 Days Delinquent,Multi Family,FL,95,682,26243
LN-100090,,12/28/2023,12/28/2042,490000,308700,6.97,2246,Current,Single Family,AL,92,707,19889
,John White,05/05/2021,05/05/2040,636000,451560,3.83,1326,90+ Days Delinquent,Townhouse,MO,93,652,68746
LN-100092,Daniel Thomas,01/03/2019,01/03/2014,379000,325940,5.71,3552,Paid Off,Townhouse,NC,86,747,57535
LN-100093,Thomas Miller,10/10/2019,10/10/2036,336000,218400,-3.61,1672,Paid Off,Townhouse,NJ,61,722,32875
LN-100094,Barbara Jones,01/28/2023,01/28/2042,-404000,323200,5.58,3564,90+ Days Delinquent,Single Family,OR,90,817,72565
LN-100095,Nancy Lewis,11/18/2022,11/18/2040,589000,559550,6.07,1459,Paid Off,Single Family,OK,89,631,97345
LN-100096,Nancy Ramirez,04/10/2023,04/10/2043,759000,531300,7.72,1291,30 Days Delinquent,Multi Family,UT,76,781,40315
LN-100097,,06/18/2023,06/18/2046,659000,474480,4.82,4490,30 Days Delinquent,Condo,NY,71,771,33973
LN-100098,Steven Lee,05/18/2021,05/18/2048,354000,311520,6.53,4322,30 Days Delinquent,Condo,OR,56,781,63896
LN-100099,Barbara Sanchez,09/02/2019,09/02/2047,249000,161850,7.02,2613,60 Days Delinquent,Townhouse,MI,65,719,48483
LN-100100,Robert Smith,03/17/2022,03/17/2046,221000,172380,6.86,4079,Current,Commercial,MD,87,638,89324
LN-100101,Joseph Robinson,01/20/2022,01/20/2017,804000,731640,5.14,3074,60 Days Delinquent,Commercial,PA,82,695,33320
LN-100102,Anthony Lopez,01/07/2019,01/07/2039,-576000,403200,4.11,2082,Default,Townhouse,TN,63,785,43127
LN-100103,Karen Clark,08/11/2018,08/11/2038,264000,184800,4.9,1277,90+ Days Delinquent,Single Family,VA,93,770,16479
LN-100104,Christopher Moore,02/28/2023,02/28/2050,360000,342000,6.22,3186,60 Days Delinquent,Single Family,AZ,93,757,41436
LN-100105,Jennifer Williams,08/04/2019,08/04/2036,369000,228780,7.4,2408,30 Days Delinquent,Multi Family,NJ,85,794,53055
LN-100106,,09/05/2022,09/05/2042,230000,204700,6.5,4326,90+ Days Delinquent,Townhouse,KY,79,624,29534
LN-100107,,03/14/2020,03/14/2043,246000,150060,5.54,2068,Default,Multi Family,UT,87,622,42818
LN-100054,David Clark,01/14/2020,01/14/2036,260000,215800,4.44,3463,Current,Condo,LA,85,627,20789
LN-100072,Joseph Lee,01/24/2019,01/24/2042,778000,754660,4.52,1558,Current,Single Family,LA,58,749,54355
LN-100110,Michelle Anderson,10/17/2018,10/17/2039,-286000,208780,5.75,4031,Current,Multi Family,IL,92,732,77492
LN-100111,David Taylor,12/27/2021,12/27/2051,390000,315900,5.92,3629,Current,Multi Family,CO,59,773,17918
LN-100112,Kimberly Ramirez,01/23/2018,01/23/2040,-339000,247470,7.68,3176,30 Days Delinquent,Multi Family,TN,77,662,91077
LN-100113,Michelle Jones,01/24/2021,01/24/2036,469000,342370,4.37,2492,Current,Townhouse,MO,89,642,13909
LN-100114,Christopher Brown,05/21/2021,05/21/2051,848000,814080,4.19,2484,Default,Single Family,MI,64,780,36423
LN-100115,Richard Thompson,11/17/2018,11/17/2047,811000,746120,4.3,2453,30 Days Delinquent,Multi Family,texas,95,630,19914
LN-100116,Charles Smith,05/15/2023,05/15/2039,-679000,495670,5.27,3649,Paid Off,Multi Family,PA,84,780,42655
LN-100117,Karen Jackson,05/11/2021,05/11/2051,754000,663520,7.2,2812,30 Days Delinquent,Condo,MA,55,789,81104
LN-100118,Barbara Lee,07/02/2020,07/02/2048,167000,148630,3.4,1737,Current,Townhouse,NY,83,756,25897
LN-100119,Jessica Garcia,07/17/2020,07/17/2046,224000,183680,6.76,1371,30 Days Delinquent,Townhouse,MN,59,684,39418
LN-100098,David Rodriguez,08/06/2019,08/06/2044,416000,366080,6.44,2617,Default,Multi Family,UT,58,625,85493
LN-100121,Paul Jones,03/06/2022,03/06/2052,480000,307200,7.23,2102,Current,Condo,NY,74,669,36237
LN-100122,Kimberly Rodriguez,12/21/2020,12/21/2015,464000,426880,5.6,3233,Paid Off,Multi Family,NC,88,631,85220
LN-100123,Richard Martinez,05/11/2018,05/11/2043,787000,771260,6.12,3863,Paid Off,Single Family,LA,94,742,38173
,Steven Martinez,02/28/2018,02/28/2041,553000,337330,6.57,4154,60 Days Delinquent,Commercial,OK,91,730,63074
LN-100125,Ashley Robinson,09/18/2020,09/18/2050,550000,341000,3.59,1974,90+ Days Delinquent,Commercial,AZ,94,766,54045
LN-100126,Donna Brown,01/17/2023,01/17/2042,398000,294520,6,1737,Paid Off,Single Family,MA,82,782,52497
LN-100127,Robert Perez,10/12/2019,10/12/2036,433000,264130,6.13,1383,30 Days Delinquent,Multi Family,NJ,95,669,21614
LN-100128,Elizabeth Clark,11/07/2019,11/07/2042,655000,406100,7.46,1541,60 Days Delinquent,Single Family,CO,90,766,55200
LN-100129,Robert Harris,12/13/2022,12/13/2048,807000,677880,4.73,1909,90+ Days Delinquent,Multi Family,XX,65,738,92024
LN-100130,Jessica Martin,03/08/2023,03/08/2041,524000,340600,4.87,2849,90+ Days Delinquent,Commercial,TN,86,665,19479
,Joshua Jones,06/11/2019,06/11/2039,554000,421040,3.86,2209,30 Days Delinquent,Townhouse,OK,86,815,20079
LN-100132,Sarah Rodriguez,04/06/2022,04/06/2042,-302000,217440,7.4,1302,Default,Single Family,NY,74,677,10318
LN-100133,Lisa Thomas,04/12/2023,04/12/2050,683000,573720,3.92,1992,60 Days Delinquent,Commercial,KY,64,737,47578
LN-100047,David Perez,04/07/2020,04/07/2041,570000,416100,7.16,2398,90+ Days Delinquent,Condo,CO,59,723,62872
LN-100135,Kimberly Martinez,07/11/2023,07/11/2042,179000,125300,-4.71,4170,90+ Days Delinquent,Commercial,IN,89,703,50184
LN-100136,Susan Thompson,12/07/2022,12/07/2045,166000,161020,3.56,3309,90+ Days Delinquent,Commercial,GA,64,819,21426
LN-100137,Matthew Lewis,03/12/2020,03/12/2046,203000,172550,4.27,2204,Paid Off,Townhouse,TN,60,702,69740
,Lisa Thompson,06/27/2022,06/27/2041,683000,566890,6.86,3674,30 Days Delinquent,Townhouse,TN,59,620,53666
LN-100139,Barbara Johnson,06/14/2023,06/14/2053,705000,479400,6.46,1501,Default,Condo,OH,64,707,99860
LN-100140,Mark Martin,04/23/2018,04/23/2039,622000,559800,47.62,1515,90+ Days Delinquent,Single Family,SC,67,767,71527
LN-100089,Richard Taylor,01/05/2019,01/05/2039,690000,641700,6.63,3940,60 Days Delinquent,Townhouse,KY,83,658,90819
,Andrew Gonzalez,10/06/2018,10/06/2038,609000,408030,4.48,1454,Default,Townhouse,GA,95,711,36685
,Paul Gonzalez,10/15/2019,10/15/2045,815000,619400,3.71,3983,60 Days Delinquent,Single Family,NJ,61,660,99807
LN-100144,William Moore,12/02/2018,12/02/2044,412000,362560,29.21,2729,Current,Townhouse,MN,84,754,67854
,Mark Jones,06/05/2018,06/05/2040,247000,227240,3.34,3045,30 Days Delinquent,Single Family,NJ,71,788,33734
,Paul Davis,08/04/2018,08/04/2046,346000,318320,5.1,2591,Default,Multi Family,GA,65,667,36551
LN-100147,Paul Rodriguez,12/01/2019,12/01/2045,623000,510860,41.35,1676,Default,Commercial,UT,77,738,21443
LN-100148,Lisa Perez,09/20/2018,09/20/2038,416000,266240,6.88,3145,Paid Off,Commercial,FL,65,750,58233
,Barbara Gonzalez,12/14/2023,12/14/2039,766000,727700,6.76,3972,Default,Townhouse,SC,86,673,59932
LN-100150,Steven Taylor,01/09/2018,01/09/2039,-280000,254800,6.04,3761,30 Days Delinquent,Commercial,KY,55,791,46211
,Betty Wilson,06/07/2022,06/07/2043,383000,356190,5.55,1628,Paid Off,Multi Family,GA,89,806,91038
LN-100152,James Harris,01/28/2020,01/28/2042,675000,627750,3.43,1975,90+ Days Delinquent,Townhouse,VA,78,641,22707
LN-100036,Charles Clark,10/04/2018,10/04/2040,516000,428280,6.31,4059,60 Days Delinquent,Townhouse,OK,58,694,47382
LN-100154,Lisa Gonzalez,03/23/2019,03/23/2040,450000,301500,4.75,3974,60 Days Delinquent,Commercial,KY,93,783,71204
LN-100028,Andrew Garcia,08/25/2021,08/25/2050,773000,587480,6.03,3356,90+ Days Delinquent,Townhouse,VA,83,624,20333
LN-100156,Betty Perez,01/25/2020,01/25/2046,652000,599840,6.67,3648,Default,Multi Family,IN,76,677,68633
LN-100157,Jennifer Gonzalez,02/16/2022,02/16/2048,580000,388600,-4.28,1378,30 Days Delinquent,Condo,WI,80,627,40810
LN-100158,Betty Taylor,05/07/2018,05/07/2035,526000,468140,7.11,3024,90+ Days Delinquent,Townhouse,OK,92,702,35399
LN-100159,Emily Smith,05/22/2021,05/22/2040,431000,362040,5.61,1864,60 Days Delinquent,Townhouse,KY,85,731,64142
LN-100160,Paul Thomas,12/20/2019,12/20/2035,762000,723900,5.63,3529,Default,Single Family,SC,79,788,33643
,Mark Johnson,08/19/2019,08/19/2045,400000,372000,6.44,1536,Paid Off,Single Family,CO,81,653,27829
LN-100162,Michelle Hernandez,01/16/2020,01/16/2049,832000,532480,-6.98,1416,30 Days Delinquent,Single Family,IL,68,767,66897
LN-100163,Donald Garcia,09/01/2023,09/01/2045,314000,307720,7.52,4376,Paid Off,Commercial,GA,58,666,15279
LN-100164,William Moore,12/24/2018,12/24/2034,538000,387360,34.71,3935,30 Days Delinquent,Townhouse,UT,62,812,78506
LN-100165,Mary Moore,09/21/2019,09/21/2037,-424000,262880,4.33,1246,Default,Condo,TN,88,730,48251
LN-100166,,09/26/2019,09/26/2048,476000,456960,5.11,4469,Current,Townhouse,IL,89,738,85432
LN-100167,Sandra Martin,03/21/2018,03/21/2047,533000,362440,6.22,2497,30 Days Delinquent,Condo,OR,67,736,56850
LN-100028,Joseph Johnson,06/05/2021,06/05/2049,758000,530600,3.39,3625,Default,Townhouse,CO,62,819,92941
LN-100169,Patricia Thomas,11/12/2023,11/12/2038,306000,287640,5.29,2808,Paid Off,Condo,WA,84,657,75608
LN-100170,Kimberly Lewis,07/27/2019,07/27/2036,165000,160050,4.43,3139,Current,Single Family,LA,63,660,58301
LN-100171,Paul Clark,08/26/2020,08/26/2037,451000,320210,6.26,2130,60 Days Delinquent,Single Family,PA,87,700,38717
LN-100172,Joshua Clark,05/26/2019,05/26/2034,-749000,629160,4.59,1554,30 Days Delinquent,Commercial,MI,69,663,99095
LN-100173,John Gonzalez,04/09/2021,04/09/2049,306000,281520,6.25,3398,30 Days Delinquent,Condo,NY,90,633,87543
LN-100174,Christopher Lopez,09/12/2020,09/12/2035,306000,217260,7.44,4198,Paid Off,Commercial,XX,85,729,33269
LN-100175,Joseph White,04/03/2023,04/03/2041,256000,179200,6.02,3243,Default,Townhouse,MN,90,654,86182
,Thomas Moore,06/26/2022,06/26/2039,508000,304800,4.03,2184,30 Days Delinquent,Townhouse,NJ,85,767,19282
LN-100177,Charles Ramirez,12/03/2021,12/03/2051,824000,667440,34.52,3667,Current,Multi Family,GA,87,710,72180
LN-100178,Karen Martinez,10/22/2021,10/22/2041,237000,149310,7.14,4013,Paid Off,Multi Family,newyork,85,777,37312
LN-100179,Christopher Robinson,11/23/2023,11/23/2018,792000,712800,3.57,1292,60 Days Delinquent,Single Family,CT,85,749,90378
LN-100180,Margaret Martinez,01/27/2018,01/27/2037,830000,664000,6.61,3826,Paid Off,Multi Family,LA,66,683,77400
LN-100079,Charles Brown,08/11/2023,08/11/2051,838000,553080,5.1,4331,Default,Condo,SC,58,635,30905
LN-100182,Matthew Moore,01/25/2023,01/25/2038,-699000,552210,7.66,2429,Default,Townhouse,KY,94,736,26432
,Donald Taylor,05/14/2019,05/14/2037,523000,428860,7.32,4132,Current,Townhouse,SC,64,633,86057
LN-100184,Michael Moore,01/25/2018,01/25/2035,741000,652080,43.93,3469,60 Days Delinquent,Commercial,AZ,80,698,58969
LN-100185,,05/11/2021,05/11/2036,310000,294500,4.1,4150,Current,Single Family,WA,95,720,56182
LN-100186,David Robinson,04/23/2019,04/23/2034,181000,121270,4.1,3913,60 Days Delinquent,Commercial,GA,59,660,82847
LN-100187,Betty Davis,08/05/2020,08/05/2049,403000,358670,4.78,4223,Current,Single Family,MN,61,752,94734
LN-100188,,11/08/2019,11/08/2035,654000,634380,3.56,2844,90+ Days Delinquent,Multi Family,CT,56,791,34921
LN-100189,Barbara Miller,11/15/2022,11/15/2044,550000,451000,-7.54,4170,60 Days Delinquent,Townhouse,NJ,76,795,91178
LN-100190,Joshua Davis,07/01/2018,07/01/2044,698000,460680,45.15,1557,60 Days Delinquent,Commercial,CO,80,650,99354
LN-100191,Daniel Smith,09/04/2023,09/04/2042,236000,151040,5.47,4440,90+ Days Delinquent,Commercial,VA,93,644,68819
LN-100192,Charles Miller,05/16/2018,05/16/2047,660000,633600,5.13,3857,90+ Days Delinquent,Townhouse,CO,62,640,91277
LN-100193,Andrew Thomas,04/06/2021,04/06/2051,-430000,417100,4.53,3697,30 Days Delinquent,Townhouse,AZ,87,642,49661
LN-100194,,07/15/2018,07/15/2042,738000,642060,3.29,1478,30 Days Delinquent,Townhouse,MD,82,636,62305
LN-100195,Nancy Jones,11/24/2023,11/24/2045,810000,607500,3.37,3567,90+ Days Delinquent,Condo,GA,90,802,31033
LN-100014,Anthony Smith,03/15/2023,03/15/2049,489000,479220,7.2,1955,30 Days Delinquent,Multi Family,NJ,57,793,84177
LN-100197,David Ramirez,07/01/2020,07/01/2035,734000,675280,5.15,4167,Default,Condo,GA,84,812,88686
LN-100198,Michael Lewis,09/14/2020,09/14/2049,829000,787550,4.7,4081,Current,Townhouse,CO,68,645,93463
,Margaret Anderson,02/14/2022,02/14/2040,771000,539700,3.82,2405,Default,Multi Family,AL,85,783,59244
LN-100200,Richard Anderson,09/08/2021,09/08/2050,208000,158080,5.92,1695,Current,Single Family,FL,89,695,90208
LN-100201,Emily Hernandez,09/12/2019,09/12/2040,289000,193630,6,2036,Paid Off,Commercial,CO,91,696,17563
LN-100202,Steven Harris,11/21/2022,11/21/2052,676000,567840,4.45,3628,Default,Multi Family,SC,94,718,47322
LN-100203,Lisa White,12/07/2021,12/07/2045,397000,329510,7.33,1441,Paid Off,Commercial,fl,91,696,76178
LN-100204,Joseph Smith,08/25/2019,08/25/2045,488000,336720,3.88,1354,30 Days Delinquent,Multi Family,CT,57,768,53062
,Donna Taylor,12/25/2023,12/25/2039,684000,417240,5.43,2907,Default,Townhouse,MO,73,641,81936
,Jessica Jackson,05/13/2019,05/13/2039,521000,427220,6.75,3287,Paid Off,Condo,IN,76,659,99492
LN-100207,Barbara Smith,12/06/2021,12/06/2040,492000,369000,7.26,2292,Paid Off,Commercial,WA,65,726,10235
LN-100208,Paul Anderson,04/19/2021,04/19/2042,779000,685520,3.94,2460,90+ Days Delinquent,Single Family,MA,85,794,87914
LN-100209,Andrew White,09/25/2021,09/25/2051,-174000,114840,5.77,2532,90+ Days Delinquent,Condo,WA,78,672,32412
LN-100210,Linda Martinez,10/04/2023,10/04/2046,693000,651420,-5.17,4003,Default,Single Family,MN,90,679,84079
LN-100211,Patricia Harris,06/22/2022,06/22/2043,546000,442260,6.06,4262,60 Days Delinquent,Multi Family,CT,59,777,90304
LN-100212,Daniel White,07/01/2023,07/01/2045,-356000,313280,5.25,1352,90+ Days Delinquent,Commercial,LA,85,699,16694
LN-100213,Christopher Brown,05/02/2020,05/02/2035,-627000,564300,5.39,2682,90+ Days Delinquent,Multi Family,VA,89,743,30791
LN-100214,Sarah Taylor,08/22/2019,08/22/2038,813000,658530,47.22,1244,60 Days Delinquent,Multi Family,MD,69,726,74786
LN-100215,Mark Williams,01/01/2022,01/01/2051,170000,147900,6.4,2583,30 Days Delinquent,Multi Family,OR,69,680,69341
LN-100216,Donald Jackson,10/20/2021,10/20/2042,321000,231120,4.64,1594,30 Days Delinquent,Single Family,OH,88,730,68736
LN-100217,Andrew Davis,10/07/2022,10/07/2048,513000,312930,6.34,2959,Paid Off,Townhouse,UT,74,653,52528
LN-100218,Margaret White,01/14/2023,01/14/2052,666000,499500,4.95,3954,Paid Off,Multi Family,CO,58,792,71548
LN-100219,Christopher Smith,07/12/2019,07/12/2038,497000,377720,6.36,2259,Current,Commercial,AZ,88,714,36331
LN-100220,Karen Jackson,04/07/2021,04/07/2040,567000,510300,39.35,1517,Default,Townhouse,NJ,64,720,79054
LN-100221,Nancy Harris,10/19/2020,10/19/2040,582000,558720,3.31,1239,Current,Multi Family,SC,74,755,16274
LN-100222,Robert Hernandez,07/08/2018,07/08/2043,220000,162800,4.43,3522,30 Days Delinquent,Townhouse,NJ,72,696,27631
LN-100223,Ashley Jackson,04/01/2022,04/01/2043,720000,669600,5.12,4085,30 Days Delinquent,Multi Family,NJ,70,750,49554
LN-100224,John Harris,12/15/2019,12/15/2040,613000,576220,3.9,3698,90+ Days Delinquent,Condo,XX,90,678,90817
LN-100225,Barbara Martin,10/13/2021,10/13/2042,524000,361560,31.35,2743,30 Days Delinquent,Single Family,LA,65,807,54816
LN-100226,Joseph Wilson,06/11/2023,06/11/2047,802000,553380,41.26,4072,60 Days Delinquent,Condo,WA,86,640,77520
LN-100227,John Garcia,04/12/2020,04/12/2045,266000,239400,5.35,2527,Default,Commercial,SC,58,665,24661
LN-100228,Daniel Davis,10/07/2018,10/07/2037,487000,418820,-5.46,1797,90+ Days Delinquent,Multi Family,NY,55,775,25561
LN-100229,,08/19/2021,08/19/2037,492000,432960,5.87,1291,Current,Townhouse,WA,92,779,95440
LN-100230,Daniel Taylor,03/12/2021,03/12/2044,478000,344160,7.31,3163,Default,Townhouse,NY,73,727,64246
LN-100231,Susan Smith,12/03/2023,12/03/2048,819000,540540,6.8,4163,90+ Days Delinquent,Townhouse,XX,88,700,84835
LN-100232,Linda Thomas,05/12/2020,05/12/2041,444000,430680,-7.69,2337,Default,Multi Family,MI,89,634,66637
LN-100233,,05/09/2021,05/09/2040,788000,591000,5.38,2621,30 Days Delinquent,Townhouse,WI,69,679,68718
LN-100234,Jennifer Miller,12/15/2023,12/15/2046,307000,267090,7.46,1212,30 Days Delinquent,Townhouse,AZ,68,820,77770
LN-100235,Kimberly Lewis,08/28/2022,08/28/2039,404000,303000,5.15,3963,90+ Days Delinquent,Multi Family,NJ,83,686,44587
LN-100236,Emily Thompson,02/10/2018,02/10/2038,161000,138460,5.87,4141,Paid Off,Single Family,MA,74,815,76250
LN-100237,Jennifer Gonzalez,09/15/2018,09/15/2033,-232000,213440,6.71,4342,Current,Multi Family,OR,67,625,65157
LN-100140,Paul Lee,02/02/2021,02/02/2037,262000,157200,6.13,3191,30 Days Delinquent,Single Family,OK,57,804,38467
LN-100239,,07/01/2018,07/01/2038,323000,242250,7.57,2269,Default,Commercial,IL,80,715,16430
LN-100240,Andrew Taylor,02/17/2021,02/17/2048,443000,380980,3.88,1990,Paid Off,Single Family,FL,67,754,42711
LN-100241,David Harris,07/16/2021,07/16/2043,472000,443680,6.98,4317,Current,Condo,MD,63,787,75908
LN-100242,Jennifer Moore,02/27/2021,02/27/2051,572000,451880,-6.71,1299,Current,Commercial,TX,89,699,32618
LN-100243,Anthony Harris,02/01/2023,02/01/2052,561000,392700,3.8,1466,Current,Multi Family,XX,71,789,19418
LN-100244,Margaret Thompson,09/05/2022,09/05/2052,-562000,337200,3.32,2360,60 Days Delinquent,Commercial,WI,95,644,62040
LN-100245,Steven Sanchez,03/10/2020,03/10/2044,243000,174960,4.17,2840,30 Days Delinquent,Townhouse,NC,56,777,27655
,William Taylor,04/27/2021,04/27/2045,332000,302120,4.54,1679,60 Days Delinquent,Multi Family,LA,59,686,37055
LN-100247,Jessica Thomas,11/09/2019,11/09/2039,626000,563400,42.96,3020,Default,Townhouse,LA,94,814,98650
LN-100248,Emily Perez,07/23/2018,07/23/2043,267000,216270,7.39,1850,60 Days Delinquent,Condo,TN,72,796,81546
LN-100249,Daniel Smith,11/02/2018,11/02/2033,-509000,402110,5.34,2772,30 Days Delinquent,Condo,MA,93,633,32941
LN-100250,Betty Gonzalez,11/15/2023,11/15/2052,-722000,519840,3.53,1428,60 Days Delinquent,Townhouse,NJ,70,642,33736
,Susan Martin,10/12/2023,10/12/2046,736000,647680,4.66,1783,60 Days Delinquent,Single Family,WI,93,694,35734
LN-100252,Joshua Anderson,12/18/2022,12/18/2049,626000,475760,7.68,2058,90+ Days Delinquent,Multi Family,NC,82,673,16116
LN-100253,Betty Jones,07/11/2020,07/11/2038,277000,243760,6.52,4365,Paid Off,Multi Family,PA,71,795,65661
LN-100254,Jessica Lewis,02/28/2021,02/28/2050,420000,373800,4.74,4279,30 Days Delinquent,Commercial,MD,79,624,24745
LN-100255,John Thompson,01/28/2022,01/28/2041,342000,277020,47.61,1813,30 Days Delinquent,Condo,MN,70,737,15261
LN-100256,Michael Harris,06/02/2018,06/02/2034,252000,211680,7.52,2888,Current,Single Family,IN,56,646,10165
LN-100257,,03/14/2018,03/14/2040,821000,640380,7.05,1316,Current,Commercial,CO,89,781,12159
LN-100258,Mark Lee,02/21/2019,02/21/2044,620000,589000,-5.04,4338,Current,Commercial,VA,87,747,40000
LN-100259,Emily Gonzalez,06/07/2018,06/07/2038,755000,558700,4.16,3100,Current,Commercial,KY,87,710,91438
,Richard Smith,05/02/2022,05/02/2050,824000,535600,4.66,3608,Current,Single Family,PA,79,626,27632
LN-100261,Jennifer Davis,11/04/2021,11/04/2016,214000,149800,7.1,2814,Current,Commercial,WI,59,807,89842
LN-100262,Donna Gonzalez,11/04/2018,11/04/2038,-267000,186900,3.41,1811,Current,Condo,NC,57,721,52446
LN-100263,Michael White,07/01/2020,07/01/2038,344000,323360,-6.93,4255,Paid Off,Townhouse,WI,68,663,42373
LN-100264,,05/02/2020,05/02/2036,465000,385950,7.14,2841,Default,Single Family,PA,64,768,63237
LN-100265,William Brown,09/24/2022,09/24/2017,833000,658070,4.31,2470,60 Days Delinquent,Multi Family,TN,84,702,33236
LN-100266,Betty Lopez,10/11/2022,10/11/2017,788000,732840,4.68,2051,Default,Multi Family,NC,88,733,42074
LN-100267,Jessica Moore,12/19/2018,12/19/2040,-581000,569380,5.78,2620,60 Days Delinquent,Condo,OK,89,671,55928
LN-100268,Richard Brown,06/09/2020,06/09/2039,679000,590730,37.44,2673,60 Days Delinquent,Commercial,MN,86,678,84908
LN-100269,John Clark,12/12/2021,12/12/2036,448000,376320,5.07,1239,Paid Off,Condo,MA,72,628,35263
LN-100270,Michelle Garcia,04/27/2020,04/27/2050,-692000,505160,6.06,1422,Default,Multi Family,KY,87,632,34298
LN-100271,Michael Anderson,10/12/2022,10/12/2050,653000,594230,4.39,4005,Current,Condo,WI,72,725,70061
,Betty White,03/17/2023,03/17/2038,248000,228160,6.07,3569,Current,Multi Family,UT,72,683,93643
LN-100273,Donna Lopez,11/21/2018,11/21/2041,783000,595080,7.2,2139,30 Days Delinquent,Townhouse,PA,60,642,36022
LN-100274,Donna Smith,10/13/2021,10/13/2040,705000,613350,7.48,4322,Paid Off,Single Family,CT,94,682,58561
LN-100275,Karen Lee,02/24/2020,02/24/2047,214000,134820,3.64,2238,90+ Days Delinquent,Condo,GA,77,636,91081
LN-100276,Joshua Perez,02/21/2023,02/21/2039,157000,130310,5.92,3330,Default,Single Family,OH,88,781,55367
,Barbara Brown,05/25/2018,05/25/2037,555000,510600,6.07,1402,Paid Off,Townhouse,AZ,93,717,52444
LN-100278,Richard Clark,12/25/2020,12/25/2035,359000,337460,6.56,1952,Current,Commercial,OR,66,742,14303
LN-100057,Margaret Moore,03/08/2023,03/08/2051,642000,481500,4.61,4269,Paid Off,Townhouse,MO,77,784,12712
LN-100280,Susan Williams,08/12/2019,08/12/2014,646000,568480,5.73,1395,90+ Days Delinquent,Townhouse,FL,64,713,19772
LN-100281,William Lopez,07/28/2018,07/28/2039,771000,593670,4.44,2365,Current,Townhouse,TX,85,694,40492
LN-100213,Thomas Williams,03/05/2021,03/05/2038,539000,452760,4.4,3829,30 Days Delinquent,Commercial,CO,59,687,20351
LN-100283,,10/27/2023,10/27/2038,509000,402110,6.79,4371,Default,Multi Family,VA,89,820,75498
LN-100284,Thomas Thompson,09/11/2021,09/11/2051,414000,368460,5.29,3700,90+ Days Delinquent,Condo,MN,92,707,59245
LN-100172,Ashley Rodriguez,01/25/2019,01/25/2037,790000,624100,3.49,3534,60 Days Delinquent,Condo,OH,88,712,23132
LN-100286,Jessica Williams,09/14/2021,09/14/2046,716000,673040,5.21,2464,30 Days Delinquent,Condo,NC,91,771,62141
LN-100287,,11/26/2019,11/26/2037,743000,594400,5.6,1224,Paid Off,Townhouse,UT,87,785,21707
LN-100288,William Smith,08/16/2019,08/16/2041,663000,556920,3.93,2612,30 Days Delinquent,Multi Family,MD,66,675,39230
LN-100289,Joshua Lewis,07/02/2021,07/02/2016,295000,244850,3.94,2489,30 Days Delinquent,Single Family,OH,75,713,29638
LN-100290,Daniel Martinez,05/22/2020,05/22/2049,460000,432400,7.55,3793,Current,Multi Family,unknown,62,635,10771
LN-100291,Donna Anderson,08/27/2021,08/27/2049,343000,315560,4.47,2967,30 Days Delinquent,Commercial,CO,93,714,15526
LN-100292,Lisa Martin,10/14/2023,10/14/2018,470000,451200,4.78,3557,30 Days Delinquent,Single Family,CO,84,785,17624
LN-100293,Robert Ramirez,01/26/2023,01/26/2018,655000,445400,7.39,1907,Current,Commercial,MA,81,773,51663
LN-100294,Anthony Thompson,09/27/2021,09/27/2051,436000,322640,6.21,3802,Current,Condo,texas,75,812,16983
,Anthony Davis,07/23/2018,07/23/2035,653000,548520,3.45,2770,Default,Single Family,OR,86,811,79632
LN-100296,Matthew Miller,08/19/2022,08/19/2045,706000,628340,5.55,3145,Current,Single Family,AL,69,689,57105
LN-100297,Joseph Lee,12/23/2021,12/23/2044,-645000,612750,6.89,2648,90+ Days Delinquent,Multi Family,AL,69,674,30994
LN-100298,Richard Jones,03/19/2022,03/19/2039,-181000,162900,3.26,3872,30 Days Delinquent,Single Family,WI,82,677,56031
LN-100299,Thomas Taylor,09/25/2021,09/25/2039,-233000,219020,5.1,2985,60 Days Delinquent,Townhouse,OR,90,648,40822
,Joseph Garcia,01/25/2018,01/25/2046,286000,217360,4.67,4113,Current,Multi Family,CO,60,724,47717
,James Smith,11/13/2022,11/13/2039,152000,100320,3.69,3458,90+ Days Delinquent,Multi Family,NC,56,632,84749
LN-100302,Margaret Jones,08/20/2023,08/20/2050,-755000,664400,3.63,1541,Paid Off,Commercial,MO,78,688,40897
LN-100303,Donna Wilson,06/15/2019,06/15/2035,504000,302400,6.47,4137,60 Days Delinquent,Townhouse,NC,67,674,80719
LN-100304,Joshua Robinson,04/26/2020,04/26/2042,684000,424080,34.85,3127,Default,Condo,IN,58,726,33092
LN-100305,Emily Clark,07/13/2018,07/13/2044,360000,291600,7.16,2230,Paid Off,Condo,KY,90,644,40550
LN-100306,James Williams,08/19/2021,08/19/2048,756000,665280,5.84,1454,30 Days Delinquent,Condo,MI,68,704,99743
LN-100307,Sarah Williams,01/19/2019,01/19/2040,333000,253080,5.05,4115,90+ Days Delinquent,Single Family,NY,63,759,67315
LN-100308,Jessica Martinez,09/19/2020,09/19/2043,583000,460570,43.02,4013,Default,Multi Family,OK,93,820,63605
LN-100309,James Wilson,01/17/2020,01/17/2047,-532000,473480,7.46,4267,Default,Townhouse,MO,76,674,52507
LN-100310,,12/27/2023,12/27/2046,510000,448800,5.4,3166,Paid Off,Townhouse,IN,65,677,80531
LN-100230,Emily Perez,01/19/2021,01/19/2043,461000,396460,4.91,1689,Default,Multi Family,TN,62,684,13820
LN-100312,Sarah Perez,03/11/2020,03/11/2036,-288000,198720,5.53,3286,Paid Off,Single Family,MA,55,751,13250
LN-100313,Emily Sanchez,04/08/2022,04/08/2040,690000,414000,-6.84,2753,30 Days Delinquent,Multi Family,TN,62,770,15801
LN-100314,Donald Garcia,12/04/2018,12/04/2044,167000,118570,-5.25,4199,Current,Multi Family,NY,75,634,20571
LN-100315,Matthew Taylor,03/20/2018,03/20/2033,360000,295200,6.64,2805,90+ Days Delinquent,Condo,KY,64,796,52909
LN-100316,Lisa Ramirez,02/28/2019,02/28/2039,562000,545140,3.73,1507,30 Days Delinquent,Commercial,UT,82,628,23525
LN-100317,Jessica Robinson,04/02/2018,04/02/2042,539000,512050,4.32,2237,60 Days Delinquent,Condo,OR,62,751,47474
LN-100318,Susan Martinez,01/20/2021,01/20/2051,528000,359040,5.75,2506,60 Days Delinquent,Townhouse,OH,68,811,78430
,James Lopez,08/25/2019,08/25/2046,639000,555930,6.61,1455,30 Days Delinquent,Single Family,OH,94,737,29938
,Andrew Moore,04/04/2018,04/04/2047,772000,609880,5.78,2536,30 Days Delinquent,Condo,PA,59,780,71070
LN-100321,Paul Lee,12/24/2021,12/24/2042,361000,332120,-7.69,1307,60 Days Delinquent,Single Family,WI,64,708,94500
LN-100322,,01/22/2023,01/22/2041,261000,250560,5.6,2366,Paid Off,Single Family,AZ,94,710,28529
LN-100323,Susan Davis,04/18/2020,04/18/2040,632000,499280,3.65,3452,Default,Townhouse,AZ,56,771,44217
LN-100324,Michelle Rodriguez,10/13/2023,10/13/2046,406000,312620,-7.28,4303,Current,Condo,WI,75,652,37824
LN-100325,Joshua Smith,09/02/2023,09/02/2044,189000,143640,-3.62,4106,Paid Off,Single Family,OH,82,658,68222
LN-100326,John Hernandez,12/05/2023,12/05/2048,497000,412510,4.68,4027,90+ Days Delinquent,Commercial,OK,64,663,90627
LN-100160,Daniel Gonzalez,07/16/2018,07/16/2045,804000,699480,5.84,2728,Default,Multi Family,NC,68,753,34258
LN-100328,Michelle Harris,06/13/2022,06/13/2048,642000,520020,7.64,4367,Current,Single Family,NC,56,622,74901
LN-100329,Jennifer Gonzalez,08/04/2018,08/04/2037,707000,438340,5.47,1536,Default,Commercial,NY,68,696,77606
LN-100330,Patricia Taylor,08/12/2022,08/12/2051,408000,395760,3.46,4317,Default,Commercial,NJ,87,790,86386
LN-100331,Michelle Robinson,02/05/2018,02/05/2040,611000,531570,5.77,3821,90+ Days Delinquent,Commercial,VA,94,748,80780
LN-100332,Elizabeth Taylor,06/20/2021,06/20/2047,262000,209600,7.26,1214,Default,Single Family,MA,93,787,59476
LN-100333,,07/08/2021,07/08/2041,831000,764520,6.19,3254,90+ Days Delinquent,Multi Family,OH,85,758,59188
LN-100334,Betty Thompson,10/10/2020,10/10/2035,690000,558900,7.5,3094,60 Days Delinquent,Condo,texas,94,718,14178
,Anthony Lee,09/13/2018,09/13/2045,424000,313760,4.62,2936,60 Days Delinquent,Condo,MN,72,788,45653
LN-100336,James Moore,10/13/2021,10/13/2045,553000,403690,3.49,3466,Paid Off,Multi Family,99,72,706,85015
LN-100173,Elizabeth Williams,12/12/2021,12/12/2039,769000,530610,6.27,2695,30 Days Delinquent,Commercial,FL,71,774,17333
LN-100338,,04/26/2019,04/26/2042,801000,512640,3.45,3162,Default,Townhouse,IL,60,767,38339
LN-100339,Paul Jones,03/04/2019,03/04/2049,771000,701610,41.88,2408,60 Days Delinquent,Townhouse,OR,56,767,30928
LN-100340,Betty Lee,06/12/2020,06/12/2042,393000,267240,-6.95,1250,Current,Commercial,CA,65,719,78950
LN-100341,,11/21/2020,11/21/2038,181000,171950,4.75,4091,60 Days Delinquent,Commercial,TN,94,648,17365
LN-100342,Karen Anderson,09/10/2023,09/10/2052,365000,248200,3.54,2399,Paid Off,Condo,IN,55,623,97337
LN-100343,Steven Martin,08/21/2022,08/21/2051,218000,167860,3.3,2628,Default,Condo,TN,76,803,26046
LN-100344,Donald Williams,10/05/2020,10/05/2039,-385000,308000,5.11,2505,Current,Condo,MD,87,716,96453
LN-100345,Joseph Robinson,04/07/2019,04/07/2047,152000,127680,-3.95,4430,30 Days Delinquent,Commercial,MA,95,768,59549
LN-100281,William Lopez,05/23/2021,05/23/2043,709000,538840,6,2279,Current,Commercial,AL,82,806,95302
LN-100347,Mary Rodriguez,04/12/2018,04/12/2047,299000,221260,6.94,4147,30 Days Delinquent,Condo,MA,67,820,51537
LN-100348,Mark Lopez,03/10/2020,03/10/2048,317000,225070,5.47,1403,60 Days Delinquent,Townhouse,AL,66,780,87516
LN-100349,Paul Hernandez,03/16/2022,03/16/2038,-676000,615160,7.17,3441,Default,Multi Family,IL,60,682,36702
LN-100350,,02/23/2022,02/23/2051,491000,461540,3.65,1680,Default,Condo,NJ,62,666,53666
LN-100351,Andrew Martin,10/26/2018,10/26/2035,639000,568710,3.96,1769,Paid Off,Commercial,AZ,63,640,17888
LN-100194,Susan Martin,04/13/2023,04/13/2050,508000,482600,6.46,1761,Current,Single Family,KY,82,718,12329
LN-100114,Lisa Lewis,04/22/2021,04/22/2047,180000,171000,6.31,3225,60 Days Delinquent,Multi Family,UT,75,746,42434
LN-100354,Matthew Jones,03/10/2020,03/10/2044,241000,159060,3.69,2917,30 Days Delinquent,Condo,NY,69,743,17752
LN-100355,Barbara Johnson,07/22/2018,07/22/2038,444000,350760,7.24,3153,30 Days Delinquent,Townhouse,SC,90,765,71082
LN-100356,Nancy Lewis,11/26/2023,11/26/2046,-826000,768180,5.47,2324,60 Days Delinquent,Commercial,MO,75,794,60000
LN-100357,Michelle Ramirez,03/24/2023,03/24/2039,317000,218730,3.83,2767,60 Days Delinquent,Single Family,AL,70,694,51944
LN-100358,Richard Miller,02/19/2020,02/19/2039,610000,439200,-5.55,2410,Default,Townhouse,NC,94,777,91771
LN-100359,Christopher Rodriguez,10/28/2018,10/28/2043,580000,516200,6.45,2266,30 Days Delinquent,Multi Family,WA,64,628,16354
LN-100360,Nancy Ramirez,06/08/2018,06/08/2013,447000,397830,6.07,1439,30 Days Delinquent,Townhouse,AZ,93,685,28251
LN-100361,Donald Taylor,11/03/2020,11/03/2041,190000,131100,6.8,3604,Paid Off,Multi Family,newyork,73,768,30201
LN-100362,Paul Hernandez,06/18/2019,06/18/2039,240000,206400,5.26,2109,30 Days Delinquent,Townhouse,CO,86,669,47657
LN-100363,Donna Thomas,09/09/2021,09/09/2044,358000,329360,31.17,3910,Current,Townhouse,UT,85,783,61854
LN-100364,John Clark,08/19/2021,08/19/2046,318000,276660,7.39,3994,Default,Condo,FL,82,669,53923
LN-100365,Donald Gonzalez,05/11/2018,05/11/2043,824000,725120,4.2,1836,90+ Days Delinquent,Condo,NJ,95,801,96218
LN-100366,Anthony Miller,03/28/2020,03/28/2039,673000,437450,35.58,2617,Current,Multi Family,FL,84,637,94781
LN-100367,Ashley Smith,07/03/2023,07/03/2038,710000,475700,5.68,3122,60 Days Delinquent,Single Family,NJ,63,717,75239
LN-100368,Paul Anderson,11/28/2019,11/28/2048,424000,301040,7.22,2198,Current,Townhouse,VA,61,789,27162
LN-100369,Betty Harris,07/18/2019,07/18/2043,519000,404820,5.86,2427,90+ Days Delinquent,Condo,IN,72,708,37310
,Karen Wilson,11/28/2023,11/28/2043,577000,426980,7.44,4072,60 Days Delinquent,Single Family,CO,55,806,49501
LN-100371,Emily Gonzalez,04/02/2021,04/02/2016,304000,197600,5.39,4323,Paid Off,Townhouse,CA,85,806,12747
LN-100372,Karen Martinez,11/23/2022,11/23/2049,456000,337440,5.43,4291,Current,Multi Family,CT,72,810,40031
LN-100373,Richard Clark,04/18/2023,04/18/2047,635000,615950,3.75,2518,30 Days Delinquent,Condo,TX,74,675,22295
LN-100374,Sandra Lewis,04/02/2021,04/02/2016,696000,647280,5.79,4188,Current,Townhouse,OR,86,765,32996
LN-100375,Nancy Rodriguez,05/08/2022,05/08/2037,838000,770960,-7.58,2319,30 Days Delinquent,Commercial,FL,67,702,44822
LN-100376,Joshua Davis,12/14/2022,12/14/2048,592000,515040,7.73,3019,Default,Multi Family,WI,92,713,88007
LN-100377,Joshua Davis,09/07/2022,09/07/2045,727000,487090,42.22,4402,90+ Days Delinquent,Commercial,NY,64,625,60643
LN-100378,James Lewis,06/05/2020,06/05/2040,749000,569240,6.85,1507,90+ Days Delinquent,Multi Family,XX,86,685,59876
LN-100379,Joshua Thompson,12/13/2019,12/13/2042,792000,744480,-3.74,2693,90+ Days Delinquent,Multi Family,AL,57,654,44172
LN-100380,Donald Jones,03/14/2019,03/14/2034,611000,556010,6.41,1866,60 Days Delinquent,Multi Family,CO,60,620,70001
LN-100381,Steven White,05/04/2022,05/04/2052,591000,390060,-5.05,4270,30 Days Delinquent,Single Family,IL,80,820,72250
LN-100382,,10/02/2020,10/02/2040,761000,700120,3.9,3102,90+ Days Delinquent,Single Family,WA,79,785,89918
LN-100383,Donald Ramirez,05/25/2019,05/25/2040,709000,638100,4.48,2413,Paid Off,Commercial,VA,79,779,80044
LN-100384,Andrew Smith,12/27/2021,12/27/2042,205000,176300,7.05,2285,Default,Condo,CO,76,738,89836
LN-100081,Matthew Wilson,05/24/2022,05/24/2046,370000,351500,3.67,2358,Default,Single Family,OR,88,636,55974
LN-100386,Jennifer Williams,06/26/2021,06/26/2036,590000,436600,29.44,3386,Default,Townhouse,KY,90,643,71492
LN-100387,Linda Harris,06/20/2021,06/20/2049,558000,513360,5.82,4137,Default,Multi Family,unknown,86,718,37851
LN-100375,John Taylor,06/01/2021,06/01/2048,465000,399900,3.92,4397,Paid Off,Townhouse,PA,73,620,10221
LN-100389,,02/17/2021,02/17/2044,383000,248950,6.9,3334,60 Days Delinquent,Condo,GA,78,708,90713
LN-100390,Mark Anderson,06/12/2019,06/12/2014,412000,333720,7.71,3491,60 Days Delinquent,Single Family,LA,68,715,46694
LN-100391,Donna Williams,02/08/2018,02/08/2047,844000,565480,3.61,3387,30 Days Delinquent,Condo,MD,94,807,61581
LN-100392,Joshua Jackson,11/15/2023,11/15/2040,839000,637640,47.15,2660,90+ Days Delinquent,Commercial,CO,86,755,11720
,Lisa Robinson,06/26/2022,06/26/2048,166000,116200,6.5,1737,90+ Days Delinquent,Multi Family,TX,70,744,90876
LN-100394,Richard Perez,03/04/2018,03/04/2047,750000,592500,33.91,3420,Default,Townhouse,MO,81,643,79221
LN-100395,Anthony Williams,04/05/2022,04/05/2045,274000,219200,5.82,1235,Default,Commercial,CO,84,717,17115
LN-100396,Sandra Williams,05/04/2022,05/04/2042,187000,149600,6.14,3286,60 Days Delinquent,Single Family,texas,69,642,53758
LN-100225,Donna Martinez,03/23/2023,03/23/2048,804000,755760,6.19,1625,60 Days Delinquent,Single Family,AZ,80,729,63634
LN-100398,Margaret Brown,01/27/2021,01/27/2051,427000,294630,3.82,2329,90+ Days Delinquent,Townhouse,XX,87,651,97884
LN-100399,Robert Anderson,12/05/2018,12/05/2034,525000,430500,45.72,3420,Paid Off,Townhouse,WI,66,635,79549
,Anthony Harris,08/25/2019,08/25/2049,651000,481740,3.92,3476,90+ Days Delinquent,Single Family,MN,70,633,57226
LN-100401,Matthew Martin,08/08/2019,08/08/2048,318000,238500,3.93,2472,60 Days Delinquent,Townhouse,california,57,667,98669
LN-100088,Mary Anderson,11/20/2019,11/20/2034,546000,502320,5.86,1609,Default,Single Family,FL,64,722,34915
LN-100403,,01/12/2022,01/12/2044,701000,462660,6.4,3543,30 Days Delinquent,Multi Family,IN,78,768,14298
LN-100404,Joseph Lee,10/02/2022,10/02/2045,423000,266490,5.61,2992,30 Days Delinquent,Townhouse,OK,83,797,77644
LN-100405,Christopher Jackson,09/28/2023,09/28/2051,-781000,546700,5.56,3718,Current,Townhouse,SC,70,787,45967
LN-100406,David Lewis,07/21/2020,07/21/2049,580000,440800,4.23,3918,Paid Off,Multi Family,MO,83,800,25294
LN-100107,Daniel Jones,08/11/2022,08/11/2051,283000,220740,6.79,3962,Paid Off,Condo,PA,58,673,91761
,Steven Lewis,09/13/2022,09/13/2039,736000,552000,4.06,1506,30 Days Delinquent,Townhouse,SC,62,728,20993
LN-100202,William Garcia,06/23/2020,06/23/2049,153000,100980,4.36,1664,30 Days Delinquent,Condo,AZ,68,732,60313
LN-100410,Mark Martinez,08/27/2019,08/27/2040,640000,576000,30.21,1449,Current,Townhouse,OK,70,690,78287
LN-100411,Christopher Gonzalez,02/27/2021,02/27/2041,-624000,411840,4.51,3378,90+ Days Delinquent,Townhouse,MD,60,734,19990
LN-100412,Robert Lopez,12/06/2023,12/06/2038,373000,246180,6.74,1483,60 Days Delinquent,Commercial,CT,68,758,99034
LN-100413,Barbara Jackson,06/08/2022,06/08/2039,800000,504000,-6.22,3958,90+ Days Delinquent,Single Family,SC,72,765,80977
LN-100414,Sarah Hernandez,07/09/2018,07/09/2047,289000,225420,3.88,1242,30 Days Delinquent,Condo,OH,94,763,93453
LN-100415,Betty Jackson,01/28/2018,01/28/2047,373000,365540,5.55,3908,Current,Single Family,KY,73,646,47844
LN-100416,Susan White,08/05/2018,08/05/2046,-712000,569600,6.92,2202,30 Days Delinquent,Townhouse,SC,88,662,83264
LN-100098,Steven Jones,01/26/2023,01/26/2049,352000,341440,4.2,2903,60 Days Delinquent,Multi Family,LA,64,716,45859
LN-100418,Karen Sanchez,07/20/2022,07/20/2044,574000,510860,6.56,1586,30 Days Delinquent,Single Family,MI,83,726,41375
LN-100419,Linda Sanchez,08/02/2022,08/02/2046,637000,388570,41.82,1218,60 Days Delinquent,Single Family,TX,65,657,52515
LN-100420,Linda Perez,07/23/2019,07/23/2044,752000,473760,7.21,3223,Current,Commercial,california,67,719,54523
LN-100421,John Williams,07/01/2019,07/01/2048,743000,653840,6.4,2379,Paid Off,Commercial,MI,92,733,19862
LN-100422,Emily Clark,08/08/2023,08/08/2047,383000,302570,3.99,2735,30 Days Delinquent,Condo,WA,69,659,59426
LN-100423,Sarah Martinez,02/13/2019,02/13/2049,258000,247680,-3.5,1675,Default,Commercial,OH,90,774,48129
LN-100424,Karen Lee,05/05/2019,05/05/2040,475000,361000,6.62,4295,30 Days Delinquent,Single Family,SC,77,808,44005
LN-100425,Andrew Brown,08/16/2022,08/16/2039,751000,488150,7.32,1343,60 Days Delinquent,Townhouse,KY,81,746,40421
LN-100426,William Jones,12/28/2018,12/28/2035,-518000,331520,6.45,2236,30 Days Delinquent,Multi Family,CO,90,658,52353
LN-100427,Sandra Rodriguez,01/25/2022,01/25/2047,699000,482310,6.54,2163,Paid Off,Single Family,IN,88,819,58709
LN-100428,David Smith,07/18/2023,07/18/2048,512000,343040,38.18,4133,60 Days Delinquent,Condo,UT,91,631,73724
LN-100429,John Lopez,10/23/2018,10/23/2035,682000,518320,5.3,4461,Current,Condo,OH,91,656,99840
LN-100430,Charles Taylor,07/01/2023,07/01/2051,569000,523480,5.84,1390,60 Days Delinquent,Multi Family,NY,76,708,32308
LN-100431,Margaret Jackson,06/22/2023,06/22/2038,-193000,169840,4.19,1978,Default,Condo,OK,91,792,62890
,Betty Harris,02/06/2022,02/06/2038,755000,468100,6.49,3817,60 Days Delinquent,Single Family,OR,62,662,34947
LN-100433,Thomas Harris,05/02/2023,05/02/2052,792000,673200,4.48,1771,Current,Single Family,MN,70,679,30994
LN-100434,Paul Gonzalez,08/20/2018,08/20/2038,223000,173940,47.08,1254,30 Days Delinquent,Single Family,MI,75,813,77163
LN-100435,Donald Smith,12/05/2020,12/05/2042,345000,207000,5.67,2439,Paid Off,Commercial,OK,69,802,68208
,David Rodriguez,08/26/2019,08/26/2048,238000,230860,5.88,3417,60 Days Delinquent,Commercial,WA,57,650,86985
,Donald Robinson,11/02/2020,11/02/2045,804000,530640,5.59,2181,Paid Off,Townhouse,TN,70,800,72395
LN-100438,Christopher Sanchez,06/14/2019,06/14/2014,733000,659700,6.9,2686,60 Days Delinquent,Condo,LA,92,790,78773
LN-100439,John Martin,04/19/2021,04/19/2016,850000,799000,5.45,3115,90+ Days Delinquent,Single Family,FL,69,769,39842
LN-100440,Charles Williams,05/14/2018,05/14/2045,631000,593140,5.99,2966,60 Days Delinquent,Multi Family,MD,71,675,40833
LN-100441,Robert Harris,03/06/2019,03/06/2047,235000,220900,4.01,1588,60 Days Delinquent,Single Family,GA,88,645,29409
LN-100442,Paul Harris,04/08/2018,04/08/2044,276000,190440,7.06,2168,90+ Days Delinquent,Condo,MI,65,805,15056
LN-100443,Christopher Rodriguez,06/07/2019,06/07/2037,210000,138600,6.1,3670,Default,Commercial,KY,60,746,38841
LN-100444,Margaret Rodriguez,02/01/2021,02/01/2038,601000,570950,-4.78,1822,Current,Commercial,SC,75,669,46052
LN-100445,Thomas Taylor,02/17/2018,02/17/2036,177000,139830,6.01,4304,Paid Off,Townhouse,PA,94,640,11316
LN-100446,Sandra Thompson,07/04/2023,07/04/2053,525000,504000,4.07,1534,Paid Off,Townhouse,OR,85,648,67831
,Betty Gonzalez,03/22/2020,03/22/2047,301000,189630,5.03,3821,Default,Multi Family,CA,95,793,31863
LN-100448,Barbara Davis,10/28/2019,10/28/2043,250000,230000,-6.99,1793,Current,Condo,VA,94,730,60131
,Joshua Robinson,10/07/2022,10/07/2045,243000,157950,7.24,2529,60 Days Delinquent,Commercial,CA,63,639,95325
LN-100450,Kimberly Thomas,07/13/2020,07/13/2044,357000,299880,3.96,2772,30 Days Delinquent,Single Family,IL,93,775,35930
LN-100451,Barbara Williams,08/07/2018,08/07/2033,358000,286400,6.69,1482,90+ Days Delinquent,Townhouse,PA,63,705,19959
LN-100334,Steven Thomas,09/25/2019,09/25/2041,306000,260100,3.9,2110,Paid Off,Commercial,OR,70,689,28879
LN-100453,Richard Martin,04/03/2022,04/03/2050,-260000,241800,6.7,4176,Default,Commercial,TN,92,656,11141
LN-100454,Donna Harris,11/07/2023,11/07/2039,374000,228140,6.57,4457,90+ Days Delinquent,Commercial,MO,81,769,82474
LN-100455,William Thompson,09/17/2019,09/17/2044,-707000,664580,4.35,3588,60 Days Delinquent,Multi Family,AL,60,681,42719
LN-100395,Sarah Garcia,07/22/2020,07/22/2039,282000,208680,4.38,1621,Current,Commercial,AZ,69,790,43470
LN-100457,Joseph Sanchez,07/27/2019,07/27/2036,693000,609840,29.15,1693,60 Days Delinquent,Townhouse,AZ,59,795,37252
LN-100458,Charles Perez,05/24/2022,05/24/2038,505000,318150,3.6,2335,60 Days Delinquent,Single Family,MI,89,624,92097
LN-100459,Jennifer Perez,05/23/2020,05/23/2036,771000,616800,5.74,2480,90+ Days Delinquent,Commercial,newyork,95,658,78835
LN-100460,Elizabeth Brown,06/04/2020,06/04/2036,-172000,113520,5.14,3944,Paid Off,Townhouse,IN,55,694,88986
LN-100461,Thomas Thompson,09/23/2019,09/23/2046,267000,170880,6.98,2383,60 Days Delinquent,Townhouse,california,75,775,54785
LN-100462,Nancy Robinson,06/03/2022,06/03/2043,203000,129920,33.37,2452,30 Days Delinquent,Single Family,MA,77,802,70031
LN-100463,Lisa Johnson,06/22/2019,06/22/2039,452000,316400,3.72,3573,30 Days Delinquent,Commercial,NJ,84,765,50791
LN-100464,Daniel Lewis,11/12/2019,11/12/2035,833000,516460,39.76,2256,Current,Single Family,GA,71,621,18890
LN-100465,Michelle Ramirez,09/11/2023,09/11/2051,260000,215800,6.12,2366,60 Days Delinquent,Single Family,CA,70,812,52379
,Sandra Hernandez,08/28/2022,08/28/2048,761000,570750,5.96,2056,Current,Single Family,NC,78,680,78362
LN-100467,Mary Clark,04/02/2023,04/02/2046,333000,303030,3.87,1483,Default,Multi Family,MI,56,727,22160
LN-100468,David Rodriguez,12/10/2020,12/10/2044,-540000,437400,7.6,2761,90+ Days Delinquent,Commercial,OR,70,785,10716
LN-100469,Christopher Moore,09/14/2022,09/14/2037,663000,636480,5.21,1337,60 Days Delinquent,Multi Family,IL,94,673,82960
LN-100470,Andrew Taylor,01/17/2022,01/17/2043,150000,127500,4.37,3961,90+ Days Delinquent,Condo,MD,62,650,17644
LN-100471,Richard Thomas,05/11/2022,05/11/2041,320000,249600,46.22,4115,Paid Off,Commercial,MA,85,762,47381
LN-100472,Lisa Martin,10/05/2023,10/05/2039,573000,469860,7.29,3348,30 Days Delinquent,Multi Family,OK,94,764,93744
LN-100103,Donna Johnson,02/10/2022,02/10/2048,430000,387000,4.65,1403,Paid Off,Single Family,KY,62,797,57397
LN-100474,,12/05/2021,12/05/2046,658000,539560,7.06,3896,Default,Single Family,CT,83,778,82866
LN-100475,Paul Sanchez,05/10/2020,05/10/2035,-418000,384560,5.35,3944,Paid Off,Single Family,TN,73,783,30905
LN-100476,Andrew Davis,10/24/2022,10/24/2041,224000,217280,6.33,2981,30 Days Delinquent,Commercial,OH,86,809,95456
LN-100477,Patricia Thomas,03/12/2022,03/12/2052,651000,403620,7.15,3372,Paid Off,Single Family,NC,58,728,24403
LN-100478,Donna Lewis,12/11/2020,12/11/2046,276000,193200,5.47,1512,60 Days Delinquent,Single Family,MI,82,722,46815
LN-100479,Emily Martin,09/18/2020,09/18/2038,-828000,563040,5.71,1803,30 Days Delinquent,Commercial,AZ,93,784,12062
LN-100480,Christopher Jones,01/26/2021,01/26/2048,620000,551800,4.48,2116,60 Days Delinquent,Condo,VA,59,812,62128
LN-100481,Michael Gonzalez,04/21/2019,04/21/2044,560000,420000,-4.21,2620,60 Days Delinquent,Condo,MN,72,819,82779
LN-100482,John Harris,02/16/2021,02/16/2044,452000,406800,3.97,1446,Current,Multi Family,TX,95,719,77667
LN-100483,William Taylor,10/10/2021,10/10/2038,154000,141680,3.73,1654,30 Days Delinquent,Commercial,LA,74,627,63886
LN-100484,Donna Martin,07/11/2021,07/11/2037,-588000,505680,4.07,3859,Default,Single Family,LA,88,688,77301
LN-100485,Richard Garcia,04/03/2023,04/03/2039,275000,269500,5.23,1646,90+ Days Delinquent,Single Family,MN,94,708,81247
LN-100233,Daniel Garcia,07/11/2020,07/11/2045,585000,374400,4.6,4231,30 Days Delinquent,Townhouse,UT,90,695,73707
LN-100487,Barbara Rodriguez,02/14/2019,02/14/2039,305000,256200,3.32,3494,60 Days Delinquent,Multi Family,LA,93,783,41511
LN-100488,Joseph Jackson,04/12/2018,04/12/2039,817000,669940,4.94,2063,Current,Commercial,TN,87,749,22449
LN-100489,Kimberly Anderson,12/03/2019,12/03/2040,638000,491260,7.6,2524,60 Days Delinquent,Townhouse,TN,58,639,43847
LN-100490,Daniel Wilson,01/16/2020,01/16/2047,387000,359910,7.1,2066,Current,Multi Family,FL,66,804,45052
LN-100491,,07/02/2022,07/02/2049,188000,124080,4.53,2832,Current,Condo,FL,64,641,25423
LN-100492,Nancy Smith,03/10/2022,03/10/2050,358000,279240,6.5,2288,Default,Multi Family,PA,91,687,21979
LN-100106,Margaret Rodriguez,01/16/2018,01/16/2033,520000,364000,5.01,2635,Default,Commercial,OK,86,818,99624
LN-100494,Kimberly Lee,08/11/2018,08/11/2048,536000,359120,5.17,1922,60 Days Delinquent,Commercial,CA,86,712,18356
LN-100495,William Thomas,11/03/2019,11/03/2049,628000,533800,4.73,2455,Current,Single Family,KY,67,664,29640
LN-100496,Margaret Ramirez,08/24/2023,08/24/2042,676000,473200,5.15,3324,Default,Townhouse,AL,91,719,20274
LN-100497,Thomas Thomas,08/18/2021,08/18/2042,419000,322630,6.31,4158,60 Days Delinquent,Single Family,NJ,72,722,59846
LN-100498,Lisa Thomas,03/06/2023,03/06/2040,611000,458250,5.69,1431,Current,Single Family,AZ,65,725,30490
LN-100499,Mary Hernandez,12/14/2020,12/14/2037,239000,217490,4.56,2177,Default,Commercial,VA,81,812,72181
LN-100500,Steven Johnson,12/20/2018,12/20/2033,236000,214760,6.99,1510,Current,Condo,FL,89,700,10053
LN-100501,Anthony Rodriguez,07/11/2018,07/11/2034,186000,150660,-5.32,2982,90+ Days Delinquent,Townhouse,CA,79,663,36654
LN-100502,Karen Martinez,03/01/2020,03/01/2047,645000,419250,6.66,1864,90+ Days Delinquent,Townhouse,99,77,727,82485
LN-100391,John Moore,08/12/2019,08/12/2047,778000,754660,6.77,1916,30 Days Delinquent,Condo,NY,95,772,54181
LN-100504,Michelle Miller,10/11/2018,10/11/2034,740000,555000,5.43,4014,60 Days Delinquent,Condo,MA,77,668,41071
LN-100505,James Thomas,10/25/2022,10/25/2017,603000,524610,6.69,2576,Paid Off,Commercial,LA,90,647,69482
LN-100506,Thomas Lewis,10/07/2019,10/07/2049,-478000,339380,7,3204,60 Days Delinquent,Townhouse,MD,71,757,16974
LN-100507,Michelle Sanchez,05/28/2018,05/28/2041,527000,321470,5.84,1798,Current,Condo,WI,85,815,21428
LN-100508,James Martin,06/23/2022,06/23/2038,469000,445550,6.88,2661,60 Days Delinquent,Condo,newyork,95,817,72117
LN-100509,Thomas Sanchez,05/27/2020,05/27/2036,-550000,396000,6.5,2833,60 Days Delinquent,Condo,NC,75,804,20887
LN-100510,John Perez,01/18/2020,01/18/2036,339000,230520,5.59,3747,Current,Commercial,FL,85,748,82225
,Betty White,04/13/2019,04/13/2045,626000,488280,6.3,3322,Current,Townhouse,MD,86,703,25000
LN-100512,Andrew Martin,11/11/2020,11/11/2044,-646000,523260,4.28,2916,Current,Townhouse,MN,75,640,88409
,Donald Brown,10/04/2022,10/04/2037,614000,589440,7.38,2736,30 Days Delinquent,Condo,LA,87,679,29767
LN-100514,Joseph Taylor,06/06/2018,06/06/2041,-531000,467280,7.33,3260,30 Days Delinquent,Townhouse,VA,86,635,62975
LN-100515,Susan Taylor,03/25/2023,03/25/2048,343000,222950,4.09,3567,Default,Condo,OH,73,795,91936
LN-100516,Lisa Jones,08/13/2021,08/13/2041,159000,127200,36.66,3469,30 Days Delinquent,Condo,PA,93,744,22533
,Thomas Lopez,10/27/2021,10/27/2051,740000,710400,5.29,4464,Paid Off,Condo,SC,60,733,41340
LN-100518,Jennifer White,12/09/2018,12/09/2041,166000,131140,43.65,2342,Default,Multi Family,MA,71,711,89792
LN-100519,Sarah Ramirez,04/12/2019,04/12/2038,731000,643280,6.73,2344,Current,Multi Family,TN,81,651,43182
LN-100520,Thomas Brown,07/13/2021,07/13/2045,760000,478800,-4.42,2178,Paid Off,Commercial,OH,73,699,39851
LN-100521,Karen Harris,06/27/2021,06/27/2037,526000,462880,7.13,1483,90+ Days Delinquent,Multi Family,CO,68,771,75144
LN-100522,Christopher Hernandez,09/12/2021,09/12/2016,364000,331240,3.55,3150,Paid Off,Townhouse,MI,64,805,79114
LN-100523,Lisa White,02/14/2023,02/14/2040,150000,102000,3.26,3276,Current,Single Family,GA,86,811,13108
LN-100524,Sarah Sanchez,06/18/2018,06/18/2038,397000,377150,-6.06,3995,Default,Single Family,CT,63,657,19101
LN-100525,Michael Jones,06/28/2021,06/28/2046,576000,501120,-7.48,3159,30 Days Delinquent,Single Family,MI,69,652,48628
LN-100526,Donald Davis,01/10/2023,01/10/2038,-350000,322000,3.94,3879,60 Days Delinquent,Townhouse,OK,85,691,29351
LN-100527,Elizabeth Thompson,12/03/2020,12/03/2036,590000,578200,6.75,4062,Current,Commercial,VA,72,708,62853
LN-100528,Paul Lopez,01/16/2019,01/16/2039,710000,610600,7.12,4144,30 Days Delinquent,Townhouse,OH,88,797,75256
LN-100529,Steven Smith,09/20/2020,09/20/2041,272000,255680,6.01,3697,Paid Off,Single Family,WA,78,778,15763
LN-100530,Kimberly Garcia,05/16/2021,05/16/2043,-357000,321300,5.37,1369,30 Days Delinquent,Condo,MD,76,790,53977
LN-100531,Thomas Garcia,01/08/2022,01/08/2049,406000,353220,4.79,1863,Default,Single Family,ZZ,64,643,24401
LN-100532,Susan Thompson,11/18/2020,11/18/2042,-725000,558250,7.09,4135,Current,Condo,UT,59,810,17779
LN-100533,Elizabeth Johnson,02/09/2021,02/09/2044,296000,192400,7.67,1487,90+ Days Delinquent,Commercial,IN,91,732,63336
LN-100534,Sandra Harris,02/04/2021,02/04/2048,-781000,562320,5.76,1225,Current,Single Family,MN,94,640,16720
LN-100535,Margaret Brown,07/15/2018,07/15/2044,800000,512000,6.74,3341,60 Days Delinquent,Commercial,NY,59,710,76976
LN-100536,Donna Sanchez,06/13/2019,06/13/2035,840000,638400,-7.53,4268,60 Days Delinquent,Condo,FL,83,699,53434
LN-100537,Andrew Williams,10/13/2021,10/13/2039,546000,458640,6.93,1691,90+ Days Delinquent,Condo,ZZ,59,676,88021
LN-100538,Elizabeth Martin,11/22/2018,11/22/2039,528000,443520,6.63,2336,Paid Off,Condo,CO,89,737,74606
LN-100539,John Lee,12/15/2018,12/15/2045,318000,213060,33.11,3397,60 Days Delinquent,Single Family,NJ,75,699,64722
LN-100540,Emily Thompson,03/18/2023,03/18/2048,451000,396880,3.81,4073,Default,Multi Family,MI,57,816,62839
LN-100541,Richard Harris,06/28/2023,06/28/2043,815000,570500,4.54,3713,90+ Days Delinquent,Condo,WA,75,776,77535
LN-100542,Nancy Johnson,08/09/2023,08/09/2048,293000,208030,7.05,3294,60 Days Delinquent,Townhouse,IL,93,799,96840
LN-100543,Joseph Wilson,07/28/2021,07/28/2039,777000,707070,3.82,3706,60 Days Delinquent,Condo,99,95,751,10847
LN-100544,Jennifer Garcia,10/11/2020,10/11/2046,711000,654120,6.5,2703,Default,Townhouse,KY,80,753,43843
LN-100545,Linda Anderson,06/27/2022,06/27/2043,771000,616800,-7.41,4493,60 Days Delinquent,Multi Family,WA,93,693,76929
LN-100546,,02/03/2023,02/03/2048,387000,286380,7.23,3776,Current,Single Family,IN,72,695,81596
LN-100403,Nancy Miller,02/19/2021,02/19/2038,814000,553520,6.71,4220,Paid Off,Condo,NC,92,717,48663
LN-100548,Matthew Taylor,04/19/2021,04/19/2050,602000,415380,6.82,1838,30 Days Delinquent,Multi Family,WI,85,696,59787
,Elizabeth Jones,03/25/2021,03/25/2040,731000,672520,4.34,2037,60 Days Delinquent,Commercial,WA,95,755,42041
LN-100550,Donna Ramirez,04/25/2023,04/25/2018,752000,601600,6.41,3855,Default,Townhouse,NC,63,779,95439
LN-100551,Christopher Lewis,06/21/2021,06/21/2051,783000,728190,7.22,4298,Paid Off,Single Family,NJ,80,649,94621
LN-100230,Paul Lee,03/12/2020,03/12/2037,289000,251430,3.85,1753,30 Days Delinquent,Townhouse,TX,70,701,70216
LN-100553,Kimberly Robinson,03/20/2019,03/20/2047,644000,605360,6.44,3723,30 Days Delinquent,Commercial,CO,73,651,90771
LN-100554,Steven Lee,09/27/2022,09/27/2048,758000,492700,7.26,1917,90+ Days Delinquent,Condo,MA,57,685,70955
LN-100555,Michael Martinez,08/11/2018,08/11/2041,539000,361130,43.24,3590,Current,Multi Family,IN,62,750,87430
LN-100556,Andrew Jackson,08/09/2020,08/09/2035,474000,440820,3.89,3009,Default,Single Family,KY,85,693,64112
LN-100140,Matthew Miller,11/20/2022,11/20/2045,461000,350360,5.55,1494,Default,Commercial,FL,69,793,16053
LN-100558,Steven Brown,12/22/2023,12/22/2046,285000,182400,3.3,2068,60 Days Delinquent,Single Family,CT,86,702,12136
LN-100559,Elizabeth Jackson,02/12/2021,02/12/2038,654000,418560,5.25,2356,Current,Multi Family,XX,81,689,35794
,Nancy Gonzalez,03/02/2019,03/02/2042,357000,310590,5.58,1802,Current,Single Family,TN,64,625,91477
LN-100561,Steven Harris,01/12/2020,01/12/2039,283000,212250,6.84,3106,30 Days Delinquent,Single Family,IN,83,768,47087
LN-100562,Nancy Hernandez,04/20/2019,04/20/2040,188000,182360,6.76,1773,60 Days Delinquent,Townhouse,VA,90,817,44709
LN-100563,Christopher Jones,05/03/2018,05/03/2045,250000,212500,-5.96,1731,Default,Commercial,CT,84,806,91451
,Charles Garcia,12/05/2021,12/05/2039,780000,592800,4.09,3901,Current,Single Family,CT,76,815,68707
LN-100565,Sarah Lee,06/16/2021,06/16/2045,309000,281190,6.07,1959,60 Days Delinquent,Condo,KY,56,732,37172
LN-100566,Betty Taylor,02/01/2021,02/01/2044,718000,667740,4.7,2844,30 Days Delinquent,Single Family,FL,95,658,33680
LN-100567,Mark Thomas,12/07/2019,12/07/2044,207000,165600,4.4,2964,90+ Days Delinquent,Commercial,AL,87,771,73884
LN-100568,Jessica Moore,03/28/2019,03/28/2035,688000,550400,5.31,2873,90+ Days Delinquent,Townhouse,IL,92,767,30022
LN-100569,,08/27/2020,08/27/2037,801000,776970,5.38,1838,90+ Days Delinquent,Multi Family,TX,87,738,73079
LN-100570,Elizabeth Rodriguez,04/18/2020,04/18/2046,641000,551260,4,1728,Default,Townhouse,NJ,85,799,34745
LN-100571,David Jones,06/22/2019,06/22/2040,790000,584600,5.12,3448,Current,Commercial,IN,58,632,72317
LN-100572,Daniel Taylor,10/25/2018,10/25/2042,151000,114760,38.21,1881,Paid Off,Commercial,WI,66,641,59940
LN-100573,Jessica Perez,03/13/2020,03/13/2041,713000,442060,6.62,4274,60 Days Delinquent,Single Family,IN,87,654,41671
LN-100574,Emily Smith,11/15/2020,11/15/2042,320000,272000,6.43,3323,Default,Condo,WI,89,809,11932
LN-100575,Ashley Robinson,02/13/2023,02/13/2052,840000,680400,4.81,2121,60 Days Delinquent,Condo,IL,55,723,37786
LN-100576,Paul Garcia,04/21/2019,04/21/2045,714000,542640,43.44,2705,60 Days Delinquent,Condo,WA,95,659,44293
LN-100577,Daniel Davis,03/06/2019,03/06/2040,386000,285640,-3.93,3311,Current,Multi Family,VA,64,754,86258
LN-100578,Mary Clark,05/07/2023,05/07/2047,244000,190320,6.67,2680,Paid Off,Commercial,LA,63,779,98958
,Paul Lewis,08/07/2020,08/07/2043,616000,492800,4.82,3445,Paid Off,Single Family,KY,72,635,42739
LN-100580,Michael Martin,08/14/2018,08/14/2038,717000,638130,3.79,2665,Current,Condo,IN,81,698,56141
LN-100581,Donna Rodriguez,10/27/2023,10/27/2039,362000,300460,-6.06,2194,90+ Days Delinquent,Townhouse,KY,63,644,51310
LN-100582,Anthony Anderson,01/10/2018,01/10/2043,640000,550400,4.19,2305,30 Days Delinquent,Commercial,WI,85,786,90074
LN-100583,David Thompson,05/05/2023,05/05/2053,592000,562400,37.03,3595,30 Days Delinquent,Commercial,NC,89,741,83831
LN-100584,Joseph Williams,06/12/2019,06/12/2049,812000,576520,4.76,3932,90+ Days Delinquent,Townhouse,NC,55,644,91510
LN-100585,Susan Rodriguez,05/13/2018,05/13/2036,672000,537600,5.15,2845,30 Days Delinquent,Townhouse,99,73,781,31535
LN-100586,Joseph Gonzalez,10/01/2022,10/01/2047,732000,534360,6.13,1875,Current,Condo,TN,93,627,22733
LN-100587,James Lopez,06/25/2020,06/25/2037,358000,336520,5.77,2871,Default,Condo,PA,89,633,41823
LN-100588,Emily Sanchez,09/06/2023,09/06/2044,180000,158400,6.1,2426,60 Days Delinquent,Townhouse,IL,60,673,56047
LN-100589,David Martinez,10/05/2023,10/05/2040,536000,359120,4.75,3272,60 Days Delinquent,Townhouse,NJ,77,649,30598
LN-100590,David Smith,06/05/2018,06/05/2034,-374000,284240,4.25,2359,Default,Commercial,IL,69,724,42027
LN-100591,Sarah Brown,06/10/2021,06/10/2040,850000,739500,5.3,2291,60 Days Delinquent,Multi Family,NY,93,760,84024
LN-100592,Sarah Davis,10/24/2022,10/24/2042,544000,440640,-5.89,3748,Default,Multi Family,VA,81,712,60893
LN-100593,Emily Wilson,08/23/2022,08/23/2039,328000,209920,3.55,4030,30 Days Delinquent,Multi Family,TN,95,669,10962
LN-100594,Robert Taylor,12/18/2022,12/18/2052,610000,372100,7.4,2578,90+ Days Delinquent,Multi Family,unknown,88,674,29219
LN-100595,Daniel Smith,05/25/2018,05/25/2036,152000,106400,4.8,4167,Current,Commercial,VA,90,657,65137
LN-100596,Donald Miller,07/04/2018,07/04/2013,252000,166320,3.9,3015,Paid Off,Condo,TN,68,753,95336
LN-100597,Michelle Hernandez,04/17/2020,04/17/2015,307000,257880,4.55,2690,Current,Multi Family,MA,76,767,42096
LN-100598,Christopher Lopez,12/16/2020,12/16/2041,788000,614640,35.48,1575,60 Days Delinquent,Single Family,IN,76,696,84851
LN-100599,Paul Anderson,12/11/2021,12/11/2044,735000,698250,-6.52,1224,90+ Days Delinquent,Condo,NY,81,790,74606
LN-100600,Jennifer Martinez,08/19/2022,08/19/2044,562000,370920,-6.93,1733,Current,Multi Family,AL,88,793,68460
LN-100601,Daniel Harris,03/25/2022,03/25/2041,574000,361620,35.52,2164,Paid Off,Condo,GA,57,779,72518
LN-100602,,11/11/2018,11/11/2040,565000,401150,5.97,4112,30 Days Delinquent,Single Family,MO,79,730,30988
LN-100603,Lisa Anderson,03/02/2019,03/02/2042,348000,267960,5.46,4336,Paid Off,Condo,PA,67,725,55752
LN-100089,Betty Robinson,09/02/2023,09/02/2049,198000,152460,3.84,4364,Paid Off,Single Family,TN,78,777,47255
LN-100605,Paul Garcia,01/09/2020,01/09/2045,238000,197540,6.64,4101,Current,Condo,TN,74,643,38812
LN-100038,Sarah Jackson,12/20/2022,12/20/2040,618000,451140,4.71,3647,Current,Townhouse,WA,89,783,57954
LN-100607,Linda Jones,01/09/2021,01/09/2051,187000,142120,6.18,1924,Current,Townhouse,CA,74,652,62472
LN-100608,Matthew Sanchez,09/18/2019,09/18/2014,194000,176540,4.72,4261,30 Days Delinquent,Single Family,UT,62,676,20339
LN-100609,Matthew Davis,09/13/2019,09/13/2049,488000,312320,-3.57,3690,Current,Commercial,SC,68,653,92479
LN-100610,Jessica White,01/06/2022,01/06/2041,419000,318440,4.39,3050,90+ Days Delinquent,Townhouse,KY,62,738,70959
LN-100611,Andrew Jones,07/25/2020,07/25/2041,552000,463680,3.38,1900,Paid Off,Multi Family,IL,66,759,41266
LN-100612,Lisa Harris,07/26/2018,07/26/2039,590000,483800,7.18,2050,Default,Commercial,UT,58,735,31479
LN-100613,Nancy Williams,08/19/2020,08/19/2041,836000,685520,31,2824,30 Days Delinquent,Condo,AZ,70,812,46708
LN-100614,Lisa Jackson,04/06/2023,04/06/2041,649000,532180,7.31,1585,60 Days Delinquent,Condo,KY,87,675,75711
LN-100615,Donna Thomas,07/03/2023,07/03/2051,287000,238210,5.92,3302,Paid Off,Commercial,NJ,95,664,42301
LN-100616,Karen Taylor,06/13/2020,06/13/2039,422000,350260,4.75,3519,Current,Commercial,IL,76,666,48689
LN-100617,Patricia Martin,09/21/2019,09/21/2034,731000,540940,6.66,1779,Paid Off,Single Family,UT,65,663,23111
,Margaret Anderson,10/04/2022,10/04/2048,532000,494760,4.88,4444,Current,Multi Family,MO,93,633,41393
,Betty Sanchez,08/26/2020,08/26/2042,711000,611460,7.22,1801,30 Days Delinquent,Single Family,GA,64,807,53518
LN-100620,James Hernandez,04/05/2021,04/05/2042,674000,424620,5.21,3737,90+ Days Delinquent,Condo,MA,80,809,96366
LN-100621,Steven Wilson,11/18/2021,11/18/2041,272000,214880,6.61,1391,Default,Multi Family,AL,57,649,67284
LN-100622,Linda Perez,09/17/2018,09/17/2041,512000,317440,4.29,4203,Default,Multi Family,WA,70,803,35829
LN-100623,Linda Jones,04/25/2021,04/25/2040,796000,549240,29.25,3674,90+ Days Delinquent,Multi Family,NJ,89,656,22317
LN-100624,Christopher Garcia,08/26/2022,08/26/2039,514000,359800,4.74,2410,Current,Condo,AL,95,812,75276
LN-100625,,08/18/2022,08/18/2048,617000,530620,7.33,3104,60 Days Delinquent,Multi Family,OK,65,742,13731
LN-100626,Robert Taylor,02/17/2018,02/17/2013,427000,375760,4.31,2969,Default,Townhouse,IN,74,746,82886
LN-100627,Donald Lee,12/14/2021,12/14/2050,458000,439680,-4.46,3131,Default,Townhouse,NC,94,711,67546
LN-100628,Mary Ramirez,06/03/2019,06/03/2014,287000,220990,5.49,3936,90+ Days Delinquent,Multi Family,MD,92,663,36046
LN-100629,Donald Thompson,04/07/2018,04/07/2034,273000,174720,3.97,2050,Current,Condo,IN,94,756,30908
LN-100630,David Ramirez,06/01/2020,06/01/2036,171000,159030,6.95,2219,Current,Townhouse,UT,83,627,22770
LN-100631,Emily Hernandez,03/27/2019,03/27/2045,378000,234360,5.8,3158,Default,Townhouse,PA,78,732,28838
,David Lee,07/20/2018,07/20/2042,793000,681980,7.68,1759,30 Days Delinquent,Multi Family,CT,63,814,10267
LN-100633,,12/09/2020,12/09/2037,436000,292120,4.46,4431,30 Days Delinquent,Multi Family,CT,83,787,42718
LN-100634,Michelle Rodriguez,07/28/2020,07/28/2042,424000,279840,4.48,1343,60 Days Delinquent,Single Family,CO,84,641,90418
,Mary Martin,02/13/2023,02/13/2040,719000,575200,6.45,1630,Paid Off,Single Family,AL,74,806,86000
LN-100636,David Martin,11/14/2022,11/14/2047,252000,181440,7.39,3457,30 Days Delinquent,Condo,SC,66,743,75089
LN-100637,Andrew Lewis,04/22/2022,04/22/2050,835000,642950,3.62,3944,Paid Off,Condo,LA,56,815,38809
,Donna Miller,01/02/2022,01/02/2038,785000,659400,5.88,2281,90+ Days Delinquent,Single Family,CO,72,654,77882
LN-100639,Daniel Garcia,10/11/2023,10/11/2018,644000,566720,5.14,3221,Current,Single Family,NJ,86,758,18634
LN-100640,Steven Sanchez,03/05/2018,03/05/2037,366000,245220,7.62,3035,90+ Days Delinquent,Condo,IL,88,735,75556
LN-100641,Donald Taylor,06/28/2020,06/28/2039,318000,219420,3.8,4459,Paid Off,Commercial,TN,88,713,87976
LN-100642,Jennifer Lewis,11/07/2018,11/07/2044,668000,607880,5.41,2925,Default,Commercial,GA,61,732,75824
LN-100643,Thomas Wilson,04/01/2021,04/01/2046,726000,471900,4.44,2028,Default,Commercial,MN,87,646,76046
LN-100644,Kimberly Rodriguez,06/01/2019,06/01/2045,675000,465750,4.14,2226,Default,Townhouse,NC,95,656,47302
LN-100645,Thomas Williams,12/14/2021,12/14/2037,663000,464100,6.34,3226,Current,Single Family,VA,77,761,96290
,Donald Sanchez,07/26/2018,07/26/2036,459000,335070,6.03,2753,60 Days Delinquent,Townhouse,IN,56,689,32106
LN-100647,Ashley Clark,05/24/2021,05/24/2051,301000,258860,-3.77,2496,90+ Days Delinquent,Condo,SC,86,801,65133
LN-100648,James Jones,07/26/2020,07/26/2047,755000,543600,6.04,2326,90+ Days Delinquent,Townhouse,TX,68,698,52818
LN-100649,James Gonzalez,02/25/2018,02/25/2042,562000,415880,6.47,2093,Current,Commercial,FL,80,791,21914
LN-100650,Emily Harris,02/25/2023,02/25/2045,741000,666900,6.01,3231,Default,Multi Family,KY,81,670,96558
LN-100611,Karen Martin,05/26/2021,05/26/2045,525000,456750,7.56,2164,90+ Days Delinquent,Condo,PA,74,690,31683
LN-100652,Sarah Jackson,08/06/2023,08/06/2044,331000,218460,41.22,4068,30 Days Delinquent,Townhouse,OK,86,667,27452
LN-100653,Daniel Thompson,06/24/2020,06/24/2039,508000,381000,-7.73,4193,30 Days Delinquent,Single Family,NC,71,766,63455
LN-100654,,10/19/2022,10/19/2042,162000,105300,4.63,1843,30 Days Delinquent,Condo,WA,95,626,83808
LN-100655,Christopher Harris,02/01/2021,02/01/2039,783000,602910,5.74,1552,Paid Off,Townhouse,99,68,707,79924
LN-100656,Donald Harris,02/18/2018,02/18/2043,405000,368550,45.96,2116,30 Days Delinquent,Commercial,MN,70,782,63124
LN-100657,Joseph Rodriguez,06/18/2021,06/18/2049,771000,531990,5.51,2646,90+ Days Delinquent,Commercial,IL,57,712,95812
LN-100658,Kimberly Sanchez,07/09/2018,07/09/2033,839000,713150,-6.34,1255,Default,Condo,CA,86,729,14571
LN-100659,Barbara Davis,02/21/2022,02/21/2039,623000,380030,6.99,4176,30 Days Delinquent,Multi Family,UT,71,775,64895
LN-100660,Patricia Moore,04/27/2021,04/27/2042,480000,355200,6.02,3332,60 Days Delinquent,Single Family,WI,79,800,28163
LN-100661,Nancy Robinson,06/16/2019,06/16/2040,603000,524610,4.78,2811,30 Days Delinquent,Single Family,TN,93,687,31985
LN-100662,Patricia Hernandez,01/19/2021,01/19/2048,737000,633820,4.53,2487,Current,Condo,SC,95,811,95511
LN-100663,Joshua Wilson,06/14/2023,06/14/2044,226000,146900,5.74,4298,Default,Townhouse,AL,95,676,75346
LN-100664,Barbara Moore,11/04/2023,11/04/2050,333000,313020,7.57,3778,30 Days Delinquent,Condo,CO,63,819,80320
LN-100665,Patricia Perez,03/01/2021,03/01/2051,158000,123240,-7.53,3752,Current,Condo,MI,77,806,43444
LN-100666,Thomas Johnson,08/08/2022,08/08/2047,349000,331550,-6.36,4391,60 Days Delinquent,Condo,VA,92,757,53805
LN-100667,Thomas Thompson,11/23/2018,11/23/2047,164000,123000,5.05,3641,60 Days Delinquent,Townhouse,TN,91,693,45397
LN-100668,David Jones,09/14/2020,09/14/2045,499000,404190,-7.31,4235,Paid Off,Condo,MI,56,679,22360
LN-100669,Anthony Clark,05/04/2020,05/04/2046,175000,134750,-7.21,4307,Default,Townhouse,CT,78,818,48132
LN-100670,,07/09/2019,07/09/2047,463000,435220,5.35,4240,30 Days Delinquent,Commercial,IN,62,782,44876
LN-100671,Daniel Perez,05/20/2022,05/20/2043,739000,576420,7.18,2043,Current,Single Family,FL,65,635,24023
LN-100672,Linda Brown,01/05/2019,01/05/2014,808000,509040,7.69,3731,60 Days Delinquent,Single Family,FL,91,764,91949
LN-100673,Sandra Smith,06/22/2020,06/22/2037,416000,403520,6.21,3541,60 Days Delinquent,Commercial,MO,66,705,68492
LN-100674,Michael Robinson,04/20/2018,04/20/2013,233000,163100,3.44,3840,30 Days Delinquent,Condo,UT,72,737,45633
LN-100273,David Miller,01/14/2022,01/14/2050,159000,154230,5.32,4230,Current,Multi Family,MO,85,699,20772
LN-100676,Daniel Jackson,05/04/2023,05/04/2044,392000,250880,4.51,2876,30 Days Delinquent,Townhouse,FL,78,693,16289
LN-100677,Linda Perez,09/24/2023,09/24/2048,378000,260820,6.02,2642,Current,Multi Family,CO,87,784,71293
LN-100678,Charles Martin,01/11/2020,01/11/2015,569000,426750,4.38,3885,Current,Condo,GA,93,730,89680
LN-100679,Emily Clark,09/20/2020,09/20/2036,379000,242560,6.42,3619,Default,Condo,unknown,55,800,61983
LN-100680,Mary Lee,02/18/2023,02/18/2043,737000,714890,3.99,3416,60 Days Delinquent,Multi Family,PA,70,768,12837
LN-100681,Linda Sanchez,06/03/2018,06/03/2040,157000,122460,3.46,4419,30 Days Delinquent,Single Family,CO,74,775,48673
LN-100682,Margaret White,04/13/2022,04/13/2052,178000,108580,5.21,4484,60 Days Delinquent,Condo,CA,86,626,77329
LN-100683,Barbara Garcia,04/28/2023,04/28/2053,716000,630080,7.38,4430,30 Days Delinquent,Condo,AZ,66,784,71662
LN-100684,Thomas Brown,05/15/2021,05/15/2041,728000,495040,7.31,4299,90+ Days Delinquent,Commercial,PA,91,760,81050
LN-100685,James Jones,01/18/2023,01/18/2052,664000,564400,5.33,4053,30 Days Delinquent,Condo,IN,61,780,94656
LN-100686,William Anderson,06/26/2021,06/26/2038,675000,634500,5.74,4039,30 Days Delinquent,Commercial,MA,95,662,45721
LN-100687,Donna Thomas,12/24/2023,12/24/2051,742000,556500,5.65,3945,Paid Off,Single Family,CT,88,659,87446
LN-100688,Sarah Thomas,11/15/2020,11/15/2039,701000,462660,5.02,1323,Paid Off,Single Family,UT,68,788,44319
LN-100689,Thomas Smith,06/06/2020,06/06/2042,186000,167400,4.55,2944,30 Days Delinquent,Condo,MN,79,674,38581
LN-100690,Mark Ramirez,08/19/2019,08/19/2047,629000,553520,3.39,3077,Default,Townhouse,IL,76,805,83363
LN-100691,,05/02/2021,05/02/2037,182000,131040,5.61,1571,30 Days Delinquent,Townhouse,KY,79,734,23008
LN-100692,Joseph Hernandez,12/27/2022,12/27/2047,683000,669340,3.87,2663,30 Days Delinquent,Multi Family,GA,93,666,29564
LN-100693,William Martinez,10/05/2020,10/05/2036,434000,364560,5.77,3580,Default,Single Family,MA,58,788,66912
LN-100694,David White,01/27/2022,01/27/2017,848000,780160,3.93,3649,90+ Days Delinquent,Townhouse,VA,86,650,70019
LN-100695,Richard Moore,07/05/2020,07/05/2047,666000,472860,4.98,1959,60 Days Delinquent,Commercial,OR,87,654,29490
LN-100696,Kimberly Garcia,08/22/2023,08/22/2040,540000,340200,7.39,4114,60 Days Delinquent,Single Family,AZ,55,740,88178
LN-100697,Ashley Moore,12/24/2023,12/24/2046,509000,478460,4.44,2446,Paid Off,Commercial,NC,79,664,59031
LN-100698,Mark Davis,07/15/2018,07/15/2045,160000,155200,4.43,3434,90+ Days Delinquent,Multi Family,UT,84,624,50107
LN-100699,Margaret Perez,02/12/2021,02/12/2038,196000,152880,3.84,4467,30 Days Delinquent,Multi Family,MD,56,721,24758
LN-100700,Andrew Martinez,10/11/2019,10/11/2014,385000,338800,6,1597,90+ Days Delinquent,Single Family,CT,68,722,66266
LN-100701,Thomas Lewis,03/16/2023,03/16/2045,712000,647920,3.73,4129,30 Days Delinquent,Townhouse,TX,95,814,25546
LN-100702,Barbara Robinson,09/01/2018,09/01/2040,396000,376200,6.96,2589,Current,Condo,newyork,62,742,61765
LN-100703,William Thompson,04/03/2021,04/03/2042,646000,471580,4.28,2513,90+ Days Delinquent,Townhouse,MN,91,729,45938
LN-100704,Jessica Anderson,12/23/2019,12/23/2014,616000,375760,5.45,1358,60 Days Delinquent,Single Family,KY,88,677,99350
LN-100705,Daniel Martin,04/07/2022,04/07/2049,282000,267900,7.73,3361,30 Days Delinquent,Condo,NY,75,678,12806
LN-100293,Steven Jackson,12/11/2018,12/11/2045,655000,451950,6.72,1439,Paid Off,Single Family,CT,91,687,60425
LN-100707,Richard Garcia,11/17/2019,11/17/2035,443000,367690,32.8,4398,90+ Days Delinquent,Condo,MD,75,753,59337
LN-100708,Mary Lewis,11/05/2021,11/05/2050,729000,699840,5.03,4071,90+ Days Delinquent,Commercial,WI,92,660,84797
LN-100709,David Martin,01/07/2020,01/07/2036,578000,554880,41.29,3090,30 Days Delinquent,Commercial,IL,93,755,24427
LN-100710,Kimberly White,03/22/2022,03/22/2047,625000,443750,4.29,2586,90+ Days Delinquent,Townhouse,TN,95,687,77614
LN-100711,William Lee,07/10/2023,07/10/2052,849000,815040,-6.67,2005,Paid Off,Townhouse,CO,85,647,43043
LN-100712,Sandra Jackson,07/03/2023,07/03/2038,679000,488880,5.97,4051,30 Days Delinquent,Commercial,TX,71,740,36675
LN-100713,Joseph Sanchez,09/08/2019,09/08/2043,586000,404340,7.4,4427,Current,Townhouse,PA,70,776,80931
LN-100714,David Williams,11/21/2018,11/21/2038,762000,502920,7.15,3815,60 Days Delinquent,Single Family,texas,86,644,34845
LN-100715,Robert Johnson,05/13/2022,05/13/2052,726000,486420,4.61,1606,Paid Off,Multi Family,MI,57,798,62242
LN-100366,James Robinson,03/04/2021,03/04/2043,670000,656600,4.71,1626,Current,Multi Family,UT,74,625,88210
LN-100717,Andrew Lee,08/05/2023,08/05/2044,501000,395790,7.17,2654,90+ Days Delinquent,Single Family,NC,76,622,86709
LN-100365,Mark Hernandez,11/24/2020,11/24/2041,468000,388440,6.79,1890,30 Days Delinquent,Multi Family,OR,95,802,35313
LN-100719,Linda Martin,06/10/2019,06/10/2034,418000,317680,-5.65,1801,Paid Off,Condo,UT,74,796,31459
LN-100198,Anthony Wilson,06/06/2022,06/06/2041,767000,659620,5.84,2624,30 Days Delinquent,Commercial,MA,73,749,20527
LN-100721,,02/12/2023,02/12/2044,277000,166200,6.98,1918,Default,Commercial,AL,95,727,37925
LN-100722,Charles Johnson,12/28/2019,12/28/2043,653000,450570,29.1,2919,90+ Days Delinquent,Multi Family,OH,95,774,66422
LN-100723,Lisa Johnson,10/18/2021,10/18/2040,201000,138690,3.47,3369,30 Days Delinquent,Single Family,CT,94,700,84074
LN-100724,Mary Smith,10/24/2020,10/24/2044,283000,172630,42.44,3804,30 Days Delinquent,Multi Family,NJ,77,780,55305
LN-100725,David Hernandez,01/03/2019,01/03/2044,361000,270750,6.86,2308,Paid Off,Multi Family,TN,59,773,71636
LN-100726,,08/14/2018,08/14/2046,503000,412460,4.14,1745,Default,Multi Family,VA,62,678,37806
LN-100727,Jessica Williams,10/07/2018,10/07/2048,178000,108580,-6.58,2567,Paid Off,Townhouse,OH,86,812,19667
LN-100207,Sarah Hernandez,02/11/2023,02/11/2046,653000,457100,6.82,1946,30 Days Delinquent,Condo,CA,74,677,78330
LN-100729,Donna Williams,08/18/2020,08/18/2049,621000,589950,5.94,2982,Current,Single Family,OR,91,634,49494
LN-100730,Mary Garcia,09/26/2021,09/26/2051,842000,597820,5.28,1649,30 Days Delinquent,Townhouse,IL,95,820,18207
LN-100731,Daniel Williams,02/20/2018,02/20/2042,473000,463540,4.21,3819,Paid Off,Townhouse,OR,72,785,23431
LN-100732,Sarah Wilson,10/21/2022,10/21/2050,680000,496400,4.54,2732,60 Days Delinquent,Commercial,CA,84,677,44986
LN-100733,Michelle Gonzalez,11/09/2022,11/09/2041,398000,346260,3.74,4366,90+ Days Delinquent,Multi Family,AL,77,663,87074
LN-100734,James Robinson,03/10/2021,03/10/2041,580000,545200,6.19,2457,30 Days Delinquent,Single Family,LA,77,801,16630
LN-100735,Daniel Rodriguez,09/03/2022,09/03/2041,246000,147600,3.59,3252,90+ Days Delinquent,Commercial,AL,63,785,81924
LN-100736,William Wilson,05/02/2022,05/02/2017,581000,366030,6.17,1795,90+ Days Delinquent,Townhouse,CA,77,772,46985
LN-100737,Sarah Miller,07/06/2018,07/06/2045,814000,586080,5.5,2603,Paid Off,Single Family,AL,83,743,76605
LN-100738,Emily Davis,02/19/2022,02/19/2043,443000,358830,38.12,4109,Current,Commercial,NC,64,680,35427
LN-100739,Mark Smith,03/22/2021,03/22/2051,576000,437760,30.98,3023,Default,Single Family,KY,60,620,67008
LN-100740,James Ramirez,03/02/2019,03/02/2037,275000,181500,6.15,2680,30 Days Delinquent,Commercial,MO,94,773,66557
LN-100741,Mary Moore,02/19/2022,02/19/2039,656000,485440,36.95,3834,60 Days Delinquent,Condo,IN,91,751,11653
LN-100742,Karen Jackson,10/23/2019,10/23/2040,219000,183960,6.52,2565,30 Days Delinquent,Single Family,FL,55,798,16702
LN-100743,Betty Anderson,02/23/2020,02/23/2048,500000,345000,6.78,2974,Paid Off,Multi Family,OR,61,791,91210
LN-100744,Michael Robinson,11/03/2021,11/03/2044,519000,472290,7.03,3224,90+ Days Delinquent,Multi Family,GA,92,802,58162
LN-100745,James Clark,12/10/2020,12/10/2037,686000,596820,6.53,2032,Default,Townhouse,texas,62,655,91532
LN-100746,Sarah Lewis,04/23/2020,04/23/2035,609000,511560,6.73,1292,Paid Off,Multi Family,TX,94,675,12107
LN-100747,Michael Jones,02/23/2023,02/23/2043,498000,338640,3.38,3243,60 Days Delinquent,Townhouse,AL,62,647,69684
LN-100748,Richard Taylor,05/13/2021,05/13/2041,712000,619440,5.14,2015,Paid Off,Multi Family,unknown,79,714,90842
LN-100749,Kimberly Ramirez,05/24/2022,05/24/2050,174000,135720,3.95,4305,Paid Off,Commercial,MN,75,747,64568
LN-100750,Sarah Rodriguez,12/13/2019,12/13/2037,546000,502320,5.99,2387,60 Days Delinquent,Commercial,MN,89,685,42128
LN-100751,Andrew Lewis,10/25/2021,10/25/2041,824000,618000,6.18,3685,Default,Townhouse,WI,59,730,25363
LN-100752,Karen White,09/05/2021,09/05/2044,568000,420320,4.18,3251,30 Days Delinquent,Single Family,VA,58,783,81263
LN-100753,John Robinson,07/20/2023,07/20/2018,297000,267300,4.68,4178,Default,Single Family,UT,89,686,47446
LN-100754,,06/21/2023,06/21/2046,332000,312080,7.22,1433,90+ Days Delinquent,Multi Family,UT,91,681,94442
LN-100755,David Gonzalez,10/12/2020,10/12/2041,213000,174660,4.24,1292,90+ Days Delinquent,Multi Family,PA,67,642,18209
LN-100756,Mary Thomas,09/20/2022,09/20/2049,504000,357840,5.84,3818,30 Days Delinquent,Multi Family,IN,64,667,18764
LN-100757,Paul Anderson,07/15/2020,07/15/2037,228000,202920,7.54,4268,Paid Off,Condo,FL,72,671,23941
LN-100758,Joseph Gonzalez,08/13/2020,08/13/2044,520000,494000,6.57,4010,Current,Single Family,SC,90,651,69707
LN-100759,,04/20/2020,04/20/2043,217000,184450,6.13,2999,Current,Single Family,MD,81,654,17112
LN-100760,,07/22/2019,07/22/2040,379000,280460,6.4,3614,90+ Days Delinquent,Single Family,MI,62,776,42761
LN-100761,Sandra Robinson,08/05/2021,08/05/2016,213000,185310,5.58,1765,Current,Multi Family,NJ,63,747,83876
LN-100762,Linda Ramirez,11/08/2018,11/08/2044,385000,315700,6.06,2101,Default,Multi Family,NY,85,641,47102
LN-100763,James Jackson,12/08/2020,12/08/2046,570000,387600,6.69,2484,30 Days Delinquent,Single Family,NJ,66,816,37842
LN-100764,James Harris,12/28/2021,12/28/2045,563000,534850,-7.33,3679,60 Days Delinquent,Townhouse,MD,65,705,40185
LN-100765,Charles Brown,01/17/2022,01/17/2050,572000,526240,3.53,2999,30 Days Delinquent,Condo,OR,62,637,17076
LN-100766,Daniel Jackson,07/20/2023,07/20/2043,742000,690060,5.14,3262,Current,Multi Family,CT,79,819,59273
LN-100767,John Anderson,08/22/2018,08/22/2043,791000,656530,-6.31,4251,Default,Commercial,IN,85,817,14358
LN-100768,Matthew White,09/21/2023,09/21/2018,545000,359700,4.14,1346,30 Days Delinquent,Single Family,IL,86,704,54369
LN-100769,David Garcia,06/11/2022,06/11/2041,255000,229500,7.7,1835,Default,Commercial,IL,55,753,88276
LN-100770,Matthew Smith,06/03/2020,06/03/2035,644000,528080,44.94,1628,Paid Off,Commercial,CO,95,726,50071
LN-100771,Ashley Thomas,07/23/2023,07/23/2045,560000,543200,7.74,2291,Paid Off,Multi Family,99,86,820,15635
LN-100772,Patricia Jones,11/21/2021,11/21/2039,610000,536800,3.41,4065,90+ Days Delinquent,Multi Family,IL,71,775,14895
LN-100773,Joseph Lee,10/24/2019,10/24/2036,395000,268600,5.42,2804,90+ Days Delinquent,Single Family,CT,84,718,58101
LN-100774,Margaret Anderson,03/25/2022,03/25/2048,265000,238500,4.61,1310,Current,Condo,MN,62,808,69409
LN-100775,Anthony Gonzalez,03/27/2018,03/27/2042,451000,401390,36.6,2848,Paid Off,Townhouse,NC,92,637,82551
LN-100776,Joshua Moore,03/28/2019,03/28/2047,457000,365600,3.33,2709,Paid Off,Commercial,TN,55,737,89111
LN-100777,Michelle Wilson,02/09/2021,02/09/2036,157000,136590,7.31,3855,90+ Days Delinquent,Multi Family,PA,62,802,33186
LN-100685,Sarah Jackson,01/22/2021,01/22/2042,327000,245250,5.02,4065,30 Days Delinquent,Multi Family,CT,82,672,95097
LN-100779,,06/03/2018,06/03/2042,639000,555930,5.04,3835,Current,Townhouse,OR,78,666,15285
LN-100780,Michael Lee,07/11/2023,07/11/2039,527000,500650,6.86,3374,Paid Off,Townhouse,99,81,794,77428
LN-100781,Susan Martin,01/26/2021,01/26/2038,733000,674360,4.78,2687,30 Days Delinquent,Commercial,GA,88,688,42139
LN-100782,,04/09/2022,04/09/2051,687000,597690,6.22,2797,Default,Single Family,TX,70,702,95620
LN-100783,Elizabeth Thomas,02/09/2018,02/09/2045,444000,435120,5.66,1881,Paid Off,Condo,PA,64,805,99553
LN-100784,John Martin,08/03/2020,08/03/2037,567000,498960,40.85,4158,Default,Condo,TX,64,680,59038
LN-100785,Andrew Smith,09/20/2019,09/20/2037,734000,645920,-6.03,1636,Paid Off,Multi Family,IL,88,727,12537
LN-100786,Betty Perez,01/04/2021,01/04/2048,677000,453590,6.34,1228,60 Days Delinquent,Commercial,UT,92,746,27171
LN-100787,Sandra Robinson,07/13/2023,07/13/2050,342000,287280,3.41,1778,60 Days Delinquent,Townhouse,MA,67,815,73408
LN-100788,Christopher Anderson,09/13/2023,09/13/2049,654000,405480,4.25,4277,90+ Days Delinquent,Townhouse,AL,94,801,27952
LN-100789,William Smith,08/07/2023,08/07/2052,612000,434520,5.33,3910,Paid Off,Townhouse,UT,61,794,91852
LN-100790,Barbara Anderson,05/15/2023,05/15/2045,160000,137600,6.85,1437,Default,Single Family,CA,78,642,94508
LN-100791,Barbara Martin,08/26/2018,08/26/2035,646000,600780,5.54,1811,60 Days Delinquent,Condo,NY,83,661,74341
LN-100792,David Sanchez,10/18/2020,10/18/2040,632000,455040,3.28,3415,Paid Off,Multi Family,PA,70,647,58851
LN-100793,,12/28/2021,12/28/2050,328000,262400,7.68,3791,Paid Off,Townhouse,WI,61,795,28061
LN-100794,,03/10/2022,03/10/2038,562000,533900,5.89,2979,60 Days Delinquent,Commercial,FL,81,793,57064
LN-100795,Ashley Ramirez,01/17/2021,01/17/2048,720000,532800,5.42,3759,Current,Single Family,ZZ,86,665,18350
LN-100796,Thomas Clark,04/17/2021,04/17/2048,268000,201000,5.81,2837,Default,Multi Family,fl,59,674,34777
LN-100797,John Wilson,11/03/2022,11/03/2041,710000,447300,4.41,1558,30 Days Delinquent,Multi Family,MD,64,624,13987
LN-100798,Joshua Hernandez,05/01/2022,05/01/2052,197000,143810,3.98,2908,60 Days Delinquent,Commercial,CT,77,820,30291
LN-100022,Andrew Thomas,12/21/2018,12/21/2035,212000,197160,5.53,2534,60 Days Delinquent,Townhouse,SC,61,635,13851
LN-100800,Donna Taylor,05/18/2023,05/18/2041,612000,465120,5.11,3869,Default,Single Family,NY,83,800,51401
LN-100801,Matthew Taylor,07/25/2022,07/25/2046,350000,304500,3.62,3001,Paid Off,Multi Family,UT,71,756,83655
LN-100802,Robert Davis,10/24/2018,10/24/2046,814000,504680,7.19,1478,Paid Off,Townhouse,IL,92,660,36544
LN-100803,Ashley Williams,11/20/2022,11/20/2051,753000,647580,6.35,2562,Current,Single Family,WA,70,801,54858
LN-100804,Mark Martin,02/23/2021,02/23/2050,457000,287910,6.96,1401,60 Days Delinquent,Multi Family,AZ,75,757,13565
LN-100805,,05/04/2021,05/04/2039,665000,452200,4.73,3308,Paid Off,Single Family,UT,83,800,86220
LN-100806,Charles Williams,09/25/2022,09/25/2038,646000,600780,4.03,1477,Current,Condo,CT,69,791,79702
LN-100807,Charles Thomas,06/13/2022,06/13/2043,171000,159030,3.63,4158,Default,Commercial,MD,67,659,38401
LN-100808,Thomas Davis,03/14/2018,03/14/2013,455000,418600,4.73,2238,Default,Commercial,SC,75,798,30433
LN-100809,Lisa Johnson,04/27/2023,04/27/2052,488000,468480,44.61,1923,Paid Off,Townhouse,CT,90,681,48872
LN-100150,Michael Jones,08/01/2021,08/01/2037,259000,246050,4.93,3017,60 Days Delinquent,Commercial,SC,62,812,39479
LN-100811,David Brown,06/10/2020,06/10/2039,261000,253170,4.13,4342,90+ Days Delinquent,Condo,KY,74,707,48262
LN-100812,Mary Taylor,03/09/2020,03/09/2045,630000,541800,7.25,4488,Current,Single Family,OK,80,736,75481
LN-100813,Sandra Gonzalez,12/27/2018,12/27/2039,677000,528060,4.34,1801,60 Days Delinquent,Multi Family,TX,68,764,42359
LN-100814,Elizabeth Miller,11/07/2023,11/07/2045,527000,500650,5.89,1636,60 Days Delinquent,Multi Family,TN,62,791,12287
LN-100815,Paul Brown,08/24/2023,08/24/2038,599000,569050,6.72,2540,90+ Days Delinquent,Single Family,texas,82,702,69003
LN-100816,Sandra Harris,03/05/2019,03/05/2048,244000,156160,7.42,3673,Paid Off,Condo,WA,60,647,74982
LN-100817,,11/26/2021,11/26/2050,849000,594300,3.64,1331,Paid Off,Commercial,VA,84,814,74700
LN-100818,Joseph Jones,11/06/2021,11/06/2043,661000,641170,3.41,2855,Default,Townhouse,MN,59,797,32148
LN-100819,Sarah Rodriguez,02/04/2021,02/04/2037,456000,401280,3.81,4025,Default,Single Family,CT,68,814,71980
LN-100065,Donna Martinez,05/07/2019,05/07/2049,397000,369210,4.04,3776,90+ Days Delinquent,Townhouse,OK,55,815,28870
LN-100821,Steven Perez,05/14/2020,05/14/2044,342000,287280,4.94,2467,60 Days Delinquent,Multi Family,OR,74,760,90929
LN-100822,Elizabeth Rodriguez,09/22/2020,09/22/2044,745000,454450,3.68,1842,Default,Condo,MD,89,801,18734
LN-100823,Mary Thomas,11/28/2022,11/28/2047,333000,266400,3.59,3218,Default,Multi Family,TX,75,791,84423
LN-100824,Emily Davis,07/20/2023,07/20/2048,433000,372380,7.15,2509,30 Days Delinquent,Townhouse,WA,62,647,16932
LN-100825,Margaret Lopez,12/25/2023,12/25/2048,234000,184860,4.52,1390,30 Days Delinquent,Single Family,NY,57,805,67173
LN-100826,,06/21/2019,06/21/2036,224000,185920,6.68,4082,60 Days Delinquent,Multi Family,LA,80,720,10543
LN-100827,Susan Wilson,04/22/2022,04/22/2046,384000,249600,3.3,3582,60 Days Delinquent,Commercial,MI,95,714,18755
LN-100828,Joseph White,02/03/2018,02/03/2043,303000,293910,3.43,4025,Paid Off,Commercial,MD,55,661,67196
LN-100829,,07/16/2022,07/16/2049,437000,410780,5.37,1402,Default,Condo,MN,78,818,91489
LN-100830,Linda Thomas,07/23/2018,07/23/2041,226000,137860,7.68,2363,60 Days Delinquent,Single Family,TN,84,811,72474
LN-100831,Robert Johnson,08/24/2022,08/24/2050,618000,414060,3.92,3917,90+ Days Delinquent,Condo,CT,63,682,93774
LN-100832,Robert Brown,12/05/2018,12/05/2038,709000,453760,5.46,1842,Paid Off,Multi Family,MD,79,796,18573
LN-100029,Betty Rodriguez,04/01/2019,04/01/2038,196000,117600,7.25,1905,Paid Off,Townhouse,LA,85,770,23062
LN-100834,Robert White,12/04/2020,12/04/2049,784000,635040,6.03,3623,60 Days Delinquent,Multi Family,LA,66,761,95038
LN-100835,Thomas Smith,04/17/2018,04/17/2045,816000,726240,6.75,3239,30 Days Delinquent,Townhouse,NJ,61,720,84065
LN-100836,,09/10/2022,09/10/2046,749000,584220,3.75,3355,Default,Townhouse,NJ,72,716,20429
LN-100837,John Jackson,04/20/2022,04/20/2039,418000,271700,4.6,3316,Current,Condo,california,65,794,62430
LN-100838,Linda Martin,10/03/2019,10/03/2048,193000,119660,4.01,4166,60 Days Delinquent,Townhouse,VA,66,804,27202
LN-100839,Donna Lopez,11/08/2021,11/08/2044,529000,402040,4.03,3029,Default,Single Family,OR,91,735,67718
LN-100840,James Jackson,02/04/2022,02/04/2043,676000,473200,5.27,2663,60 Days Delinquent,Commercial,WA,64,652,90281
LN-100841,Linda Johnson,03/25/2019,03/25/2045,190000,123500,4.81,3694,Paid Off,Condo,CO,61,779,37558
LN-100842,Sandra Jackson,11/25/2018,11/25/2033,237000,158790,7.19,1256,90+ Days Delinquent,Townhouse,TX,67,761,78106
LN-100843,James Wilson,04/26/2022,04/26/2044,365000,281050,4.96,1877,90+ Days Delinquent,Townhouse,california,56,689,77505
LN-100844,James Thompson,02/20/2023,02/20/2048,738000,619920,3.94,3388,Default,Townhouse,IL,61,703,45422
LN-100845,Karen Martin,11/01/2022,11/01/2049,673000,471100,3.34,2735,90+ Days Delinquent,Multi Family,AZ,65,752,91392
LN-100846,,09/08/2020,09/08/2037,497000,342930,3.6,4452,60 Days Delinquent,Townhouse,OK,90,727,72932
LN-100847,Richard Ramirez,03/04/2023,03/04/2042,755000,520950,4.54,2750,90+ Days Delinquent,Townhouse,PA,95,702,74346
LN-100848,Lisa Thomas,12/13/2022,12/13/2043,517000,387750,7.25,2552,30 Days Delinquent,Townhouse,OK,74,802,10432
LN-100849,Donna Sanchez,04/19/2022,04/19/2040,690000,662400,4.24,3232,Default,Condo,TX,92,709,21811
LN-100850,Sarah Robinson,08/13/2018,08/13/2040,597000,561180,4.17,4090,60 Days Delinquent,Commercial,newyork,60,738,86952
LN-100851,John Wilson,09/13/2022,09/13/2052,289000,193630,4.93,3668,Default,Multi Family,OR,81,644,52925
LN-100852,,09/10/2023,09/10/2045,549000,499590,4.26,3267,30 Days Delinquent,Condo,NC,84,645,76683
LN-100853,,01/21/2019,01/21/2042,706000,444780,5.18,3125,30 Days Delinquent,Multi Family,CT,95,628,83797
LN-100854,Charles Moore,08/05/2023,08/05/2046,262000,212220,7.47,2432,Default,Single Family,TN,82,736,56247
LN-100855,Robert Miller,08/20/2023,08/20/2039,777000,738150,5.5,1481,90+ Days Delinquent,Multi Family,UT,81,669,97872
LN-100856,Patricia Martinez,09/20/2023,09/20/2039,799000,479400,7.65,2776,30 Days Delinquent,Single Family,AL,71,800,51692
LN-100857,,01/15/2018,01/15/2046,249000,236550,4.39,2887,30 Days Delinquent,Condo,MO,90,730,37319
LN-100644,Sandra Martin,03/24/2020,03/24/2043,287000,243950,6.84,1443,90+ Days Delinquent,Commercial,MI,57,754,15282
LN-100859,Lisa Martin,05/28/2018,05/28/2013,793000,777140,6.88,4145,30 Days Delinquent,Multi Family,CO,73,820,87196
LN-100297,Betty Robinson,08/09/2018,08/09/2039,833000,633080,5.16,2226,Default,Commercial,PA,69,772,26408
LN-100861,Jennifer Sanchez,07/02/2023,07/02/2039,393000,357630,5.63,3760,30 Days Delinquent,Multi Family,OK,57,779,89490
LN-100123,Mark Miller,10/09/2018,10/09/2039,164000,118080,6.06,3501,30 Days Delinquent,Single Family,SC,81,777,78174
LN-100863,William Smith,12/11/2019,12/11/2042,354000,215940,3.27,2556,60 Days Delinquent,Single Family,OH,94,670,53769
LN-100864,Sarah Wilson,01/16/2018,01/16/2043,223000,182860,7.01,3377,Paid Off,Commercial,WI,91,658,64926
LN-100865,John Anderson,10/01/2019,10/01/2034,643000,462960,4.11,2229,90+ Days Delinquent,Commercial,KY,81,627,95425
LN-100866,Donna Sanchez,09/22/2022,09/22/2052,281000,193890,6.05,3502,Current,Single Family,MA,79,765,84901
LN-100867,Betty Jones,07/21/2018,07/21/2042,737000,567490,3.66,2390,30 Days Delinquent,Commercial,NY,83,682,62582
LN-100868,Mark Brown,06/10/2022,06/10/2017,379000,231190,5.1,4192,Paid Off,Commercial,CT,82,654,38100
LN-100024,Joseph Ramirez,05/20/2021,05/20/2051,619000,439490,7.37,2342,30 Days Delinquent,Condo,CA,61,677,44513
LN-100870,Mark Davis,02/10/2021,02/10/2044,678000,535620,4.06,1799,Current,Condo,OR,93,801,51171
LN-100871,Daniel Taylor,07/11/2019,07/11/2034,690000,517500,5.67,2490,30 Days Delinquent,Condo,FL,94,775,23762
LN-100872,Donald Miller,09/05/2019,09/05/2035,286000,245960,4.12,3797,Default,Single Family,FL,87,769,76761
LN-100873,Michael Martin,10/27/2019,10/27/2049,730000,613200,3.46,3035,Current,Single Family,IN,77,766,15351
LN-100874,Steven Moore,05/13/2018,05/13/2038,244000,165920,5.79,4198,30 Days Delinquent,Townhouse,california,67,673,75149
LN-100875,Margaret Hernandez,04/02/2020,04/02/2040,654000,601680,6.38,2661,Default,Multi Family,NC,94,816,58788
LN-100876,Anthony Harris,03/12/2020,03/12/2050,159000,133560,5.11,1633,Paid Off,Single Family,OH,67,799,12249
LN-100877,James Lopez,04/08/2018,04/08/2035,487000,365250,6.64,3823,Current,Condo,OH,81,708,77317
LN-100878,Michelle Miller,06/16/2023,06/16/2018,588000,358680,6.99,4500,60 Days Delinquent,Commercial,NY,76,799,20082
LN-100879,Michael Thomas,02/15/2018,02/15/2048,349000,289670,4.98,3016,90+ Days Delinquent,Multi Family,TX,61,773,17959
LN-100880,Mark Wilson,06/28/2018,06/28/2036,718000,466700,4.42,2386,Default,Commercial,MD,85,717,47649
LN-100881,Anthony Sanchez,03/18/2021,03/18/2049,319000,299860,5.32,3135,Default,Commercial,MD,73,760,28720
LN-100882,Jessica Miller,03/18/2020,03/18/2039,733000,513100,7.05,1379,60 Days Delinquent,Commercial,TX,66,808,69078
LN-100883,,04/20/2020,04/20/2037,471000,442740,6.88,3649,90+ Days Delinquent,Townhouse,CA,94,794,71298
LN-100884,,02/13/2020,02/13/2048,830000,556100,4.29,1665,90+ Days Delinquent,Multi Family,WA,74,736,19313
LN-100885,William Moore,06/25/2021,06/25/2050,684000,458280,6.81,1855,90+ Days Delinquent,Condo,WA,81,728,20404
LN-100886,Barbara Lee,07/13/2023,07/13/2051,221000,152490,7.01,2257,90+ Days Delinquent,Commercial,AL,85,645,60961
LN-100631,John Lopez,01/27/2023,01/27/2044,738000,590400,4.46,1440,Default,Multi Family,NY,88,675,12455
LN-100888,Barbara Martinez,08/19/2020,08/19/2037,831000,689730,4.62,3252,Paid Off,Multi Family,newyork,87,719,68509
LN-100769,James Lewis,01/06/2018,01/06/2046,615000,553500,4.42,4388,60 Days Delinquent,Condo,TN,86,763,71899
LN-100890,Daniel Clark,07/13/2022,07/13/2017,702000,582660,6.63,2675,90+ Days Delinquent,Condo,UT,64,625,95640
LN-100891,,08/08/2022,08/08/2041,476000,295120,7.38,3051,60 Days Delinquent,Commercial,CO,81,665,13066
LN-100892,Christopher Rodriguez,02/17/2021,02/17/2044,485000,436500,4.29,3333,60 Days Delinquent,Condo,CA,90,799,76092
LN-100893,Michael Robinson,04/23/2020,04/23/2041,316000,252800,6.66,3588,60 Days Delinquent,Single Family,fl,73,643,91945
LN-100894,Jennifer Davis,02/03/2018,02/03/2034,462000,378840,4.63,3597,Paid Off,Single Family,PA,74,790,77288
LN-100164,Betty Williams,01/26/2021,01/26/2045,615000,436650,4.29,4286,Paid Off,Commercial,MA,94,690,90799
LN-100896,Paul Anderson,07/27/2020,07/27/2015,336000,245280,4.83,2425,Current,Multi Family,IN,83,805,19880
LN-100897,Susan Sanchez,05/09/2018,05/09/2036,356000,284800,7.04,3781,60 Days Delinquent,Condo,MI,74,788,88949
LN-100898,William Rodriguez,07/16/2019,07/16/2014,335000,291450,7.12,1978,Paid Off,Single Family,MN,83,720,67802
LN-100899,Michael Lee,12/16/2021,12/16/2043,398000,286560,6.36,1222,60 Days Delinquent,Condo,IL,94,715,44209
LN-100900,Linda Martin,12/21/2021,12/21/2040,492000,428040,5.01,1681,Current,Townhouse,newyork,95,727,10379
LN-100901,Thomas Williams,05/13/2019,05/13/2044,690000,538200,5.05,2919,90+ Days Delinquent,Condo,MI,78,720,23150
LN-100902,,04/01/2021,04/01/2038,337000,303300,5.36,3729,60 Days Delinquent,Townhouse,TN,65,733,12912
LN-100903,Nancy Lopez,01/02/2023,01/02/2053,602000,433440,3.31,2578,Default,Single Family,NJ,75,647,37901
LN-100904,,10/25/2022,10/25/2050,778000,676860,6.12,3187,30 Days Delinquent,Commercial,IN,76,703,73182
LN-100905,Mark Ramirez,06/11/2020,06/11/2015,656000,570720,4.32,3379,Default,Townhouse,CT,74,779,61560
LN-100906,Nancy Lee,06/08/2021,06/08/2049,723000,607320,7.46,4360,Default,Multi Family,KY,93,671,91602
LN-100907,Nancy Hernandez,12/26/2021,12/26/2051,414000,285660,3.45,1886,90+ Days Delinquent,Multi Family,MA,59,788,31701
LN-100908,Patricia Lopez,10/13/2022,10/13/2037,405000,372600,5.83,4349,Paid Off,Multi Family,IN,80,702,85450
LN-100909,Lisa Rodriguez,05/04/2018,05/04/2035,546000,393120,7.31,4372,30 Days Delinquent,Townhouse,SC,79,742,31240
LN-100910,Nancy Taylor,06/10/2019,06/10/2039,539000,474320,5.62,3270,30 Days Delinquent,Single Family,MN,73,672,92013
LN-100911,Thomas Martin,11/18/2021,11/18/2050,828000,786600,4.69,3622,90+ Days Delinquent,Multi Family,IL,81,633,85073
LN-100642,Richard Miller,05/03/2020,05/03/2050,754000,542880,4.29,3665,30 Days Delinquent,Condo,WA,74,791,47238
LN-100913,Joshua Miller,10/08/2022,10/08/2040,245000,203350,5.86,2215,90+ Days Delinquent,Multi Family,OR,72,802,71926
LN-100914,Mary Miller,11/22/2019,11/22/2039,153000,146880,4.47,2363,30 Days Delinquent,Multi Family,AZ,56,623,14005
LN-100915,Barbara Lewis,12/05/2020,12/05/2050,169000,158860,5.09,1886,Current,Condo,VA,85,697,12987
LN-100916,Lisa Lopez,12/23/2018,12/23/2046,669000,441540,7,3269,60 Days Delinquent,Condo,UT,62,773,28895
LN-100917,Mary Hernandez,05/14/2019,05/14/2039,692000,512080,6.13,2253,60 Days Delinquent,Multi Family,LA,80,702,53086
LN-100918,Ashley Rodriguez,12/10/2019,12/10/2035,333000,286380,4.11,2626,90+ Days Delinquent,Condo,OR,83,807,88527
LN-100919,David Jones,05/11/2022,05/11/2049,256000,202240,5.02,1578,Paid Off,Multi Family,OR,77,769,12456
LN-100920,Donna Rodriguez,11/01/2019,11/01/2014,322000,315560,6.96,3561,90+ Days Delinquent,Single Family,CO,76,803,16489
LN-100921,Mary Lee,11/24/2018,11/24/2013,562000,365300,4.38,2876,90+ Days Delinquent,Condo,TX,80,740,43246
LN-100792,Patricia Rodriguez,01/28/2023,01/28/2046,313000,284830,6.86,2140,Default,Townhouse,MO,76,700,15431
LN-100923,Joshua Thompson,01/04/2018,01/04/2036,711000,668340,7.32,3875,Paid Off,Townhouse,GA,89,638,73800
LN-100924,Andrew Smith,06/12/2018,06/12/2035,750000,495000,3.86,2458,Paid Off,Multi Family,NJ,92,645,61930
LN-100925,Emily Smith,11/18/2022,11/18/2043,211000,177240,5.92,3806,30 Days Delinquent,Commercial,FL,76,628,94958
LN-100737,Emily Brown,04/03/2018,04/03/2043,841000,563470,6.64,3560,90+ Days Delinquent,Single Family,TX,86,711,38942
LN-100927,Michelle Brown,05/14/2018,05/14/2045,629000,547230,4.01,2429,Current,Townhouse,IN,90,762,38146
LN-100928,William Sanchez,12/05/2023,12/05/2048,796000,589040,6.88,3228,60 Days Delinquent,Townhouse,KY,95,735,58084
LN-100929,Jessica Miller,08/20/2022,08/20/2043,660000,640200,6.32,4447,90+ Days Delinquent,Multi Family,XX,76,673,62351
LN-100930,John Harris,10/03/2022,10/03/2039,619000,476630,6.28,1689,Paid Off,Commercial,LA,67,680,45995
LN-100931,Sandra Martinez,09/26/2018,09/26/2043,385000,261800,6.03,1837,Paid Off,Commercial,NC,61,685,89048
LN-100932,Mary Harris,02/24/2019,02/24/2035,330000,207900,4.76,1973,60 Days Delinquent,Single Family,UT,90,791,87561
LN-100933,Karen Hernandez,07/21/2018,07/21/2043,320000,313600,5.3,1234,Paid Off,Condo,GA,74,674,54969
LN-100934,Joshua Johnson,06/28/2023,06/28/2046,751000,578270,4.58,3596,90+ Days Delinquent,Multi Family,WA,72,777,90388
LN-100935,Joshua Harris,10/10/2020,10/10/2039,414000,298080,6.73,3608,60 Days Delinquent,Commercial,UT,67,627,98604
LN-100936,Donna Moore,11/27/2018,11/27/2013,368000,253920,4.87,4385,90+ Days Delinquent,Multi Family,NY,64,809,40957
LN-100937,Karen Smith,03/07/2022,03/07/2050,813000,788610,7.68,3172,30 Days Delinquent,Condo,NY,65,674,78241
LN-100938,Michael Clark,12/07/2019,12/07/2014,469000,436170,5.61,3707,30 Days Delinquent,Multi Family,WA,72,647,61551
LN-100939,Charles Clark,01/21/2021,01/21/2051,419000,351960,5.02,3198,30 Days Delinquent,Single Family,OH,79,665,27867
LN-100940,Ashley Lopez,05/01/2018,05/01/2034,550000,528000,7.23,1434,Current,Commercial,SC,84,674,58577
LN-100941,Patricia Thomas,03/10/2018,03/10/2046,183000,159210,3.94,1358,60 Days Delinquent,Condo,SC,76,792,60191
LN-100907,Jessica Harris,07/20/2021,07/20/2038,487000,384730,5.85,1433,90+ Days Delinquent,Multi Family,UT,89,758,78484
LN-100943,Sandra Harris,07/17/2022,07/17/2046,411000,357570,4.28,2542,Current,Commercial,MO,83,812,65997
LN-100944,Mark Ramirez,09/12/2018,09/12/2046,682000,661540,5.6,3705,30 Days Delinquent,Multi Family,PA,87,818,75370
LN-100945,Michael Anderson,07/19/2018,07/19/2035,471000,423900,6.64,1527,Default,Townhouse,GA,66,713,27645
LN-100946,Linda Lewis,02/14/2021,02/14/2016,681000,415410,5.63,1914,Paid Off,Single Family,SC,64,637,98950
LN-100947,Paul Davis,01/08/2019,01/08/2038,478000,439760,5.87,4499,Paid Off,Townhouse,NJ,55,635,93128
LN-100948,Richard Jones,03/10/2022,03/10/2038,226000,151420,4.61,3883,60 Days Delinquent,Single Family,MI,69,754,14662
LN-100949,Betty Smith,04/18/2018,04/18/2033,840000,764400,4.33,1856,Paid Off,Townhouse,OH,58,631,78031
LN-100950,Paul Jones,02/26/2023,02/26/2044,592000,473600,5.29,1976,Default,Single Family,MI,72,710,97098
LN-100951,Betty Jones,10/17/2019,10/17/2046,781000,640420,6.99,1625,Current,Multi Family,NC,94,667,65473
LN-100952,Emily Lee,06/26/2022,06/26/2045,338000,300820,6.52,1677,90+ Days Delinquent,Multi Family,SC,56,799,48102
LN-100193,Andrew Williams,08/27/2022,08/27/2046,471000,339120,6.34,2865,Current,Single Family,TX,70,693,27105
LN-100954,Patricia Williams,02/08/2023,02/08/2043,263000,207770,3.64,1275,Current,Commercial,IN,85,769,91825
LN-100955,James Ramirez,01/06/2022,01/06/2041,561000,431970,4.44,3970,Default,Single Family,OK,86,754,48766
LN-100956,Robert Johnson,05/03/2020,05/03/2049,547000,448540,5.66,1549,Default,Townhouse,TX,90,742,82530
LN-100957,Donna Smith,01/28/2021,01/28/2016,706000,628340,4.36,1360,Default,Multi Family,SC,62,738,27095
LN-100958,Donald Williams,12/14/2019,12/14/2045,335000,201000,7.35,1420,90+ Days Delinquent,Single Family,CO,71,623,41751
LN-100959,Charles Brown,02/01/2020,02/01/2045,312000,293280,4.66,4228,60 Days Delinquent,Commercial,IN,88,719,87046
LN-100960,Betty Martinez,03/20/2018,03/20/2037,674000,647040,5.89,3499,90+ Days Delinquent,Commercial,GA,64,676,75031
LN-100961,Charles Lee,07/17/2019,07/17/2044,771000,555120,4.12,3922,90+ Days Delinquent,Townhouse,NY,66,785,21590
LN-100962,Daniel Williams,01/24/2020,01/24/2035,546000,507780,4.49,3135,Default,Single Family,WI,93,745,58475
LN-100963,Susan Jackson,10/02/2022,10/02/2041,590000,424800,5.21,1554,Paid Off,Townhouse,IL,56,720,38848
LN-100964,Andrew Lee,01/11/2023,01/11/2051,657000,499320,5.36,3477,60 Days Delinquent,Multi Family,OH,69,806,77807
LN-100322,Michelle Clark,03/24/2018,03/24/2039,732000,483120,3.72,4067,Current,Multi Family,OK,91,655,57669
LN-100966,Charles Johnson,01/26/2022,01/26/2038,436000,309560,4.71,2426,Paid Off,Single Family,SC,85,738,33472
LN-100967,Jennifer Lee,06/24/2022,06/24/2040,441000,286650,7.35,1422,30 Days Delinquent,Single Family,WI,73,804,80132
LN-100968,Anthony Smith,07/12/2019,07/12/2047,507000,365040,4.43,1419,Current,Commercial,TX,79,625,36733
LN-100969,Jennifer Garcia,01/20/2019,01/20/2036,580000,365400,6.99,2931,90+ Days Delinquent,Multi Family,MA,95,758,67773
LN-100970,Donald Gonzalez,10/22/2020,10/22/2015,715000,507650,4.83,4056,60 Days Delinquent,Multi Family,AL,74,815,62810
LN-100971,Charles Davis,07/10/2018,07/10/2035,791000,498330,5.95,4233,Default,Single Family,AL,68,739,29338
LN-100381,Michael Harris,03/26/2019,03/26/2045,834000,608820,4.45,1769,30 Days Delinquent,Condo,WA,56,720,43430
LN-100973,Robert Lewis,05/20/2021,05/20/2042,420000,382200,4.63,2755,90+ Days Delinquent,Condo,LA,64,641,74123
LN-100974,Emily Smith,12/13/2023,12/13/2046,229000,190070,6.69,1436,Paid Off,Commercial,NY,82,707,88909
LN-100975,Paul Clark,12/06/2021,12/06/2039,647000,569360,3.45,4377,Current,Condo,MA,56,676,99296
LN-100976,Andrew Davis,05/10/2022,05/10/2050,499000,459080,4.85,2797,Default,Townhouse,NY,82,686,29920
LN-100598,Matthew Garcia,03/15/2023,03/15/2050,194000,151320,7.7,2472,60 Days Delinquent,Condo,WA,66,757,99247
LN-100095,Donna Clark,09/05/2021,09/05/2046,488000,341600,3.7,1617,90+ Days Delinquent,Single Family,OK,89,658,26544
LN-100979,Sandra Lee,06/22/2023,06/22/2049,684000,430920,3.92,2937,90+ Days Delinquent,Multi Family,CA,81,694,18579
LN-100980,Christopher Perez,03/17/2021,03/17/2043,387000,270900,3.3,3323,90+ Days Delinquent,Commercial,TN,82,817,89437
LN-100981,Donna Moore,11/25/2020,11/25/2015,226000,207920,7.52,2971,30 Days Delinquent,Townhouse,NC,70,764,66041
LN-100982,Paul Hernandez,05/19/2021,05/19/2040,556000,444800,4.57,3258,Default,Multi Family,TX,55,658,60727
LN-100983,Jennifer Martinez,07/28/2018,07/28/2034,463000,319470,5.54,1642,Current,Condo,TN,85,820,27473
LN-100984,Daniel Hernandez,06/16/2019,06/16/2045,538000,425020,3.52,2091,Paid Off,Single Family,MO,75,656,38449
LN-100985,Betty Harris,03/26/2020,03/26/2048,845000,709800,7.21,1962,30 Days Delinquent,Single Family,MN,61,662,11256
LN-100986,Matthew Williams,07/17/2020,07/17/2050,320000,192000,6.31,3758,30 Days Delinquent,Townhouse,FL,67,684,15821
LN-100987,Michael Moore,10/20/2022,10/20/2046,425000,361250,6.55,3866,90+ Days Delinquent,Single Family,TX,95,738,75245
LN-100988,James Garcia,05/24/2023,05/24/2018,534000,485940,6.14,3986,Current,Single Family,IN,80,649,23293
LN-100989,David Jones,09/25/2018,09/25/2040,780000,631800,3.35,1366,60 Days Delinquent,Multi Family,CO,58,762,43115
LN-100990,Mary Miller,09/22/2020,09/22/2015,706000,628340,6.01,2078,30 Days Delinquent,Condo,CO,56,630,10592
LN-100057,David Martin,08/14/2020,08/14/2049,206000,164800,4.53,3052,Current,Commercial,FL,87,697,56556
LN-100992,Matthew Harris,03/25/2023,03/25/2043,809000,744280,3.77,3973,60 Days Delinquent,Condo,IL,60,799,19846
LN-100993,Donna Ramirez,07/19/2021,07/19/2044,388000,232800,6.34,3397,Paid Off,Single Family,AZ,62,620,76274
LN-100994,Lisa Perez,11/10/2023,11/10/2051,659000,441530,5.93,1570,60 Days Delinquent,Condo,AZ,80,739,35372
LN-100995,Michelle Martin,06/13/2018,06/13/2036,821000,533650,5.15,2160,30 Days Delinquent,Multi Family,NJ,70,635,49936
LN-100996,Donna Perez,05/12/2018,05/12/2041,158000,134300,4.44,2410,Current,Commercial,FL,78,702,66017
LN-100997,Lisa Taylor,01/22/2022,01/22/2043,697000,669120,4.38,2885,Current,Commercial,IN,69,722,53745
LN-100998,James Clark,04/26/2019,04/26/2040,733000,637710,4.45,3788,Current,Townhouse,AZ,67,756,70862
LN-100999,Lisa Taylor,09/12/2019,09/12/2044,340000,295800,7.44,1743,60 Days Delinquent,Condo,IL,86,761,91227
LN-101000,John Lopez,09/27/2023,09/27/2051,514000,364940,6.94,1674,90+ Days Delinquent,Multi Family,texas,90,691,63501
LN-101001,Barbara Jones,08/23/2020,08/23/2015,807000,718230,6.44,1367,30 Days Delinquent,Single Family,NY,83,678,92608
LN-101002,Michael Lopez,01/02/2022,01/02/2039,763000,701960,3.27,1200,60 Days Delinquent,Townhouse,OK,68,785,26314
LN-101003,Ashley Smith,01/07/2018,01/07/2046,355000,280450,6.42,2382,30 Days Delinquent,Single Family,MD,75,674,79189
LN-100801,Joshua Martinez,06/22/2022,06/22/2050,814000,740740,4.96,3935,90+ Days Delinquent,Commercial,OK,61,712,65242
LN-101005,Anthony Lee,04/25/2021,04/25/2048,847000,719950,7.19,4330,90+ Days Delinquent,Condo,WA,92,749,63107
LN-101006,Susan Taylor,04/21/2023,04/21/2043,838000,611740,4.36,4314,Current,Multi Family,MO,62,767,77631
LN-101007,Thomas Robinson,06/15/2021,06/15/2050,473000,307450,4.16,3653,Current,Single Family,california,80,725,48325
LN-101008,Kimberly Perez,08/18/2023,08/18/2050,303000,257550,7.5,3522,Current,Condo,IL,61,654,85334
LN-101009,Joseph Ramirez,04/27/2021,04/27/2047,849000,560340,4.16,1358,30 Days Delinquent,Condo,NC,92,747,99352
LN-101010,Barbara Anderson,06/01/2022,06/01/2052,378000,283500,3.31,1377,60 Days Delinquent,Condo,SC,60,705,74778
LN-101011,Thomas Sanchez,12/10/2022,12/10/2038,252000,181440,6.32,1637,Default,Townhouse,MD,67,664,37124
LN-101012,John Jones,03/18/2023,03/18/2051,322000,312340,6.79,2085,30 Days Delinquent,Commercial,MD,90,711,98016
LN-101013,Matthew Anderson,07/16/2021,07/16/2016,367000,231210,6.24,2031,Current,Multi Family,AL,93,753,80428
LN-101014,Paul Harris,10/11/2020,10/11/2046,530000,466400,7.19,4139,90+ Days Delinquent,Condo,MI,76,772,98825
LN-101015,Charles Thomas,01/06/2018,01/06/2041,594000,445500,4.65,3246,90+ Days Delinquent,Condo,PA,85,692,26885
LN-101016,Betty Robinson,10/22/2021,10/22/2016,381000,369570,3.51,3370,Default,Condo,IL,56,679,35526
LN-101017,Emily Thomas,06/11/2019,06/11/2048,621000,602370,4.69,3552,Paid Off,Townhouse,AL,88,745,92812
LN-101018,Matthew Miller,06/04/2019,06/04/2034,506000,389620,4.64,1433,Current,Single Family,99,59,767,29602
LN-101019,Joshua Harris,07/07/2023,07/07/2051,337000,269600,5.38,4057,Default,Multi Family,UT,95,771,47291
LN-101020,Matthew Ramirez,04/06/2019,04/06/2014,508000,381000,7.36,3411,Default,Townhouse,NJ,61,665,65094
LN-101021,Margaret Thompson,02/03/2018,02/03/2045,561000,375870,6.05,4282,Current,Commercial,SC,58,791,69751
LN-101022,Kimberly Anderson,03/21/2018,03/21/2047,629000,478040,7.46,2208,Paid Off,Commercial,PA,88,718,90946
LN-101023,Thomas Miller,10/25/2018,10/25/2040,772000,717960,6.22,4376,60 Days Delinquent,Single Family,fl,73,791,79685
LN-101024,Sarah Sanchez,12/23/2019,12/23/2041,469000,356440,5.24,3936,90+ Days Delinquent,Condo,AZ,66,729,47731
LN-101025,Donald White,06/11/2020,06/11/2048,213000,140580,7.42,2784,60 Days Delinquent,Townhouse,MO,57,700,75877
LN-101026,Ashley Martin,03/10/2018,03/10/2047,653000,587700,6.91,1748,60 Days Delinquent,Townhouse,OK,69,745,68344
LN-100598,Mary Robinson,03/18/2022,03/18/2048,677000,602530,3.93,2934,Default,Townhouse,TX,65,694,92415
LN-101028,Daniel Smith,01/14/2023,01/14/2046,249000,244020,3.47,3185,60 Days Delinquent,Condo,NC,86,674,60379
LN-101029,Karen Sanchez,11/16/2021,11/16/2048,376000,319600,6.78,1987,90+ Days Delinquent,Condo,NC,56,756,92326
LN-101030,Karen Smith,12/05/2023,12/05/2047,172000,104920,6.29,1314,30 Days Delinquent,Single Family,TN,58,714,68836
LN-101031,Elizabeth Perez,05/22/2020,05/22/2044,742000,652960,5.25,1472,60 Days Delinquent,Condo,XX,84,809,78397
LN-101032,Linda Davis,01/04/2023,01/04/2042,218000,185300,5.78,3102,90+ Days Delinquent,Condo,unknown,65,801,63131
LN-101033,Mark Williams,06/06/2018,06/06/2044,600000,366000,6.92,1718,Paid Off,Condo,OR,89,640,59506
LN-101034,James Moore,11/09/2018,11/09/2043,785000,698650,5.65,2583,Default,Townhouse,AZ,84,739,42380
LN-101035,Barbara Williams,07/10/2019,07/10/2038,336000,309120,6.7,2311,60 Days Delinquent,Commercial,LA,90,706,30989
LN-101036,Mary Martin,01/28/2021,01/28/2046,830000,614200,7.35,1263,Current,Commercial,OK,91,738,51978
LN-101037,Steven Anderson,07/05/2022,07/05/2039,751000,480640,7.23,2124,Default,Townhouse,XX,87,706,39946
LN-101038,Kimberly Harris,05/15/2018,05/15/2044,562000,533900,5.52,2060,Paid Off,Multi Family,WA,87,813,67267
LN-101039,Susan Sanchez,08/02/2019,08/02/2046,151000,90600,6.89,4277,Default,Townhouse,TN,65,764,71137
LN-101040,Kimberly Lopez,05/18/2023,05/18/2041,336000,315840,4.45,3497,Default,Condo,KY,89,681,32397
LN-101041,William Harris,07/01/2021,07/01/2036,757000,492050,5.56,2302,Default,Townhouse,OK,60,742,40360
LN-101042,Mark Smith,05/02/2021,05/02/2045,240000,213600,5.68,2563,Default,Condo,KY,68,684,44734
LN-101043,Mark Smith,10/09/2022,10/09/2045,761000,684900,5.31,4217,60 Days Delinquent,Condo,AL,80,678,20102
LN-101044,Kimberly Brown,10/17/2020,10/17/2040,600000,414000,3.61,3707,Current,Commercial,unknown,74,768,24159
LN-101045,Thomas Martinez,07/09/2023,07/09/2038,848000,517280,6.28,1389,Default,Condo,PA,71,639,33025
LN-101046,Margaret Harris,03/04/2020,03/04/2015,380000,361000,4.12,3813,Current,Multi Family,CT,94,639,73827
LN-101047,Linda Johnson,09/12/2022,09/12/2040,355000,305300,6.47,4035,60 Days Delinquent,Commercial,TX,76,632,60504
LN-101048,Jessica Martin,10/12/2019,10/12/2014,778000,739100,6.81,1344,30 Days Delinquent,Townhouse,AL,71,753,22922
LN-101049,Emily Williams,03/11/2022,03/11/2017,508000,411480,7.67,3469,Current,Single Family,KY,58,754,27116
LN-101050,Jessica Miller,08/22/2021,08/22/2040,738000,472320,7.66,3567,Paid Off,Commercial,AL,88,634,49299
LN-100649,Thomas Anderson,08/25/2018,08/25/2035,286000,263120,3.33,2399,Current,Commercial,LA,84,627,26964
LN-101052,Karen Taylor,03/05/2023,03/05/2048,515000,355350,6.55,3940,Current,Townhouse,WA,94,754,25116
LN-101053,Daniel Sanchez,03/01/2020,03/01/2036,830000,788500,7.12,1651,Current,Townhouse,NC,87,667,92936
LN-101054,Jennifer Martin,05/02/2022,05/02/2043,179000,168260,4.88,3286,30 Days Delinquent,Condo,SC,86,655,46738
LN-101055,Barbara Jackson,04/04/2023,04/04/2051,382000,374360,6.42,2374,Default,Townhouse,ZZ,64,744,34309
LN-101056,Paul Johnson,03/09/2021,03/09/2051,299000,260130,7.62,2230,Default,Multi Family,WI,93,734,41788
LN-101057,Richard Davis,01/06/2019,01/06/2048,483000,323610,3.44,1542,Paid Off,Commercial,XX,68,811,36561
LN-101058,Steven Harris,03/04/2022,03/04/2017,512000,358400,7.71,1765,Current,Single Family,WI,66,820,56556
LN-101059,Michael Thompson,08/01/2023,08/01/2051,301000,216720,5.37,4270,90+ Days Delinquent,Multi Family,PA,90,708,35516
LN-100448,Richard Taylor,10/04/2022,10/04/2037,683000,443950,5.34,1211,Current,Condo,IL,80,717,11225
LN-100825,Mark Clark,08/14/2021,08/14/2044,159000,131970,4.16,2784,30 Days Delinquent,Single Family,NJ,55,718,98638
LN-101062,Nancy Thompson,01/27/2018,01/27/2048,245000,227850,5.58,2467,60 Days Delinquent,Single Family,IN,55,678,78642
LN-100225,Margaret Clark,02/23/2019,02/23/2044,757000,620740,3.72,1652,Default,Commercial,MO,90,807,37596
LN-101064,Donald Martin,10/12/2021,10/12/2045,350000,266000,6.46,2671,Paid Off,Condo,CT,67,700,71482
LN-101065,Paul Sanchez,02/13/2020,02/13/2039,669000,408090,5.64,2472,Default,Multi Family,WI,73,807,35845
LN-101066,William Clark,10/07/2019,10/07/2049,642000,558540,6.54,1787,Default,Townhouse,GA,84,697,32281
LN-101067,Emily Smith,04/06/2020,04/06/2041,709000,581380,4.35,2105,60 Days Delinquent,Single Family,CO,77,717,56322
LN-101068,James Williams,07/12/2021,07/12/2049,291000,200790,7.01,2236,60 Days Delinquent,Condo,AL,85,631,36500
LN-101069,Susan Anderson,06/22/2021,06/22/2046,171000,136800,3.47,1708,Current,Townhouse,UT,91,806,34353
LN-101070,Paul White,11/26/2020,11/26/2046,605000,471900,6.28,4373,Default,Townhouse,GA,87,664,95334
LN-101071,Mary Sanchez,07/27/2018,07/27/2040,298000,208600,5.91,3669,Default,Multi Family,TX,59,818,18074
LN-101072,Thomas Thomas,07/22/2020,07/22/2040,595000,428400,5.44,1787,Default,Single Family,unknown,56,634,47663
LN-101073,Betty Sanchez,05/13/2023,05/13/2040,834000,508740,6.58,2500,60 Days Delinquent,Condo,MA,92,686,61532
LN-101074,Donald Sanchez,08/18/2018,08/18/2043,490000,318500,4.92,2291,Current,Single Family,PA,72,707,94435
LN-101075,William Garcia,08/19/2019,08/19/2045,405000,267300,4.03,3320,90+ Days Delinquent,Condo,NY,56,649,32830
LN-101076,Daniel Jones,05/19/2020,05/19/2041,795000,580350,4.87,1662,Paid Off,Condo,MA,79,712,80850
LN-101077,Thomas Miller,05/20/2020,05/20/2042,343000,219520,3.88,1358,30 Days Delinquent,Commercial,CA,95,715,60877
LN-101078,Sandra Thomas,03/05/2020,03/05/2015,664000,551120,5.64,3483,90+ Days Delinquent,Townhouse,TN,83,811,95783
LN-100568,Margaret Miller,11/10/2018,11/10/2035,166000,101260,4.09,3494,30 Days Delinquent,Single Family,AL,86,804,88860
LN-101080,Michelle Miller,10/09/2022,10/09/2044,235000,169200,4.13,1385,Paid Off,Multi Family,99,71,738,97627
LN-101081,Mary Taylor,06/07/2023,06/07/2047,521000,437640,6.16,2126,Default,Multi Family,IN,75,663,30991
LN-101082,Richard Robinson,02/05/2020,02/05/2036,579000,434250,5.94,1629,Current,Commercial,PA,76,795,62988
LN-100696,Mark Lopez,02/15/2019,02/15/2038,605000,574750,6.66,2301,Paid Off,Multi Family,MA,94,806,89519
LN-101084,Joshua Robinson,08/04/2019,08/04/2045,506000,303600,6.18,3617,Current,Single Family,GA,62,813,52269
LN-101085,Karen Lopez,03/20/2023,03/20/2053,580000,429200,6.09,1635,90+ Days Delinquent,Commercial,NC,71,733,97220
LN-101086,Jennifer Lewis,07/09/2018,07/09/2039,538000,489580,6.45,4312,Paid Off,Townhouse,UT,91,813,52299
LN-101087,Joshua Lewis,07/04/2020,07/04/2049,542000,379400,6,3759,Default,Multi Family,texas,95,775,73561
LN-101088,Lisa Jackson,07/24/2021,07/24/2043,777000,660450,6.96,1519,90+ Days Delinquent,Multi Family,NC,84,810,78731
LN-101089,Robert Jones,11/24/2021,11/24/2036,171000,128250,6.14,3093,60 Days Delinquent,Multi Family,TX,78,790,83331
LN-101090,Karen Harris,11/11/2019,11/11/2048,273000,171990,4.54,2927,Current,Townhouse,NJ,63,709,55849
LN-101091,Joseph Lee,11/15/2019,11/15/2038,186000,120900,5.05,3271,Default,Single Family,IN,67,803,27905
LN-101092,Elizabeth Clark,08/25/2023,08/25/2049,328000,308320,4.13,3799,60 Days Delinquent,Townhouse,NJ,89,738,79957
LN-101093,Charles Miller,06/13/2019,06/13/2047,228000,164160,3.39,1338,Default,Multi Family,texas,72,730,73786
LN-101094,Elizabeth Sanchez,04/08/2019,04/08/2047,799000,599250,5.21,2469,Default,Commercial,OH,71,750,76832
LN-101095,Andrew Ramirez,08/01/2019,08/01/2048,245000,196000,4.18,2997,60 Days Delinquent,Single Family,california,64,796,57582
LN-101096,Donald Smith,03/17/2023,03/17/2041,649000,610060,4.63,3657,Paid Off,Townhouse,newyork,85,780,97950
LN-101097,Patricia Johnson,10/26/2021,10/26/2043,500000,445000,6.43,3287,30 Days Delinquent,Commercial,IL,55,751,26842
LN-101098,Jennifer Clark,05/07/2018,05/07/2037,756000,483840,5.62,1500,Paid Off,Single Family,texas,74,645,10128
LN-101099,Sandra Martinez,06/06/2019,06/06/2040,420000,289800,6.1,3853,30 Days Delinquent,Commercial,OK,82,798,80827
LN-101100,Daniel Martinez,11/20/2018,11/20/2045,339000,311880,4.48,4276,60 Days Delinquent,Commercial,CO,71,650,49844
LN-101101,Elizabeth White,08/02/2019,08/02/2049,201000,186930,4.02,3846,90+ Days Delinquent,Multi Family,CA,92,742,68826
LN-101102,Andrew Martinez,11/20/2022,11/20/2038,740000,643800,7.22,2824,Paid Off,Multi Family,GA,62,757,21601
LN-101103,Patricia Clark,05/23/2021,05/23/2050,636000,502440,5.99,3271,Current,Commercial,AZ,58,685,68586
LN-101104,Christopher Ramirez,08/18/2020,08/18/2044,686000,596820,6.12,2135,30 Days Delinquent,Townhouse,CO,92,654,72297
LN-101105,William Johnson,07/25/2019,07/25/2045,324000,272160,3.63,3914,Default,Condo,WA,94,770,18026
LN-101106,Sarah White,06/18/2021,06/18/2047,469000,454930,7.49,2441,60 Days Delinquent,Townhouse,FL,82,787,89009
LN-101107,Michelle Wilson,04/11/2020,04/11/2048,591000,531900,6.68,4423,Paid Off,Commercial,AL,93,765,87117
LN-101108,William Miller,08/02/2021,08/02/2016,372000,301320,3.26,2099,Current,Condo,KY,76,669,91641
LN-101109,Lisa Ramirez,01/14/2021,01/14/2045,171000,119700,6.02,3469,90+ Days Delinquent,Commercial,AL,82,651,84229
LN-101110,Sarah Sanchez,11/07/2021,11/07/2049,263000,255110,6.17,2034,60 Days Delinquent,Single Family,UT,87,701,24428
LN-101111,Barbara Garcia,06/17/2023,06/17/2050,753000,655110,7.6,1733,30 Days Delinquent,Condo,XX,74,737,12877
LN-101112,Donald Ramirez,09/17/2020,09/17/2038,220000,169400,5.84,3099,90+ Days Delinquent,Townhouse,MN,77,685,32703
LN-101113,Susan Wilson,07/02/2023,07/02/2045,612000,514080,3.49,2513,Paid Off,Multi Family,AZ,76,801,36408
LN-101114,Richard Sanchez,01/01/2021,01/01/2036,427000,384300,5.59,3903,Default,Multi Family,LA,80,820,95331
LN-101115,James Sanchez,12/07/2022,12/07/2039,769000,630580,6.48,3943,Current,Multi Family,TN,66,703,72250
LN-101116,Margaret Perez,09/03/2020,09/03/2035,833000,691390,3.97,3049,90+ Days Delinquent,Single Family,AZ,56,656,86882
LN-101117,Ashley Smith,11/04/2022,11/04/2044,741000,718770,3.68,1473,60 Days Delinquent,Single Family,IL,78,760,46966
LN-101118,Thomas Harris,04/05/2020,04/05/2045,421000,391530,3.74,3446,90+ Days Delinquent,Multi Family,NY,76,628,71126
LN-101119,Elizabeth Clark,01/25/2020,01/25/2047,274000,252080,3.85,1503,Current,Single Family,TN,82,797,25464
LN-101120,Anthony Williams,03/12/2019,03/12/2048,422000,405120,6.88,2432,60 Days Delinquent,Multi Family,MD,87,790,78296
LN-101121,Sandra Hernandez,03/23/2019,03/23/2040,559000,374530,3.87,4225,Default,Condo,texas,81,764,69657
LN-101122,Elizabeth Sanchez,01/11/2020,01/11/2044,625000,581250,4.74,3467,30 Days Delinquent,Condo,ZZ,83,775,98094
LN-101123,Linda Garcia,05/11/2018,05/11/2036,319000,261580,6.39,1213,Current,Multi Family,LA,60,722,99725
LN-100601,Patricia Garcia,04/02/2018,04/02/2048,694000,548260,3.92,2742,Current,Single Family,OH,91,649,11903
LN-101125,David Lewis,04/15/2021,04/15/2043,680000,544000,3.59,3836,60 Days Delinquent,Single Family,MN,70,803,54294
LN-100435,Sarah Lewis,05/18/2020,05/18/2040,780000,507000,5.18,3632,30 Days Delinquent,Multi Family,WI,70,820,60111
LN-101127,Mark Clark,06/20/2023,06/20/2053,813000,747960,5.56,3791,90+ Days Delinquent,Condo,NJ,67,646,48057
LN-101125,Steven Gonzalez,12/10/2019,12/10/2040,409000,339470,7.04,4198,90+ Days Delinquent,Multi Family,TN,73,625,82917
LN-101129,Donald Lopez,04/20/2022,04/20/2049,553000,442400,3.77,3361,30 Days Delinquent,Townhouse,AZ,73,660,95931
LN-101130,Christopher Jackson,08/15/2019,08/15/2035,283000,226400,5.4,3576,90+ Days Delinquent,Commercial,NY,63,726,24633
LN-101131,James Hernandez,10/04/2023,10/04/2044,673000,625890,3.95,4493,90+ Days Delinquent,Condo,99,69,647,35489
LN-101132,Daniel Sanchez,09/12/2020,09/12/2037,557000,529150,7.68,3762,30 Days Delinquent,Commercial,KY,78,718,27333
LN-101133,James Thomas,05/27/2018,05/27/2048,153000,149940,5.85,2273,90+ Days Delinquent,Condo,GA,81,627,60049
LN-101134,Kimberly Rodriguez,09/10/2021,09/10/2044,189000,179550,3.39,2341,Paid Off,Multi Family,OH,80,799,13382
LN-100468,Sandra Ramirez,06/09/2021,06/09/2048,311000,267460,5.16,2095,Default,Townhouse,NY,79,765,69099
LN-101136,Ashley Clark,12/19/2023,12/19/2038,529000,470810,3.26,1952,Default,Condo,GA,58,788,85208
LN-101137,Robert Smith,10/15/2020,10/15/2042,590000,359900,6.29,3947,60 Days Delinquent,Multi Family,AL,84,820,61260
LN-101138,Sarah Lee,04/07/2019,04/07/2037,356000,295480,4.56,2160,Default,Commercial,OR,71,721,58182
LN-101139,Lisa Hernandez,01/27/2023,01/27/2039,182000,169260,6.49,3945,Paid Off,Multi Family,OH,78,653,99180
LN-100106,Donna Jones,03/10/2023,03/10/2040,634000,418440,3.49,2714,30 Days Delinquent,Commercial,NC,68,650,76611
LN-101141,Joseph Thomas,01/25/2022,01/25/2017,705000,493500,7.49,3098,30 Days Delinquent,Multi Family,TX,95,669,65610
LN-101142,William Davis,08/20/2023,08/20/2047,311000,289230,6.73,1454,Current,Single Family,TN,56,777,52565
LN-101143,Sarah Ramirez,11/12/2023,11/12/2042,197000,181240,5.21,2992,90+ Days Delinquent,Commercial,MI,93,668,31787
LN-101144,Margaret Taylor,06/09/2018,06/09/2039,837000,611010,7.47,1567,60 Days Delinquent,Condo,MA,81,620,87095
LN-101145,Charles Harris,11/14/2022,11/14/2047,460000,354200,7.6,3733,60 Days Delinquent,Multi Family,OH,79,630,30730
LN-101146,William Lee,08/08/2022,08/08/2052,371000,230020,5.2,3192,30 Days Delinquent,Condo,fl,67,769,90919
LN-101147,Charles Perez,03/04/2022,03/04/2050,585000,549900,5.03,3417,30 Days Delinquent,Commercial,AZ,95,639,36864
LN-101148,Nancy Williams,06/17/2019,06/17/2044,544000,413440,3.41,1958,Current,Multi Family,SC,57,721,43130
LN-100247,Karen Clark,05/09/2022,05/09/2048,577000,432750,3.42,2984,Default,Townhouse,MO,78,804,92645
LN-100571,Anthony Lee,12/01/2023,12/01/2039,740000,725200,6.19,2817,60 Days Delinquent,Condo,MI,70,745,68278
LN-101151,Linda Perez,10/07/2023,10/07/2050,829000,746100,6.71,4352,30 Days Delinquent,Condo,IN,57,659,27023
LN-101152,Karen Gonzalez,08/25/2021,08/25/2040,381000,240030,4.14,3121,Paid Off,Multi Family,LA,89,636,24665
LN-101153,Barbara Moore,04/20/2023,04/20/2039,846000,617580,5.79,2400,Paid Off,Multi Family,SC,77,783,44716
LN-101154,Michelle Wilson,01/07/2022,01/07/2049,395000,323900,3.66,1724,30 Days Delinquent,Townhouse,OR,89,659,26494
LN-101155,Andrew Lee,08/06/2019,08/06/2038,762000,647700,7.38,4221,90+ Days Delinquent,Multi Family,NC,82,648,83264
LN-101156,Kimberly Lopez,09/13/2020,09/13/2042,505000,398950,7.08,4388,Current,Multi Family,IL,75,622,34813
LN-101157,Margaret Martinez,11/27/2020,11/27/2035,774000,619200,5.95,3280,30 Days Delinquent,Commercial,CT,55,736,43554
LN-101158,David Rodriguez,04/14/2022,04/14/2048,176000,107360,5.07,3498,90+ Days Delinquent,Single Family,ZZ,66,749,60360
LN-101159,James Wilson,01/13/2020,01/13/2050,696000,661200,7,3117,90+ Days Delinquent,Commercial,99,87,801,72279
LN-101053,Donna Smith,02/25/2019,02/25/2048,619000,519960,3.41,1319,Current,Multi Family,MI,91,654,64433
LN-101161,Michelle Williams,10/28/2023,10/28/2050,839000,620860,3.52,2401,90+ Days Delinquent,Multi Family,ZZ,60,807,25047
LN-101162,Karen Robinson,08/13/2023,08/13/2040,745000,625800,3.83,3642,Paid Off,Condo,OH,57,745,31669
LN-101163,Andrew Martin,02/13/2022,02/13/2043,359000,262070,7.67,1470,90+ Days Delinquent,Townhouse,TN,83,627,43737
LN-100401,Betty Sanchez,05/18/2020,05/18/2037,434000,381920,4.01,3384,30 Days Delinquent,Condo,FL,90,672,61314
LN-101165,Ashley Lee,07/11/2018,07/11/2013,767000,559910,6.62,1962,Paid Off,Condo,OK,56,759,58737
LN-101166,Linda Johnson,06/24/2018,06/24/2013,425000,403750,4.08,2999,Current,Condo,CA,75,774,15381
LN-101167,Matthew Anderson,12/19/2021,12/19/2043,635000,393700,3.95,3855,Current,Townhouse,NJ,86,662,83287
LN-101168,John Gonzalez,05/19/2018,05/19/2038,714000,556920,6.62,2219,Current,Single Family,IL,88,623,32733
LN-101169,Mark Hernandez,04/25/2020,04/25/2038,461000,373410,6.61,4380,Current,Condo,IL,61,632,32973
LN-101170,Mark Miller,06/02/2020,06/02/2035,647000,485250,7.57,3612,30 Days Delinquent,Multi Family,OR,67,733,52106
LN-101171,Anthony Gonzalez,05/13/2018,05/13/2034,256000,235520,5.9,2764,Default,Condo,KY,72,671,91786
LN-101172,Lisa Moore,05/14/2020,05/14/2047,788000,756480,4.62,4110,30 Days Delinquent,Multi Family,NC,67,715,83980
LN-101173,Anthony Hernandez,06/04/2020,06/04/2042,275000,222750,5.54,3053,30 Days Delinquent,Commercial,california,80,705,84890
LN-100650,Thomas Harris,11/14/2019,11/14/2037,498000,313740,7.01,1822,30 Days Delinquent,Condo,KY,62,638,96600
LN-101175,Mary Wilson,01/15/2020,01/15/2039,190000,125400,4.23,3865,Current,Townhouse,AL,56,764,56255
LN-101176,Donna Taylor,03/05/2020,03/05/2035,264000,216480,5.29,2101,30 Days Delinquent,Townhouse,NC,59,766,44297
LN-101177,Sandra Martinez,01/13/2023,01/13/2051,619000,402350,4.84,3216,60 Days Delinquent,Multi Family,OK,80,637,10019
LN-101178,Christopher Jackson,10/01/2018,10/01/2039,508000,426720,5.73,1738,60 Days Delinquent,Single Family,MN,91,658,60162
LN-101179,Elizabeth Davis,04/04/2020,04/04/2041,224000,190400,6.88,2930,Paid Off,Commercial,MA,72,768,43598
LN-101180,Mary Wilson,12/10/2019,12/10/2038,152000,139840,6.77,1904,Current,Commercial,fl,82,778,68433
LN-101181,Linda Johnson,10/21/2023,10/21/2040,666000,632700,7.4,3487,Default,Commercial,OH,65,682,95582
LN-101182,Michael Thomas,01/14/2020,01/14/2047,805000,587650,6.07,3198,30 Days Delinquent,Commercial,IN,76,726,76884
LN-101183,Matthew Lopez,04/17/2019,04/17/2041,290000,226200,5.65,4473,Paid Off,Townhouse,CO,56,786,30286
LN-101184,Jennifer Martin,07/07/2021,07/07/2044,226000,158200,4.11,1229,30 Days Delinquent,Condo,OK,82,759,57692
LN-101185,Donald Smith,10/12/2021,10/12/2038,724000,651600,4.45,1345,30 Days Delinquent,Commercial,CT,93,798,51742
LN-101186,John Brown,11/07/2022,11/07/2039,193000,137030,6.3,3797,Current,Condo,OR,79,797,10770
LN-101187,John Wilson,08/10/2018,08/10/2036,381000,285750,4.3,4409,Default,Multi Family,MA,66,707,46309
LN-101188,Mary Ramirez,03/17/2020,03/17/2048,335000,237850,7.24,3945,Current,Single Family,FL,56,717,81448
LN-101189,Charles Thompson,11/28/2022,11/28/2044,404000,395920,4.74,4105,Default,Multi Family,TX,81,649,36430
LN-101190,Joshua Martin,01/06/2022,01/06/2037,338000,277160,7.34,3208,Current,Commercial,FL,94,642,24217
LN-101191,Susan Davis,05/22/2018,05/22/2036,450000,297000,6.98,2631,Current,Commercial,CA,93,704,16764
LN-101192,Donna Moore,11/20/2022,11/20/2040,519000,337350,6.79,2576,Default,Multi Family,UT,77,714,29989
LN-101193,Mary Harris,10/10/2021,10/10/2040,717000,580770,6.62,4333,30 Days Delinquent,Single Family,WA,88,665,80618
LN-100090,Sandra Jones,10/13/2022,10/13/2047,744000,610080,5.09,4266,90+ Days Delinquent,Commercial,NJ,94,701,31402
LN-101195,Kimberly Moore,11/11/2021,11/11/2036,344000,282080,7.11,2595,Paid Off,Single Family,unknown,89,630,59846
LN-101196,Matthew Garcia,03/18/2023,03/18/2044,506000,404800,4.33,1320,Default,Townhouse,OR,66,816,44214
LN-101197,Jennifer Sanchez,11/19/2020,11/19/2050,495000,485100,4.13,1616,90+ Days Delinquent,Multi Family,PA,65,744,93475
LN-101198,Nancy Brown,07/23/2022,07/23/2050,528000,443520,4.12,2116,30 Days Delinquent,Commercial,CA,72,723,75593
LN-101199,Thomas Hernandez,04/22/2020,04/22/2037,415000,369350,4.17,3714,Paid Off,Condo,IL,65,820,70199
LN-101200,Betty Harris,03/13/2022,03/13/2038,668000,467600,3.57,2696,Current,Single Family,AL,63,661,85774
LN-101201,Christopher Taylor,07/07/2021,07/07/2016,696000,431520,5.54,3735,Default,Townhouse,FL,60,728,66686
LN-101202,Kimberly Miller,11/25/2018,11/25/2036,411000,320580,5.06,2304,Current,Townhouse,UT,69,799,97340
LN-101007,Joshua Taylor,06/19/2020,06/19/2050,557000,417750,7.06,1613,Current,Townhouse,MN,84,634,32191
LN-101204,Susan Wilson,02/24/2021,02/24/2037,470000,455900,3.67,1432,30 Days Delinquent,Townhouse,AZ,70,771,51013
LN-101205,Mark Martin,07/14/2019,07/14/2040,158000,120080,5.56,3536,Default,Townhouse,PA,93,723,34164
LN-101206,Patricia Hernandez,01/25/2019,01/25/2044,470000,451200,7.72,2690,60 Days Delinquent,Single Family,NY,67,641,83289
LN-101207,Emily Lewis,05/10/2020,05/10/2040,483000,410550,4.08,2457,Paid Off,Single Family,MA,59,717,42868
LN-101208,Paul Sanchez,03/04/2022,03/04/2046,723000,491640,4.7,4027,30 Days Delinquent,Townhouse,MO,76,798,13365
LN-101209,Margaret Perez,12/16/2020,12/16/2037,290000,203000,4.92,1374,90+ Days Delinquent,Townhouse,CO,57,708,93617
LN-101210,James Lewis,05/15/2020,05/15/2015,759000,660330,7.3,1210,Current,Condo,AL,73,697,20629
LN-101211,Mary Brown,03/25/2020,03/25/2035,517000,470470,5.67,3191,30 Days Delinquent,Single Family,CT,91,789,81028
LN-101212,Sarah Moore,05/08/2021,05/08/2038,798000,646380,7.21,3692,Paid Off,Single Family,CA,76,733,84973
LN-101213,Susan Perez,11/05/2023,11/05/2053,841000,546650,5.1,2676,30 Days Delinquent,Commercial,GA,55,666,73522
LN-101214,Michelle Lopez,01/03/2020,01/03/2045,206000,168920,3.85,1237,Paid Off,Multi Family,MA,72,641,43644
LN-101215,Matthew Anderson,03/26/2018,03/26/2042,271000,200540,7.44,4494,90+ Days Delinquent,Commercial,NC,76,783,86382
LN-101216,Jennifer Miller,04/04/2023,04/04/2052,454000,299640,7.02,4290,90+ Days Delinquent,Townhouse,OH,85,664,22642
LN-101217,Lisa Jackson,05/20/2021,05/20/2051,620000,582800,3.33,1342,30 Days Delinquent,Commercial,ZZ,70,735,74844
LN-101218,Betty Lopez,02/01/2018,02/01/2043,163000,154850,3.67,3529,Paid Off,Condo,VA,79,784,97789
LN-101219,Jessica Anderson,01/06/2022,01/06/2040,240000,182400,7.37,3421,90+ Days Delinquent,Commercial,SC,74,756,13789
LN-101220,William Johnson,01/16/2023,01/16/2040,150000,130500,6.93,1255,60 Days Delinquent,Multi Family,LA,88,786,54784
LN-101221,James Lewis,11/11/2021,11/11/2039,766000,574500,7.29,3106,90+ Days Delinquent,Commercial,PA,93,696,27388
LN-101222,Thomas Martin,02/16/2021,02/16/2036,482000,414520,5.53,2954,Default,Multi Family,CT,69,668,82770
LN-101223,Linda Thompson,06/03/2023,06/03/2053,297000,285120,4.11,3313,60 Days Delinquent,Single Family,CO,64,674,65944
LN-101224,Paul Taylor,03/24/2023,03/24/2049,388000,267720,6.49,2745,90+ Days Delinquent,Commercial,NY,85,785,68396
LN-101225,Linda Lopez,05/17/2021,05/17/2016,767000,743990,3.31,4391,Paid Off,Condo,NJ,62,760,58454
LN-101226,Donald Hernandez,07/01/2023,07/01/2051,843000,716550,3.94,4013,90+ Days Delinquent,Single Family,MO,82,783,38962
LN-101227,Elizabeth Miller,09/11/2019,09/11/2041,215000,199950,6.6,3696,90+ Days Delinquent,Commercial,NY,89,797,64692
LN-101228,Robert Smith,08/14/2020,08/14/2046,411000,287700,3.98,3990,60 Days Delinquent,Commercial,OR,60,693,26794
LN-101229,Sarah Lee,06/20/2022,06/20/2038,821000,550070,6.17,3758,Default,Condo,NJ,55,686,24514
LN-101230,Steven Garcia,02/25/2018,02/25/2039,346000,283720,6.6,1825,60 Days Delinquent,Condo,NY,72,621,27077
LN-101231,Paul Brown,10/09/2018,10/09/2036,181000,166520,6.17,1746,Paid Off,Single Family,texas,94,699,20995
LN-101232,Lisa Rodriguez,05/22/2019,05/22/2040,381000,361950,4.82,3323,90+ Days Delinquent,Multi Family,KY,71,768,49505
LN-101233,Jessica Davis,08/05/2023,08/05/2051,339000,206790,5.62,1562,Current,Townhouse,MI,71,773,97511
LN-101234,Matthew Miller,08/20/2023,08/20/2018,436000,396760,6.37,2495,90+ Days Delinquent,Single Family,NJ,61,658,22656
LN-100825,Daniel Hernandez,06/07/2019,06/07/2046,261000,221850,7.38,2149,Default,Condo,WA,60,656,45168
LN-101236,John Lee,02/14/2019,02/14/2042,485000,465600,3.9,2165,90+ Days Delinquent,Multi Family,OK,87,699,77731
LN-101237,Mary Ramirez,05/10/2022,05/10/2037,331000,215150,4.22,2787,30 Days Delinquent,Multi Family,texas,84,740,88305
LN-101238,Donna Sanchez,08/19/2021,08/19/2016,449000,354710,3.43,3422,90+ Days Delinquent,Multi Family,CT,56,694,32276
LN-101239,Nancy Martin,06/21/2022,06/21/2050,306000,183600,5.98,4278,Default,Single Family,IN,65,713,18573
LN-101240,Margaret Martin,08/02/2018,08/02/2013,243000,150660,3.83,2367,30 Days Delinquent,Single Family,NY,73,675,66568
LN-101241,Steven Thompson,07/24/2021,07/24/2044,623000,411180,4.12,1311,60 Days Delinquent,Townhouse,AL,86,673,76199
LN-101242,William Perez,10/03/2018,10/03/2040,262000,209600,4.1,3608,Paid Off,Commercial,MN,55,670,96251
LN-101243,Joseph Martinez,11/18/2019,11/18/2047,361000,274360,6.97,3126,Paid Off,Multi Family,CA,64,647,70459
LN-101244,Richard Jones,10/01/2019,10/01/2039,694000,423340,4.4,2179,Default,Condo,SC,89,811,87164
LN-101245,Elizabeth Brown,07/23/2023,07/23/2053,783000,736020,6.8,4210,90+ Days Delinquent,Condo,OK,74,737,67844
LN-100061,Charles Rodriguez,02/02/2022,02/02/2037,512000,409600,6.62,2370,90+ Days Delinquent,Townhouse,AL,87,705,85597
LN-100411,Joseph Moore,10/08/2018,10/08/2038,164000,123000,6.69,2934,Current,Commercial,NY,61,679,60983
LN-101248,Betty Miller,06/06/2018,06/06/2033,371000,322770,4.23,4238,Default,Townhouse,WI,89,811,16035
LN-101249,Margaret Gonzalez,02/27/2023,02/27/2049,661000,535410,6.21,4229,60 Days Delinquent,Townhouse,NY,59,782,72931
LN-101250,Sarah White,11/09/2019,11/09/2014,439000,386320,7.66,3970,Paid Off,Townhouse,OH,82,701,47061
LN-101251,David Taylor,04/11/2021,04/11/2039,175000,157500,4.47,2677,Paid Off,Multi Family,IL,83,648,23370
LN-100015,David Thomas,10/11/2022,10/11/2037,509000,463190,4.42,2793,30 Days Delinquent,Townhouse,TN,69,727,64693
LN-101253,William Rodriguez,06/08/2020,06/08/2037,289000,187850,6.13,3231,60 Days Delinquent,Multi Family,unknown,57,802,16660
LN-101254,Robert Thomas,03/07/2023,03/07/2051,559000,413660,5.52,3083,60 Days Delinquent,Condo,CO,86,646,21574
LN-101255,Karen Taylor,06/13/2018,06/13/2041,295000,191750,5.67,2983,Default,Townhouse,MA,63,659,54615
LN-101256,Mark Williams,04/25/2019,04/25/2034,471000,381510,3.47,4386,Default,Condo,NJ,57,760,28305
LN-101257,Joshua Lee,08/02/2020,08/02/2041,527000,400520,7.04,1512,30 Days Delinquent,Commercial,VA,94,684,40977
LN-101258,Sarah Hernandez,07/18/2019,07/18/2037,169000,108160,5.34,2069,Paid Off,Single Family,AL,83,784,42265
LN-101259,Sarah Davis,08/04/2021,08/04/2048,400000,312000,3.88,2284,Default,Commercial,KY,92,674,13548
LN-101260,Jennifer Thompson,12/07/2020,12/07/2035,493000,364820,4.25,2090,Default,Single Family,LA,65,796,77268
LN-101261,Kimberly Brown,03/07/2022,03/07/2040,153000,123930,3.29,4265,90+ Days Delinquent,Condo,UT,70,645,77388
LN-101262,Patricia Johnson,02/20/2021,02/20/2038,518000,492100,7.02,1249,30 Days Delinquent,Commercial,MO,73,772,42899
LN-101263,Christopher Taylor,11/20/2022,11/20/2038,303000,227250,6.15,3131,30 Days Delinquent,Single Family,TX,87,632,69703
LN-101264,Matthew Jones,03/24/2020,03/24/2015,220000,154000,6.37,1254,Paid Off,Townhouse,MN,61,770,55233
LN-101265,Andrew Sanchez,08/06/2018,08/06/2043,466000,452020,4.26,2304,90+ Days Delinquent,Single Family,UT,60,750,98095
LN-101266,Richard Brown,02/27/2021,02/27/2047,784000,470400,7.51,3685,90+ Days Delinquent,Commercial,newyork,59,713,29595
LN-101267,Barbara Lewis,03/23/2022,03/23/2041,734000,711980,7.11,2709,Paid Off,Condo,CO,89,695,50368
LN-101268,Sandra Hernandez,09/10/2021,09/10/2042,621000,534060,3.76,2108,30 Days Delinquent,Multi Family,NJ,70,783,76895
LN-101269,Joseph Williams,04/15/2021,04/15/2040,654000,523200,5.83,4155,Default,Multi Family,MN,65,760,37847
LN-101270,Anthony Sanchez,01/22/2023,01/22/2045,372000,234360,6.39,1325,90+ Days Delinquent,Townhouse,SC,75,655,17303
LN-101271,Daniel Anderson,02/03/2020,02/03/2050,714000,685440,6.71,1312,30 Days Delinquent,Condo,PA,91,695,10497
LN-101272,John White,04/03/2020,04/03/2045,760000,585200,3.41,4119,30 Days Delinquent,Condo,AZ,67,668,57656
LN-101273,Donald White,03/13/2019,03/13/2047,720000,468000,3.83,1471,Paid Off,Commercial,NJ,60,741,14158
LN-101274,Karen Anderson,09/06/2018,09/06/2035,542000,384820,6.64,3466,Paid Off,Townhouse,texas,79,666,80650
LN-101275,Linda Wilson,10/14/2018,10/14/2037,594000,469260,6.16,4186,90+ Days Delinquent,Multi Family,WI,92,638,69988
LN-101276,Patricia Moore,03/06/2018,03/06/2042,783000,696870,4.22,3917,30 Days Delinquent,Townhouse,GA,61,801,67843
LN-101277,Michelle Johnson,08/28/2018,08/28/2043,584000,554800,7.23,3650,30 Days Delinquent,Commercial,LA,86,695,61637
LN-101278,Andrew Jones,08/16/2023,08/16/2041,650000,637000,4.44,3404,60 Days Delinquent,Commercial,CO,88,717,14720
LN-101279,Charles Gonzalez,06/14/2018,06/14/2036,256000,163840,3.92,4210,Paid Off,Commercial,MI,59,716,17575
LN-101280,Sandra Ramirez,11/11/2019,11/11/2014,643000,520830,6.28,1615,30 Days Delinquent,Commercial,WI,62,715,47115
LN-101281,Matthew Williams,08/24/2021,08/24/2016,196000,184240,7.56,3513,Current,Condo,OK,85,670,66437
LN-101282,Susan Martin,09/10/2021,09/10/2043,192000,126720,6.53,2607,90+ Days Delinquent,Condo,SC,79,622,58188
LN-101283,James Lopez,08/02/2018,08/02/2033,367000,260570,6,3705,30 Days Delinquent,Single Family,IN,62,765,61516
LN-101284,Sandra Thompson,05/15/2019,05/15/2042,618000,525300,6.15,2675,60 Days Delinquent,Condo,CO,88,797,38552
LN-101285,Anthony Hernandez,06/26/2018,06/26/2042,263000,255110,6.76,2925,90+ Days Delinquent,Condo,NY,65,718,67976
LN-101286,Joshua Sanchez,03/02/2022,03/02/2048,555000,366300,3.75,2627,60 Days Delinquent,Multi Family,GA,57,792,94101
LN-101287,Michelle Davis,01/01/2021,01/01/2050,724000,629880,6.13,3939,60 Days Delinquent,Townhouse,ZZ,83,777,37575
LN-101288,Jessica Garcia,07/22/2020,07/22/2043,350000,283500,4.47,2260,30 Days Delinquent,Commercial,FL,85,677,65524
LN-101289,Karen Smith,01/06/2020,01/06/2044,613000,472010,5.12,4311,Paid Off,Townhouse,LA,66,753,52193
LN-101290,David Ramirez,03/11/2019,03/11/2034,181000,142990,6.08,1462,60 Days Delinquent,Condo,unknown,72,688,20997
LN-101291,Daniel Garcia,07/15/2022,07/15/2047,424000,279840,3.58,2784,Paid Off,Townhouse,CT,58,721,85329
LN-101292,James Sanchez,07/23/2021,07/23/2037,589000,429970,4.68,4359,Paid Off,Commercial,99,78,686,16994
LN-101293,Donald Taylor,08/11/2020,08/11/2038,452000,339000,5.5,1481,Default,Multi Family,NY,59,745,19746
LN-101294,Lisa Gonzalez,07/09/2021,07/09/2036,707000,636300,6.83,1755,60 Days Delinquent,Multi Family,KY,91,698,80041
LN-101295,John Rodriguez,01/28/2021,01/28/2049,488000,370880,3.42,2137,Default,Single Family,SC,58,755,54463
LN-100202,Kimberly Jones,02/05/2020,02/05/2036,747000,582660,6.64,2067,Default,Single Family,NJ,95,776,49419
LN-101297,Steven Gonzalez,09/27/2018,09/27/2047,275000,165000,7.72,3110,Current,Commercial,TN,88,753,24151
LN-101298,Betty Taylor,09/18/2020,09/18/2044,444000,328560,6.74,4434,90+ Days Delinquent,Townhouse,OH,60,786,55736
LN-101299,Nancy Perez,04/19/2019,04/19/2042,592000,574240,7.22,4081,Default,Townhouse,unknown,72,767,39639
LN-101300,Michelle Thompson,05/06/2022,05/06/2017,739000,709440,6.18,1361,Default,Single Family,NJ,78,643,46825
LN-101301,Richard Hernandez,06/06/2020,06/06/2044,840000,562800,6.09,1377,Current,Commercial,WI,69,792,20087
LN-101302,Donna Wilson,12/03/2018,12/03/2047,507000,476580,4.41,3814,60 Days Delinquent,Multi Family,MN,59,678,97963
LN-100076,Daniel Jackson,10/06/2021,10/06/2046,705000,669750,4.81,3669,Current,Townhouse,MN,56,681,16511
LN-101304,Jessica Miller,09/15/2021,09/15/2039,648000,414720,3.64,1635,30 Days Delinquent,Commercial,VA,68,783,88018
LN-101305,Steven Jackson,07/18/2018,07/18/2042,164000,131200,6.39,3769,60 Days Delinquent,Townhouse,LA,78,762,47807
LN-101306,Sarah Smith,09/23/2018,09/23/2046,575000,368000,4.5,2577,Default,Townhouse,MI,62,728,10564
LN-101307,Robert Williams,08/06/2020,08/06/2047,441000,392490,5.76,3881,Default,Townhouse,CA,87,713,22198
LN-101308,Betty Taylor,01/05/2018,01/05/2042,676000,594880,6.61,1386,90+ Days Delinquent,Multi Family,OR,67,718,23913
LN-101309,Sarah Perez,09/13/2020,09/13/2049,818000,605320,7.21,4329,30 Days Delinquent,Multi Family,NC,56,646,91734
LN-101310,Linda Jackson,06/03/2023,06/03/2045,571000,393990,5.15,1990,Current,Commercial,GA,91,763,15309
LN-101311,Jennifer Brown,04/18/2021,04/18/2049,418000,271700,5.18,3079,Current,Single Family,MO,70,819,50792
LN-101312,Patricia Williams,04/06/2023,04/06/2050,664000,517920,4.76,1752,60 Days Delinquent,Condo,TX,78,805,94821
LN-101313,Thomas Rodriguez,06/05/2018,06/05/2037,346000,256040,5.23,1730,90+ Days Delinquent,Commercial,CO,85,776,76081
LN-101314,Robert White,02/20/2020,02/20/2039,237000,149310,6.75,2448,Paid Off,Condo,FL,74,674,84330
LN-101315,Donald Perez,11/05/2022,11/05/2041,766000,712380,4.31,1387,Current,Condo,LA,92,620,25966
LN-101316,John Anderson,02/22/2023,02/22/2050,331000,281350,7.53,2853,90+ Days Delinquent,Multi Family,OK,71,785,17856
LN-101317,Richard Jones,11/16/2018,11/16/2045,257000,172190,6.88,3471,Paid Off,Multi Family,FL,73,627,65329
LN-101318,Michelle Harris,06/24/2021,06/24/2043,569000,381230,6.09,1596,Default,Townhouse,MO,80,790,24528
LN-101319,Jessica Hernandez,03/12/2018,03/12/2047,218000,150420,6.76,2312,30 Days Delinquent,Commercial,MA,73,747,39878
LN-101320,Donald Gonzalez,05/13/2022,05/13/2051,583000,390610,6.39,2257,30 Days Delinquent,Townhouse,MD,84,703,66338
LN-101321,Joshua Clark,11/18/2023,11/18/2051,233000,184070,4.05,4058,30 Days Delinquent,Multi Family,WA,75,701,55606
LN-101322,Michael Thomas,01/28/2019,01/28/2040,839000,746710,4.54,2827,Paid Off,Condo,OH,66,627,16872
LN-101323,Patricia Harris,03/25/2023,03/25/2038,235000,173900,7.08,3472,Default,Single Family,NC,94,629,77681
LN-101324,Ashley Harris,08/08/2022,08/08/2017,773000,649320,5.61,3720,90+ Days Delinquent,Multi Family,AL,71,627,23626
LN-101325,Mary Garcia,08/19/2018,08/19/2037,193000,154400,4.13,1604,Default,Townhouse,LA,65,627,24030
LN-101326,Paul Robinson,12/23/2019,12/23/2044,356000,267000,6.88,4081,30 Days Delinquent,Commercial,NC,62,805,82376
LN-101327,John Hernandez,03/27/2021,03/27/2040,232000,141520,6.24,2574,Paid Off,Commercial,AL,70,627,67166
LN-100703,William Lee,05/27/2022,05/27/2047,211000,135040,7.41,2538,Current,Commercial,OR,80,708,97435
LN-101329,Donna Jones,05/20/2020,05/20/2042,329000,210560,4.36,3002,90+ Days Delinquent,Townhouse,IN,75,768,28671
LN-101330,Mark Anderson,01/14/2022,01/14/2039,620000,496000,4.5,1256,Paid Off,Multi Family,SC,62,720,81305
LN-101331,Betty Lopez,11/21/2019,11/21/2046,318000,248040,4.07,2976,60 Days Delinquent,Condo,VA,60,703,71973
LN-101332,Matthew Jackson,11/09/2019,11/09/2045,684000,526680,4.57,3269,Current,Townhouse,UT,56,817,67043
LN-101333,Jessica Perez,03/22/2020,03/22/2050,271000,252030,3.43,3869,Current,Townhouse,MO,88,665,89710
LN-101334,David Moore,08/23/2018,08/23/2045,448000,362880,7.72,1353,Paid Off,Condo,MD,60,665,92959
LN-101335,Donald Smith,02/03/2019,02/03/2037,606000,521160,5.69,3788,60 Days Delinquent,Townhouse,IN,56,743,24764
LN-101336,Paul Taylor,09/12/2018,09/12/2041,628000,533800,7.7,3990,30 Days Delinquent,Multi Family,WI,68,740,31393
LN-101337,Barbara Rodriguez,12/25/2022,12/25/2045,242000,147620,6.16,3510,Paid Off,Single Family,IL,63,738,28665
LN-101338,Michelle Rodriguez,08/23/2023,08/23/2045,428000,372360,6.82,2475,Paid Off,Single Family,NC,74,749,60630
LN-101339,Susan Brown,03/17/2022,03/17/2043,357000,239190,6.99,2756,Current,Condo,NJ,95,688,86899
LN-101340,Joshua Ramirez,11/24/2021,11/24/2042,422000,324940,3.77,2675,Current,Commercial,KY,63,623,32459
LN-101341,Emily Williams,12/25/2020,12/25/2037,362000,347520,4.49,3945,Paid Off,Multi Family,WA,73,715,22041
LN-101342,Andrew Lopez,04/20/2021,04/20/2042,165000,130350,6.13,2293,Default,Townhouse,IL,85,793,30393
LN-100779,Elizabeth Williams,02/08/2023,02/08/2053,187000,138380,4.77,2828,Current,Multi Family,KY,62,748,47788
LN-101344,Linda Brown,01/20/2018,01/20/2034,253000,225170,6.4,2553,Paid Off,Multi Family,TN,64,672,97856
LN-101345,Daniel Perez,04/14/2021,04/14/2041,222000,155400,4.14,2159,90+ Days Delinquent,Single Family,CO,68,816,84685
LN-101346,Karen Garcia,10/13/2020,10/13/2040,258000,219300,6.19,2566,Paid Off,Single Family,AZ,93,769,80034
LN-101347,Joseph Garcia,03/18/2023,03/18/2018,432000,341280,4.09,2742,90+ Days Delinquent,Condo,PA,77,789,42762
LN-101348,Michelle Sanchez,03/07/2020,03/07/2049,320000,208000,5.4,3791,Default,Condo,KY,62,676,57388
LN-101130,Michael White,09/15/2021,09/15/2043,337000,283080,5.67,2766,Paid Off,Commercial,GA,62,786,92329
LN-101350,Robert Wilson,03/12/2020,03/12/2039,753000,737940,5.16,1979,Paid Off,Condo,CA,89,706,36722
LN-101351,Steven Gonzalez,02/16/2022,02/16/2051,297000,288090,4.68,1334,60 Days Delinquent,Multi Family,OK,58,697,17117
LN-101352,Jennifer Robinson,12/15/2023,12/15/2043,569000,500720,5.17,3823,Default,Townhouse,WA,76,728,47535
LN-101326,Steven Martin,07/08/2023,07/08/2053,375000,311250,6.43,2284,Default,Condo,MI,63,639,99915
LN-101354,Andrew Clark,10/18/2022,10/18/2049,670000,643200,3.68,1413,60 Days Delinquent,Townhouse,MO,72,662,10092
LN-101355,Jessica Thomas,04/13/2020,04/13/2037,581000,424130,7.38,1682,90+ Days Delinquent,Single Family,SC,73,704,92727
LN-101356,Donald Robinson,11/07/2023,11/07/2038,839000,520180,4.41,2088,60 Days Delinquent,Condo,NC,59,739,34310
LN-101357,Sarah Rodriguez,05/21/2023,05/21/2047,187000,166430,4.27,1293,Paid Off,Multi Family,NJ,75,702,25656
LN-101358,Steven Wilson,06/21/2019,06/21/2036,732000,607560,7.32,4032,90+ Days Delinquent,Townhouse,IN,91,654,77465
LN-101359,Ashley White,08/14/2019,08/14/2041,196000,121520,5.85,3804,30 Days Delinquent,Single Family,CT,66,811,58860
LN-101360,Betty Ramirez,09/23/2018,09/23/2041,443000,363260,5.29,1992,Current,Condo,CA,86,743,62499
LN-101361,Steven Gonzalez,03/24/2023,03/24/2039,227000,163440,4.8,3985,Current,Multi Family,IN,69,753,44520
LN-101362,Thomas Harris,05/23/2019,05/23/2035,722000,476520,3.68,3129,Current,Townhouse,OR,60,744,65520
LN-101363,Joshua Jones,10/19/2021,10/19/2042,165000,117150,7.1,3781,30 Days Delinquent,Townhouse,FL,81,697,70422
LN-101364,Andrew Clark,04/05/2022,04/05/2039,702000,435240,6.62,3132,90+ Days Delinquent,Townhouse,TN,80,756,49435
LN-100502,Richard Thompson,01/28/2019,01/28/2035,194000,147440,5.2,1586,Default,Condo,OR,73,680,80828
LN-101366,Steven Thompson,08/13/2022,08/13/2044,264000,190080,5.48,1604,30 Days Delinquent,Single Family,OK,94,673,72933
LN-101367,Matthew Sanchez,11/18/2023,11/18/2042,589000,524210,7.06,4146,30 Days Delinquent,Commercial,IL,58,790,15179
LN-101368,Barbara Martinez,03/23/2021,03/23/2040,544000,326400,6.43,2509,90+ Days Delinquent,Townhouse,NY,72,812,82960
LN-101369,Joshua Johnson,01/27/2020,01/27/2038,610000,573400,4.8,3544,Paid Off,Multi Family,SC,70,751,68179
LN-101370,David Rodriguez,04/27/2022,04/27/2039,216000,153360,6.93,3725,60 Days Delinquent,Multi Family,MN,71,793,98041
LN-101371,Robert White,08/27/2019,08/27/2043,328000,291920,4.6,3598,90+ Days Delinquent,Multi Family,VA,81,779,15035
LN-101372,Thomas Harris,05/23/2021,05/23/2040,780000,748800,3.49,3311,Current,Commercial,PA,94,797,91460
LN-101373,Susan Martinez,09/01/2022,09/01/2049,698000,684040,7.2,2449,60 Days Delinquent,Commercial,AZ,74,632,58220
LN-101374,Thomas White,09/26/2021,09/26/2044,519000,425580,4.42,2251,60 Days Delinquent,Commercial,MN,92,761,24874
LN-101375,Michelle Martin,03/27/2020,03/27/2015,799000,575280,5.98,4126,60 Days Delinquent,Single Family,CT,59,719,18539
LN-101376,Daniel Perez,06/06/2022,06/06/2051,517000,310200,5.31,3714,90+ Days Delinquent,Multi Family,VA,59,788,20114
LN-101377,Paul Lopez,11/07/2019,11/07/2037,437000,319010,7.41,2804,Paid Off,Townhouse,OR,66,688,39182
LN-101378,Joshua Taylor,04/20/2018,04/20/2044,619000,377590,6.33,2685,60 Days Delinquent,Single Family,GA,86,793,27238
LN-101379,Donna Robinson,02/14/2018,02/14/2047,313000,203450,5.43,1628,30 Days Delinquent,Multi Family,GA,76,731,68643
LN-101380,Andrew Davis,05/25/2021,05/25/2042,717000,616620,5.51,2608,Current,Commercial,CO,80,737,12421
LN-100186,Barbara Hernandez,05/18/2019,05/18/2040,219000,137970,6.05,1976,60 Days Delinquent,Townhouse,OH,68,640,91557
LN-101382,Donna Clark,03/04/2020,03/04/2041,419000,276540,6.49,2920,Paid Off,Condo,CA,86,708,24499
LN-101383,Donna Hernandez,09/26/2023,09/26/2018,557000,401040,4.1,2852,30 Days Delinquent,Multi Family,IL,57,806,64152
LN-101384,James Lopez,06/17/2023,06/17/2018,367000,289930,3.98,4049,90+ Days Delinquent,Condo,PA,67,819,53289
LN-101385,Sandra Hernandez,03/20/2018,03/20/2040,468000,416520,7.15,1718,90+ Days Delinquent,Townhouse,MA,82,733,35787
LN-101386,Mary Moore,09/02/2023,09/02/2052,215000,199950,6.07,4412,Default,Commercial,WA,72,650,71509
LN-101387,Patricia Lopez,05/28/2018,05/28/2033,456000,405840,7.22,4477,30 Days Delinquent,Single Family,NJ,88,638,89149
LN-101388,Robert Johnson,11/13/2023,11/13/2047,710000,539600,5.47,1272,60 Days Delinquent,Single Family,IN,92,654,89845
LN-101389,Lisa Robinson,02/27/2021,02/27/2016,624000,574080,3.97,2794,Paid Off,Multi Family,MN,86,656,71789
LN-101390,Lisa Taylor,01/13/2021,01/13/2050,560000,420000,5.58,3658,30 Days Delinquent,Multi Family,UT,66,627,16666
LN-101391,John Thompson,03/19/2019,03/19/2014,243000,194400,7.71,2513,30 Days Delinquent,Condo,LA,56,720,83774
LN-101392,Robert Thompson,02/16/2023,02/16/2049,369000,309960,3.51,4488,60 Days Delinquent,Single Family,MA,55,712,72310
LN-101393,Elizabeth Sanchez,10/23/2019,10/23/2045,370000,229400,7.7,2334,60 Days Delinquent,Townhouse,KY,59,789,60804
LN-101394,Daniel Lopez,12/28/2019,12/28/2048,601000,474790,5.17,2856,30 Days Delinquent,Townhouse,CT,70,702,59856
LN-101395,Joseph Davis,01/20/2021,01/20/2037,574000,510860,4.66,3125,Paid Off,Condo,IL,94,729,54227
LN-100613,Patricia Martinez,04/07/2023,04/07/2053,468000,290160,3.69,1956,90+ Days Delinquent,Commercial,OR,62,684,40627
LN-101397,Michelle Gonzalez,01/14/2020,01/14/2035,668000,581160,6.34,3804,90+ Days Delinquent,Condo,MI,74,753,85139
LN-101398,Betty Johnson,11/13/2020,11/13/2040,839000,763490,6.78,3982,90+ Days Delinquent,Condo,OH,83,653,98251
LN-101399,James White,05/28/2018,05/28/2035,237000,225150,4.08,1606,Paid Off,Single Family,PA,89,797,17542
LN-101400,Ashley Williams,05/07/2020,05/07/2039,378000,332640,5.97,4112,Current,Condo,NY,69,800,36173
LN-101401,Mary Jones,03/23/2022,03/23/2052,177000,164610,6.25,2487,Current,Single Family,NC,67,676,93892
LN-101402,Steven White,11/14/2018,11/14/2042,190000,171000,6.91,1968,Default,Multi Family,CA,58,666,45132
LN-101403,Mark Moore,08/20/2022,08/20/2050,699000,461340,4.95,2986,Paid Off,Commercial,CA,90,641,29068
LN-100676,Daniel Moore,06/16/2019,06/16/2035,712000,548240,6.35,3005,30 Days Delinquent,Single Family,NJ,62,685,81109
LN-101405,Jessica Hernandez,09/05/2021,09/05/2045,677000,446820,4.63,2363,30 Days Delinquent,Multi Family,UT,68,796,71987
LN-101406,Mary Smith,04/17/2021,04/17/2049,192000,163200,4.83,2307,60 Days Delinquent,Multi Family,VA,65,806,33247
LN-101407,Margaret Perez,03/28/2021,03/28/2044,265000,251750,6.41,1431,Current,Single Family,IL,72,703,89532
LN-101408,Christopher Martinez,06/16/2022,06/16/2049,216000,140400,6.51,2070,60 Days Delinquent,Single Family,KY,86,706,43799
LN-101409,Jennifer Robinson,10/05/2020,10/05/2043,279000,262260,6.61,3538,Current,Single Family,WI,94,744,98537
LN-101410,William Hernandez,06/19/2023,06/19/2043,188000,161680,4.35,3253,60 Days Delinquent,Condo,GA,77,756,67776
LN-101411,Linda Hernandez,10/25/2018,10/25/2038,736000,669760,4.06,3019,30 Days Delinquent,Single Family,OH,64,722,85384
LN-101412,Patricia Jones,01/12/2019,01/12/2039,340000,248200,4.16,3609,Default,Condo,IL,60,728,22171
LN-101413,Matthew Thomas,07/08/2018,07/08/2033,548000,416480,3.86,3995,60 Days Delinquent,Townhouse,TX,66,718,56476
LN-101414,Sandra Sanchez,03/17/2020,03/17/2041,700000,560000,4.83,4243,Default,Single Family,KY,78,790,45221
LN-100725,Sarah Davis,11/24/2021,11/24/2049,524000,366800,5.55,4095,Default,Single Family,OR,68,806,47291
LN-101416,Jennifer Davis,12/15/2023,12/15/2039,837000,719820,4.86,1625,Paid Off,Single Family,WI,78,632,78548
LN-101417,Jessica Davis,12/12/2022,12/12/2043,417000,400320,5.65,1735,Paid Off,Multi Family,LA,95,719,12873
LN-101418,Daniel Garcia,12/25/2022,12/25/2045,295000,236000,6.62,2885,Default,Multi Family,MN,93,764,71039
LN-101419,Joseph Lee,06/14/2021,06/14/2049,183000,173850,3.55,3081,Current,Multi Family,CA,95,710,22556
LN-101217,Linda Davis,06/03/2020,06/03/2040,562000,517040,4.73,3965,Paid Off,Condo,MA,92,744,95189
LN-101421,Steven Robinson,12/13/2018,12/13/2039,221000,154700,5,3520,Current,Multi Family,NJ,90,799,30070
LN-101422,John Martinez,10/17/2022,10/17/2039,532000,383040,7.39,1512,30 Days Delinquent,Condo,NJ,60,674,62429
LN-101423,Robert Hernandez,10/20/2022,10/20/2045,621000,385020,3.72,1653,Paid Off,Townhouse,AL,76,752,28400
LN-101424,David Taylor,11/04/2020,11/04/2047,552000,369840,5.89,2508,Current,Condo,FL,55,749,54673
LN-101425,Thomas Smith,05/05/2019,05/05/2043,305000,216550,6.84,3367,60 Days Delinquent,Multi Family,MN,58,629,90668
LN-101426,Mark Martin,02/03/2018,02/03/2048,651000,592410,4.71,3930,90+ Days Delinquent,Townhouse,KY,77,791,44113
LN-101427,Matthew Ramirez,12/10/2018,12/10/2036,176000,170720,7.23,2899,Paid Off,Townhouse,WA,69,705,30052
LN-101428,William Jones,01/26/2022,01/26/2050,195000,167700,7.56,2260,30 Days Delinquent,Multi Family,OH,75,625,95482
LN-101429,Joseph Martinez,09/22/2018,09/22/2034,464000,334080,7.75,2540,Paid Off,Multi Family,AL,58,774,80465
LN-101430,Steven Robinson,12/20/2023,12/20/2047,788000,480680,6.55,3174,Paid Off,Condo,OR,66,718,47355
LN-101431,Linda Hernandez,07/22/2021,07/22/2040,231000,196350,6.4,2549,Default,Townhouse,GA,82,655,90416
LN-101432,Sarah Ramirez,09/09/2020,09/09/2049,179000,118140,5.02,3977,Paid Off,Condo,WI,84,769,97762
LN-101433,Emily Clark,05/26/2018,05/26/2040,345000,282900,4.89,4314,Paid Off,Townhouse,NY,62,787,52719
LN-101434,Steven Jackson,01/28/2021,01/28/2044,212000,146280,4.97,4307,Current,Commercial,OR,69,722,26206
LN-101435,Mary Garcia,07/02/2021,07/02/2038,759000,554070,4.16,3385,Current,Single Family,OK,63,657,31789
LN-101345,Paul Gonzalez,08/05/2023,08/05/2038,548000,438400,3.87,3140,30 Days Delinquent,Commercial,TN,95,654,98223
LN-100929,Matthew Harris,04/20/2018,04/20/2034,695000,569900,7.39,1589,Default,Single Family,KY,55,748,45748
LN-101438,Margaret Anderson,09/22/2022,09/22/2045,792000,673200,5.93,1797,Default,Single Family,PA,63,709,29117
LN-101439,Emily Thompson,12/06/2023,12/06/2042,720000,576000,3.71,3848,90+ Days Delinquent,Condo,TN,91,690,51447
LN-101440,Kimberly Lopez,06/25/2023,06/25/2042,553000,508760,5.35,1905,90+ Days Delinquent,Commercial,CT,77,627,17215
LN-101441,Sarah Sanchez,02/21/2023,02/21/2043,455000,414050,5.27,2741,Default,Multi Family,MN,72,759,19811
LN-101442,Emily Thomas,10/22/2021,10/22/2044,328000,278800,5.39,2978,Current,Single Family,GA,86,779,18623
LN-101443,Sarah Hernandez,06/02/2022,06/02/2040,674000,478540,6.5,4302,Current,Townhouse,NJ,94,745,16872
LN-101444,Michael Garcia,05/28/2022,05/28/2042,169000,111540,7.7,3536,Default,Condo,SC,91,676,48659
LN-101445,Sarah Thompson,03/27/2020,03/27/2040,687000,446550,5.28,3427,Current,Single Family,FL,94,810,73977
LN-101446,John Martin,06/25/2022,06/25/2049,529000,497260,3.39,4478,Current,Townhouse,NY,74,712,14287
LN-101447,David Martinez,10/01/2022,10/01/2048,383000,260440,5,2447,90+ Days Delinquent,Single Family,NC,57,633,68253
LN-101448,Mary Sanchez,08/10/2019,08/10/2038,751000,570760,3.87,3519,Current,Commercial,MN,89,758,90143
LN-101449,Richard Wilson,07/20/2019,07/20/2036,805000,652050,6.9,3235,30 Days Delinquent,Multi Family,OR,61,634,93252
LN-101450,Ashley White,09/22/2022,09/22/2050,789000,702210,7.43,3149,Paid Off,Multi Family,CA,67,702,86245
LN-101451,Susan Davis,12/16/2018,12/16/2046,278000,177920,6.59,1879,Paid Off,Townhouse,CO,73,630,90511
LN-101452,Linda Lewis,10/18/2023,10/18/2046,604000,501320,4.21,3003,Current,Condo,AZ,75,647,13452
LN-101453,John Ramirez,12/09/2023,12/09/2050,259000,235690,4.3,2902,90+ Days Delinquent,Condo,MI,77,757,43771
LN-101454,Michelle Martin,07/05/2021,07/05/2036,194000,170720,6.8,1603,Current,Condo,OR,63,754,85139
LN-101455,Charles Sanchez,01/03/2019,01/03/2047,318000,311640,3.48,2335,Default,Multi Family,NY,57,815,42600
LN-101456,Karen Brown,09/09/2022,09/09/2044,683000,471270,6.88,4017,30 Days Delinquent,Commercial,UT,60,814,19095
LN-101457,Charles Thomas,08/20/2020,08/20/2048,345000,289800,3.88,3133,90+ Days Delinquent,Condo,AZ,95,621,26693
LN-101458,Charles Gonzalez,06/25/2019,06/25/2038,166000,156040,4.95,3268,Current,Single Family,UT,83,623,93739
LN-101459,Steven Anderson,07/01/2018,07/01/2035,634000,589620,5.87,2416,90+ Days Delinquent,Single Family,NY,61,670,37327
LN-101460,David Thomas,11/02/2021,11/02/2039,634000,532560,6.3,2500,60 Days Delinquent,Multi Family,OH,67,650,17980
LN-101461,Donna Rodriguez,10/05/2023,10/05/2042,726000,442860,6.28,2159,60 Days Delinquent,Single Family,SC,59,668,82591
LN-101462,Lisa Harris,09/21/2019,09/21/2038,557000,362050,3.39,3462,30 Days Delinquent,Single Family,KY,79,780,55242
LN-101463,Betty Wilson,05/10/2021,05/10/2043,168000,127680,5.31,3739,60 Days Delinquent,Single Family,MN,55,699,74283
LN-101464,Paul Brown,01/03/2022,01/03/2040,313000,241010,6.98,3125,60 Days Delinquent,Townhouse,PA,91,649,61768
LN-101465,Charles Wilson,11/26/2018,11/26/2038,672000,510720,5.22,3197,Paid Off,Multi Family,MO,82,633,51637
LN-101466,Michael Johnson,09/19/2021,09/19/2045,829000,596880,6.33,3807,90+ Days Delinquent,Multi Family,GA,79,709,61367
LN-101467,Ashley Martin,11/24/2019,11/24/2039,524000,393000,3.43,2494,90+ Days Delinquent,Townhouse,OH,85,731,24257
LN-101468,Sarah Anderson,12/04/2018,12/04/2034,842000,614660,6.38,3358,Paid Off,Single Family,AZ,93,658,20040
LN-101469,Andrew Rodriguez,08/12/2022,08/12/2042,263000,234070,6.63,1564,60 Days Delinquent,Single Family,NY,79,776,86810
LN-101470,Michael Thomas,05/08/2021,05/08/2042,814000,708180,5.05,4028,30 Days Delinquent,Commercial,NJ,95,658,51825
LN-101471,Margaret Lewis,03/27/2021,03/27/2049,727000,567060,6.02,1294,60 Days Delinquent,Multi Family,IL,60,724,84732
LN-101472,Michael Clark,02/10/2022,02/10/2049,560000,442400,3.47,1769,Current,Single Family,WI,77,726,11527
LN-101473,William Thomas,08/09/2022,08/09/2039,300000,285000,3.7,1915,30 Days Delinquent,Commercial,OK,70,754,40712
LN-101474,Emily Martinez,11/19/2020,11/19/2042,662000,403820,3.74,1478,90+ Days Delinquent,Commercial,SC,62,676,23473
LN-101475,David Perez,12/03/2023,12/03/2047,532000,468160,7.67,1396,Paid Off,Commercial,MO,58,679,34615
LN-101476,Christopher Rodriguez,02/07/2022,02/07/2044,230000,207000,6.99,2879,90+ Days Delinquent,Townhouse,WI,87,638,44131
LN-101477,Betty Jones,02/24/2020,02/24/2045,322000,289800,6.66,4065,Paid Off,Multi Family,OR,85,794,76949
LN-101102,Charles Thomas,12/21/2020,12/21/2049,409000,306750,7.67,3132,Current,Condo,IL,77,651,17965
LN-101479,Michelle Taylor,05/04/2022,05/04/2039,366000,336720,6.45,3739,90+ Days Delinquent,Single Family,MN,79,716,17022
LN-101480,James Harris,11/10/2021,11/10/2046,697000,683060,7.26,3103,60 Days Delinquent,Condo,LA,88,730,73417
LN-101481,Sandra White,11/23/2023,11/23/2040,158000,143780,6.39,3467,Default,Commercial,MD,93,719,25971
LN-101482,Anthony Davis,05/28/2018,05/28/2034,299000,263120,4.79,4457,Default,Condo,PA,68,702,59033
LN-101483,Charles Brown,12/25/2019,12/25/2040,529000,491970,5.77,2047,Paid Off,Multi Family,SC,89,692,60079
LN-101484,Daniel Johnson,07/28/2020,07/28/2038,842000,530460,4.06,2538,Paid Off,Multi Family,OR,95,796,97396
LN-101485,Christopher Jackson,07/21/2022,07/21/2037,527000,442680,7.52,3114,60 Days Delinquent,Condo,WA,88,680,77402
LN-101486,Paul Williams,11/13/2019,11/13/2036,503000,482880,6.55,4079,30 Days Delinquent,Multi Family,FL,64,820,91765
LN-100105,Christopher Martinez,06/15/2019,06/15/2036,441000,269010,4.21,2441,90+ Days Delinquent,Multi Family,CT,56,785,44940
LN-101488,Joshua Garcia,09/11/2020,09/11/2044,751000,450600,6.5,3687,30 Days Delinquent,Condo,FL,68,726,17273
LN-101489,Ashley Sanchez,07/26/2022,07/26/2037,615000,492000,7.73,1969,90+ Days Delinquent,Townhouse,WA,92,662,49810
LN-101490,John Lewis,07/24/2021,07/24/2044,789000,662760,3.58,3011,90+ Days Delinquent,Townhouse,OR,84,781,43782
LN-101491,James Johnson,09/01/2018,09/01/2044,174000,165300,7,3352,60 Days Delinquent,Single Family,IN,92,780,73278
LN-101492,Patricia Rodriguez,05/05/2018,05/05/2046,234000,205920,4.07,3713,Current,Condo,UT,67,630,24195
LN-101493,Barbara Thompson,01/02/2021,01/02/2044,435000,343650,5.71,4441,90+ Days Delinquent,Townhouse,LA,58,761,92737
LN-101494,Steven Moore,09/13/2019,09/13/2037,726000,464640,4.38,3680,Default,Commercial,GA,88,629,62272
LN-101495,Steven Martin,05/13/2020,05/13/2043,156000,145080,3.37,3918,30 Days Delinquent,Multi Family,MI,68,699,28197
LN-101496,Richard Thomas,07/20/2019,07/20/2048,468000,299520,5.53,4304,Paid Off,Single Family,OR,80,766,72252
LN-101497,Nancy Garcia,01/28/2019,01/28/2045,595000,458150,7.12,4408,Current,Commercial,IN,84,820,15318
LN-100415,Susan Sanchez,09/24/2018,09/24/2033,591000,525990,3.74,1470,30 Days Delinquent,Commercial,NC,84,639,28647
LN-101499,Kimberly Williams,03/22/2019,03/22/2039,408000,330480,3.75,4131,Paid Off,Single Family,FL,77,795,52943
LN-101500,Robert Lopez,03/21/2022,03/21/2042,594000,427680,4.17,2967,Default,Single Family,MI,59,760,25809
LN-101501,Barbara Johnson,10/02/2018,10/02/2046,381000,335280,6.07,2167,Paid Off,Townhouse,MA,77,778,83390
LN-101502,Charles Johnson,01/16/2020,01/16/2035,655000,517450,6.65,4470,Current,Townhouse,NC,91,716,38703
LN-101503,Kimberly Clark,10/19/2019,10/19/2046,495000,301950,6.81,2170,Current,Single Family,WA,94,700,53941
LN-101504,Joseph Perez,02/14/2022,02/14/2045,298000,265220,7.45,2590,60 Days Delinquent,Single Family,KY,72,719,85400
LN-101505,Donald Brown,08/05/2018,08/05/2036,817000,547390,4.15,3316,Current,Condo,FL,60,799,32662
LN-101506,Mark Hernandez,04/11/2018,04/11/2038,159000,112890,7.4,2293,60 Days Delinquent,Multi Family,MO,81,689,29636
LN-101507,Mary Lewis,12/10/2018,12/10/2044,370000,259000,6.67,3991,90+ Days Delinquent,Multi Family,VA,55,742,83767
LN-101508,Mark Jackson,11/13/2018,11/13/2036,194000,151320,3.92,1823,Paid Off,Townhouse,OK,90,807,86020
LN-101509,Joshua Anderson,11/02/2021,11/02/2040,678000,508500,3.39,2353,Current,Single Family,LA,79,675,81312
LN-101510,Charles Williams,12/01/2019,12/01/2045,711000,561690,6.97,4033,90+ Days Delinquent,Commercial,IL,67,771,12887
LN-101511,John Robinson,04/18/2023,04/18/2041,328000,314880,6.97,4128,Paid Off,Single Family,LA,64,636,83258
LN-101512,Jennifer Lewis,01/10/2022,01/10/2052,432000,280800,5.99,3087,30 Days Delinquent,Single Family,OR,64,682,20562
LN-101513,Christopher Wilson,04/16/2019,04/16/2034,363000,304920,4.75,1864,Default,Multi Family,LA,78,634,80737
LN-101514,Elizabeth Davis,12/23/2019,12/23/2047,670000,448900,7.11,3034,Default,Condo,MN,57,732,25153
LN-101515,Jessica Jones,07/09/2023,07/09/2040,201000,126630,3.88,2588,Current,Townhouse,AL,66,752,36854
LN-101516,Richard Johnson,07/21/2021,07/21/2039,653000,555050,3.87,4176,90+ Days Delinquent,Multi Family,MD,56,732,57407
LN-101517,Matthew Martin,04/01/2023,04/01/2048,706000,480080,4.83,3330,Current,Condo,NC,67,710,14209
LN-101518,Ashley Miller,11/24/2018,11/24/2047,821000,689640,6.29,2631,60 Days Delinquent,Commercial,MO,66,773,98797
LN-101519,Elizabeth Sanchez,09/15/2019,09/15/2036,795000,651900,7.23,3099,60 Days Delinquent,Single Family,NJ,90,778,15306
LN-101520,Michael Perez,01/25/2022,01/25/2046,527000,347820,7.53,4202,60 Days Delinquent,Multi Family,UT,68,666,83962
LN-101521,Paul Sanchez,11/22/2023,11/22/2045,599000,581030,4.55,1432,Default,Condo,NJ,92,792,58429
LN-101522,Emily White,11/13/2019,11/13/2040,441000,343980,4.84,2147,Current,Townhouse,MD,91,646,68976
LN-101523,Sarah Smith,04/09/2018,04/09/2036,195000,150150,3.72,3127,90+ Days Delinquent,Single Family,CT,72,703,17776
LN-101524,Michael Jones,03/10/2018,03/10/2033,807000,653670,5.32,2174,60 Days Delinquent,Townhouse,PA,71,724,80123
LN-101525,Charles Hernandez,06/02/2020,06/02/2045,799000,551310,4.86,2349,90+ Days Delinquent,Condo,MI,62,710,43755
LN-101405,Matthew Gonzalez,08/26/2021,08/26/2037,247000,153140,6.12,2131,Paid Off,Multi Family,IL,58,777,32535
LN-101527,Mark White,01/03/2023,01/03/2038,487000,448040,4.99,2299,Current,Townhouse,IL,63,743,91478
LN-101528,Daniel Martinez,10/12/2022,10/12/2038,825000,734250,4.26,3337,60 Days Delinquent,Multi Family,OR,73,646,43619
LN-101529,James Rodriguez,09/08/2021,09/08/2051,756000,461160,6.89,2234,60 Days Delinquent,Condo,LA,80,763,39749
LN-101530,Paul Hernandez,03/06/2023,03/06/2046,180000,158400,6.38,3825,90+ Days Delinquent,Condo,CT,91,686,81235
LN-101531,William Davis,02/18/2021,02/18/2037,567000,362880,5.88,4169,90+ Days Delinquent,Single Family,MD,93,679,26254
LN-101532,Nancy Robinson,11/15/2020,11/15/2049,794000,754300,5.27,3802,Default,Condo,MD,90,816,89343
LN-101533,Donna Brown,10/19/2023,10/19/2047,579000,503730,5.97,3811,Paid Off,Multi Family,IN,95,712,21260
LN-101534,David Brown,09/19/2018,09/19/2041,234000,175500,3.56,3587,90+ Days Delinquent,Townhouse,VA,82,712,37018
LN-101535,John Lewis,05/15/2021,05/15/2042,611000,452140,7.72,4031,Paid Off,Multi Family,SC,91,734,79733
LN-100545,Sandra Martin,10/09/2019,10/09/2043,415000,385950,6.57,2877,Current,Multi Family,MI,78,801,81090
LN-101537,Lisa Harris,06/03/2022,06/03/2050,432000,349920,3.43,1594,Current,Multi Family,NY,69,772,32191
LN-101538,Mary Thomas,04/02/2021,04/02/2047,732000,446520,5.36,3034,90+ Days Delinquent,Condo,OR,85,777,53418
LN-101539,Donna Garcia,05/22/2021,05/22/2040,216000,209520,6.91,3456,30 Days Delinquent,Single Family,OR,91,819,48203
LN-101540,William Wilson,04/21/2023,04/21/2041,465000,306900,6.96,3420,60 Days Delinquent,Condo,VA,67,734,96913
LN-101541,Patricia Wilson,08/02/2018,08/02/2035,350000,210000,7.25,3911,90+ Days Delinquent,Condo,OR,76,621,20949
LN-101542,Mary Brown,10/15/2020,10/15/2039,698000,572360,6.87,1231,60 Days Delinquent,Multi Family,MN,58,711,44309
LN-101543,Elizabeth Jones,11/19/2019,11/19/2044,604000,440920,7.15,2017,30 Days Delinquent,Multi Family,MN,94,812,90477
LN-101544,Richard Wilson,05/18/2022,05/18/2038,507000,415740,6.4,1691,Paid Off,Townhouse,TX,93,707,39337
LN-101545,Sarah Lopez,12/22/2022,12/22/2039,492000,354240,4,2451,Default,Condo,FL,95,669,27179
LN-101129,Christopher Thompson,06/24/2020,06/24/2042,223000,167250,6.41,3975,Paid Off,Condo,MN,59,780,57829
LN-101547,Jennifer Smith,08/05/2019,08/05/2040,204000,165240,5.77,1631,30 Days Delinquent,Townhouse,MA,75,628,83432
LN-101548,Margaret Robinson,08/03/2019,08/03/2039,704000,675840,4.57,2100,Paid Off,Commercial,SC,58,770,34858
LN-101549,Richard Jackson,02/04/2023,02/04/2045,707000,516110,3.57,2718,30 Days Delinquent,Townhouse,IN,55,763,67119
LN-101550,Paul Moore,11/21/2021,11/21/2041,271000,246610,6.4,2836,Default,Townhouse,CA,78,706,66985
LN-101551,Daniel Gonzalez,07/03/2018,07/03/2036,717000,458880,5.8,1959,Current,Condo,IL,92,646,83037
LN-101552,Barbara Lopez,05/07/2022,05/07/2043,360000,295200,4.23,1544,Default,Single Family,MI,92,698,25557
LN-101553,Joseph Brown,11/28/2023,11/28/2050,167000,111890,3.31,1594,Paid Off,Single Family,FL,66,645,23364
LN-101554,Charles Williams,05/24/2020,05/24/2048,727000,603410,3.58,1824,30 Days Delinquent,Condo,SC,59,702,70493
LN-101555,Barbara Harris,12/15/2021,12/15/2047,521000,401170,5.37,1283,Default,Single Family,CT,65,676,67479
LN-101556,Donald Smith,05/22/2022,05/22/2044,671000,550220,7.14,4101,60 Days Delinquent,Townhouse,NJ,76,654,70894
LN-101557,John Martinez,02/11/2022,02/11/2047,393000,298680,6.73,2406,Default,Multi Family,NJ,76,770,18119
LN-101162,Joshua White,02/20/2019,02/20/2044,617000,499770,4.43,1780,Paid Off,Multi Family,NY,64,665,18346
LN-101559,David Martin,02/15/2018,02/15/2044,721000,627270,4.07,3012,Default,Townhouse,PA,71,769,97862
LN-100974,Robert Johnson,04/18/2021,04/18/2050,311000,199040,5.3,3937,30 Days Delinquent,Condo,GA,85,657,60126
LN-101561,Margaret Perez,12/12/2023,12/12/2047,436000,388040,3.58,1641,60 Days Delinquent,Multi Family,SC,79,763,61775
LN-101562,Andrew Garcia,10/15/2019,10/15/2040,188000,150400,5.49,3359,Current,Single Family,OK,63,778,51833
LN-101563,Mark Lopez,08/07/2022,08/07/2046,587000,375680,7.16,2250,Default,Townhouse,MN,82,727,16121
LN-101564,William Perez,03/07/2018,03/07/2039,599000,545090,7.23,1210,60 Days Delinquent,Single Family,SC,79,711,45315
LN-101565,Michael Jones,12/15/2018,12/15/2041,530000,408100,6.56,3608,30 Days Delinquent,Multi Family,WI,86,754,52142
LN-101566,Donald Williams,12/27/2018,12/27/2038,659000,639230,5.9,2544,Default,Single Family,SC,87,732,72827
LN-101567,Matthew Jackson,08/01/2023,08/01/2038,767000,521560,3.99,3124,Default,Multi Family,MI,74,739,70777
LN-101568,Christopher Miller,12/28/2022,12/28/2046,249000,226590,3.82,2594,Paid Off,Multi Family,IN,85,756,95941
LN-101569,David Martinez,11/27/2023,11/27/2042,330000,234300,7.31,4157,60 Days Delinquent,Commercial,NC,71,803,16576
LN-101570,Jennifer Ramirez,11/10/2019,11/10/2048,205000,129150,5.98,2363,Default,Commercial,OR,84,726,48913
LN-100701,Patricia Anderson,03/02/2023,03/02/2041,404000,294920,6.99,3735,Paid Off,Single Family,SC,93,733,10115
LN-101572,Michael Lopez,10/15/2023,10/15/2051,813000,577230,4.33,3590,90+ Days Delinquent,Townhouse,FL,94,786,64506
LN-101573,Mary Harris,09/25/2021,09/25/2037,712000,655040,4.87,2576,Current,Single Family,AZ,89,746,48409
LN-101574,Donna Perez,01/13/2019,01/13/2043,732000,702720,4.1,3638,90+ Days Delinquent,Townhouse,GA,78,621,21675
LN-101575,Donald Thomas,03/15/2020,03/15/2042,192000,122880,7.42,4256,Paid Off,Commercial,MI,94,697,83911
LN-101576,Paul Thomas,04/07/2022,04/07/2043,810000,510300,3.39,3735,60 Days Delinquent,Multi Family,OK,60,744,23608
LN-101259,Elizabeth Wilson,02/28/2018,02/28/2036,358000,268500,5.06,2761,Paid Off,Townhouse,MI,82,770,41685
LN-101578,John Garcia,11/13/2019,11/13/2043,368000,228160,6.49,1993,Paid Off,Commercial,TX,57,661,39840
LN-101579,Sandra Anderson,07/22/2021,07/22/2042,336000,258720,4.03,1872,Default,Single Family,GA,79,682,59098
LN-101580,Nancy Thomas,12/24/2020,12/24/2044,193000,140890,4.32,2592,Default,Multi Family,TN,74,638,53707
LN-100727,Steven Johnson,07/22/2021,07/22/2036,720000,669600,5.13,1405,60 Days Delinquent,Condo,NJ,89,756,78147
LN-101582,Betty Moore,11/02/2018,11/02/2037,472000,410640,4.68,1451,Current,Multi Family,FL,86,662,34472
LN-101583,Susan Johnson,12/06/2022,12/06/2041,168000,107520,5.89,3685,Current,Multi Family,KY,73,621,60347
LN-101584,Mark Smith,09/19/2019,09/19/2037,192000,147840,7.61,1669,90+ Days Delinquent,Multi Family,MO,82,640,91585
LN-101585,Kimberly Wilson,08/03/2022,08/03/2044,767000,513890,6.91,3648,Paid Off,Multi Family,WA,62,817,95273
LN-101586,James Miller,10/07/2020,10/07/2038,657000,643860,7.43,3959,30 Days Delinquent,Condo,OR,81,735,47698
LN-101587,Susan Johnson,09/03/2019,09/03/2040,683000,423460,4.3,3284,Current,Single Family,UT,60,694,76407
LN-101588,Robert Martin,02/17/2019,02/17/2042,244000,231800,5.2,2491,Current,Commercial,WA,61,674,58967
LN-101589,Sarah Robinson,12/09/2023,12/09/2048,377000,271440,4.65,2155,Paid Off,Townhouse,KY,65,703,27804
LN-101590,Betty Jackson,02/28/2018,02/28/2038,751000,728470,5.48,3482,Default,Multi Family,AL,81,707,76423
LN-101591,Donald Martinez,10/28/2023,10/28/2050,741000,459420,3.91,2291,30 Days Delinquent,Commercial,IN,71,644,47963
LN-101592,Lisa Wilson,11/11/2020,11/11/2043,684000,471960,5.05,2661,Default,Commercial,AL,81,636,23436
LN-101593,Donna Jones,01/25/2023,01/25/2052,730000,489100,5.83,1490,Default,Townhouse,NY,55,642,27194
LN-101594,Michelle Harris,09/21/2020,09/21/2037,746000,619180,6.26,2175,Default,Single Family,OR,60,794,20192
LN-101595,Elizabeth Smith,03/20/2018,03/20/2042,207000,188370,6.84,4186,Current,Multi Family,MN,60,793,33719
LN-101596,James Ramirez,01/08/2018,01/08/2047,413000,388220,6.39,2364,Default,Commercial,TN,56,695,47915
LN-101597,Elizabeth Moore,10/03/2020,10/03/2036,578000,375700,7.56,2301,90+ Days Delinquent,Multi Family,GA,67,738,34373
LN-101598,Donna Johnson,01/12/2023,01/12/2043,156000,101400,4.6,2135,Paid Off,Multi Family,CO,79,647,51079
LN-101599,Anthony Brown,04/20/2018,04/20/2048,405000,380700,5.06,4381,60 Days Delinquent,Single Family,AZ,68,767,21847
LN-101600,Michelle Miller,08/15/2020,08/15/2041,351000,326430,3.61,1966,30 Days Delinquent,Townhouse,AZ,75,734,51698
LN-101601,Christopher Davis,12/25/2018,12/25/2038,647000,472310,3.48,3653,30 Days Delinquent,Multi Family,MA,68,720,11871
LN-101602,Andrew Sanchez,02/01/2019,02/01/2046,243000,201690,3.99,2632,90+ Days Delinquent,Townhouse,MA,81,710,74965
LN-101603,Patricia Williams,05/21/2022,05/21/2052,231000,221760,5.75,4166,60 Days Delinquent,Commercial,GA,69,675,56945
LN-101604,Linda Jackson,07/17/2023,07/17/2040,215000,148350,7.74,4273,30 Days Delinquent,Commercial,AZ,90,816,33071
LN-101605,Emily Martinez,11/12/2018,11/12/2041,398000,334320,4.11,3938,Current,Condo,WA,69,770,70169
LN-100016,Barbara Hernandez,12/22/2020,12/22/2041,344000,288960,6.7,4094,Current,Condo,AZ,69,794,54639
LN-101607,Mary Anderson,05/09/2019,05/09/2047,476000,404600,6.97,2772,Default,Townhouse,UT,85,744,34433
LN-101608,William Davis,04/02/2023,04/02/2047,296000,186480,5.42,4282,90+ Days Delinquent,Single Family,FL,83,777,21438
LN-101609,Karen Thomas,07/07/2020,07/07/2049,779000,553090,6.93,1472,90+ Days Delinquent,Condo,PA,95,752,69811
LN-101610,Elizabeth Jackson,11/10/2019,11/10/2038,241000,149420,4.82,1532,60 Days Delinquent,Condo,CA,74,734,54525
LN-101611,Elizabeth Hernandez,06/16/2018,06/16/2035,196000,184240,5.29,1532,Default,Condo,KY,63,769,83777
LN-101612,Joseph Ramirez,04/18/2020,04/18/2039,585000,351000,4.06,3877,30 Days Delinquent,Townhouse,PA,65,809,45087
LN-101613,Andrew Robinson,09/01/2023,09/01/2050,540000,372600,6.89,3960,90+ Days Delinquent,Townhouse,MN,74,747,95960
LN-101614,Linda Davis,12/28/2020,12/28/2041,294000,205800,3.46,1364,30 Days Delinquent,Townhouse,NC,67,794,96965
LN-101615,James Ramirez,02/17/2020,02/17/2046,363000,352110,5.45,3868,Default,Multi Family,AL,72,796,52205
LN-101616,Nancy Davis,09/03/2020,09/03/2044,285000,262200,3.43,1723,90+ Days Delinquent,Single Family,WA,82,690,29165
LN-101617,James Ramirez,04/01/2021,04/01/2050,369000,321030,5.01,2691,Paid Off,Multi Family,CA,77,756,85176
LN-101618,John Thompson,05/21/2023,05/21/2042,329000,296100,5.43,3048,Paid Off,Condo,IL,60,664,31633
LN-101619,Michelle Jackson,12/16/2021,12/16/2041,639000,517590,6.66,1305,Paid Off,Condo,KY,63,671,48537
LN-101620,Mark Lee,12/26/2022,12/26/2049,175000,134750,5.41,2071,90+ Days Delinquent,Single Family,VA,60,646,52997
LN-101621,Charles Sanchez,09/02/2023,09/02/2043,783000,508950,3.69,4204,90+ Days Delinquent,Single Family,AL,55,655,40688
LN-101622,Joshua Lopez,04/06/2018,04/06/2046,548000,454840,5.85,1249,30 Days Delinquent,Single Family,UT,65,752,95992
LN-101623,Sarah Sanchez,10/12/2021,10/12/2037,276000,212520,5.09,3739,60 Days Delinquent,Condo,MI,65,792,85213
LN-101624,Margaret Hernandez,08/21/2021,08/21/2040,583000,489720,5.67,2576,Default,Townhouse,OK,85,656,12850
LN-101625,Linda Lopez,03/13/2018,03/13/2036,740000,592000,5.77,4026,Default,Condo,FL,63,710,38487
LN-101626,Margaret Davis,03/28/2022,03/28/2050,510000,372300,6.52,1870,Default,Single Family,NJ,65,767,36523
LN-101627,Donald Davis,06/17/2021,06/17/2051,342000,266760,3.85,3531,Paid Off,Single Family,AL,58,720,71460
LN-101628,Matthew Clark,08/14/2021,08/14/2044,753000,670170,6.29,2070,90+ Days Delinquent,Single Family,NJ,56,778,90724
LN-101629,Emily Miller,05/16/2018,05/16/2039,273000,259350,6.29,1409,30 Days Delinquent,Condo,TN,76,691,38086
LN-101630,Richard Sanchez,12/03/2018,12/03/2042,231000,170940,6.84,2009,Current,Townhouse,LA,71,669,48521
LN-101631,John Thompson,06/08/2022,06/08/2037,714000,656880,6.1,3360,Current,Single Family,AZ,80,657,74162
LN-101632,Charles Lee,02/21/2018,02/21/2034,752000,496320,6.18,1246,90+ Days Delinquent,Commercial,AL,56,726,18493
LN-101633,Barbara Davis,09/22/2022,09/22/2040,466000,442700,5.22,2401,60 Days Delinquent,Commercial,WA,80,719,29418
LN-101634,Jessica Robinson,02/20/2023,02/20/2051,258000,219300,3.68,2914,Paid Off,Multi Family,MN,77,768,75583
LN-101635,Thomas Davis,08/20/2020,08/20/2049,746000,716160,7.47,3336,Current,Single Family,AZ,73,656,87482
LN-101636,Matthew Johnson,03/15/2018,03/15/2038,522000,407160,4.27,1717,60 Days Delinquent,Condo,NY,85,818,43792
LN-101637,Margaret Moore,12/08/2021,12/08/2036,187000,134640,7.39,3578,30 Days Delinquent,Townhouse,UT,64,702,67193
LN-101638,Sandra Robinson,11/13/2021,11/13/2038,441000,299880,3.5,1964,90+ Days Delinquent,Multi Family,SC,80,757,97969
LN-101639,Jessica Martinez,09/15/2020,09/15/2035,651000,585900,5.03,1876,Default,Townhouse,IN,72,747,70761
LN-101640,Steven Clark,03/25/2018,03/25/2041,850000,680000,3.98,1435,Current,Commercial,MA,90,693,22370
LN-101641,Jessica Harris,12/27/2023,12/27/2051,444000,275280,4.08,1786,30 Days Delinquent,Townhouse,MD,87,745,22646
LN-101642,Donald Moore,03/20/2020,03/20/2050,643000,475820,6.39,1839,90+ Days Delinquent,Condo,MD,83,797,13749
LN-101643,Michelle Clark,04/05/2022,04/05/2046,167000,125250,3.91,3369,Paid Off,Single Family,OH,81,759,76327
LN-101644,Emily Smith,03/28/2020,03/28/2035,158000,110600,4.66,2029,30 Days Delinquent,Multi Family,WA,94,765,73745
LN-101645,Susan Moore,11/17/2020,11/17/2040,845000,802750,4.43,3586,Paid Off,Multi Family,OH,80,738,35120
LN-101646,Richard Hernandez,12/03/2021,12/03/2050,518000,362600,3.51,4457,30 Days Delinquent,Single Family,KY,82,736,54379
LN-101647,John Moore,01/27/2018,01/27/2034,515000,334750,3.53,2721,30 Days Delinquent,Multi Family,OH,77,660,36476
LN-101648,Richard Moore,06/17/2020,06/17/2041,461000,368800,3.44,2366,90+ Days Delinquent,Condo,LA,84,761,17279
LN-101649,Donald Hernandez,02/23/2019,02/23/2035,306000,284580,6.15,1990,Default,Townhouse,NC,92,782,51140
LN-101650,Nancy Williams,02/18/2020,02/18/2048,301000,237790,7.34,4025,Paid Off,Single Family,MO,83,793,94627
LN-101651,Elizabeth Johnson,10/08/2020,10/08/2045,247000,239590,7.05,3146,Current,Townhouse,WI,95,761,93254
LN-101652,Christopher Ramirez,04/13/2019,04/13/2044,616000,529760,4.81,4474,Current,Multi Family,TX,67,742,44154
LN-101653,Richard Lewis,03/27/2019,03/27/2041,585000,514800,4.84,1607,90+ Days Delinquent,Condo,NY,93,759,25204
LN-101654,William Perez,02/09/2022,02/09/2042,530000,439900,4.88,3696,60 Days Delinquent,Multi Family,LA,90,799,68775
LN-101655,Sarah Anderson,03/26/2023,03/26/2048,834000,817320,6.31,3892,Default,Single Family,TN,73,763,79283
LN-101656,Mark Anderson,05/17/2018,05/17/2033,510000,479400,4.8,4279,90+ Days Delinquent,Condo,WA,67,740,97174
LN-101657,Christopher Taylor,01/07/2019,01/07/2045,803000,682550,4.5,2797,90+ Days Delinquent,Condo,WA,68,815,69467
LN-101658,Joshua Miller,05/18/2021,05/18/2046,388000,240560,7.25,3874,60 Days Delinquent,Commercial,IL,93,782,46453
LN-101659,Donna Thompson,06/15/2022,06/15/2048,683000,505420,3.65,3141,90+ Days Delinquent,Commercial,WA,93,730,88691
LN-101660,Barbara Brown,07/01/2023,07/01/2041,357000,328440,4.7,3672,90+ Days Delinquent,Commercial,MD,55,799,34769
LN-101661,Andrew Miller,04/12/2018,04/12/2040,383000,252780,4.87,2171,Current,Commercial,IL,55,655,26209
LN-101662,Robert Sanchez,05/12/2018,05/12/2042,589000,530100,4.34,1900,60 Days Delinquent,Single Family,CA,71,675,87279
LN-101663,Richard Clark,12/15/2022,12/15/2048,820000,713400,5.48,3925,Current,Commercial,OR,62,647,71736
LN-101664,Barbara Lopez,11/03/2019,11/03/2036,330000,293700,4.97,2691,Current,Multi Family,OH,73,803,69208
LN-101665,David Johnson,01/25/2022,01/25/2051,154000,117040,3.89,1954,Default,Condo,MI,86,715,74211
LN-101666,Mary Anderson,10/13/2023,10/13/2041,528000,364320,3.29,3441,90+ Days Delinquent,Single Family,IN,67,668,28401
LN-101667,Steven Smith,01/18/2021,01/18/2048,802000,593480,3.42,3360,Paid Off,Condo,MA,70,700,32648
LN-101668,Robert Anderson,08/15/2021,08/15/2039,277000,243760,3.48,4178,Default,Townhouse,CO,71,780,78157
LN-101669,Ashley Martinez,09/16/2019,09/16/2043,720000,518400,3.91,1350,Paid Off,Townhouse,MN,70,727,84146
LN-101670,Joshua Wilson,03/14/2021,03/14/2051,625000,543750,7.34,4429,90+ Days Delinquent,Multi Family,NC,66,750,29616
LN-101671,Linda Johnson,11/21/2020,11/21/2047,701000,504720,5.91,3565,90+ Days Delinquent,Townhouse,AZ,57,796,15092
LN-101672,Margaret Miller,06/08/2019,06/08/2049,275000,195250,5.45,3778,30 Days Delinquent,Condo,KY,70,712,44176
LN-101673,Susan Martinez,02/22/2023,02/22/2052,793000,658190,4.24,2985,60 Days Delinquent,Condo,NJ,86,664,21304
LN-101674,Richard Hernandez,10/06/2018,10/06/2037,820000,795400,3.85,3469,30 Days Delinquent,Multi Family,TN,64,797,81089
LN-101675,Lisa Miller,11/21/2022,11/21/2045,240000,163200,7.01,3315,Default,Condo,NC,72,815,58329
LN-101676,Charles Thomas,12/20/2022,12/20/2039,567000,464940,4.46,2279,90+ Days Delinquent,Condo,AZ,95,746,16816
LN-101677,Christopher Robinson,04/03/2021,04/03/2044,198000,138600,4.62,3967,90+ Days Delinquent,Commercial,CT,66,800,60013
LN-101678,Sandra Martin,11/13/2021,11/13/2049,807000,742440,4.74,3549,60 Days Delinquent,Condo,NY,92,735,33683
LN-101679,Anthony Davis,07/13/2023,07/13/2050,325000,289250,3.83,3654,90+ Days Delinquent,Commercial,NC,82,800,56020
LN-101680,Mary Smith,08/11/2020,08/11/2041,701000,644920,5.96,4245,Paid Off,Townhouse,OH,66,797,94579
LN-101681,Sandra Taylor,02/11/2020,02/11/2038,487000,297070,7.54,1704,30 Days Delinquent,Commercial,AZ,63,627,95871
LN-101682,Emily Moore,03/02/2018,03/02/2040,831000,556770,3.97,2306,30 Days Delinquent,Single Family,AZ,76,675,17960
LN-101683,Lisa Moore,04/02/2020,04/02/2039,699000,489300,6.55,1217,60 Days Delinquent,Townhouse,MO,83,787,32425
LN-101684,Karen Lee,07/17/2020,07/17/2048,655000,412650,5.69,1794,Current,Single Family,IN,89,797,74268
LN-101685,William Johnson,09/02/2021,09/02/2048,532000,425600,3.41,1406,Current,Multi Family,NY,92,807,28181
LN-101686,Betty Thomas,10/01/2022,10/01/2048,845000,515450,4.02,1629,Paid Off,Condo,SC,95,778,56235
LN-101687,Linda Johnson,05/23/2021,05/23/2047,165000,155100,6.39,1233,Current,Commercial,SC,71,776,25438
LN-101688,Ashley Sanchez,08/12/2018,08/12/2048,759000,728640,4.36,2680,Current,Multi Family,CA,66,672,14533
LN-101689,Anthony Martinez,01/10/2020,01/10/2046,219000,142350,3.27,4034,Paid Off,Multi Family,LA,71,695,32097
LN-101690,Paul Ramirez,03/22/2021,03/22/2041,708000,460200,3.75,3288,90+ Days Delinquent,Single Family,TX,57,678,18014
LN-101691,Joseph Garcia,03/01/2019,03/01/2048,518000,471380,4.56,2381,Paid Off,Single Family,CO,62,745,11625
LN-101692,Matthew Jackson,01/14/2019,01/14/2034,747000,545310,7.08,1476,60 Days Delinquent,Condo,AL,90,761,83387
LN-101693,Linda Johnson,06/24/2023,06/24/2045,382000,324700,6.4,2157,90+ Days Delinquent,Commercial,NY,84,715,31529
LN-101694,Betty Brown,08/28/2022,08/28/2042,634000,424780,5.64,2364,Default,Commercial,CT,82,808,16322
LN-101695,Mark Martinez,11/02/2018,11/02/2048,666000,439560,3.65,3958,30 Days Delinquent,Multi Family,TX,80,699,72444
LN-101696,Emily Sanchez,12/28/2023,12/28/2039,779000,498560,3.89,4211,90+ Days Delinquent,Commercial,NJ,88,780,42123
LN-101697,Joseph Brown,08/02/2018,08/02/2039,369000,295200,4.25,3700,90+ Days Delinquent,Condo,PA,81,664,44828
LN-101698,Jennifer Thompson,09/15/2022,09/15/2041,573000,412560,5.36,2834,Current,Multi Family,OK,77,735,16068
LN-101699,Daniel Clark,01/17/2020,01/17/2036,174000,160080,5.12,3591,60 Days Delinquent,Single Family,TX,68,725,49892
LN-101700,Lisa Gonzalez,12/26/2022,12/26/2043,154000,140140,5.61,4393,Paid Off,Multi Family,OR,64,812,44227
LN-101701,Jessica White,10/26/2019,10/26/2037,753000,519570,3.72,2879,90+ Days Delinquent,Single Family,PA,95,763,19980
LN-101702,Linda Miller,04/16/2023,04/16/2046,703000,506160,6.02,3642,Paid Off,Townhouse,FL,95,782,34060
LN-101703,Lisa Martinez,06/12/2023,06/12/2042,160000,132800,7.2,2218,60 Days Delinquent,Multi Family,VA,76,660,79891
LN-101704,Karen White,10/28/2020,10/28/2050,186000,126480,6.16,2746,Current,Multi Family,IN,82,752,92080
LN-101705,Joseph Wilson,05/07/2019,05/07/2035,584000,402960,5.02,1940,Current,Single Family,IL,89,682,79828
LN-101706,Margaret Hernandez,11/15/2019,11/15/2040,228000,148200,4.52,2273,60 Days Delinquent,Townhouse,AZ,55,769,30369
LN-101707,Michelle Thompson,03/25/2022,03/25/2042,415000,356900,5.24,4040,Default,Condo,FL,94,747,40942
LN-101708,Anthony Wilson,12/05/2023,12/05/2050,448000,389760,3.46,3534,30 Days Delinquent,Multi Family,MN,72,674,27093
LN-101709,Patricia Brown,05/15/2022,05/15/2049,735000,624750,5.82,4077,30 Days Delinquent,Multi Family,UT,87,655,27250
LN-101710,Christopher Perez,01/10/2019,01/10/2042,596000,566200,5.29,3382,30 Days Delinquent,Commercial,AL,88,728,83309
LN-101711,Kimberly Smith,01/01/2021,01/01/2042,175000,164500,3.48,3449,90+ Days Delinquent,Commercial,OK,64,711,10790
LN-101712,Joshua Anderson,03/15/2019,03/15/2040,844000,641440,3.69,3961,Default,Condo,NJ,94,664,26604
LN-101713,Sarah Gonzalez,04/16/2023,04/16/2039,486000,315900,5.82,3566,90+ Days Delinquent,Condo,MO,89,623,19724
LN-101714,Robert Brown,12/17/2021,12/17/2049,405000,267300,4.52,3259,30 Days Delinquent,Townhouse,LA,81,621,18626
LN-101715,Robert Miller,02/06/2018,02/06/2034,219000,212430,6.62,3255,Paid Off,Multi Family,SC,86,766,33944
LN-101716,Betty Hernandez,08/09/2021,08/09/2050,629000,415140,5.66,2336,90+ Days Delinquent,Condo,WA,70,721,43041
LN-101717,Michelle Rodriguez,08/09/2023,08/09/2047,802000,673680,4.69,3024,Paid Off,Multi Family,MD,56,696,82913
LN-101718,Sarah Moore,06/15/2019,06/15/2048,249000,164340,5.3,3757,Current,Condo,IN,61,692,30504
LN-101719,Patricia Ramirez,07/21/2023,07/21/2038,641000,416650,3.97,2435,60 Days Delinquent,Single Family,NJ,59,742,31804
LN-101720,Joshua Anderson,04/16/2023,04/16/2044,400000,360000,4.44,1360,Current,Townhouse,PA,74,672,58221
LN-101721,Donna Wilson,08/14/2023,08/14/2053,590000,531000,6.87,4412,Default,Single Family,MI,73,635,17110
LN-101722,Thomas Johnson,07/28/2022,07/28/2051,620000,595200,7.75,4043,30 Days Delinquent,Townhouse,MA,83,733,62350
LN-101723,Donald Williams,11/21/2018,11/21/2034,505000,303000,5.42,3895,Default,Commercial,CT,61,638,17052
LN-101724,Patricia Johnson,05/05/2018,05/05/2042,632000,505600,6.11,3176,Current,Single Family,NC,71,726,29939
LN-101725,Richard Hernandez,02/12/2020,02/12/2049,200000,188000,4.54,3873,30 Days Delinquent,Condo,UT,76,807,20640
LN-101726,Matthew Lopez,03/23/2023,03/23/2043,785000,541650,4.51,1927,Default,Condo,OH,78,718,30570
LN-101727,Elizabeth Wilson,03/02/2018,03/02/2036,412000,251320,3.86,2010,Current,Single Family,WI,79,745,41436
LN-101728,Linda Hernandez,07/14/2020,07/14/2038,320000,272000,6.88,2695,Default,Commercial,KY,65,792,43284
LN-101729,Donna Clark,06/10/2021,06/10/2037,718000,509780,5.33,2082,60 Days Delinquent,Townhouse,MO,56,626,19298
LN-101730,Jennifer Taylor,07/22/2019,07/22/2040,318000,244860,3.66,2877,90+ Days Delinquent,Townhouse,TN,95,677,91380
LN-101731,John Martin,06/26/2023,06/26/2047,268000,233160,4.6,3218,60 Days Delinquent,Multi Family,VA,83,631,33280
LN-101732,Linda Jackson,07/01/2021,07/01/2039,341000,323950,5.71,2805,90+ Days Delinquent,Single Family,OR,94,786,21582
LN-101733,Barbara Sanchez,01/03/2021,01/03/2043,206000,197760,6.83,3400,90+ Days Delinquent,Commercial,UT,76,801,71842
LN-101734,Charles Perez,03/13/2023,03/13/2046,562000,365300,6.49,3308,Default,Multi Family,MN,80,720,45367
LN-101735,William Taylor,10/04/2020,10/04/2045,629000,515780,6.49,2505,60 Days Delinquent,Condo,OH,73,811,47292
LN-101736,Michael Jackson,05/12/2021,05/12/2043,284000,221520,4.25,1716,Current,Condo,FL,87,785,70409
LN-101737,Elizabeth Jones,11/14/2022,11/14/2044,632000,436080,3.92,3533,30 Days Delinquent,Townhouse,UT,89,716,58901
LN-101738,Anthony Lewis,07/04/2020,07/04/2050,254000,167640,6.17,1244,90+ Days Delinquent,Single Family,KY,89,703,25402
LN-101739,Donna Robinson,03/19/2022,03/19/2043,271000,195120,7.42,4085,Current,Single Family,AZ,90,752,91481
LN-101740,Robert Harris,02/03/2018,02/03/2044,637000,522340,3.68,1838,60 Days Delinquent,Commercial,MD,88,767,71705
LN-101741,Patricia Brown,02/21/2022,02/21/2038,669000,408090,7.25,3638,Current,Townhouse,NC,66,741,36981
LN-101742,James Taylor,01/18/2018,01/18/2047,329000,276360,4.26,2749,Current,Commercial,MO,67,695,18406
LN-101743,Elizabeth Johnson,01/01/2021,01/01/2050,600000,576000,5.81,3806,60 Days Delinquent,Multi Family,MI,66,766,18575
LN-101744,Matthew Lopez,10/25/2019,10/25/2036,727000,508900,3.28,2694,Default,Condo,OK,83,701,38038
LN-101745,Christopher Moore,04/16/2021,04/16/2050,159000,114480,4.92,1581,Default,Single Family,MI,63,654,40736
LN-101746,James Harris,09/13/2022,09/13/2048,578000,450840,7.31,2586,30 Days Delinquent,Multi Family,FL,94,764,13758
LN-101747,Mark Ramirez,09/26/2019,09/26/2040,466000,405420,4.82,2056,30 Days Delinquent,Commercial,TX,82,655,36409
LN-101748,Margaret Wilson,12/24/2019,12/24/2035,262000,214840,5.64,2428,30 Days Delinquent,Single Family,IL,95,777,62475
LN-101749,Joshua Anderson,05/10/2023,05/10/2045,578000,543320,4.66,3673,30 Days Delinquent,Townhouse,AL,81,716,50918
LN-101750,Christopher Clark,03/17/2021,03/17/2050,230000,177100,5.53,2143,60 Days Delinquent,Condo,SC,66,729,26052
LN-101751,Margaret Taylor,07/27/2021,07/27/2042,343000,229810,4.27,4257,Paid Off,Commercial,WA,59,637,82879
LN-101752,Kimberly Gonzalez,04/20/2018,04/20/2036,846000,685260,6.63,1338,Current,Single Family,UT,71,689,84799
LN-101753,Steven Thomas,05/13/2019,05/13/2042,414000,269100,7.09,1511,60 Days Delinquent,Condo,SC,65,678,61916
LN-101754,Patricia Williams,09/26/2023,09/26/2053,173000,108990,3.58,2814,Current,Multi Family,VA,83,816,10832
LN-101755,Robert Garcia,08/15/2019,08/15/2035,286000,217360,7.53,2829,60 Days Delinquent,Commercial,MD,65,731,50129
LN-101756,William Williams,03/23/2022,03/23/2046,177000,169920,7.28,3782,60 Days Delinquent,Commercial,WA,84,705,48117
LN-101757,Nancy Ramirez,03/13/2023,03/13/2038,615000,590400,6.77,4070,60 Days Delinquent,Commercial,MI,81,743,46602
LN-101758,Donald Martin,03/01/2021,03/01/2041,507000,441090,7.6,2733,90+ Days Delinquent,Condo,NC,62,749,17606
LN-101759,Nancy Miller,03/19/2020,03/19/2042,439000,386320,5.25,1527,60 Days Delinquent,Townhouse,MD,70,766,85260
LN-101760,Susan Thompson,08/19/2022,08/19/2051,731000,694450,7.04,1817,Paid Off,Single Family,KY,68,777,83290
LN-101761,Jennifer Martinez,11/20/2023,11/20/2042,603000,434160,6.52,2112,90+ Days Delinquent,Single Family,NJ,68,622,67271
LN-101762,Steven Jackson,10/16/2021,10/16/2036,428000,402320,3.87,1498,30 Days Delinquent,Condo,SC,56,684,89070
LN-101763,Paul Taylor,05/18/2022,05/18/2052,582000,442320,5.25,2562,Current,Townhouse,CO,55,646,25627
LN-101764,Linda Rodriguez,09/24/2020,09/24/2047,639000,389790,7.09,3519,Current,Single Family,CT,81,684,32366
LN-101765,Robert Perez,09/19/2021,09/19/2049,522000,469800,7.03,1649,Paid Off,Townhouse,SC,81,815,55720
LN-101766,Lisa Brown,03/14/2023,03/14/2045,227000,149820,3.84,4396,60 Days Delinquent,Condo,CT,75,763,37356
LN-101767,Daniel Thomas,03/05/2019,03/05/2047,246000,174660,7.19,3293,Default,Commercial,MN,60,629,13407
LN-101768,Ashley Jones,07/25/2023,07/25/2048,218000,204920,4.86,2618,Default,Commercial,OK,93,779,93512
LN-101769,Paul Taylor,03/23/2023,03/23/2041,425000,335750,5.39,2970,Current,Condo,AZ,84,673,66198
LN-101770,Margaret Martin,03/20/2021,03/20/2048,589000,565440,4.09,2405,Default,Townhouse,TN,65,714,62880
LN-101771,Richard Garcia,11/13/2020,11/13/2040,529000,518420,4.96,3460,90+ Days Delinquent,Commercial,KY,81,678,99427
LN-101772,Paul Smith,06/10/2022,06/10/2047,772000,609880,3.97,2783,Default,Single Family,NJ,65,707,14170
LN-101773,Mark Garcia,08/22/2023,08/22/2045,477000,400680,4.66,2174,Current,Condo,OK,87,720,66642
LN-101774,Elizabeth Davis,10/10/2023,10/10/2047,750000,540000,6.4,2702,30 Days Delinquent,Single Family,FL,74,720,87220
LN-101775,Donald Miller,05/07/2022,05/07/2051,236000,172280,5.75,3781,Default,Townhouse,OH,57,775,20980
LN-101776,Christopher Taylor,09/22/2018,09/22/2036,427000,414190,5.12,2960,60 Days Delinquent,Townhouse,MD,95,651,90102
LN-101777,Jennifer Perez,06/24/2022,06/24/2046,466000,358820,5.83,2230,Default,Multi Family,MI,75,791,39743
LN-101778,Charles Rodriguez,09/15/2023,09/15/2044,814000,765160,7.3,2505,30 Days Delinquent,Multi Family,CA,90,726,65968
LN-101779,Karen Harris,12/26/2021,12/26/2048,725000,514750,6.69,3644,30 Days Delinquent,Condo,TN,78,815,66111
LN-101780,Emily Rodriguez,04/28/2022,04/28/2047,266000,258020,3.41,1536,30 Days Delinquent,Single Family,CO,66,768,77463
LN-101781,Matthew Jackson,12/10/2022,12/10/2044,520000,462800,7.27,3227,Current,Multi Family,AZ,65,644,87618
LN-101782,Sandra Lopez,10/14/2018,10/14/2033,524000,413960,6.19,2109,Current,Commercial,CA,82,640,62792
LN-101783,John Sanchez,04/25/2020,04/25/2049,466000,316880,6.97,2012,Default,Commercial,IN,93,757,86180
LN-101784,Nancy Jones,07/11/2022,07/11/2047,698000,537460,5.25,3873,30 Days Delinquent,Single Family,MD,85,667,24593
LN-101785,Christopher Wilson,08/17/2022,08/17/2038,436000,392400,5.97,1630,Paid Off,Townhouse,OR,58,794,31550
LN-101786,Jennifer Gonzalez,12/07/2023,12/07/2050,450000,427500,4.95,3727,30 Days Delinquent,Commercial,NY,89,666,23229
LN-101787,Lisa Davis,02/07/2021,02/07/2047,697000,627300,4.85,1557,30 Days Delinquent,Single Family,IL,56,788,82268
LN-101788,Thomas Hernandez,01/02/2023,01/02/2040,393000,369420,7.52,3792,90+ Days Delinquent,Commercial,IN,67,744,49300
LN-101789,Paul Smith,01/08/2022,01/08/2046,610000,408700,4.62,2900,60 Days Delinquent,Single Family,TN,69,684,13145
LN-101790,Betty Ramirez,07/02/2019,07/02/2044,181000,110410,3.7,3133,Default,Commercial,PA,92,809,81632
LN-101791,Christopher Gonzalez,06/01/2022,06/01/2046,633000,601350,6.56,2834,Paid Off,Townhouse,OK,71,726,71299
LN-101792,Donald Taylor,01/18/2020,01/18/2043,400000,272000,4.7,3411,30 Days Delinquent,Condo,MO,62,644,26511
LN-101793,Lisa Anderson,06/20/2020,06/20/2043,368000,309120,3.73,2470,30 Days Delinquent,Townhouse,PA,76,742,51759
LN-101794,Linda Jones,08/03/2022,08/03/2052,190000,152000,5.4,4300,Default,Single Family,VA,69,641,39199
LN-101795,Kimberly Lee,01/22/2019,01/22/2035,444000,337440,6.8,4344,Default,Townhouse,MN,87,808,35182
LN-101796,Michael Wilson,09/20/2019,09/20/2036,334000,257180,6.22,4285,Default,Multi Family,AL,73,754,47520
LN-101797,Paul Sanchez,01/13/2022,01/13/2050,197000,165480,4.74,1729,Current,Single Family,KY,66,787,39573
LN-101798,Lisa Martinez,01/06/2023,01/06/2041,621000,521640,4.22,2383,90+ Days Delinquent,Townhouse,IL,75,670,62207
LN-101799,Daniel Robinson,07/23/2023,07/23/2052,392000,376320,5.41,4223,90+ Days Delinquent,Condo,CT,55,626,98709
LN-101800,Michelle Harris,01/13/2023,01/13/2049,448000,412160,4.03,2538,Paid Off,Multi Family,FL,67,672,23142
LN-101801,Ashley Perez,11/08/2019,11/08/2049,442000,433160,4.6,1731,60 Days Delinquent,Single Family,NJ,60,770,74952
LN-101802,Christopher Gonzalez,09/21/2019,09/21/2048,620000,434000,3.82,3393,30 Days Delinquent,Townhouse,VA,62,813,17777
LN-101803,Lisa Thompson,07/08/2018,07/08/2037,515000,324450,3.73,3932,90+ Days Delinquent,Townhouse,AZ,55,760,37533
LN-101804,Joseph Jones,11/07/2019,11/07/2040,664000,504640,5.99,3992,Current,Single Family,CO,83,785,71807
LN-101805,Emily Martinez,07/16/2020,07/16/2049,570000,416100,6.96,1364,Default,Single Family,IN,81,688,91059
LN-101806,Christopher Lewis,06/27/2020,06/27/2044,755000,694600,6.42,3241,60 Days Delinquent,Multi Family,CT,75,775,91098
LN-101807,Steven Ramirez,08/04/2022,08/04/2048,763000,625660,4.67,1713,Default,Single Family,MN,70,667,59516
LN-101808,Kimberly White,08/18/2018,08/18/2042,733000,505770,6.05,3506,60 Days Delinquent,Townhouse,CT,68,663,60907
LN-101809,Mark Harris,02/14/2019,02/14/2036,298000,205620,6.88,3463,Current,Townhouse,OR,82,767,13685
LN-101810,Barbara Brown,07/04/2021,07/04/2042,471000,461580,6.73,4384,Current,Condo,TX,90,787,27436
LN-101811,Andrew Garcia,12/26/2022,12/26/2038,713000,534750,4.47,3418,Paid Off,Commercial,NY,84,648,66097
LN-101812,Karen Taylor,08/15/2021,08/15/2042,181000,173760,3.56,1448,Paid Off,Single Family,NY,82,659,35502
LN-101813,Christopher Wilson,04/26/2023,04/26/2040,529000,460230,4.38,4200,60 Days Delinquent,Condo,IN,57,819,56596
LN-101814,Kimberly Lee,05/20/2022,05/20/2047,392000,246960,6.8,1781,30 Days Delinquent,Condo,MN,76,797,49412
LN-101815,Christopher Thomas,03/12/2023,03/12/2046,426000,276900,6.62,2479,Default,Single Family,FL,70,698,77367
LN-101816,Patricia Lewis,12/22/2023,12/22/2045,431000,288770,4.63,2433,Default,Townhouse,IL,64,637,32202
LN-101817,Charles Ramirez,03/08/2022,03/08/2048,300000,258000,5.84,1442,Default,Commercial,MI,84,765,10479
LN-101818,William Johnson,06/01/2021,06/01/2044,242000,215380,4.03,3036,Default,Multi Family,TX,59,625,61197
LN-101819,Linda Clark,10/17/2023,10/17/2046,715000,521950,7.73,1330,60 Days Delinquent,Townhouse,MA,63,788,98388
LN-101820,Mark Harris,09/24/2023,09/24/2049,529000,513130,6.18,1988,60 Days Delinquent,Multi Family,GA,68,691,11746
LN-101821,Sandra Harris,12/28/2021,12/28/2040,287000,266910,6.58,1556,Current,Multi Family,IL,55,644,40751
LN-101822,Susan Harris,11/06/2020,11/06/2045,426000,259860,6.27,2155,90+ Days Delinquent,Single Family,UT,89,747,41125
LN-101823,Charles Lewis,04/02/2018,04/02/2047,639000,626220,3.89,1306,Current,Townhouse,KY,68,642,36790
LN-101824,Jessica Miller,08/13/2019,08/13/2035,300000,219000,5.82,2333,90+ Days Delinquent,Townhouse,LA,80,681,64581
LN-101825,Thomas Jones,07/08/2022,07/08/2051,265000,164300,3.77,2844,90+ Days Delinquent,Multi Family,LA,55,776,79278
LN-101826,Margaret Davis,02/05/2021,02/05/2051,202000,147460,3.57,3433,Current,Multi Family,OK,95,745,27323
LN-101827,Steven Anderson,10/12/2022,10/12/2051,224000,168000,5.75,4165,Default,Townhouse,MO,69,735,55201
LN-101828,John Robinson,02/28/2021,02/28/2047,167000,160320,3.39,2801,Current,Condo,NJ,93,688,28133
LN-101829,Barbara Taylor,11/24/2018,11/24/2045,648000,609120,4.19,2861,Paid Off,Condo,LA,55,794,66412
LN-101830,Donna Williams,10/08/2018,10/08/2040,667000,446890,3.68,2427,60 Days Delinquent,Multi Family,AZ,84,679,10683
LN-101831,Michael Anderson,06/05/2023,06/05/2044,279000,223200,6.29,3287,Default,Condo,VA,83,745,39871
LN-101832,Daniel Rodriguez,05/17/2020,05/17/2036,272000,236640,6.96,1906,60 Days Delinquent,Single Family,TN,55,648,37789
LN-101833,Linda Miller,04/19/2022,04/19/2041,799000,647190,4.1,1578,30 Days Delinquent,Commercial,SC,93,784,30483
LN-101834,Matthew Thompson,01/16/2020,01/16/2038,358000,250600,3.75,3114,Default,Commercial,LA,79,677,93159
LN-101835,David Wilson,09/25/2020,09/25/2045,834000,600480,3.46,3923,Current,Multi Family,CO,93,722,58401
LN-101836,Jennifer Lee,09/05/2020,09/05/2043,755000,588900,5.99,3382,Current,Townhouse,VA,93,630,59573
LN-101837,Michael Sanchez,04/13/2023,04/13/2047,767000,483210,7.48,2279,30 Days Delinquent,Condo,KY,55,775,65574
LN-101838,Susan Harris,11/14/2023,11/14/2048,747000,500490,5.17,2033,30 Days Delinquent,Single Family,MN,93,658,80057
LN-101839,Andrew Robinson,10/04/2022,10/04/2048,410000,266500,6.68,2932,Default,Multi Family,MD,81,759,87256
LN-101840,Kimberly Lopez,08/10/2018,08/10/2048,810000,704700,6.55,3553,90+ Days Delinquent,Single Family,KY,57,738,49965
LN-101841,Matthew Martin,03/06/2022,03/06/2039,168000,107520,4.39,4249,Current,Multi Family,VA,57,646,26657
LN-101842,Matthew Clark,05/28/2019,05/28/2036,608000,468160,3.66,3608,90+ Days Delinquent,Townhouse,MA,95,636,62081
LN-101843,Karen Brown,02/18/2019,02/18/2042,339000,291540,4.33,2828,30 Days Delinquent,Multi Family,NC,74,729,76222
LN-101844,John Brown,08/27/2020,08/27/2050,713000,613180,5.65,1400,30 Days Delinquent,Single Family,PA,80,650,85586
LN-101845,David Lopez,10/02/2023,10/02/2044,581000,389270,5.19,3901,90+ Days Delinquent,Commercial,PA,73,625,23056
LN-101846,Steven Perez,07/27/2020,07/27/2050,673000,565320,4.87,4299,Current,Condo,MN,72,766,92266
LN-101847,Kimberly Lopez,09/01/2022,09/01/2050,670000,469000,3.42,4112,Paid Off,Townhouse,MN,90,634,36103
LN-101848,Christopher Martin,04/05/2023,04/05/2049,785000,690800,6.55,2930,90+ Days Delinquent,Condo,IN,69,651,83375
LN-101849,Jennifer Lopez,12/03/2022,12/03/2047,286000,208780,6.79,4113,90+ Days Delinquent,Commercial,FL,85,705,27232
LN-101850,Steven Moore,09/08/2019,09/08/2042,208000,128960,4.88,4441,90+ Days Delinquent,Commercial,CT,82,696,13624
LN-101851,Ashley Thompson,07/08/2021,07/08/2047,658000,539560,6.61,3037,90+ Days Delinquent,Single Family,WA,71,622,77054
LN-101852,Matthew Smith,02/07/2021,02/07/2039,326000,251020,6.78,2059,Current,Multi Family,LA,77,629,11793
LN-101853,Emily Jackson,05/10/2018,05/10/2044,850000,629000,6.27,4418,Paid Off,Commercial,VA,61,722,22845
LN-101854,David Miller,03/08/2019,03/08/2038,819000,630630,4.35,1370,60 Days Delinquent,Single Family,VA,70,661,40422
LN-101855,Richard Davis,11/18/2023,11/18/2044,257000,177330,6.04,2962,30 Days Delinquent,Commercial,MA,59,643,36066
LN-101856,Linda Lopez,02/13/2018,02/13/2048,386000,324240,7.02,2401,30 Days Delinquent,Single Family,MA,55,795,91127
LN-101857,Charles Brown,02/13/2023,02/13/2041,395000,240950,6.26,1368,Current,Condo,UT,57,633,57148
LN-101858,Charles Ramirez,05/02/2021,05/02/2042,347000,312300,6.11,1805,90+ Days Delinquent,Single Family,WA,85,654,81478
LN-101859,Charles Taylor,05/08/2022,05/08/2037,733000,593730,4.83,1425,Paid Off,Multi Family,LA,66,720,14735
LN-101860,Andrew Hernandez,08/15/2021,08/15/2040,738000,457560,5.76,3908,60 Days Delinquent,Commercial,MN,63,675,41415
LN-101861,Linda Lopez,02/05/2020,02/05/2039,349000,251280,6.04,4083,Current,Condo,OR,68,633,55524
LN-101862,Jessica Brown,07/23/2021,07/23/2049,339000,206790,4.43,1511,Default,Condo,TX,65,681,69673
LN-101863,Barbara Clark,05/21/2019,05/21/2047,822000,567180,3.92,3747,Current,Condo,MD,84,781,86419
LN-101864,Robert Martin,06/27/2023,06/27/2052,591000,531900,5.51,1664,30 Days Delinquent,Condo,CO,69,776,63239
LN-101865,Anthony Taylor,09/21/2022,09/21/2046,628000,464720,5.12,2938,30 Days Delinquent,Multi Family,TX,81,700,48723
LN-101866,Daniel Martin,03/05/2020,03/05/2046,657000,440190,5.01,3660,Paid Off,Townhouse,FL,56,689,84662
LN-101867,Anthony Davis,07/28/2019,07/28/2048,342000,287280,3.37,4069,Current,Commercial,NJ,55,645,47859
LN-101868,Betty Garcia,04/28/2023,04/28/2053,664000,564400,3.96,1496,90+ Days Delinquent,Townhouse,MI,92,762,91294
LN-101869,Kimberly Thomas,09/11/2023,09/11/2043,653000,509340,4.65,3404,Default,Townhouse,PA,95,699,37411
LN-101870,Donna Johnson,04/26/2018,04/26/2041,525000,488250,4.52,1778,90+ Days Delinquent,Commercial,UT,76,751,29596
LN-101871,Joshua Garcia,01/26/2019,01/26/2042,423000,283410,4.43,3931,60 Days Delinquent,Commercial,WI,87,689,44822
LN-101872,Lisa Wilson,10/24/2023,10/24/2050,530000,492900,5.35,3207,Current,Townhouse,LA,57,690,15279
LN-101873,John Martin,09/22/2023,09/22/2051,850000,646000,7.26,4283,Paid Off,Townhouse,OK,56,697,60299
LN-101874,Karen Rodriguez,03/26/2023,03/26/2049,500000,405000,3.77,1450,Paid Off,Townhouse,MN,83,690,37249
LN-101875,Steven Martinez,11/14/2020,11/14/2041,602000,379260,4.11,3035,Default,Condo,CO,83,711,15737
LN-101876,Mary Robinson,02/01/2021,02/01/2047,235000,178600,4.26,2594,Current,Condo,WA,75,814,59109
LN-101877,Ashley Thomas,01/10/2018,01/10/2041,548000,449360,4.38,3320,Default,Condo,KY,72,785,29653
LN-101878,William Thomas,01/22/2018,01/22/2037,741000,511290,6.29,2156,Default,Commercial,OR,77,716,84561
LN-101879,Donald Taylor,08/05/2021,08/05/2036,410000,381300,5.61,1269,Current,Multi Family,TX,69,813,53959
LN-101880,Anthony Anderson,09/25/2021,09/25/2043,450000,283500,4.36,1832,Default,Condo,NC,65,804,72098
LN-101881,Mark Williams,06/21/2022,06/21/2044,480000,432000,7.61,1667,30 Days Delinquent,Townhouse,CT,67,784,23037
LN-101882,Donald Jones,02/08/2020,02/08/2040,666000,459540,5.73,3720,Current,Single Family,WI,77,795,45563
LN-101883,Betty Lewis,08/19/2021,08/19/2039,688000,564160,4.4,1745,Current,Commercial,LA,62,623,65627
LN-101884,Charles Gonzalez,10/06/2018,10/06/2045,368000,283360,5.95,4453,Default,Commercial,CA,57,694,86489
LN-101885,Nancy Rodriguez,06/23/2021,06/23/2049,420000,315000,7.06,3597,Current,Single Family,IN,62,786,83077
LN-101886,David Brown,02/27/2020,02/27/2043,770000,662200,3.42,4282,60 Days Delinquent,Multi Family,MA,89,684,38755
LN-101887,Paul Miller,11/13/2019,11/13/2035,218000,146060,6.61,3469,60 Days Delinquent,Condo,MD,80,740,35940
LN-101888,Lisa Williams,09/12/2021,09/12/2051,237000,149310,5.45,3268,30 Days Delinquent,Single Family,WI,80,711,63438
LN-101889,Ashley Williams,04/22/2021,04/22/2049,314000,276320,5.28,3239,60 Days Delinquent,Single Family,OR,72,658,45745
LN-101890,Margaret Martinez,11/12/2018,11/12/2038,622000,485160,6.87,1494,90+ Days Delinquent,Condo,TX,82,743,42861
LN-101891,Margaret Johnson,06/06/2019,06/06/2044,440000,409200,4.34,3877,60 Days Delinquent,Multi Family,NJ,90,737,60162
LN-101892,Kimberly Anderson,12/17/2020,12/17/2045,486000,291600,5.47,3591,Paid Off,Commercial,MA,83,769,65068
LN-101893,Lisa Gonzalez,12/28/2018,12/28/2033,826000,545160,7.21,3820,90+ Days Delinquent,Townhouse,VA,93,670,82037
LN-101894,Michael Williams,09/02/2019,09/02/2049,570000,438900,4,2714,60 Days Delinquent,Condo,UT,77,749,55408
LN-101895,Donna Ramirez,12/21/2019,12/21/2043,436000,379320,4.39,3606,Paid Off,Townhouse,MD,55,642,29386
LN-101896,Susan Taylor,06/08/2020,06/08/2038,830000,589300,6.2,3253,Paid Off,Commercial,AL,75,691,97759
LN-101897,Joseph Martinez,03/17/2023,03/17/2038,594000,445500,4.46,3666,Default,Townhouse,WI,64,774,16563
LN-101898,James Thompson,11/11/2018,11/11/2034,845000,735150,5.62,3886,Paid Off,Commercial,PA,56,719,79341
LN-101899,Linda Martinez,10/17/2019,10/17/2048,292000,248200,6.33,1316,Default,Single Family,CO,81,687,65938
LN-101900,Kimberly Williams,04/15/2022,04/15/2052,593000,415100,3.38,3726,Default,Condo,TX,61,630,75764
LN-101901,Nancy Wilson,04/05/2022,04/05/2047,278000,241860,7.28,3907,Paid Off,Multi Family,UT,89,722,55529
LN-101902,Michael Thomas,07/05/2019,07/05/2040,343000,260680,6.23,3763,Paid Off,Multi Family,CT,57,706,57522
LN-101903,Donald Smith,08/21/2019,08/21/2042,467000,331570,6.11,2590,90+ Days Delinquent,Townhouse,OR,86,643,44467
LN-101904,Jennifer Miller,10/22/2020,10/22/2048,238000,209440,6.13,3272,90+ Days Delinquent,Commercial,LA,76,714,15649
LN-101905,Matthew Rodriguez,05/09/2022,05/09/2038,685000,513750,5.75,4334,Default,Townhouse,FL,57,818,20287
LN-101906,Ashley Moore,04/01/2018,04/01/2035,260000,197600,5.41,3404,60 Days Delinquent,Single Family,WI,87,677,24743
LN-101907,John Smith,07/19/2022,07/19/2052,723000,686850,5.36,4069,60 Days Delinquent,Commercial,AZ,58,662,60553
LN-101908,Linda Smith,11/08/2022,11/08/2040,714000,485520,4.99,2476,Current,Condo,MO,66,727,40152
LN-101909,Emily Hernandez,07/19/2019,07/19/2046,316000,192760,5.7,3220,90+ Days Delinquent,Commercial,GA,61,777,97799
LN-101910,Jessica Martin,10/23/2022,10/23/2044,843000,682830,7.32,3294,Default,Townhouse,AZ,78,662,97371
LN-101911,Jennifer Jackson,02/14/2020,02/14/2037,332000,298800,7.33,1349,Default,Commercial,CO,67,738,19260
LN-101912,Betty Lewis,02/14/2018,02/14/2039,275000,173250,5.79,1416,60 Days Delinquent,Multi Family,OK,84,774,50080
LN-101913,Emily Thompson,11/22/2018,11/22/2040,582000,517980,5.33,2079,Current,Townhouse,WA,82,708,98760
LN-101914,Christopher Garcia,04/10/2022,04/10/2047,839000,671200,6.35,2601,60 Days Delinquent,Single Family,NJ,55,699,97786
LN-101915,Matthew Lee,12/24/2022,12/24/2038,732000,490440,7.75,3338,Default,Commercial,TX,91,741,63107
LN-101916,Patricia Williams,12/05/2018,12/05/2041,431000,379280,5.4,3009,Paid Off,Townhouse,NC,84,752,52687
LN-101917,Andrew Thompson,10/28/2021,10/28/2037,845000,667550,5.64,3801,Paid Off,Commercial,MI,84,789,68404
LN-101918,Sandra Gonzalez,01/17/2019,01/17/2040,478000,358500,7.11,3931,60 Days Delinquent,Multi Family,IL,56,628,74341
LN-101919,Matthew Brown,12/24/2018,12/24/2044,293000,269560,5.11,3225,60 Days Delinquent,Condo,WA,77,676,61255
LN-101920,Patricia Harris,05/07/2021,05/07/2048,222000,188700,5.43,2845,Paid Off,Single Family,NC,61,736,69741
LN-101921,Mary White,05/14/2018,05/14/2044,490000,392000,7.36,2691,Paid Off,Commercial,NY,76,801,17630
LN-101922,Linda Lewis,02/03/2023,02/03/2046,410000,360800,5.28,3384,Paid Off,Single Family,SC,62,669,46390
LN-101923,Daniel Rodriguez,05/11/2022,05/11/2041,166000,151060,3.6,3834,Current,Multi Family,KY,85,730,42322
LN-101924,Mary Jones,06/01/2020,06/01/2043,545000,479600,7.18,1262,30 Days Delinquent,Commercial,OR,75,796,90303
LN-101925,Sandra Jackson,03/15/2021,03/15/2050,556000,500400,6.46,4287,30 Days Delinquent,Commercial,MA,65,673,15315
LN-101926,William Ramirez,05/16/2020,05/16/2046,510000,357000,7.28,2666,60 Days Delinquent,Condo,UT,82,816,23348
LN-101927,Jessica White,12/09/2020,12/09/2043,508000,350520,6.89,3781,Default,Condo,CA,75,649,51772
LN-101928,Donald Perez,05/27/2018,05/27/2036,675000,438750,4.44,2118,Paid Off,Multi Family,UT,78,702,49746
LN-101929,Matthew White,01/18/2022,01/18/2052,845000,777400,4.26,2985,30 Days Delinquent,Commercial,NC,57,631,28411
LN-101930,Joseph Smith,03/19/2019,03/19/2039,768000,660480,4.61,3059,30 Days Delinquent,Multi Family,NY,95,704,10525
LN-101931,Elizabeth Harris,08/25/2020,08/25/2038,255000,211650,3.34,1655,Default,Condo,NJ,84,757,67393
LN-101932,Lisa Gonzalez,07/11/2023,07/11/2046,657000,505890,7.05,1953,Default,Single Family,OH,70,753,18844
LN-101933,Paul Jackson,02/10/2023,02/10/2053,522000,365400,7.43,2794,Current,Commercial,CO,89,632,44681
LN-101934,Kimberly Robinson,10/16/2021,10/16/2039,273000,171990,5.31,1689,Default,Commercial,TN,62,656,15157
LN-101935,John Robinson,02/14/2020,02/14/2041,491000,319150,5.06,2466,Paid Off,Condo,LA,73,665,69492
LN-101936,Karen Jones,04/09/2019,04/09/2037,693000,512820,4.45,3489,Default,Condo,IL,56,633,59651
LN-101937,Robert Robinson,11/12/2021,11/12/2043,241000,209670,6.49,4389,Default,Townhouse,IL,85,652,73269
LN-101938,Michelle Lewis,12/03/2022,12/03/2037,235000,159800,7.51,2406,90+ Days Delinquent,Single Family,OH,94,812,97984
LN-101939,Anthony Thomas,04/10/2019,04/10/2038,437000,349600,6.01,3676,30 Days Delinquent,Condo,OR,58,734,26448
LN-101940,John Taylor,10/10/2023,10/10/2049,239000,160130,7.57,3197,90+ Days Delinquent,Single Family,IL,71,739,15968
LN-101941,Michael Robinson,06/07/2018,06/07/2039,671000,570350,6.22,4272,90+ Days Delinquent,Condo,OH,71,756,94785
LN-101942,Susan Martin,11/01/2019,11/01/2049,591000,525990,7.46,3916,Current,Commercial,AZ,69,689,26391
LN-101943,Richard Lee,04/20/2018,04/20/2048,157000,117750,7.48,3882,90+ Days Delinquent,Single Family,TX,61,677,66650
LN-101944,Sandra Hernandez,09/19/2018,09/19/2041,673000,498020,7.71,3435,Paid Off,Multi Family,PA,75,759,33925
LN-101945,Joseph Thomas,04/21/2022,04/21/2041,681000,660570,6.78,2015,Paid Off,Commercial,MI,70,811,38601
LN-101946,Michelle Sanchez,10/02/2021,10/02/2038,759000,554070,6.56,2642,Current,Commercial,AL,76,639,68801
LN-101947,James Garcia,05/20/2020,05/20/2050,707000,615090,7.43,2259,Default,Commercial,MN,68,635,90213
LN-101948,Mark Clark,12/28/2021,12/28/2038,433000,333410,5.28,1859,Current,Townhouse,MO,67,640,98195
LN-101949,Nancy Anderson,03/05/2019,03/05/2037,808000,549440,3.43,4045,60 Days Delinquent,Single Family,WI,81,798,41487
LN-101950,Joshua Martinez,12/06/2018,12/06/2036,695000,556000,3.31,1391,60 Days Delinquent,Condo,OR,94,767,40744
LN-101951,Patricia Jones,05/07/2018,05/07/2040,182000,163800,5.63,4224,Paid Off,Multi Family,NY,94,624,39563
LN-101952,Sarah Martinez,10/06/2019,10/06/2035,234000,170820,7.68,3091,Paid Off,Multi Family,OR,65,624,20511
LN-101953,Kimberly Robinson,10/09/2021,10/09/2047,831000,814380,7.45,1915,60 Days Delinquent,Multi Family,MA,68,661,10119
LN-101954,David Hernandez,08/23/2022,08/23/2052,443000,376550,5.9,2802,90+ Days Delinquent,Condo,LA,77,803,76838
LN-101955,Matthew Lewis,09/10/2019,09/10/2045,810000,704700,6.37,2354,Default,Single Family,IL,55,750,52340
LN-101956,Donna Lewis,11/19/2020,11/19/2046,638000,401940,7.69,1515,Default,Single Family,AZ,81,624,40922
LN-101957,Anthony Miller,08/26/2022,08/26/2038,270000,197100,7.6,1962,60 Days Delinquent,Townhouse,OH,69,656,27364
LN-101958,Elizabeth Robinson,12/11/2023,12/11/2048,561000,370260,6.1,1532,Paid Off,Single Family,OK,74,683,52405
LN-101959,Emily Clark,03/19/2019,03/19/2035,696000,563760,7.54,3152,60 Days Delinquent,Commercial,MN,75,768,50136
LN-101960,Nancy White,01/03/2019,01/03/2049,407000,370370,5.46,3124,30 Days Delinquent,Condo,IL,67,728,55192
LN-101961,Mary Martinez,10/14/2022,10/14/2040,225000,195750,5.63,2178,60 Days Delinquent,Multi Family,SC,85,804,54612
LN-101962,Barbara Harris,04/11/2020,04/11/2044,749000,569240,7.15,4204,30 Days Delinquent,Condo,LA,60,813,96157
LN-101963,Thomas Brown,04/19/2018,04/19/2036,340000,238000,7.54,3978,Default,Multi Family,IL,75,774,63277
LN-101964,Steven Lee,08/03/2021,08/03/2043,211000,192010,6.73,2608,60 Days Delinquent,Condo,GA,79,766,28120
LN-101965,Linda Lee,10/28/2021,10/28/2051,413000,388220,7.47,2782,Default,Townhouse,TN,68,774,23668
LN-101966,Michael Miller,11/10/2020,11/10/2038,413000,318010,5.69,1332,Current,Townhouse,MN,69,713,38481
LN-101967,Michelle Brown,08/08/2021,08/08/2036,516000,319920,4.1,1483,Paid Off,Multi Family,AZ,80,814,49006
LN-101968,Christopher Rodriguez,12/23/2019,12/23/2034,281000,224800,6.93,3206,Current,Commercial,CA,80,640,89034
LN-101969,Sandra Williams,12/17/2022,12/17/2039,502000,461840,7.21,3047,90+ Days Delinquent,Commercial,MO,68,636,45316
LN-101970,William Ramirez,08/05/2023,08/05/2053,598000,550160,6.33,1955,Paid Off,Commercial,TX,76,671,48373
LN-101971,Jessica Moore,11/08/2020,11/08/2048,458000,439680,5.11,3293,Paid Off,Commercial,CA,85,687,88336
LN-101972,Ashley Rodriguez,07/20/2021,07/20/2048,724000,477840,5.1,3248,Paid Off,Condo,OK,80,704,83523
LN-101973,Kimberly Ramirez,11/10/2022,11/10/2050,831000,789450,6.44,3908,Current,Single Family,WA,76,812,76796
LN-101974,Steven Miller,09/23/2020,09/23/2047,656000,551040,6.62,1569,Default,Commercial,KY,91,652,24478
LN-101975,Anthony Thompson,01/15/2020,01/15/2039,486000,393660,6.56,3032,Paid Off,Condo,NJ,62,817,61270
LN-101976,Patricia Perez,05/16/2018,05/16/2040,760000,501600,5.65,1918,Paid Off,Commercial,OK,95,696,78989
LN-101977,Betty Thomas,12/13/2023,12/13/2046,389000,252850,6.77,3915,30 Days Delinquent,Townhouse,NC,82,635,72112
LN-101978,John Robinson,05/08/2022,05/08/2046,167000,108550,3.97,2068,Paid Off,Commercial,MO,65,732,19471
LN-101979,Paul Ramirez,09/14/2022,09/14/2039,563000,382840,6.89,4271,30 Days Delinquent,Single Family,VA,69,677,90510
LN-101980,Robert Williams,02/25/2022,02/25/2050,665000,418950,4.84,2753,Default,Commercial,AZ,78,722,69370
LN-101981,Emily Smith,07/09/2018,07/09/2041,513000,307800,7.29,3309,90+ Days Delinquent,Commercial,CA,88,716,56268
LN-101982,Robert Garcia,06/11/2021,06/11/2043,591000,555540,7.69,4441,Current,Commercial,PA,87,685,18313
LN-101983,James Thomas,07/28/2018,07/28/2039,278000,236300,3.75,4243,30 Days Delinquent,Condo,IN,68,673,32331
LN-101984,Joshua Rodriguez,05/20/2021,05/20/2051,395000,252800,3.72,1413,90+ Days Delinquent,Commercial,WI,68,667,98796
LN-101985,Anthony Martinez,09/21/2019,09/21/2035,849000,636750,6.42,3776,90+ Days Delinquent,Commercial,PA,55,733,74872
LN-101986,David Thompson,05/07/2021,05/07/2036,294000,238140,7.74,1594,30 Days Delinquent,Multi Family,CA,64,681,72632
LN-101987,Joshua Anderson,09/21/2020,09/21/2048,358000,221960,4.45,3339,Paid Off,Multi Family,NC,61,663,99973
LN-101988,William Harris,08/05/2023,08/05/2050,665000,505400,4.57,1816,Default,Condo,GA,81,647,46967
LN-101989,Margaret Davis,02/18/2022,02/18/2041,432000,384480,6.22,2100,60 Days Delinquent,Single Family,OR,88,790,99707
LN-101990,Joshua Anderson,06/04/2018,06/04/2033,708000,538080,6.22,4426,Default,Multi Family,NY,73,661,86446
LN-101991,Kimberly Thomas,04/13/2020,04/13/2040,558000,424080,3.38,3399,Default,Townhouse,PA,67,816,10369
LN-101992,Michael Johnson,10/12/2020,10/12/2046,732000,673440,7.57,3418,60 Days Delinquent,Townhouse,MA,90,705,11785
LN-101993,Linda Taylor,03/11/2022,03/11/2051,384000,268800,5.54,2806,Default,Commercial,VA,95,800,48194
LN-101994,Christopher Anderson,10/25/2022,10/25/2040,212000,169600,4.82,4379,30 Days Delinquent,Townhouse,WA,65,639,44680
LN-101995,Jennifer Lewis,10/16/2019,10/16/2034,527000,469030,4.98,3968,Current,Townhouse,WI,94,724,69095
LN-101996,Donna Harris,01/06/2023,01/06/2052,407000,329670,3.52,3360,Paid Off,Single Family,OR,79,691,94284
LN-101997,Betty Anderson,08/23/2022,08/23/2045,686000,487060,5.02,3236,60 Days Delinquent,Single Family,KY,94,648,80296
LN-101998,Andrew Lopez,11/01/2019,11/01/2035,643000,482250,6.03,4377,90+ Days Delinquent,Single Family,AL,63,795,52764
LN-101999,Sarah Rodriguez,01/11/2023,01/11/2047,599000,515140,5.21,2217,90+ Days Delinquent,Single Family,IN,68,702,87252
LN-102000,Steven Brown,07/13/2022,07/13/2052,373000,305860,6.1,4313,Default,Commercial,AL,66,673,83850
LN-102001,Ashley Clark,11/23/2023,11/23/2047,644000,534520,5.16,1541,Default,Townhouse,CA,63,653,13753
LN-102002,Michael Lopez,10/27/2019,10/27/2043,413000,260190,4.77,3913,30 Days Delinquent,Single Family,IL,55,768,19436
LN-102003,Steven Taylor,07/22/2021,07/22/2037,150000,124500,6.03,4482,60 Days Delinquent,Commercial,MD,64,720,52144
LN-102004,Mary Lopez,01/05/2021,01/05/2037,342000,311220,3.58,3035,Default,Single Family,MN,92,635,43630
LN-102005,Donald Davis,08/05/2023,08/05/2040,609000,389760,6.63,1445,Default,Multi Family,CA,87,695,25960
LN-102006,Lisa Sanchez,12/11/2018,12/11/2047,626000,507060,3.85,3354,30 Days Delinquent,Commercial,MN,58,729,76463
LN-102007,Jennifer White,11/10/2018,11/10/2039,320000,272000,7.09,4206,Paid Off,Single Family,GA,83,687,67867
LN-102008,Linda Harris,02/04/2021,02/04/2040,834000,558780,3.78,3843,60 Days Delinquent,Multi Family,CO,67,752,32705
LN-102009,Matthew Clark,03/21/2020,03/21/2046,391000,301070,6.79,1591,Default,Multi Family,IN,70,786,46696
LN-102010,Karen Thomas,04/08/2022,04/08/2051,262000,170300,7.63,3393,Default,Single Family,WA,64,724,88060
LN-102011,Christopher Lee,09/25/2020,09/25/2047,644000,502320,6.27,1883,90+ Days Delinquent,Multi Family,PA,74,699,70574
LN-102012,Susan Jones,04/04/2023,04/04/2044,582000,547080,7.45,1570,Default,Commercial,NJ,73,689,46724
LN-102013,Susan Lopez,12/09/2022,12/09/2039,836000,744040,4.78,2478,Default,Multi Family,NJ,67,684,20515
LN-102014,Margaret Anderson,12/16/2021,12/16/2045,325000,312000,7.59,2531,Current,Multi Family,NJ,77,732,87101
LN-102015,Donna Johnson,04/15/2021,04/15/2041,776000,504400,7.37,1764,30 Days Delinquent,Multi Family,MN,61,787,96527
LN-102016,Mark Gonzalez,03/10/2020,03/10/2046,556000,461480,3.26,2513,30 Days Delinquent,Single Family,SC,89,657,94869
LN-102017,Andrew Smith,06/19/2023,06/19/2051,829000,646620,4.33,3892,90+ Days Delinquent,Commercial,MA,85,732,93246
LN-102018,Paul Wilson,01/21/2023,01/21/2052,342000,212040,5.21,3551,30 Days Delinquent,Townhouse,LA,70,742,98147
LN-102019,Patricia White,11/19/2020,11/19/2050,394000,252160,5.55,3568,30 Days Delinquent,Townhouse,MD,70,732,61103
LN-102020,Joseph Ramirez,09/04/2023,09/04/2051,231000,219450,3.73,3892,90+ Days Delinquent,Condo,VA,78,762,49598
LN-102021,Andrew Brown,02/10/2022,02/10/2037,700000,476000,3.53,3432,Current,Multi Family,GA,73,798,12317
LN-102022,Nancy Smith,03/16/2019,03/16/2034,202000,143420,3.91,1282,Paid Off,Single Family,IN,61,808,85946
LN-102023,Kimberly Anderson,11/20/2019,11/20/2046,318000,222600,6.07,1253,Default,Commercial,FL,79,691,66901
LN-102024,Andrew Robinson,04/08/2020,04/08/2050,837000,811890,5.25,1990,Default,Condo,PA,71,632,93265
LN-102025,Andrew Martin,07/16/2022,07/16/2037,155000,133300,4.28,1565,Current,Multi Family,KY,76,632,99336
LN-102026,Ashley Williams,08/21/2023,08/21/2052,639000,562320,7.42,1405,Default,Condo,IN,75,629,21277
LN-102027,Karen Jones,12/11/2020,12/11/2043,562000,427120,4.63,3358,Paid Off,Multi Family,TN,67,705,70481
LN-102028,William Perez,03/22/2018,03/22/2041,510000,489600,6.13,3487,Current,Condo,WA,81,664,15318
LN-102029,Mary Jackson,06/05/2020,06/05/2039,834000,525420,7.46,2107,30 Days Delinquent,Multi Family,TX,68,637,42571
LN-102030,Charles Smith,06/17/2019,06/17/2036,322000,309120,6.65,4059,Default,Condo,MI,91,636,20450
LN-102031,Mark Williams,07/11/2019,07/11/2038,708000,438960,3.44,3063,Paid Off,Commercial,MD,77,774,46716
LN-102032,Thomas Anderson,07/17/2023,07/17/2044,575000,391000,5.53,2828,Current,Single Family,NC,65,745,26491
LN-102033,Ashley Moore,09/05/2020,09/05/2048,544000,375360,4.82,2886,90+ Days Delinquent,Multi Family,SC,63,655,15816
LN-102034,Jennifer Anderson,10/10/2019,10/10/2041,645000,522450,5.67,1578,Default,Commercial,CO,85,661,69249
LN-102035,Daniel Lee,11/16/2021,11/16/2040,820000,598600,4.56,3688,30 Days Delinquent,Townhouse,WI,67,767,55043
LN-102036,Linda Anderson,03/04/2019,03/04/2046,208000,151840,4.51,2698,Paid Off,Single Family,CO,68,661,65886
LN-102037,Karen Brown,12/18/2020,12/18/2036,566000,339600,5.99,1620,60 Days Delinquent,Townhouse,UT,78,661,98648
LN-102038,Sandra Lee,01/21/2020,01/21/2043,585000,561600,3.79,3221,Paid Off,Multi Family,OR,81,769,34967
LN-102039,Charles White,12/19/2022,12/19/2040,219000,208050,3.32,3979,Current,Condo,TX,88,707,79449
LN-102040,William Wilson,06/17/2019,06/17/2047,345000,293250,6.95,1911,90+ Days Delinquent,Townhouse,VA,93,724,15641
LN-102041,Mary Williams,05/16/2022,05/16/2037,186000,150660,3.65,4116,Current,Condo,GA,85,693,34951
LN-102042,Charles Taylor,06/07/2022,06/07/2037,663000,490620,5.36,2485,Paid Off,Commercial,WA,65,800,22316
LN-102043,Elizabeth Lee,07/05/2019,07/05/2049,236000,146320,7.41,4208,Default,Condo,MA,84,778,77174
LN-102044,Jennifer Moore,03/20/2022,03/20/2049,614000,435940,5.01,1240,Paid Off,Condo,TN,55,667,63482
LN-102045,Mary Anderson,12/02/2020,12/02/2050,391000,281520,7.35,1857,Current,Commercial,TN,78,679,63143
LN-102046,Daniel Davis,03/06/2023,03/06/2044,842000,682020,3.7,4492,90+ Days Delinquent,Multi Family,UT,69,647,46709
LN-102047,Emily Lee,12/25/2023,12/25/2041,795000,492900,7.44,1263,90+ Days Delinquent,Condo,UT,74,742,22369
LN-102048,Sandra Miller,09/10/2021,09/10/2042,730000,532900,4.16,2714,60 Days Delinquent,Condo,OK,82,688,59265
LN-102049,Richard Miller,03/09/2018,03/09/2035,483000,338100,4.29,3435,60 Days Delinquent,Commercial,MO,67,675,88581
LN-102050,Joseph Johnson,11/11/2022,11/11/2046,178000,165540,4.67,3458,Default,Commercial,MN,93,731,77686
LN-102051,Sarah Martinez,02/06/2022,02/06/2040,850000,671500,6.54,2862,90+ Days Delinquent,Commercial,CA,87,815,29337
LN-102052,Thomas Rodriguez,05/09/2019,05/09/2041,320000,278400,7.16,3715,30 Days Delinquent,Multi Family,UT,61,666,10359
LN-102053,Jennifer Clark,06/19/2019,06/19/2039,150000,141000,5,3185,Paid Off,Commercial,WA,95,757,78939
LN-102054,Susan Martinez,04/23/2020,04/23/2042,182000,112840,5.65,2055,30 Days Delinquent,Multi Family,TX,55,759,79188
LN-102055,Thomas Martinez,08/22/2020,08/22/2040,245000,176400,6.31,3468,Current,Single Family,MA,74,660,73706
LN-102056,Christopher Johnson,11/10/2019,11/10/2044,226000,207920,6.67,2806,Paid Off,Multi Family,TN,80,810,13946
LN-102057,Elizabeth Taylor,10/02/2018,10/02/2039,824000,675680,3.87,3463,90+ Days Delinquent,Single Family,WI,90,627,82152
LN-102058,Thomas Hernandez,02/12/2020,02/12/2044,423000,410310,4.84,3252,90+ Days Delinquent,Single Family,TX,62,706,48613
LN-102059,James Moore,07/24/2018,07/24/2046,635000,450850,5.65,4376,Paid Off,Commercial,PA,79,690,54018
LN-102060,Daniel Anderson,07/24/2020,07/24/2036,741000,615030,6.24,3711,30 Days Delinquent,Single Family,CO,55,715,80966
LN-102061,William Clark,07/26/2022,07/26/2043,374000,359040,3.99,4122,Default,Multi Family,GA,57,775,64870
LN-102062,Donald Thompson,04/20/2022,04/20/2050,813000,585360,3.66,2317,60 Days Delinquent,Single Family,LA,75,718,12413
LN-102063,Emily Wilson,03/04/2020,03/04/2048,584000,513920,6.92,3906,30 Days Delinquent,Multi Family,CT,69,685,83177
LN-102064,Steven Smith,08/07/2022,08/07/2038,529000,365010,5.19,3004,Default,Multi Family,VA,56,694,52760
LN-102065,Thomas Thompson,01/01/2021,01/01/2038,230000,211600,7.42,1462,90+ Days Delinquent,Townhouse,TX,64,732,70178
LN-102066,Daniel Gonzalez,04/05/2020,04/05/2044,263000,249850,5.25,3371,Default,Multi Family,UT,88,785,22733
LN-102067,Lisa Moore,12/13/2019,12/13/2043,501000,360720,4.74,3088,Default,Commercial,TX,73,716,51942
LN-102068,Daniel Gonzalez,11/13/2019,11/13/2036,307000,251740,7.1,3435,30 Days Delinquent,Multi Family,MD,65,624,73192
LN-102069,Betty Moore,01/13/2023,01/13/2052,415000,356900,5.61,3876,Default,Townhouse,MN,67,682,33134
LN-102070,Margaret Lee,10/03/2018,10/03/2040,603000,500490,6.96,1587,Paid Off,Condo,OK,79,739,46691
LN-102071,Emily Miller,03/01/2019,03/01/2044,583000,349800,5.41,1355,60 Days Delinquent,Condo,MO,57,764,34025
LN-102072,Donna Anderson,04/21/2019,04/21/2040,700000,602000,7.12,4328,30 Days Delinquent,Townhouse,OK,74,708,48274
LN-102073,Donna Jones,12/25/2020,12/25/2038,269000,180230,4.35,4105,Paid Off,Single Family,OH,67,718,75975
LN-102074,Linda Sanchez,04/05/2020,04/05/2045,839000,536960,3.93,2137,90+ Days Delinquent,Condo,MD,56,703,81242
LN-102075,Joshua Sanchez,05/01/2019,05/01/2044,279000,212040,6.15,3637,30 Days Delinquent,Single Family,OK,71,652,46664
LN-102076,Joshua Johnson,09/24/2021,09/24/2036,267000,194910,3.9,2540,30 Days Delinquent,Single Family,CA,92,648,53896
LN-102077,Margaret Sanchez,06/09/2021,06/09/2051,582000,360840,6.08,1818,Current,Condo,TN,89,645,69597
LN-102078,Karen Ramirez,12/20/2022,12/20/2045,778000,560160,7.64,2361,90+ Days Delinquent,Single Family,MD,74,674,31940
LN-102079,Michelle Ramirez,03/15/2018,03/15/2048,290000,232000,4.19,3665,60 Days Delinquent,Single Family,FL,78,654,71691
LN-102080,Emily Rodriguez,10/08/2019,10/08/2039,446000,347880,6.96,3918,90+ Days Delinquent,Condo,MD,63,720,39529
LN-102081,Mark Johnson,11/19/2018,11/19/2046,298000,241380,7.03,1708,30 Days Delinquent,Condo,VA,55,753,55342
LN-102082,Sandra Perez,09/06/2019,09/06/2046,414000,339480,4.02,1408,90+ Days Delinquent,Multi Family,TN,58,644,50780
LN-102083,Linda Smith,02/24/2023,02/24/2040,776000,659600,4.59,3377,30 Days Delinquent,Single Family,OH,79,647,95869
LN-102084,Jessica Jackson,07/08/2018,07/08/2042,315000,255150,4.73,4136,60 Days Delinquent,Multi Family,AZ,68,754,45874
LN-102085,Jennifer Jones,05/10/2019,05/10/2040,489000,440100,3.35,1767,30 Days Delinquent,Condo,TX,61,795,57433
LN-102086,Jennifer Martin,02/03/2021,02/03/2045,510000,469200,7.04,3430,Current,Single Family,CO,69,626,57211
LN-102087,Robert Williams,01/03/2022,01/03/2048,335000,207700,5.81,2841,30 Days Delinquent,Single Family,OH,63,775,38357
LN-102088,Sarah Robinson,11/02/2018,11/02/2042,649000,402380,4.34,3373,Paid Off,Single Family,AL,89,780,81677
LN-102089,David Gonzalez,05/14/2023,05/14/2049,210000,157500,5.57,1229,60 Days Delinquent,Townhouse,VA,75,796,20622
LN-102090,Michael Brown,02/19/2022,02/19/2044,695000,646350,6.05,4174,Default,Commercial,NJ,87,627,60957
LN-102091,Elizabeth Robinson,11/08/2023,11/08/2038,776000,558720,5.06,4202,Current,Commercial,CT,80,722,84340
LN-102092,Betty White,03/12/2019,03/12/2042,480000,369600,6.77,3734,30 Days Delinquent,Single Family,MD,66,755,50103
LN-102093,Jessica Lee,11/17/2020,11/17/2039,500000,410000,6.35,3873,90+ Days Delinquent,Multi Family,OH,60,690,44063
LN-102094,Christopher Wilson,02/11/2022,02/11/2047,421000,378900,3.44,2483,90+ Days Delinquent,Multi Family,MI,84,671,53306
LN-102095,Charles Wilson,09/09/2023,09/09/2050,411000,349350,3.33,3231,90+ Days Delinquent,Multi Family,MN,84,668,47255
LN-102096,Robert Brown,09/28/2022,09/28/2041,735000,624750,6.96,4131,60 Days Delinquent,Townhouse,MO,84,789,75857
LN-102097,Michelle Jackson,02/05/2022,02/05/2048,163000,145070,3.35,4192,30 Days Delinquent,Multi Family,KY,67,787,50270
LN-102098,Jennifer Gonzalez,12/21/2023,12/21/2046,334000,213760,7.22,4063,Paid Off,Townhouse,NY,61,707,52373
LN-102099,David Thomas,07/04/2020,07/04/2045,692000,539760,5.64,1887,Default,Single Family,NY,92,820,60485
LN-102100,Jessica Garcia,07/08/2022,07/08/2041,475000,422750,7.64,3176,30 Days Delinquent,Single Family,SC,79,698,20820
LN-102101,Matthew Thompson,01/28/2018,01/28/2042,710000,639000,6.41,3207,60 Days Delinquent,Multi Family,NY,77,775,83766
LN-102102,Ashley Smith,11/20/2021,11/20/2039,520000,317200,4.81,2411,Current,Commercial,MI,72,805,67224
LN-102103,Christopher Sanchez,10/02/2018,10/02/2047,838000,611740,3.96,2303,60 Days Delinquent,Single Family,CO,70,791,20747
LN-102104,Donna Ramirez,07/16/2021,07/16/2047,551000,429780,5.72,3960,30 Days Delinquent,Townhouse,WI,85,689,66265
LN-102105,Linda Robinson,07/10/2020,07/10/2045,781000,609180,3.62,3623,Default,Multi Family,KY,93,624,55428
LN-102106,Nancy Martinez,02/08/2018,02/08/2036,759000,690690,3.52,3738,30 Days Delinquent,Commercial,NC,72,682,87570
LN-102107,Steven Ramirez,07/03/2019,07/03/2038,322000,241500,6.29,3537,Default,Townhouse,AL,87,648,39823
LN-102108,Lisa Miller,07/05/2022,07/05/2043,543000,363810,5.45,3765,30 Days Delinquent,Commercial,UT,76,709,83392
LN-102109,Joshua Taylor,12/12/2021,12/12/2040,562000,511420,4.38,2501,90+ Days Delinquent,Condo,NJ,56,656,99274
LN-102110,Steven Jackson,02/09/2019,02/09/2045,532000,494760,3.71,3872,Default,Condo,OK,91,620,12976
LN-102111,Richard Moore,11/24/2021,11/24/2045,800000,680000,6.55,3563,Default,Condo,FL,74,678,88629
LN-102112,Jessica Wilson,09/28/2018,09/28/2035,609000,511560,6.83,3983,Default,Single Family,FL,87,691,22823
LN-102113,Margaret Gonzalez,01/06/2021,01/06/2036,280000,182000,7.41,3201,90+ Days Delinquent,Condo,CA,60,673,28822
LN-102114,Emily Martin,04/19/2022,04/19/2044,235000,216200,6.38,2752,Default,Townhouse,WA,82,801,70914
LN-102115,Joseph Garcia,04/14/2019,04/14/2044,644000,444360,7.57,3816,Current,Commercial,TN,89,793,31015
LN-102116,John Taylor,06/11/2020,06/11/2048,681000,640140,4.22,4053,90+ Days Delinquent,Townhouse,PA,89,683,25217
LN-102117,Margaret Rodriguez,03/14/2018,03/14/2036,789000,741660,7.58,2140,60 Days Delinquent,Multi Family,WI,76,760,88994
LN-102118,Paul Clark,08/06/2021,08/06/2047,345000,227700,7.39,4054,60 Days Delinquent,Townhouse,AZ,87,735,97595
LN-102119,Lisa Miller,11/24/2021,11/24/2050,697000,529720,3.86,1808,Default,Townhouse,NJ,81,719,64133
LN-102120,Linda Garcia,03/03/2022,03/03/2040,313000,291090,7.6,2254,Default,Commercial,GA,72,723,49756
LN-102121,Lisa Davis,11/24/2023,11/24/2041,634000,576940,5.18,3949,Default,Townhouse,IN,84,796,11863
LN-102122,Mark Martin,05/02/2019,05/02/2049,775000,705250,6.66,2936,Current,Townhouse,TX,58,734,77932
LN-102123,Christopher Lewis,02/05/2019,02/05/2042,434000,312480,5.96,3711,30 Days Delinquent,Condo,UT,91,777,74327
LN-102124,Lisa Williams,03/03/2020,03/03/2046,676000,513760,5.52,1410,Default,Commercial,MN,74,726,74236
LN-102125,Jessica Anderson,03/04/2018,03/04/2044,452000,402280,4.16,4228,Default,Multi Family,PA,63,628,78881
LN-102126,Mark Lopez,07/12/2020,07/12/2046,602000,361200,6.27,3750,30 Days Delinquent,Townhouse,MD,57,714,46767
LN-102127,Sarah Rodriguez,07/16/2022,07/16/2044,519000,384060,7.47,2535,90+ Days Delinquent,Multi Family,LA,55,755,19933
LN-102128,Anthony Rodriguez,06/15/2018,06/15/2039,383000,268100,4.17,1265,Current,Commercial,KY,84,802,73224
LN-102129,Christopher Perez,01/03/2018,01/03/2035,427000,294630,4.74,2603,Paid Off,Condo,NY,82,627,83846
LN-102130,Paul Lewis,07/02/2020,07/02/2042,448000,322560,4.21,1384,Default,Commercial,GA,88,637,63069
LN-102131,Sarah Williams,06/25/2022,06/25/2042,191000,168080,4.5,3647,60 Days Delinquent,Townhouse,WI,87,656,12041
LN-102132,Linda Sanchez,02/06/2020,02/06/2046,165000,130350,6.74,1235,90+ Days Delinquent,Multi Family,PA,83,744,51946
LN-102133,Christopher Jackson,09/10/2019,09/10/2036,758000,576080,6.44,1624,60 Days Delinquent,Commercial,UT,82,632,54212
LN-102134,Charles Taylor,04/27/2020,04/27/2035,298000,271180,3.32,3630,60 Days Delinquent,Single Family,NY,73,657,96302
LN-102135,Thomas Martin,06/10/2018,06/10/2037,699000,580170,4.78,2926,Paid Off,Townhouse,VA,61,705,73479
LN-102136,Joshua Williams,11/18/2021,11/18/2041,534000,368460,4.81,2819,60 Days Delinquent,Townhouse,AL,62,689,13342
LN-102137,Michelle Williams,06/23/2023,06/23/2048,615000,485850,3.94,1770,Current,Townhouse,MO,92,668,44758
LN-102138,Patricia Gonzalez,12/24/2021,12/24/2046,174000,128760,7.17,4301,30 Days Delinquent,Single Family,OK,87,674,65464
LN-102139,Donna Thomas,12/27/2020,12/27/2048,206000,133900,5.44,4461,30 Days Delinquent,Commercial,VA,67,798,60473
LN-102140,Sandra Williams,04/04/2019,04/04/2042,446000,280980,6.39,2189,Paid Off,Single Family,KY,76,669,75130
LN-102141,Thomas Johnson,06/02/2021,06/02/2047,732000,468480,3.47,2775,90+ Days Delinquent,Multi Family,SC,94,780,10121
LN-102142,Sandra Rodriguez,06/07/2019,06/07/2035,515000,453200,4.98,2474,Current,Condo,UT,78,691,78709
LN-102143,Patricia Thomas,09/15/2021,09/15/2045,577000,386590,6.73,1229,Paid Off,Condo,UT,83,775,13518
LN-102144,Mary Brown,05/22/2020,05/22/2037,794000,730480,5.35,2200,Default,Condo,UT,72,658,74452
LN-102145,Mary Wilson,05/26/2019,05/26/2044,282000,186120,7.63,2850,90+ Days Delinquent,Condo,NJ,63,688,17030
LN-102146,Jessica Brown,03/08/2018,03/08/2041,302000,217440,4.8,1797,Default,Condo,CA,95,706,94816
LN-102147,Steven Clark,12/23/2019,12/23/2035,428000,346680,5.59,3675,Paid Off,Condo,IL,78,685,76020
LN-102148,David Perez,01/16/2021,01/16/2043,333000,263070,5.06,2072,60 Days Delinquent,Condo,CO,70,621,38936
LN-102149,John Miller,11/08/2022,11/08/2045,517000,392920,4.58,1451,30 Days Delinquent,Single Family,MD,91,653,81704
LN-102150,Robert White,04/27/2022,04/27/2039,757000,688870,4.05,2307,Default,Condo,MA,75,814,30609
LN-102151,Jennifer Sanchez,09/14/2020,09/14/2040,163000,141810,6.37,2906,Paid Off,Multi Family,WA,82,743,85633
LN-102152,Kimberly Garcia,04/22/2021,04/22/2036,380000,319200,6.21,1478,Default,Townhouse,NC,90,709,51723
LN-102153,Susan Williams,10/27/2018,10/27/2043,822000,748020,5.54,2353,30 Days Delinquent,Townhouse,CT,71,795,57640
LN-102154,Charles Johnson,05/02/2023,05/02/2052,353000,261220,5.95,2898,90+ Days Delinquent,Single Family,FL,91,763,26491
LN-102155,Richard Hernandez,07/07/2018,07/07/2046,582000,419040,6.91,3582,Default,Multi Family,MI,70,651,76601
LN-102156,Jennifer Thomas,09/28/2022,09/28/2039,617000,419560,3.76,3159,90+ Days Delinquent,Commercial,AL,71,689,92619
LN-102157,Linda Wilson,07/27/2020,07/27/2040,733000,586400,5.4,3907,Default,Condo,NJ,77,670,65333
LN-102158,Steven Jackson,03/07/2023,03/07/2047,222000,170940,7.65,2286,30 Days Delinquent,Condo,MI,58,643,50737
LN-102159,Linda Gonzalez,02/18/2023,02/18/2053,389000,276190,4.76,3831,Paid Off,Townhouse,NC,57,754,72410
LN-102160,Joseph Moore,09/03/2018,09/03/2036,694000,527440,5.86,2096,Current,Commercial,FL,82,803,59198
LN-102161,Jessica Taylor,04/02/2021,04/02/2043,833000,808010,7.26,3179,60 Days Delinquent,Townhouse,CA,55,720,43794
LN-102162,David Brown,05/22/2019,05/22/2039,807000,718230,5.48,3055,60 Days Delinquent,Multi Family,TN,91,775,60208
LN-102163,Linda Hernandez,07/28/2022,07/28/2045,809000,720010,3.83,2378,90+ Days Delinquent,Townhouse,NJ,60,631,86751
LN-102164,Sarah Wilson,09/04/2022,09/04/2051,818000,695300,5.06,4145,Paid Off,Townhouse,NC,89,763,47088
LN-102165,Donald Davis,02/14/2022,02/14/2052,341000,289850,4.28,2894,30 Days Delinquent,Commercial,IN,64,680,88414
LN-102166,Susan Ramirez,05/13/2018,05/13/2033,302000,235560,7.03,4370,Paid Off,Condo,NJ,61,803,48805
LN-102167,David Jackson,01/27/2019,01/27/2043,206000,133900,5.1,1980,30 Days Delinquent,Multi Family,NJ,84,680,25317
LN-102168,Susan Gonzalez,10/13/2020,10/13/2045,691000,525160,5.67,3807,30 Days Delinquent,Single Family,KY,73,781,17365
LN-102169,Margaret Garcia,06/09/2018,06/09/2038,298000,256280,7.47,4261,Current,Condo,NY,77,768,19509
LN-102170,Barbara Miller,08/18/2023,08/18/2047,187000,179520,3.7,2773,Paid Off,Single Family,WA,77,620,56119
LN-102171,Linda Lopez,05/09/2023,05/09/2051,586000,457080,4.99,3446,Current,Townhouse,OK,67,676,50673
LN-102172,Michael Lopez,04/18/2020,04/18/2035,351000,291330,7.58,2028,Current,Condo,WA,93,680,68386
LN-102173,David Johnson,11/01/2023,11/01/2050,169000,106470,5.53,2221,Current,Single Family,AZ,76,757,55700
LN-102174,Barbara Williams,03/10/2021,03/10/2044,777000,660450,4.77,3500,Paid Off,Condo,AZ,77,689,94323
LN-102175,Michelle Garcia,06/10/2021,06/10/2046,261000,227070,4.95,3900,Current,Multi Family,OR,87,711,80006
LN-102176,Patricia Thompson,04/09/2023,04/09/2053,564000,394800,4.5,3012,60 Days Delinquent,Multi Family,OR,85,631,32791
LN-102177,Robert Clark,03/09/2023,03/09/2043,701000,553790,6.58,4008,Paid Off,Condo,MD,81,753,46921
LN-102178,Emily Johnson,10/13/2021,10/13/2047,440000,356400,5.6,3686,Current,Single Family,IN,65,766,54287
LN-102179,Charles Miller,10/18/2021,10/18/2042,605000,405350,7.08,2315,60 Days Delinquent,Single Family,LA,83,772,11722
LN-102180,William Hernandez,05/26/2019,05/26/2049,281000,188270,4.48,1789,90+ Days Delinquent,Single Family,WI,75,667,96478
LN-102181,Daniel Hernandez,03/06/2018,03/06/2045,539000,458150,3.67,2124,Default,Townhouse,OK,92,673,11778
LN-102182,Michael Moore,10/04/2020,10/04/2038,590000,536900,4,3047,30 Days Delinquent,Single Family,CT,84,730,48710
LN-102183,Andrew Johnson,11/21/2020,11/21/2042,318000,257580,3.77,3152,60 Days Delinquent,Townhouse,CT,63,735,45713
LN-102184,Charles Gonzalez,05/12/2018,05/12/2039,398000,354220,5.79,2061,30 Days Delinquent,Commercial,WA,94,625,37301
LN-102185,Thomas Lee,05/20/2021,05/20/2043,776000,550960,5.73,1439,90+ Days Delinquent,Multi Family,CA,76,797,75610
LN-102186,Karen Anderson,02/06/2022,02/06/2037,491000,407530,5.24,1885,Paid Off,Townhouse,OR,61,754,94636
LN-102187,Ashley Lopez,05/19/2019,05/19/2034,329000,276360,6.47,3934,Paid Off,Commercial,MN,70,689,11212
LN-102188,Susan Clark,09/10/2019,09/10/2035,208000,168480,7.07,2629,30 Days Delinquent,Townhouse,NY,60,633,55456
LN-102189,Lisa White,12/02/2021,12/02/2051,826000,792960,6.22,3221,Paid Off,Multi Family,NJ,79,647,40615
LN-102190,Patricia Ramirez,08/08/2020,08/08/2044,338000,256880,4.84,4000,Paid Off,Commercial,NJ,87,692,85842
LN-102191,Matthew Sanchez,04/11/2018,04/11/2037,382000,267400,7.32,4066,30 Days Delinquent,Single Family,KY,58,679,36169
LN-102192,Margaret Ramirez,06/06/2018,06/06/2046,333000,229770,5.56,2120,60 Days Delinquent,Single Family,MN,65,635,82218
LN-102193,Sandra Thompson,10/09/2023,10/09/2044,442000,344760,4.21,2191,Current,Single Family,MD,60,632,81795
LN-102194,David Ramirez,03/21/2022,03/21/2049,481000,432900,6.78,1934,30 Days Delinquent,Single Family,OR,94,653,47651
LN-102195,William Taylor,12/12/2021,12/12/2046,235000,218550,5.45,3386,60 Days Delinquent,Townhouse,VA,68,685,53336
LN-102196,Matthew Ramirez,10/27/2018,10/27/2044,612000,581400,7.61,3448,Paid Off,Townhouse,VA,79,640,65358
LN-102197,James Moore,07/17/2021,07/17/2040,811000,519040,3.54,4243,Paid Off,Townhouse,AZ,91,750,32867
LN-102198,Paul Jackson,05/14/2021,05/14/2043,750000,667500,5.95,3117,90+ Days Delinquent,Condo,GA,70,731,92089
LN-102199,Donald Martin,10/24/2023,10/24/2046,302000,190260,7.26,3445,90+ Days Delinquent,Commercial,OH,84,698,49479
LN-102200,Ashley Gonzalez,07/02/2021,07/02/2037,811000,770450,7.44,4447,90+ Days Delinquent,Multi Family,PA,64,784,93595
LN-102201,Linda Brown,05/07/2021,05/07/2037,236000,167560,3.46,2010,Default,Single Family,CO,72,689,51261
LN-102202,Andrew Wilson,03/16/2022,03/16/2045,638000,593340,6.58,2839,Default,Condo,AL,58,720,73130
LN-102203,Joshua Thompson,08/26/2023,08/26/2047,471000,400350,5.09,2192,60 Days Delinquent,Single Family,OK,66,793,92237
LN-102204,William Anderson,03/02/2023,03/02/2039,201000,158790,5.99,2351,60 Days Delinquent,Commercial,WI,64,711,69087
LN-102205,Mark Brown,03/16/2020,03/16/2049,286000,180180,3.76,4439,Paid Off,Single Family,CO,60,784,53997
LN-102206,Donald Moore,11/27/2023,11/27/2046,275000,206250,5.3,4011,60 Days Delinquent,Condo,IN,72,711,31478
LN-102207,Mark Lewis,07/18/2021,07/18/2038,399000,391020,5.64,3397,Default,Multi Family,MO,86,718,97643
LN-102208,Jennifer Lee,08/08/2021,08/08/2049,638000,535920,4.65,2077,Paid Off,Single Family,OR,56,734,39716
LN-102209,Donald Lee,03/09/2018,03/09/2039,701000,532760,6.36,3806,Current,Townhouse,MA,75,688,48481
LN-102210,Lisa Gonzalez,08/15/2023,08/15/2045,546000,485940,3.95,2110,Default,Townhouse,MD,61,820,24732
LN-102211,Linda Lewis,09/19/2023,09/19/2042,183000,159210,6.72,1770,90+ Days Delinquent,Single Family,CA,61,696,13431
LN-102212,Donald Brown,07/20/2023,07/20/2042,228000,180120,4.03,3434,Paid Off,Condo,VA,60,804,97912
LN-102213,Nancy Wilson,09/02/2021,09/02/2050,739000,583810,5.47,3394,30 Days Delinquent,Condo,NC,93,643,92664
LN-102214,Karen Davis,09/14/2021,09/14/2038,510000,326400,4.04,1643,Current,Condo,OH,88,692,26318
LN-102215,Betty Martinez,09/20/2023,09/20/2049,370000,273800,4.27,4434,Default,Multi Family,OR,84,710,68000
LN-102216,William Miller,07/23/2023,07/23/2047,256000,240640,6.75,3083,Paid Off,Multi Family,TN,86,799,59738
LN-102217,Joshua Clark,11/04/2023,11/04/2045,584000,531440,5.24,3314,60 Days Delinquent,Townhouse,NY,64,639,31921
LN-102218,Sarah Harris,07/08/2021,07/08/2049,574000,545300,4.76,2124,Default,Townhouse,MD,71,684,32852
LN-102219,William Smith,05/23/2021,05/23/2044,485000,363750,4.01,1250,60 Days Delinquent,Townhouse,KY,87,802,64779
LN-102220,Susan Lewis,06/02/2018,06/02/2044,421000,408370,6.83,3259,90+ Days Delinquent,Condo,GA,81,662,16437
LN-102221,Richard Ramirez,07/28/2020,07/28/2049,804000,522600,4.86,4250,Paid Off,Commercial,KY,74,695,71848
LN-102222,Mark Davis,05/03/2019,05/03/2046,574000,430500,3.62,1436,60 Days Delinquent,Multi Family,MD,56,642,86449
LN-102223,Sandra Taylor,01/16/2021,01/16/2048,688000,626080,4.76,1528,90+ Days Delinquent,Townhouse,PA,87,689,87006
LN-102224,Robert Williams,12/14/2019,12/14/2047,485000,451050,5.3,1451,Default,Commercial,CO,89,733,53298
LN-102225,James Gonzalez,04/03/2023,04/03/2041,667000,426880,6.61,3931,90+ Days Delinquent,Multi Family,FL,70,804,54758
LN-102226,Sandra Thompson,08/21/2023,08/21/2042,263000,163060,6.99,3802,30 Days Delinquent,Townhouse,CA,72,770,78216
LN-102227,Michael Thomas,07/10/2018,07/10/2041,157000,150720,7.06,3445,90+ Days Delinquent,Townhouse,AL,55,631,28435
LN-102228,Karen Jackson,09/16/2022,09/16/2044,207000,180090,7.41,3749,60 Days Delinquent,Condo,MD,88,729,91678
LN-102229,Linda Lopez,07/15/2021,07/15/2046,404000,339360,7.06,2240,Paid Off,Condo,LA,64,754,43888
LN-102230,Barbara Lee,11/15/2022,11/15/2047,315000,245700,4.27,3831,Default,Condo,KY,82,678,72108
LN-102231,Anthony Anderson,08/10/2021,08/10/2040,661000,475920,5.12,1512,60 Days Delinquent,Multi Family,OK,64,731,40372
LN-102232,Charles Lewis,08/05/2022,08/05/2037,427000,409920,3.76,1744,90+ Days Delinquent,Single Family,GA,91,673,79852
LN-102233,Richard Perez,08/17/2019,08/17/2036,602000,403340,3.75,2983,60 Days Delinquent,Condo,WI,87,754,88760
LN-102234,Susan White,04/09/2021,04/09/2037,227000,138470,6.79,3486,Default,Townhouse,AZ,89,666,53887
LN-102235,Daniel Harris,09/19/2023,09/19/2039,535000,417300,6.15,2807,Paid Off,Single Family,GA,82,738,40692
LN-102236,Betty Harris,04/14/2021,04/14/2047,289000,219640,7.44,1319,Paid Off,Multi Family,AZ,82,747,62490
LN-102237,Paul Smith,05/02/2018,05/02/2038,769000,461400,6.11,3264,Current,Townhouse,NC,56,685,13661
LN-102238,Linda Thompson,09/15/2019,09/15/2049,409000,294480,4.21,1239,30 Days Delinquent,Single Family,WI,61,806,40218
LN-102239,Sandra Sanchez,08/07/2020,08/07/2042,743000,661270,3.71,1236,Paid Off,Condo,AL,86,807,84974
LN-102240,Betty Johnson,09/13/2022,09/13/2038,273000,253890,3.34,2063,Paid Off,Multi Family,IL,84,685,63434
LN-102241,Ashley Johnson,03/17/2021,03/17/2039,634000,475500,4.2,1941,90+ Days Delinquent,Townhouse,CT,78,688,23185
LN-102242,Joshua Thomas,02/08/2021,02/08/2044,236000,226560,4.72,3709,30 Days Delinquent,Commercial,OR,61,811,26708
LN-102243,Paul Davis,01/24/2019,01/24/2049,537000,375900,3.26,2855,90+ Days Delinquent,Townhouse,IL,90,806,52960
LN-102244,Susan Anderson,06/01/2020,06/01/2044,436000,344440,5.67,1746,60 Days Delinquent,Commercial,MN,74,741,31325
LN-102245,Mark Perez,11/22/2020,11/22/2048,168000,141120,6.45,3391,Default,Commercial,OH,75,664,40231
LN-102246,Barbara White,06/07/2022,06/07/2050,292000,233600,6.79,3691,60 Days Delinquent,Commercial,KY,75,815,41061
LN-102247,Nancy Miller,09/27/2018,09/27/2033,663000,430950,7.55,3134,90+ Days Delinquent,Commercial,AZ,95,630,51282
LN-102248,Mary Lee,11/05/2018,11/05/2045,260000,228800,5.84,2899,90+ Days Delinquent,Townhouse,WI,81,730,76160
LN-102249,Ashley Gonzalez,09/18/2020,09/18/2036,285000,236550,3.8,1781,30 Days Delinquent,Multi Family,UT,72,781,21272
LN-102250,Christopher Martin,05/28/2021,05/28/2036,372000,260400,4.71,3951,30 Days Delinquent,Multi Family,MD,70,662,52715
LN-102251,Elizabeth Brown,02/11/2020,02/11/2035,414000,302220,4.32,2420,Default,Multi Family,SC,56,677,84255
LN-102252,Barbara Jones,04/25/2019,04/25/2042,560000,459200,4.91,1787,Current,Multi Family,PA,64,766,44803
LN-102253,William Thomas,04/20/2022,04/20/2040,273000,256620,3.75,3202,Paid Off,Commercial,IN,79,741,34158
LN-102254,Ashley Ramirez,12/24/2020,12/24/2040,339000,291540,7.59,3456,Default,Condo,IL,85,719,15543
LN-102255,Patricia Moore,02/19/2021,02/19/2046,267000,178890,7.43,3775,Default,Townhouse,WA,70,756,24240
LN-102256,Paul Williams,01/28/2018,01/28/2040,819000,778050,5.25,2989,Paid Off,Townhouse,NJ,86,728,49145
LN-102257,David Anderson,01/25/2020,01/25/2038,506000,313720,6.48,2691,30 Days Delinquent,Townhouse,NY,76,816,85358
LN-102258,Patricia Taylor,11/08/2020,11/08/2042,158000,154840,4.41,1510,Default,Townhouse,WA,59,804,34875
LN-102259,Sandra Perez,06/19/2021,06/19/2037,792000,633600,5.9,3891,Default,Single Family,SC,92,761,90572
LN-102260,Michael Lewis,02/03/2020,02/03/2048,804000,546720,3.31,1997,30 Days Delinquent,Multi Family,OH,78,624,25222
LN-102261,Paul Jones,07/21/2019,07/21/2039,646000,620160,6.74,1276,90+ Days Delinquent,Multi Family,MA,77,802,94022
LN-102262,Emily Lee,09/08/2022,09/08/2045,239000,181640,7.5,3736,90+ Days Delinquent,Multi Family,MD,78,713,41012
LN-102263,Elizabeth Sanchez,11/24/2021,11/24/2040,812000,519680,6.33,1544,Paid Off,Townhouse,VA,73,684,41196
LN-102264,Ashley Thomas,01/07/2021,01/07/2051,825000,561000,3.56,4367,Default,Single Family,TN,68,678,37936
LN-102265,Thomas Taylor,03/21/2021,03/21/2043,410000,307500,6.8,1878,Current,Commercial,VA,55,814,93629
LN-102266,Donna Clark,11/26/2019,11/26/2036,585000,462150,7.74,3373,60 Days Delinquent,Condo,WA,87,691,22022
LN-102267,Lisa Ramirez,02/01/2021,02/01/2046,550000,500500,6.71,3058,60 Days Delinquent,Multi Family,AL,68,763,40373
LN-102268,Jessica Perez,02/05/2021,02/05/2038,839000,646030,3.51,1319,Default,Townhouse,OH,57,628,84070
LN-102269,Thomas Davis,09/23/2022,09/23/2043,730000,532900,4.53,3056,60 Days Delinquent,Condo,VA,66,706,48976
LN-102270,Barbara Rodriguez,07/14/2018,07/14/2035,422000,409340,6.86,2492,Default,Condo,MA,89,777,94944
LN-102271,Linda Williams,03/12/2020,03/12/2042,381000,308610,6.45,1950,30 Days Delinquent,Townhouse,WA,79,633,13604
LN-102272,Steven Garcia,06/04/2019,06/04/2049,443000,265800,5.65,2695,Default,Single Family,KY,76,638,47822
LN-102273,Linda Jones,08/03/2022,08/03/2047,600000,360000,6.39,1576,30 Days Delinquent,Commercial,MA,75,625,95167
LN-102274,Paul Ramirez,01/27/2022,01/27/2051,819000,704340,4.16,2867,Default,Condo,OK,83,722,86846
LN-102275,Daniel Brown,05/20/2022,05/20/2041,580000,429200,6.6,1934,30 Days Delinquent,Commercial,GA,74,641,35231
LN-102276,Richard Taylor,10/27/2020,10/27/2045,848000,508800,6.08,3369,Default,Townhouse,MN,77,634,30971
LN-102277,Daniel Robinson,11/23/2021,11/23/2044,539000,344960,6.21,4286,Default,Multi Family,MA,95,699,12252
LN-102278,Christopher Williams,04/21/2021,04/21/2048,289000,268770,6.72,3789,Default,Commercial,MN,90,764,36945
LN-102279,Mary Brown,03/20/2021,03/20/2049,747000,702180,3.8,2989,Default,Townhouse,NJ,78,682,69826
LN-102280,Susan Rodriguez,03/24/2018,03/24/2040,786000,652380,6.18,2947,60 Days Delinquent,Multi Family,AL,79,730,10638
LN-102281,Sandra Davis,04/16/2022,04/16/2047,295000,236000,4.98,3987,60 Days Delinquent,Commercial,LA,77,625,12892
LN-102282,Donna Wilson,02/08/2018,02/08/2042,672000,537600,3.95,2398,Paid Off,Single Family,MI,94,724,40210
LN-102283,Paul Moore,02/05/2022,02/05/2048,726000,566280,5.25,2953,Paid Off,Multi Family,SC,69,688,53735
LN-102284,Lisa Williams,03/26/2018,03/26/2043,226000,174020,6.67,2563,90+ Days Delinquent,Multi Family,NC,58,708,26735
LN-102285,Daniel Sanchez,07/21/2021,07/21/2042,516000,366360,7.23,3656,60 Days Delinquent,Single Family,SC,58,706,33996
LN-102286,Charles Rodriguez,04/13/2018,04/13/2035,513000,436050,5.02,3728,Paid Off,Commercial,OH,61,681,18616
LN-102287,Emily Garcia,10/12/2023,10/12/2039,363000,352110,3.4,1924,Default,Townhouse,TN,79,791,43764
LN-102288,Linda Martinez,05/23/2022,05/23/2052,691000,449150,6.94,2036,90+ Days Delinquent,Commercial,AZ,78,731,47884
LN-102289,Lisa Harris,05/20/2020,05/20/2040,798000,510720,7.28,2128,60 Days Delinquent,Townhouse,NJ,81,727,42108
LN-102290,Anthony Anderson,08/11/2020,08/11/2043,251000,168170,5.64,3799,30 Days Delinquent,Commercial,OR,64,686,81600
LN-102291,Linda Williams,10/10/2021,10/10/2048,593000,385450,3.48,1998,60 Days Delinquent,Commercial,CA,72,658,37950
LN-102292,Paul Robinson,02/01/2023,02/01/2052,230000,204700,6.85,1538,Default,Single Family,MD,62,772,39508
LN-102293,Karen Clark,12/17/2020,12/17/2038,701000,665950,6.05,3188,60 Days Delinquent,Single Family,PA,62,699,28170
LN-102294,Betty White,02/24/2021,02/24/2039,630000,428400,7.04,1876,Default,Commercial,LA,93,777,52038
LN-102295,Lisa Taylor,02/15/2021,02/15/2037,638000,446600,6.9,3138,Paid Off,Townhouse,OH,81,728,13934
LN-102296,Michelle Rodriguez,08/08/2019,08/08/2048,397000,262020,5.92,4472,Default,Townhouse,PA,68,775,47424
LN-102297,Thomas Moore,07/08/2020,07/08/2037,694000,589900,7.45,4014,60 Days Delinquent,Condo,TN,81,787,20007
LN-102298,Joshua Martinez,12/12/2021,12/12/2038,220000,167200,6.65,2296,90+ Days Delinquent,Townhouse,AZ,80,777,36990
LN-102299,Patricia Gonzalez,08/05/2018,08/05/2035,498000,448200,3.37,4082,60 Days Delinquent,Multi Family,WI,75,680,54386
LN-102300,Lisa Thompson,04/19/2023,04/19/2042,624000,480480,6.29,4329,90+ Days Delinquent,Commercial,IL,59,785,38044
LN-102301,Mary Jackson,10/08/2020,10/08/2042,474000,374460,6.61,3723,90+ Days Delinquent,Townhouse,NY,78,679,71281
LN-102302,John Johnson,10/11/2023,10/11/2046,324000,272160,4.45,3685,90+ Days Delinquent,Condo,FL,81,688,98028
LN-102303,Margaret Williams,09/23/2018,09/23/2043,174000,128760,5.45,4121,60 Days Delinquent,Commercial,IL,62,742,27341
LN-102304,Margaret Perez,06/13/2020,06/13/2035,463000,375030,7.29,4040,Default,Multi Family,OK,76,643,81577
LN-102305,Sarah Robinson,01/17/2021,01/17/2049,709000,631010,6.34,4153,90+ Days Delinquent,Single Family,AZ,60,670,89396
LN-102306,Sarah Thomas,03/17/2022,03/17/2050,205000,190650,4.32,1485,Paid Off,Commercial,FL,67,726,82111
LN-102307,Thomas Martin,05/11/2019,05/11/2046,397000,305690,6,1782,60 Days Delinquent,Condo,NC,71,736,45388
LN-102308,Andrew Davis,01/17/2023,01/17/2042,484000,450120,3.36,2489,30 Days Delinquent,Townhouse,TN,61,668,41996
LN-102309,Nancy Martin,08/14/2021,08/14/2036,365000,229950,4.06,3378,Current,Single Family,CA,62,806,41853
LN-102310,Jennifer Harris,11/21/2020,11/21/2040,577000,461600,6.58,2946,Paid Off,Multi Family,MD,81,676,97011
LN-102311,Donna Lopez,07/23/2021,07/23/2039,354000,219480,7.59,1215,60 Days Delinquent,Condo,NJ,57,639,25956
LN-102312,Jennifer Lee,06/23/2021,06/23/2038,576000,449280,4.03,3396,Paid Off,Townhouse,NJ,78,687,96954
LN-102313,Betty Thomas,12/05/2022,12/05/2052,371000,285670,3.82,4151,90+ Days Delinquent,Single Family,NJ,90,698,70603
LN-102314,Lisa Williams,11/21/2021,11/21/2046,693000,519750,3.6,3615,Current,Commercial,WA,64,747,81582
LN-102315,James Perez,05/08/2018,05/08/2033,367000,333970,6.75,2848,Default,Condo,MI,69,625,83159
LN-102316,Ashley Thompson,01/20/2021,01/20/2046,807000,766650,3.55,4078,90+ Days Delinquent,Single Family,PA,58,646,31965
LN-102317,Richard Brown,01/17/2019,01/17/2035,488000,400160,3.79,1395,90+ Days Delinquent,Single Family,FL,89,689,58366
LN-102318,Paul Robinson,07/13/2018,07/13/2035,395000,244900,4.67,1248,30 Days Delinquent,Commercial,WA,94,641,13264
LN-102319,Michael White,05/05/2023,05/05/2042,249000,186750,3.66,4178,60 Days Delinquent,Condo,NC,60,798,45463
LN-102320,Richard Johnson,09/22/2022,09/22/2038,536000,498480,6.65,3826,Current,Multi Family,MO,61,655,12523
LN-102321,Betty Clark,12/11/2018,12/11/2043,745000,454450,5.65,2056,Default,Commercial,UT,80,769,32437
LN-102322,Donald Davis,04/22/2022,04/22/2037,768000,645120,4.76,1933,Paid Off,Single Family,IL,77,742,18018
LN-102323,Anthony Williams,08/23/2023,08/23/2043,379000,352470,7.01,4120,Paid Off,Single Family,KY,60,711,73953
LN-102324,Christopher White,07/18/2020,07/18/2036,172000,159960,4.25,3961,90+ Days Delinquent,Townhouse,AL,88,776,47066
LN-102325,Thomas Brown,11/24/2021,11/24/2038,717000,623790,3.67,2915,90+ Days Delinquent,Commercial,KY,64,731,35927
LN-102326,Paul Smith,02/06/2021,02/06/2048,768000,560640,6.26,1741,90+ Days Delinquent,Single Family,IN,76,773,53274
LN-102327,Ashley Clark,04/06/2022,04/06/2037,737000,464310,5.57,3592,Default,Single Family,MD,69,704,74022
LN-102328,Richard Thomas,06/18/2020,06/18/2042,476000,299880,5.33,3176,Current,Commercial,CA,86,722,32958
LN-102329,Donald Martin,12/12/2021,12/12/2040,382000,278860,7.58,4414,30 Days Delinquent,Single Family,AL,78,804,39336
LN-102330,Robert Jackson,05/09/2022,05/09/2052,702000,540540,5.2,3228,60 Days Delinquent,Townhouse,MI,77,725,49523
LN-102331,Michelle Martin,01/06/2021,01/06/2046,321000,195810,4,2287,Current,Multi Family,CA,80,724,44844
LN-102332,Mark Brown,03/14/2022,03/14/2050,611000,452140,3.97,1452,60 Days Delinquent,Multi Family,CO,62,790,95707
LN-102333,Joshua Jones,11/20/2020,11/20/2039,179000,141410,5.99,4211,Default,Multi Family,MA,85,774,20663
LN-102334,Paul Sanchez,03/25/2021,03/25/2044,538000,478820,5.91,3222,60 Days Delinquent,Condo,CO,77,672,73901
LN-102335,Michael Lee,12/05/2021,12/05/2046,308000,234080,4.01,3380,Default,Condo,AL,86,730,96220
LN-102336,Daniel Sanchez,03/21/2021,03/21/2048,316000,303360,7.46,1585,60 Days Delinquent,Townhouse,FL,72,787,51555
LN-102337,Margaret Lopez,06/07/2019,06/07/2034,486000,383940,7.66,2857,30 Days Delinquent,Condo,MA,63,723,91912
LN-102338,Daniel Johnson,01/10/2022,01/10/2050,750000,682500,6.62,2817,30 Days Delinquent,Townhouse,OH,70,661,59402
LN-102339,Charles Thomas,09/24/2018,09/24/2041,620000,551800,6.43,3582,Paid Off,Townhouse,CT,95,722,85424
LN-102340,Lisa Harris,10/02/2023,10/02/2052,286000,265980,7.73,3116,60 Days Delinquent,Single Family,MI,91,774,11703
LN-102341,Donald Taylor,08/23/2021,08/23/2048,412000,399640,6.42,4358,Paid Off,Condo,AZ,90,727,69181
LN-102342,Thomas Thompson,05/04/2018,05/04/2043,590000,359900,6.7,3397,Current,Townhouse,WI,66,809,96888
LN-102343,Christopher Thomas,04/25/2019,04/25/2041,766000,589820,4.73,1216,Default,Single Family,MA,93,756,36387
LN-102344,Mark Johnson,03/16/2018,03/16/2040,417000,375300,4.97,2698,60 Days Delinquent,Single Family,VA,80,670,73963
LN-102345,Charles Johnson,08/12/2021,08/12/2045,551000,473860,6.54,1472,Default,Townhouse,IN,68,708,91679
LN-102346,Emily Hernandez,12/27/2019,12/27/2041,486000,296460,3.4,1408,60 Days Delinquent,Multi Family,NC,83,804,94104
LN-102347,Emily Lopez,05/20/2018,05/20/2033,626000,413160,6.1,1993,Default,Condo,NC,73,640,49581
LN-102348,Lisa Thompson,10/21/2023,10/21/2044,819000,696150,4.88,3963,Paid Off,Commercial,NC,65,743,69170
LN-102349,Kimberly Taylor,03/25/2019,03/25/2048,442000,380120,3.57,3293,60 Days Delinquent,Condo,IL,58,811,75854
LN-102350,Anthony Jones,06/09/2019,06/09/2038,155000,137950,4.5,3987,30 Days Delinquent,Condo,WA,75,631,73575
LN-102351,Andrew Smith,06/03/2022,06/03/2048,545000,397850,5.77,2781,Paid Off,Townhouse,NJ,61,795,93152
LN-102352,Robert Wilson,09/28/2023,09/28/2050,360000,244800,3.32,3211,30 Days Delinquent,Condo,CA,89,740,82801
LN-102353,Lisa Jackson,11/11/2018,11/11/2039,485000,358900,3.87,2533,Paid Off,Commercial,VA,61,702,69117
LN-102354,Jessica Garcia,12/11/2020,12/11/2046,784000,721280,6.53,2156,60 Days Delinquent,Single Family,AL,72,641,63699
LN-102355,Anthony Thompson,07/01/2020,07/01/2047,575000,454250,3.54,1515,30 Days Delinquent,Townhouse,MO,58,745,47801
LN-102356,Patricia Robinson,04/07/2022,04/07/2045,513000,348840,4.68,4164,Default,Condo,WA,81,793,92249
LN-102357,Mark Clark,04/17/2022,04/17/2046,741000,644670,3.64,4285,60 Days Delinquent,Commercial,MA,89,796,33093
LN-102358,Anthony Anderson,02/08/2022,02/08/2042,156000,123240,5.73,3265,30 Days Delinquent,Single Family,CO,65,669,52264
LN-102359,James Wilson,11/07/2023,11/07/2051,336000,255360,6.94,3539,30 Days Delinquent,Commercial,UT,72,785,55242
LN-102360,Kimberly Johnson,03/12/2023,03/12/2045,296000,210160,5.87,1736,90+ Days Delinquent,Multi Family,VA,81,680,68939
LN-102361,Daniel Perez,10/26/2023,10/26/2049,850000,552500,3.85,3717,60 Days Delinquent,Condo,WI,70,670,70399
LN-102362,Joseph Lewis,06/16/2020,06/16/2038,293000,234400,4.56,2520,Default,Commercial,MA,75,675,35209
LN-102363,Margaret Hernandez,05/19/2020,05/19/2049,485000,320100,7.33,4070,Paid Off,Townhouse,OH,78,804,54342
LN-102364,John Sanchez,09/21/2023,09/21/2045,770000,562100,6.73,1832,Paid Off,Condo,MN,83,756,86204
LN-102365,Donna Lewis,07/21/2020,07/21/2039,573000,412560,6.73,3209,Default,Commercial,MN,90,743,24112
LN-102366,Elizabeth Lopez,12/14/2021,12/14/2046,240000,194400,4.26,2672,Default,Commercial,WA,64,641,98541
LN-102367,Kimberly Gonzalez,05/13/2020,05/13/2046,607000,503810,5.79,4278,Paid Off,Townhouse,CT,62,810,45150
LN-102368,Anthony Martinez,12/16/2022,12/16/2050,698000,579340,3.96,4045,60 Days Delinquent,Townhouse,AZ,79,700,34447
LN-102369,Charles Lewis,08/01/2019,08/01/2046,515000,468650,6.41,2515,30 Days Delinquent,Townhouse,OK,74,786,57859
LN-102370,Patricia Wilson,12/23/2020,12/23/2050,358000,247020,6.51,3115,90+ Days Delinquent,Commercial,PA,62,736,61448
LN-102371,Margaret Jackson,04/27/2023,04/27/2038,615000,405900,3.86,3155,30 Days Delinquent,Single Family,OH,67,810,41095
LN-102372,Linda Lewis,05/25/2019,05/25/2047,282000,239700,7.09,1873,Default,Townhouse,IN,72,689,22655
LN-102373,Linda Johnson,03/10/2021,03/10/2036,706000,571860,5.66,2249,Paid Off,Condo,LA,81,709,99626
LN-102374,Betty Harris,11/24/2019,11/24/2039,199000,175120,5.42,4186,90+ Days Delinquent,Commercial,MI,61,699,36128
LN-102375,James Robinson,11/12/2023,11/12/2049,195000,140400,5.41,4106,90+ Days Delinquent,Multi Family,MA,60,752,89244
LN-102376,Daniel Brown,07/08/2021,07/08/2037,636000,477000,5.14,4315,60 Days Delinquent,Multi Family,SC,87,646,26197
LN-102377,Charles Davis,10/14/2023,10/14/2045,184000,114080,4.95,3327,60 Days Delinquent,Multi Family,NC,66,673,10961
LN-102378,Donna Ramirez,04/25/2020,04/25/2049,488000,366000,6.08,1278,Default,Condo,NC,77,750,64362
LN-102379,Daniel Thompson,02/24/2018,02/24/2033,559000,436020,5.34,2307,30 Days Delinquent,Townhouse,MA,62,773,27314
LN-102380,Emily Clark,08/22/2022,08/22/2039,490000,298900,4.4,2385,30 Days Delinquent,Single Family,OH,60,699,29497
LN-102381,Jennifer Taylor,04/12/2018,04/12/2034,395000,292300,5.2,2476,60 Days Delinquent,Commercial,UT,59,812,22699
LN-102382,Michelle Gonzalez,04/10/2019,04/10/2045,837000,569160,6.45,2304,Default,Townhouse,AZ,95,664,26919
LN-102383,Donald Williams,07/02/2019,07/02/2036,369000,228780,4.33,2421,Default,Single Family,AZ,81,705,56587
LN-102384,Barbara Jones,11/19/2019,11/19/2043,556000,455920,4.73,4360,Paid Off,Commercial,CT,64,635,12193
LN-102385,Anthony Thomas,02/11/2020,02/11/2035,682000,572880,6.75,1431,60 Days Delinquent,Single Family,NJ,68,806,88240
LN-102386,James Harris,01/24/2022,01/24/2046,364000,225680,5.94,4148,Current,Single Family,LA,59,741,35791
LN-102387,Joseph Clark,05/26/2022,05/26/2040,825000,602250,3.38,3069,Paid Off,Commercial,OK,62,642,24539
LN-102388,William Martin,03/12/2020,03/12/2035,579000,544260,6.86,3354,Current,Multi Family,SC,60,812,97388
LN-102389,Ashley Garcia,10/18/2022,10/18/2041,581000,395080,3.99,4256,30 Days Delinquent,Townhouse,OH,74,765,48820
LN-102390,John Brown,02/26/2021,02/26/2040,211000,181460,6.37,2181,30 Days Delinquent,Single Family,AZ,69,697,10945
LN-102391,Patricia Miller,02/19/2021,02/19/2049,236000,172280,5.89,3137,30 Days Delinquent,Townhouse,NY,78,755,68636
LN-102392,Robert Thomas,09/28/2021,09/28/2040,162000,127980,4.23,1262,90+ Days Delinquent,Condo,OR,62,745,28462
LN-102393,Kimberly Jackson,05/12/2021,05/12/2039,530000,339200,6.09,2267,60 Days Delinquent,Single Family,GA,88,769,70484
LN-102394,Jennifer Perez,08/27/2021,08/27/2043,803000,690580,3.46,4165,60 Days Delinquent,Commercial,NY,87,735,81095
LN-102395,Ashley Anderson,12/04/2021,12/04/2043,637000,515970,3.51,4404,90+ Days Delinquent,Commercial,IL,67,672,79356
LN-102396,Emily Thompson,06/14/2022,06/14/2041,298000,274160,3.29,1235,30 Days Delinquent,Single Family,CA,80,631,27224
LN-102397,John Perez,04/22/2022,04/22/2041,203000,152250,4.32,1476,90+ Days Delinquent,Commercial,IL,57,791,10229
LN-102398,Joseph Johnson,08/12/2020,08/12/2037,318000,298920,4.6,3286,30 Days Delinquent,Commercial,AL,83,744,15471
LN-102399,Daniel Smith,05/18/2019,05/18/2043,309000,275010,7.59,1258,Paid Off,Commercial,AZ,92,691,80070
LN-102400,Joseph Harris,11/03/2020,11/03/2045,560000,364000,4.33,4461,Paid Off,Condo,LA,94,635,88295
LN-102401,Karen Moore,12/04/2018,12/04/2044,341000,221650,4.53,4292,Default,Multi Family,FL,57,688,28987
LN-102402,Betty Thompson,06/09/2019,06/09/2049,509000,366480,5.11,2955,Current,Townhouse,AZ,64,779,95994
LN-102403,Barbara Lee,08/27/2023,08/27/2051,461000,341140,3.76,4424,Paid Off,Townhouse,NY,87,807,41627
LN-102404,Charles Lee,01/20/2021,01/20/2050,432000,406080,5.21,1402,Default,Condo,OK,67,664,68597
LN-102405,Thomas Jones,06/27/2020,06/27/2043,349000,230340,6.08,4362,90+ Days Delinquent,Commercial,MA,85,819,28075
LN-102406,Barbara Perez,04/09/2018,04/09/2042,583000,489720,7.23,2656,90+ Days Delinquent,Multi Family,AL,92,634,19253
LN-102407,Michael Rodriguez,08/23/2022,08/23/2038,345000,238050,6.65,3686,30 Days Delinquent,Commercial,MD,71,682,55244
LN-102408,Mark Johnson,03/19/2019,03/19/2041,734000,491780,7.27,2869,Paid Off,Condo,FL,74,696,21941
LN-102409,Mary Davis,12/12/2021,12/12/2037,648000,589680,5.8,4484,30 Days Delinquent,Single Family,UT,75,764,30561
LN-102410,Andrew Clark,06/09/2019,06/09/2036,641000,435880,5.92,4282,Paid Off,Commercial,IL,74,659,39533
LN-102411,Jennifer Jackson,01/28/2020,01/28/2040,277000,177280,5.04,3351,Default,Multi Family,WA,63,755,28455
LN-102412,Susan Ramirez,08/28/2020,08/28/2035,522000,422820,5.95,1531,Default,Condo,LA,56,666,29349
LN-102413,Joshua Lopez,10/11/2020,10/11/2043,654000,555900,7.04,3753,Paid Off,Commercial,TN,69,727,88135
LN-102414,Andrew Thompson,09/19/2023,09/19/2044,822000,764460,6.8,2694,Default,Commercial,OR,67,816,27111
LN-102415,Barbara Hernandez,05/13/2020,05/13/2048,662000,609040,4.24,2926,30 Days Delinquent,Condo,TX,73,736,44919
LN-102416,Robert Miller,08/12/2019,08/12/2037,201000,158790,7.32,1325,30 Days Delinquent,Multi Family,MO,65,658,48694
LN-102417,Mary Garcia,04/24/2022,04/24/2044,280000,268800,7.47,2360,60 Days Delinquent,Commercial,NC,87,819,56979
LN-102418,Joseph Jackson,10/19/2020,10/19/2050,189000,117180,4.87,2166,30 Days Delinquent,Condo,IN,70,620,14652
LN-102419,Paul Hernandez,02/09/2021,02/09/2043,373000,238720,4.17,1632,Current,Commercial,NC,67,716,25882
LN-102420,Sandra Harris,03/27/2020,03/27/2049,825000,536250,5.06,4115,Paid Off,Commercial,FL,55,770,66287
LN-102421,Charles Lewis,01/04/2018,01/04/2045,274000,257560,6.5,2472,90+ Days Delinquent,Multi Family,MI,62,698,40413
LN-102422,James Perez,08/08/2019,08/08/2046,334000,223780,7.11,3275,Default,Single Family,OR,89,750,79777
LN-102423,James Martin,07/28/2022,07/28/2040,740000,606800,5.83,2901,Paid Off,Multi Family,LA,78,737,97671
LN-102424,Jennifer Anderson,09/26/2019,09/26/2040,313000,225360,5.29,2823,30 Days Delinquent,Multi Family,OH,80,713,12244
LN-102425,Jennifer Jones,11/19/2022,11/19/2044,758000,523020,4.17,2177,Current,Single Family,TN,89,690,29496
LN-102426,Matthew Sanchez,12/17/2018,12/17/2037,395000,323900,5.94,3477,Paid Off,Single Family,NY,83,674,85398
LN-102427,Paul Brown,03/09/2023,03/09/2046,550000,352000,4.82,2579,Current,Multi Family,GA,76,640,31617
LN-102428,Margaret Harris,02/04/2021,02/04/2051,545000,425100,6.14,3991,Default,Condo,NJ,78,708,21505
LN-102429,John Taylor,03/12/2019,03/12/2037,180000,144000,4.45,1680,90+ Days Delinquent,Condo,IL,94,688,86263
LN-102430,Christopher Wilson,06/25/2019,06/25/2047,729000,634230,7.71,1930,Default,Townhouse,TX,61,814,93720
LN-102431,Steven White,09/28/2020,09/28/2044,429000,416130,5.97,1217,60 Days Delinquent,Condo,MO,57,803,48223
LN-102432,Anthony Thomas,12/20/2018,12/20/2033,541000,519360,6.48,3263,Current,Multi Family,PA,61,654,45951
LN-102433,Margaret Lewis,01/28/2020,01/28/2038,453000,425820,6.15,1806,Default,Commercial,OR,83,704,87120
LN-102434,Michael Rodriguez,02/08/2019,02/08/2038,172000,144480,5.31,3317,30 Days Delinquent,Single Family,IL,82,770,24243
LN-102435,Sandra Jones,12/10/2018,12/10/2035,526000,504960,5.22,2312,Paid Off,Commercial,TN,93,802,85767
LN-102436,Margaret Hernandez,01/24/2020,01/24/2046,322000,267260,6.76,2167,Paid Off,Condo,KY,55,655,86935
LN-102437,Michael Martin,04/18/2018,04/18/2043,789000,568080,4.72,3824,Paid Off,Single Family,OR,71,715,87403
LN-102438,Lisa Gonzalez,05/24/2023,05/24/2042,271000,257450,5.45,4443,Paid Off,Townhouse,IN,55,727,79762
LN-102439,Matthew Lee,07/26/2022,07/26/2051,233000,158440,6.74,3040,Current,Single Family,VA,85,790,61260
LN-102440,John Wilson,08/19/2021,08/19/2044,439000,403880,6.59,3552,90+ Days Delinquent,Townhouse,WI,92,775,22608
LN-102441,Margaret Thompson,05/06/2022,05/06/2039,631000,567900,5.4,2298,60 Days Delinquent,Condo,TN,63,787,94561
LN-102442,Joshua Perez,07/08/2021,07/08/2042,815000,700900,4.99,2130,30 Days Delinquent,Condo,MN,58,731,75252
LN-102443,Richard Robinson,03/11/2021,03/11/2038,290000,220400,6.24,2057,Current,Condo,CO,68,651,90840
LN-102444,Andrew Taylor,04/14/2018,04/14/2048,568000,380560,4.49,4061,Paid Off,Multi Family,IN,55,718,32619
LN-102445,Nancy Williams,12/25/2021,12/25/2045,744000,617520,4,2496,60 Days Delinquent,Townhouse,UT,60,633,84917
LN-102446,James Williams,06/14/2020,06/14/2044,601000,402670,3.75,2026,30 Days Delinquent,Townhouse,OK,83,641,92258
LN-102447,Barbara Ramirez,09/25/2021,09/25/2039,268000,235840,6.34,2102,60 Days Delinquent,Commercial,NY,93,778,38002
LN-102448,Elizabeth Smith,10/05/2018,10/05/2043,632000,619360,4.48,1694,Current,Commercial,IN,55,814,24757
LN-102449,Ashley Anderson,08/11/2022,08/11/2037,488000,390400,5.29,3355,30 Days Delinquent,Condo,MO,56,653,82622
LN-102450,Patricia Martin,08/19/2023,08/19/2042,545000,392400,4.24,4452,90+ Days Delinquent,Commercial,MD,66,700,97037
LN-102451,Margaret Rodriguez,02/20/2018,02/20/2046,506000,384560,4.45,1606,60 Days Delinquent,Commercial,LA,91,692,44459
LN-102452,Charles Robinson,11/18/2021,11/18/2048,517000,403260,7.5,3051,Default,Multi Family,AZ,76,630,68861
LN-102453,Jennifer Davis,05/01/2023,05/01/2046,416000,353600,7.43,3117,60 Days Delinquent,Condo,OR,65,756,95645
LN-102454,Elizabeth Clark,08/10/2018,08/10/2037,222000,179820,4.97,3336,90+ Days Delinquent,Multi Family,MA,67,707,99826
LN-102455,Thomas Jones,06/08/2022,06/08/2047,368000,228160,4.37,2554,Default,Single Family,GA,84,802,87628
LN-102456,Elizabeth Jackson,11/17/2023,11/17/2043,818000,777100,6.17,2445,Current,Condo,MA,90,790,12443
LN-102457,Donna Lopez,11/06/2020,11/06/2043,672000,504000,4.02,2221,Default,Multi Family,OK,64,785,21581
LN-102458,Steven Martinez,04/04/2020,04/04/2041,654000,510120,7.41,1855,Paid Off,Multi Family,FL,83,786,12848
LN-102459,Matthew Gonzalez,03/12/2019,03/12/2036,821000,714270,5.17,2027,90+ Days Delinquent,Commercial,MD,70,714,62044
LN-102460,Donna Lewis,07/13/2021,07/13/2047,348000,267960,6.72,3568,Current,Condo,AZ,75,678,61033
LN-102461,Sarah Garcia,08/16/2020,08/16/2046,167000,130260,5.74,3493,Current,Condo,CT,94,798,58653
LN-102462,Matthew Moore,03/08/2019,03/08/2043,679000,651840,4.88,2623,Current,Single Family,MN,93,801,46578
LN-102463,Barbara Anderson,02/27/2021,02/27/2047,326000,312960,5.22,1210,30 Days Delinquent,Commercial,MO,57,813,88756
LN-102464,Andrew Anderson,01/24/2023,01/24/2051,480000,336000,3.82,2596,90+ Days Delinquent,Commercial,MN,82,625,66638
LN-102465,Anthony Taylor,11/20/2020,11/20/2038,629000,496910,6.88,2639,Default,Commercial,NJ,95,737,61218
LN-102466,Michael Jackson,12/06/2022,12/06/2050,600000,420000,5.61,1791,90+ Days Delinquent,Single Family,OH,69,789,58064
LN-102467,James Lee,02/14/2020,02/14/2046,803000,562100,5.74,3176,90+ Days Delinquent,Townhouse,WI,75,707,22859
LN-102468,Paul Miller,10/07/2023,10/07/2046,729000,685260,5.71,4251,Default,Multi Family,PA,82,712,95281
LN-102469,Michelle Martinez,07/14/2021,07/14/2036,336000,235200,4.41,2449,30 Days Delinquent,Townhouse,SC,93,723,79496
LN-102470,Joseph Miller,08/16/2021,08/16/2049,219000,199290,3.76,2397,Default,Single Family,MO,75,808,85336
LN-102471,Andrew Taylor,05/22/2022,05/22/2041,433000,411350,4.06,2068,90+ Days Delinquent,Townhouse,WA,76,651,13029
LN-102472,Sandra Clark,05/15/2021,05/15/2036,789000,670650,4.47,3221,30 Days Delinquent,Townhouse,CA,72,667,10874
LN-102473,Linda Jackson,06/19/2023,06/19/2053,463000,314840,3.76,2632,Current,Condo,WI,95,699,70751
LN-102474,Sarah Taylor,08/06/2018,08/06/2035,451000,293150,4.88,2997,60 Days Delinquent,Multi Family,CT,95,705,98877
LN-102475,Nancy Robinson,10/15/2023,10/15/2044,205000,170150,4.77,2505,30 Days Delinquent,Townhouse,OR,78,769,63242
LN-102476,Joshua Jackson,07/23/2019,07/23/2044,581000,412510,4.21,1569,Default,Single Family,SC,85,731,71947
LN-102477,Nancy Brown,08/19/2021,08/19/2038,616000,455840,7.37,2652,Current,Multi Family,CT,78,815,91215
LN-102478,Daniel Lee,11/17/2019,11/17/2042,282000,256620,4.8,2237,30 Days Delinquent,Townhouse,VA,59,660,75905
LN-102479,Mark Gonzalez,08/10/2021,08/10/2036,405000,275400,7.12,3981,Default,Townhouse,AL,71,787,83930
LN-102480,Betty Sanchez,08/11/2018,08/11/2037,349000,268730,5.83,2244,30 Days Delinquent,Multi Family,SC,82,652,58661
LN-102481,James Harris,07/26/2020,07/26/2039,421000,366270,4,3832,Default,Multi Family,MN,59,693,61829
LN-102482,Michelle Williams,04/07/2022,04/07/2038,556000,444800,6.98,2528,60 Days Delinquent,Single Family,WI,91,799,29870
LN-102483,John Lee,02/15/2022,02/15/2046,768000,645120,7.48,3559,30 Days Delinquent,Single Family,MA,65,657,16487
LN-102484,Linda Anderson,09/06/2019,09/06/2043,333000,306360,6.26,2336,60 Days Delinquent,Condo,MD,78,686,26931
LN-102485,Donald Martinez,06/25/2018,06/25/2043,742000,719740,5.14,3668,Paid Off,Condo,AZ,78,820,65802
LN-102486,Karen Martinez,03/11/2022,03/11/2043,644000,463680,6.86,1457,Paid Off,Multi Family,IN,61,682,27856
LN-102487,Richard Taylor,10/07/2019,10/07/2040,829000,787550,6.14,4483,30 Days Delinquent,Multi Family,WA,64,642,20791
LN-102488,David Clark,01/03/2018,01/03/2042,263000,205140,7.59,3373,30 Days Delinquent,Multi Family,GA,77,781,52234
LN-102489,Emily Rodriguez,07/25/2023,07/25/2050,501000,430860,3.72,2791,90+ Days Delinquent,Multi Family,OK,78,666,27325
LN-102490,John Thompson,02/21/2021,02/21/2048,278000,255760,3.31,4198,30 Days Delinquent,Condo,AL,55,756,50257
LN-102491,Matthew Jackson,07/17/2022,07/17/2042,611000,501020,4.24,2095,Default,Commercial,MN,86,662,25357
LN-102492,Christopher Thomas,01/19/2022,01/19/2043,816000,799680,5.56,2036,90+ Days Delinquent,Commercial,VA,88,792,30134
LN-102493,Mark Jones,02/24/2023,02/24/2048,532000,361760,3.58,2944,Default,Townhouse,MD,57,776,17008
LN-102494,Michelle Hernandez,08/12/2022,08/12/2047,219000,179580,3.8,2686,Paid Off,Single Family,FL,66,687,88622
LN-102495,Lisa Clark,10/27/2020,10/27/2036,155000,100750,6.23,4276,Paid Off,Multi Family,OH,66,798,36711
LN-102496,Susan Lopez,12/25/2023,12/25/2045,255000,234600,3.26,2264,Paid Off,Condo,IL,85,799,63964
LN-102497,Betty Miller,10/18/2018,10/18/2046,170000,110500,7.22,2303,Paid Off,Condo,AZ,79,626,56806
LN-102498,Mary Harris,03/03/2018,03/03/2047,690000,517500,6.74,3774,90+ Days Delinquent,Multi Family,OR,79,714,93978
LN-102499,Richard Thompson,01/26/2021,01/26/2040,718000,538500,7.65,2877,Paid Off,Multi Family,FL,80,784,48545
LN-102500,Robert Davis,10/13/2020,10/13/2042,196000,131320,4.49,1564,30 Days Delinquent,Single Family,TX,94,741,68771
LN-102501,Barbara Ramirez,03/22/2020,03/22/2037,540000,453600,7.5,3944,Current,Townhouse,NC,62,661,89037
LN-102502,Sandra Robinson,09/24/2022,09/24/2043,524000,466360,5.88,1962,90+ Days Delinquent,Commercial,AZ,79,788,42792
LN-102503,Joshua Taylor,04/05/2023,04/05/2047,686000,480200,7.53,2654,Default,Townhouse,IN,74,671,96380
LN-102504,James Davis,05/07/2022,05/07/2038,705000,627450,7.11,4135,Default,Townhouse,MN,92,672,50465
LN-102505,Matthew Martinez,07/17/2021,07/17/2041,157000,100480,3.27,4471,60 Days Delinquent,Commercial,MI,57,693,32830
LN-102506,Patricia Rodriguez,10/10/2020,10/10/2046,842000,774640,7.63,2830,90+ Days Delinquent,Townhouse,MD,68,691,97554
LN-102507,Margaret Perez,09/04/2018,09/04/2047,391000,344080,5.99,2745,Paid Off,Condo,AZ,58,739,55622
LN-102508,Jennifer Thomas,10/17/2021,10/17/2038,242000,150040,3.55,3247,Current,Condo,NY,76,753,40718
LN-102509,Paul Jones,01/09/2019,01/09/2040,703000,639730,3.42,1679,60 Days Delinquent,Condo,WI,56,661,72378
LN-102510,Sandra Moore,10/08/2020,10/08/2045,707000,466620,7.57,4124,30 Days Delinquent,Commercial,MD,90,672,60625
LN-102511,Matthew Clark,04/18/2021,04/18/2038,286000,265980,4.77,3347,Current,Multi Family,NC,61,753,21901
LN-102512,William Davis,08/23/2019,08/23/2041,713000,563270,6.23,2649,30 Days Delinquent,Condo,NJ,62,719,33720
LN-102513,Patricia Rodriguez,11/04/2022,11/04/2046,271000,262870,5.35,3815,Default,Single Family,OH,90,661,94035
LN-102514,Mary Jones,11/08/2018,11/08/2041,579000,434250,7.69,2132,Current,Condo,GA,56,725,15063
LN-102515,Sandra Martinez,09/28/2020,09/28/2042,167000,110220,6.92,4078,90+ Days Delinquent,Single Family,MN,90,725,12629
LN-102516,Kimberly Williams,09/09/2023,09/09/2049,468000,402480,7.3,2216,90+ Days Delinquent,Multi Family,KY,72,802,19757
LN-102517,Emily Wilson,06/25/2022,06/25/2037,712000,534000,5.63,3278,90+ Days Delinquent,Single Family,NY,82,686,49429
LN-102518,Betty Martinez,01/27/2020,01/27/2045,820000,631400,3.6,2643,Current,Condo,PA,84,658,48863
LN-102519,Donald Hernandez,07/13/2019,07/13/2047,540000,415800,3.7,3074,Paid Off,Commercial,CA,75,795,52096
LN-102520,Donna Thompson,08/14/2021,08/14/2038,411000,258930,6.14,3555,Current,Condo,PA,56,636,69428
LN-102521,Sarah Davis,07/17/2022,07/17/2047,157000,105190,7.64,4393,Current,Townhouse,UT,66,803,75300
LN-102522,Susan Miller,07/09/2022,07/09/2046,608000,456000,5.47,4386,90+ Days Delinquent,Single Family,IN,58,703,39469
LN-102523,Michelle Wilson,01/14/2021,01/14/2040,495000,346500,5.24,1508,90+ Days Delinquent,Commercial,VA,70,673,41448
LN-102524,Susan Brown,06/04/2023,06/04/2044,440000,290400,5.02,3933,30 Days Delinquent,Commercial,FL,90,813,39845
LN-102525,Sarah Martin,08/04/2019,08/04/2038,169000,145340,7.7,4483,60 Days Delinquent,Condo,NC,60,705,59497
LN-102526,Patricia Jackson,09/07/2023,09/07/2044,776000,737200,6.38,1758,30 Days Delinquent,Condo,UT,59,750,95811
LN-102527,Ashley Martinez,06/20/2018,06/20/2034,425000,344250,5.89,4347,30 Days Delinquent,Condo,NY,70,805,59186
LN-102528,Daniel Lewis,06/20/2023,06/20/2046,636000,445200,4.79,2398,Paid Off,Commercial,WI,94,639,58174
LN-102529,Robert Hernandez,01/15/2023,01/15/2049,324000,239760,6.43,1565,Current,Single Family,AL,78,624,85376
LN-102530,Sarah Sanchez,03/12/2023,03/12/2050,192000,167040,4.66,1290,30 Days Delinquent,Single Family,AL,83,726,39171
LN-102531,Michael Moore,08/25/2023,08/25/2040,160000,140800,4.93,2420,Paid Off,Condo,MD,88,737,48168
LN-102532,Lisa Lee,01/16/2023,01/16/2047,515000,355350,6.74,3092,Paid Off,Townhouse,MO,68,736,30986
LN-102533,Jennifer Harris,03/09/2022,03/09/2051,402000,313560,3.65,2433,90+ Days Delinquent,Condo,OK,59,702,32737
LN-102534,Mary Clark,03/28/2021,03/28/2049,789000,773220,3.47,3381,60 Days Delinquent,Townhouse,IL,95,719,60318
LN-102535,Michael Ramirez,10/25/2019,10/25/2043,163000,117360,7.1,2506,Current,Multi Family,WA,56,733,72033
LN-102536,Donna Clark,03/21/2023,03/21/2050,661000,495750,4.66,1289,Current,Townhouse,MD,93,762,57235
LN-102537,Matthew Moore,09/18/2019,09/18/2043,472000,429520,5.68,1559,Current,Single Family,FL,84,626,91688
LN-102538,Susan Martin,01/21/2022,01/21/2038,668000,514360,5.05,3263,Default,Townhouse,MA,58,723,26151
LN-102539,Anthony Garcia,11/11/2020,11/11/2035,427000,303170,3.97,2914,Default,Townhouse,SC,94,644,44217
LN-102540,Sarah Perez,01/19/2019,01/19/2046,409000,343560,7.61,2927,60 Days Delinquent,Multi Family,WI,56,750,45733
LN-102541,Emily Gonzalez,06/26/2020,06/26/2039,287000,255430,4.36,3732,30 Days Delinquent,Single Family,NJ,77,745,54267
LN-102542,Christopher Hernandez,01/03/2019,01/03/2043,619000,532340,7.57,4020,30 Days Delinquent,Condo,SC,78,723,63950
LN-102543,Jennifer Martin,10/11/2018,10/11/2036,346000,314860,3.57,3634,Current,Condo,MA,58,802,81277
LN-102544,John Clark,06/11/2021,06/11/2049,223000,214080,6.29,2905,Current,Single Family,IN,67,816,95405
LN-102545,Betty Thompson,06/03/2018,06/03/2046,647000,537010,3.72,3404,30 Days Delinquent,Single Family,CT,76,787,83285
LN-102546,Jessica Johnson,04/19/2022,04/19/2046,336000,225120,3.25,3490,Paid Off,Condo,WI,67,637,87837
LN-102547,Joseph Miller,04/15/2018,04/15/2035,161000,138460,4.02,2591,60 Days Delinquent,Single Family,IL,56,793,68564
LN-102548,Matthew Miller,11/26/2023,11/26/2041,651000,520800,7.56,3342,90+ Days Delinquent,Single Family,IL,84,693,54445
LN-102549,Matthew Perez,07/28/2021,07/28/2041,728000,669760,4.31,2613,Current,Multi Family,TX,70,806,50382
LN-102550,Susan Rodriguez,05/26/2018,05/26/2035,557000,395470,6.19,2333,Current,Single Family,NC,62,662,82484
LN-102551,Donna Moore,10/26/2020,10/26/2043,833000,799680,3.94,1907,Paid Off,Multi Family,VA,72,651,96682
LN-102552,Thomas Sanchez,03/09/2021,03/09/2042,779000,467400,6.64,1871,90+ Days Delinquent,Multi Family,UT,95,640,94749
LN-102553,Emily Ramirez,08/19/2020,08/19/2047,459000,376380,7.23,2637,Paid Off,Condo,AZ,73,717,42869
LN-102554,Matthew White,03/19/2020,03/19/2036,759000,546480,7.24,2873,Paid Off,Single Family,SC,85,765,90001
LN-102555,Richard Clark,02/25/2022,02/25/2039,753000,587340,6.25,4021,30 Days Delinquent,Multi Family,NC,86,719,84812
LN-102556,Betty Thompson,12/06/2021,12/06/2051,688000,571040,4.98,4183,Default,Condo,PA,73,799,54299
LN-102557,Mary White,11/12/2023,11/12/2041,772000,687080,5.18,3476,Default,Commercial,TN,67,820,64448
LN-102558,Christopher Anderson,11/19/2018,11/19/2041,161000,143290,6.49,2874,Paid Off,Townhouse,IL,73,652,59375
LN-102559,Sarah Garcia,11/23/2019,11/23/2040,780000,631800,6.83,4146,30 Days Delinquent,Townhouse,MI,71,779,63114
LN-102560,Betty Harris,10/05/2019,10/05/2048,241000,212080,4.52,2576,30 Days Delinquent,Condo,MN,66,774,86981
LN-102561,Michelle Thompson,05/01/2021,05/01/2036,279000,189720,3.26,1336,60 Days Delinquent,Condo,NY,56,732,17307
LN-102562,Ashley Lee,07/04/2021,07/04/2036,420000,390600,6.4,1695,Default,Condo,CA,56,702,98063
LN-102563,Karen Smith,12/17/2020,12/17/2047,440000,391600,4.95,2778,60 Days Delinquent,Commercial,UT,78,815,56082
LN-102564,Karen Lopez,10/16/2022,10/16/2038,396000,380160,4.26,1777,Paid Off,Single Family,IN,83,629,79051
LN-102565,Donald Garcia,07/23/2019,07/23/2047,743000,683560,7.73,3977,90+ Days Delinquent,Commercial,FL,63,740,92478
LN-102566,David Thomas,05/15/2023,05/15/2042,842000,555720,7.23,1750,30 Days Delinquent,Multi Family,TX,63,682,24876
LN-102567,Emily Sanchez,08/13/2018,08/13/2042,488000,312320,4.26,1521,30 Days Delinquent,Townhouse,OH,73,749,56313
LN-102568,Michelle Martin,06/13/2020,06/13/2046,209000,175560,5.73,2348,Default,Multi Family,IN,70,787,66646
LN-102569,Donald Wilson,04/12/2019,04/12/2048,642000,494340,4.63,2106,30 Days Delinquent,Commercial,PA,62,695,25284
LN-102570,Charles Martin,12/03/2022,12/03/2047,824000,626240,3.39,1520,Paid Off,Commercial,NC,79,757,63990
LN-102571,Joseph Clark,08/10/2021,08/10/2051,245000,237650,5.99,2159,60 Days Delinquent,Single Family,CT,63,732,81185
LN-102572,Charles Brown,09/03/2022,09/03/2051,244000,190320,4.88,2630,Current,Single Family,NJ,74,655,98882
LN-102573,Robert Gonzalez,10/01/2020,10/01/2041,473000,359480,7.07,2129,30 Days Delinquent,Condo,MN,58,816,97687
LN-102574,Donald Davis,09/10/2020,09/10/2050,380000,285000,5.65,4480,Default,Townhouse,WA,60,723,94456
LN-102575,James Davis,10/13/2022,10/13/2045,840000,588000,4.94,4330,60 Days Delinquent,Commercial,VA,65,647,76564
LN-102576,Anthony Smith,07/23/2021,07/23/2041,741000,452010,5.8,4324,Current,Commercial,CO,68,627,52072
LN-102577,Sandra Clark,07/05/2019,07/05/2048,730000,489100,3.58,4150,60 Days Delinquent,Multi Family,IL,72,738,28198
LN-102578,Emily Robinson,05/09/2021,05/09/2050,372000,316200,6.32,3590,Current,Condo,AZ,93,626,24796
LN-102579,Kimberly Lewis,09/12/2023,09/12/2045,817000,727130,5.51,2878,30 Days Delinquent,Single Family,LA,72,638,15314
LN-102580,Susan Perez,03/06/2022,03/06/2043,792000,506880,5.5,2908,60 Days Delinquent,Single Family,OK,66,772,64895
LN-102581,Kimberly Anderson,01/11/2023,01/11/2049,456000,437760,3.36,1336,Default,Single Family,CO,67,786,31355
LN-102582,Lisa Davis,10/20/2021,10/20/2050,717000,494730,3.6,2023,Default,Single Family,MI,58,720,20061
LN-102583,William Miller,01/04/2022,01/04/2037,204000,181560,7.62,3469,Default,Single Family,MN,79,805,91240
LN-102584,William Garcia,12/10/2021,12/10/2037,437000,358340,5.2,3272,Default,Single Family,IL,94,630,60628
LN-102585,Charles Jones,09/01/2018,09/01/2034,387000,336690,3.94,3363,30 Days Delinquent,Multi Family,MO,92,793,62943
LN-102586,Anthony Williams,08/19/2019,08/19/2040,401000,276690,5.12,2840,60 Days Delinquent,Condo,WA,95,784,41349
LN-102587,William Ramirez,01/08/2020,01/08/2040,753000,587340,3.6,1897,30 Days Delinquent,Multi Family,FL,69,719,63880
LN-102588,Linda Martin,10/19/2020,10/19/2039,502000,486940,4.5,3930,30 Days Delinquent,Townhouse,KY,72,648,74413
LN-102589,Patricia Taylor,05/09/2020,05/09/2035,315000,283500,5.29,3567,Default,Multi Family,OK,84,789,66879
LN-102590,Matthew Lopez,01/19/2023,01/19/2052,315000,220500,4.61,1547,60 Days Delinquent,Multi Family,NJ,56,674,85298
LN-102591,Mary Wilson,05/18/2022,05/18/2049,266000,234080,6,1700,60 Days Delinquent,Condo,TN,85,639,32225
LN-102592,Christopher Anderson,12/09/2022,12/09/2049,569000,341400,6.1,2444,30 Days Delinquent,Townhouse,KY,73,675,39695
LN-102593,Ashley Davis,01/23/2022,01/23/2050,244000,185440,4.3,4034,Current,Multi Family,WA,92,677,79654
LN-102594,William Thomas,10/03/2019,10/03/2040,498000,353580,3.44,1872,60 Days Delinquent,Commercial,TX,59,739,83543
LN-102595,Robert Moore,07/03/2021,07/03/2039,515000,396550,7.01,4034,Paid Off,Single Family,FL,82,741,63362
LN-102596,Emily Hernandez,08/14/2019,08/14/2046,754000,512720,5.63,2460,30 Days Delinquent,Condo,MI,78,795,68845
LN-102597,Jennifer Brown,01/24/2022,01/24/2048,166000,109560,5.41,2730,Paid Off,Single Family,IN,67,788,41348
LN-102598,Elizabeth Brown,01/24/2021,01/24/2036,245000,210700,7.08,3723,90+ Days Delinquent,Townhouse,KY,56,690,68077
LN-102599,Michelle Sanchez,11/19/2021,11/19/2050,569000,415370,6.2,3968,Paid Off,Multi Family,LA,71,794,25136
LN-102600,Matthew Gonzalez,04/07/2023,04/07/2052,344000,254560,3.5,1830,30 Days Delinquent,Multi Family,IL,62,702,81842
LN-102601,Ashley Williams,05/24/2023,05/24/2045,201000,192960,4.1,4202,Current,Townhouse,VA,91,666,95351
LN-102602,Ashley Robinson,06/27/2018,06/27/2048,218000,154780,7.21,1224,30 Days Delinquent,Single Family,GA,76,800,77984
LN-102603,Susan Lee,04/10/2023,04/10/2046,603000,524610,4.49,3715,Current,Condo,IL,66,624,19587
LN-102604,Elizabeth Perez,09/22/2018,09/22/2042,775000,589000,5.53,2444,90+ Days Delinquent,Townhouse,KY,94,731,19922
LN-102605,Linda Brown,08/02/2023,08/02/2043,466000,368140,3.41,1749,Current,Commercial,WA,68,777,41974
LN-102606,Anthony Harris,10/06/2019,10/06/2035,581000,511280,4.32,4073,60 Days Delinquent,Condo,KY,64,657,23971
LN-102607,Sarah Jackson,09/09/2023,09/09/2051,157000,130310,3.66,3223,Default,Commercial,UT,81,817,66772
LN-102608,Andrew Martin,04/16/2018,04/16/2046,208000,160160,4.28,2438,90+ Days Delinquent,Townhouse,CT,91,775,93515
LN-102609,Sarah Jackson,07/17/2018,07/17/2038,354000,219480,6.32,2587,30 Days Delinquent,Single Family,CT,58,709,34195
LN-102610,Anthony Thompson,01/03/2022,01/03/2038,803000,489830,5.11,1350,60 Days Delinquent,Multi Family,KY,84,815,88824
LN-102611,Joshua Jackson,03/04/2018,03/04/2033,209000,131670,7.58,2571,30 Days Delinquent,Commercial,NC,58,729,41479
LN-102612,Nancy Martin,02/02/2021,02/02/2041,386000,312660,5.75,2845,Paid Off,Commercial,AL,92,620,95858
LN-102613,Andrew Ramirez,10/23/2018,10/23/2038,653000,555050,6.4,1550,Default,Multi Family,NJ,68,668,77753
LN-102614,Sandra Moore,08/15/2022,08/15/2038,415000,390100,7.03,2363,Paid Off,Commercial,WA,83,728,31000
LN-102615,Matthew Jackson,02/15/2019,02/15/2038,204000,157080,5.28,2714,60 Days Delinquent,Single Family,CA,72,814,31013
LN-102616,Emily Jones,01/05/2020,01/05/2039,227000,140740,6.97,3347,60 Days Delinquent,Single Family,MI,95,815,13198
LN-102617,William Brown,06/11/2020,06/11/2037,217000,151900,7.73,2326,60 Days Delinquent,Multi Family,TN,63,811,75985
LN-102618,David Lopez,05/15/2018,05/15/2033,755000,687050,5.75,3936,30 Days Delinquent,Multi Family,TX,79,691,86090
LN-102619,Michelle Harris,06/12/2020,06/12/2048,746000,499820,6.57,1918,Current,Commercial,AL,92,743,17848
LN-102620,Linda Taylor,04/06/2020,04/06/2046,831000,664800,6.93,4404,Default,Multi Family,IL,93,791,65718
LN-102621,Donna Rodriguez,06/18/2021,06/18/2041,266000,250040,7.37,3885,90+ Days Delinquent,Commercial,TN,72,732,62317
LN-102622,Michelle Thomas,09/18/2018,09/18/2044,658000,598780,7.37,3747,Default,Multi Family,IN,87,755,91155
LN-102623,John Smith,10/25/2021,10/25/2036,272000,220320,7.4,1535,Default,Single Family,AZ,94,767,13461
LN-102624,Michelle Davis,02/08/2018,02/08/2047,440000,365200,6.04,2522,90+ Days Delinquent,Townhouse,CT,87,788,96935
LN-102625,Ashley Davis,05/16/2019,05/16/2047,158000,96380,7.24,4495,90+ Days Delinquent,Condo,OR,58,772,97242
LN-102626,Joshua Miller,06/10/2018,06/10/2043,163000,136920,6.81,2041,60 Days Delinquent,Commercial,MA,65,731,75513
LN-102627,Jessica Thomas,11/25/2018,11/25/2046,251000,158130,5.17,1346,60 Days Delinquent,Condo,MA,59,621,37574
LN-102628,Mark Anderson,02/18/2021,02/18/2039,499000,314370,4.21,3248,30 Days Delinquent,Condo,AZ,56,765,83552
LN-102629,Matthew Thompson,09/16/2021,09/16/2043,788000,614640,3.31,2025,Current,Condo,MI,60,654,27507
LN-102630,Matthew Miller,02/05/2022,02/05/2038,443000,349970,5.72,2898,30 Days Delinquent,Condo,WA,85,721,40909
LN-102631,Patricia Garcia,06/06/2022,06/06/2052,309000,278100,4.26,3702,Default,Condo,MA,80,629,59727
LN-102632,Kimberly Ramirez,01/25/2022,01/25/2040,780000,530400,5.46,1647,30 Days Delinquent,Multi Family,NY,78,686,88054
LN-102633,Michelle Jones,11/12/2020,11/12/2043,357000,232050,3.91,4224,Paid Off,Commercial,CO,55,705,12560
LN-102634,Daniel Moore,08/11/2018,08/11/2047,785000,635850,5.62,1412,90+ Days Delinquent,Commercial,PA,94,672,43552
LN-102635,Linda Johnson,05/24/2019,05/24/2035,786000,573780,3.39,3402,Current,Commercial,OR,84,769,71869
LN-102636,Nancy Martinez,10/03/2020,10/03/2049,447000,379950,7.55,2353,90+ Days Delinquent,Condo,NY,93,680,69974
LN-102637,James Thompson,04/08/2022,04/08/2039,636000,591480,4.45,2542,Current,Multi Family,CO,85,682,61402
LN-102638,Daniel Clark,10/17/2019,10/17/2042,200000,180000,4.08,4051,30 Days Delinquent,Commercial,MA,93,735,33891
LN-102639,James Moore,10/19/2022,10/19/2048,775000,604500,6.09,3353,Default,Single Family,TX,92,707,67755
LN-102640,Richard Harris,08/03/2019,08/03/2040,405000,324000,3.29,3267,60 Days Delinquent,Single Family,VA,78,739,43239
LN-102641,Daniel Thomas,06/03/2020,06/03/2041,327000,219090,6.68,3301,90+ Days Delinquent,Single Family,CT,95,664,31164
LN-102642,Paul Jackson,03/27/2018,03/27/2047,488000,375760,5.74,2552,Default,Single Family,NC,78,709,43477
LN-102643,Charles Martinez,06/19/2020,06/19/2042,841000,681210,7.37,1400,60 Days Delinquent,Multi Family,TX,58,739,98800
LN-102644,Matthew White,01/17/2020,01/17/2036,712000,484160,5.34,4295,Current,Condo,CT,86,771,49448
LN-102645,Patricia Harris,08/20/2023,08/20/2053,437000,275310,3.47,3998,30 Days Delinquent,Condo,CO,95,633,52859
LN-102646,Anthony Martin,11/25/2018,11/25/2039,392000,376320,4.54,2365,Default,Multi Family,LA,62,704,53378
LN-102647,Jessica Sanchez,12/25/2020,12/25/2045,212000,154760,6.69,4012,90+ Days Delinquent,Commercial,OK,80,734,91369
LN-102648,Sandra Gonzalez,06/17/2018,06/17/2046,763000,709590,5.77,1793,60 Days Delinquent,Single Family,TX,57,629,84848
LN-102649,Joshua Thomas,10/06/2023,10/06/2040,687000,556470,6.92,3080,30 Days Delinquent,Townhouse,CT,90,662,89094
LN-102650,Jessica Taylor,10/22/2023,10/22/2049,525000,456750,6.21,1710,Paid Off,Single Family,FL,83,810,74300
LN-102651,Lisa Clark,10/01/2021,10/01/2036,670000,542700,6.33,4153,Current,Commercial,TX,91,695,91195
LN-102652,Ashley Anderson,02/23/2022,02/23/2049,166000,144420,5.37,3766,Default,Townhouse,VA,75,720,21942
LN-102653,Ashley Harris,07/15/2019,07/15/2042,460000,414000,6.63,2845,Current,Single Family,LA,74,670,88118
LN-102654,Margaret Sanchez,01/28/2020,01/28/2049,555000,449550,6.84,1838,30 Days Delinquent,Commercial,MN,60,767,48077
LN-102655,James Williams,05/27/2018,05/27/2035,150000,102000,4.48,3333,90+ Days Delinquent,Commercial,MA,87,686,45221
LN-102656,Lisa Lewis,11/04/2019,11/04/2035,518000,352240,7.61,2935,Default,Townhouse,LA,60,707,21535
LN-102657,Andrew Sanchez,05/02/2018,05/02/2047,818000,777100,3.98,3183,60 Days Delinquent,Commercial,SC,62,785,40202
LN-102658,Margaret Davis,02/18/2021,02/18/2048,211000,168800,3.81,1784,Paid Off,Townhouse,UT,79,620,50326
LN-102659,John Martinez,02/02/2020,02/02/2044,341000,283030,6.03,1792,Paid Off,Single Family,IN,89,768,63121
LN-102660,Charles Sanchez,01/17/2020,01/17/2038,361000,231040,7.26,4074,Current,Multi Family,CT,63,688,40266
LN-102661,Andrew Lee,04/07/2023,04/07/2039,232000,218080,6.21,1387,30 Days Delinquent,Townhouse,UT,64,624,55406
LN-102662,Donald Ramirez,04/18/2022,04/18/2046,301000,180600,4.18,3216,60 Days Delinquent,Multi Family,CA,73,638,73081
LN-102663,Margaret Miller,10/21/2023,10/21/2039,703000,597550,7.07,1261,Paid Off,Single Family,SC,57,765,60234
LN-102664,William Hernandez,03/28/2020,03/28/2050,310000,204600,3.99,1629,Default,Townhouse,CT,78,701,94057
LN-102665,Patricia Ramirez,06/28/2021,06/28/2049,226000,189840,4.18,1614,30 Days Delinquent,Commercial,IL,78,809,45557
LN-102666,Patricia Miller,01/15/2023,01/15/2050,801000,720900,7.73,3318,60 Days Delinquent,Condo,MD,95,748,73122
LN-102667,Emily Martin,09/01/2018,09/01/2038,651000,468720,3.92,2125,90+ Days Delinquent,Commercial,TX,93,740,81526
LN-102668,James Taylor,11/08/2022,11/08/2039,297000,181170,6.37,2063,Paid Off,Townhouse,TN,92,798,66896
LN-102669,Andrew Lopez,11/17/2021,11/17/2046,760000,722000,6.09,3321,60 Days Delinquent,Townhouse,MA,59,652,75618
LN-102670,Matthew Lopez,01/18/2021,01/18/2044,771000,470310,4.72,2728,30 Days Delinquent,Multi Family,CT,79,817,62298
LN-102671,Richard Taylor,05/12/2020,05/12/2037,447000,295020,6.97,2967,Paid Off,Single Family,AL,75,716,11074
LN-102672,Patricia Lopez,01/26/2019,01/26/2036,791000,616980,7.29,3994,90+ Days Delinquent,Single Family,CA,77,682,76858
LN-102673,Christopher Thompson,04/24/2018,04/24/2047,559000,335400,7.6,2964,Paid Off,Single Family,CA,87,772,75035
LN-102674,Nancy Thomas,05/19/2020,05/19/2035,212000,154760,5.24,3580,90+ Days Delinquent,Condo,KY,83,672,40017
LN-102675,Joseph Lee,04/13/2023,04/13/2041,152000,94240,7.18,2220,Current,Condo,FL,66,818,19150
LN-102676,Margaret White,10/23/2018,10/23/2045,263000,239330,5.83,2863,90+ Days Delinquent,Condo,VA,59,711,18529
LN-102677,Emily Rodriguez,12/02/2020,12/02/2043,470000,333700,4.25,4340,Paid Off,Condo,MD,68,784,65136
LN-102678,Barbara Davis,08/06/2023,08/06/2041,610000,414800,5.57,2674,Default,Townhouse,OR,94,794,89222
LN-102679,Lisa Wilson,09/17/2022,09/17/2049,182000,169260,4.1,2004,90+ Days Delinquent,Commercial,CO,94,630,48861
LN-102680,Emily Rodriguez,12/24/2023,12/24/2046,420000,260400,5.17,1964,90+ Days Delinquent,Multi Family,MI,79,764,35213
LN-102681,James Taylor,02/13/2023,02/13/2040,474000,402900,7.28,1501,Paid Off,Condo,NC,78,623,99260
LN-102682,Robert Taylor,09/13/2019,09/13/2041,817000,588240,7.65,2753,30 Days Delinquent,Commercial,MN,81,719,89253
LN-102683,Donald Wilson,11/17/2022,11/17/2048,670000,656600,5.61,1670,60 Days Delinquent,Single Family,GA,65,625,82193
LN-102684,Kimberly Miller,10/21/2019,10/21/2046,672000,584640,6.59,2220,90+ Days Delinquent,Townhouse,LA,67,744,21416
LN-102685,Barbara Miller,12/02/2018,12/02/2037,389000,264520,5.46,2888,30 Days Delinquent,Townhouse,FL,63,687,89903
LN-102686,David Sanchez,11/05/2023,11/05/2049,698000,642160,3.27,1492,Paid Off,Commercial,VA,66,727,38509
LN-102687,Elizabeth Davis,03/03/2022,03/03/2048,553000,453460,3.45,1671,30 Days Delinquent,Condo,CO,84,770,60060
LN-102688,Karen Davis,02/19/2018,02/19/2043,733000,615720,3.31,1967,90+ Days Delinquent,Multi Family,FL,87,775,77495
LN-102689,Charles Williams,08/26/2023,08/26/2040,523000,360870,6.96,4296,90+ Days Delinquent,Multi Family,MO,57,716,23239
LN-102690,Elizabeth Ramirez,04/11/2023,04/11/2047,338000,263640,7.13,3221,30 Days Delinquent,Commercial,SC,74,738,95483
LN-102691,Barbara Lee,06/21/2021,06/21/2046,502000,351400,6.75,3263,Paid Off,Multi Family,VA,78,698,88097
LN-102692,Margaret Brown,07/23/2023,07/23/2052,153000,114750,4.16,3856,90+ Days Delinquent,Commercial,OH,91,723,81521
LN-102693,Lisa Wilson,07/07/2020,07/07/2047,263000,191990,6.49,3424,Paid Off,Single Family,OR,94,757,52931
LN-102694,Michael Davis,08/06/2019,08/06/2049,204000,175440,6.88,3906,Default,Single Family,CT,83,623,92232
LN-102695,Matthew Hernandez,09/22/2019,09/22/2038,710000,653200,5.48,2152,90+ Days Delinquent,Commercial,AZ,85,656,44518
LN-102696,Margaret Perez,02/12/2022,02/12/2041,525000,330750,6.49,1360,30 Days Delinquent,Condo,OK,81,796,21284
LN-102697,James Lopez,04/07/2021,04/07/2038,776000,566480,4.23,4312,30 Days Delinquent,Single Family,TN,77,771,12214
LN-102698,Ashley Gonzalez,09/15/2023,09/15/2053,633000,379800,3.42,3338,Paid Off,Multi Family,NJ,89,695,11112
LN-102699,William Gonzalez,04/05/2018,04/05/2035,355000,234300,4.45,3559,Paid Off,Single Family,OR,68,639,17254
LN-102700,Daniel Martin,10/17/2018,10/17/2042,721000,555170,6.58,2608,Default,Single Family,TX,77,651,54577
LN-102701,Andrew Robinson,11/13/2021,11/13/2040,805000,555450,3.82,1951,Default,Townhouse,IL,92,702,20727
LN-102702,Charles Brown,10/09/2023,10/09/2040,772000,733400,5.97,3703,60 Days Delinquent,Multi Family,MA,82,819,17009
LN-102703,Patricia Anderson,08/06/2021,08/06/2045,638000,389180,4.96,4447,60 Days Delinquent,Condo,NJ,87,708,54106
LN-102704,Sarah Lee,06/11/2018,06/11/2040,496000,327360,7.7,2308,Paid Off,Commercial,TX,65,677,93647
LN-102705,Matthew Hernandez,07/17/2021,07/17/2049,678000,454260,4.41,2097,Default,Townhouse,AL,80,684,63935
LN-102706,Margaret Davis,11/25/2023,11/25/2043,320000,304000,4.89,1316,Current,Multi Family,MO,92,678,46118
LN-102707,Lisa Jones,10/14/2019,10/14/2047,700000,637000,5.99,3131,60 Days Delinquent,Single Family,NJ,71,698,61833
LN-102708,Paul Garcia,11/14/2019,11/14/2049,776000,550960,6.5,2265,30 Days Delinquent,Single Family,CA,71,731,72884
LN-102709,Emily Smith,02/28/2021,02/28/2041,467000,359590,5.3,1471,30 Days Delinquent,Multi Family,OR,81,746,78095
LN-102710,Paul White,01/17/2020,01/17/2037,262000,178160,7.36,3712,90+ Days Delinquent,Condo,LA,77,631,15884
LN-102711,Mary Anderson,09/20/2023,09/20/2046,279000,175770,3.94,1567,Default,Multi Family,PA,81,690,14424
LN-102712,Mark Brown,09/15/2021,09/15/2049,492000,369000,7.65,1208,Current,Condo,PA,63,713,96275
LN-102713,Barbara Rodriguez,05/03/2021,05/03/2043,432000,375840,5.95,4014,Paid Off,Single Family,CT,62,725,14577
LN-102714,Jennifer Martin,09/07/2019,09/07/2040,678000,610200,3.59,3030,60 Days Delinquent,Condo,SC,89,675,86257
LN-102715,Donald Clark,07/21/2021,07/21/2040,183000,131760,4.19,1444,Default,Single Family,OK,57,709,40965
LN-102716,Linda Lee,10/05/2020,10/05/2050,743000,609260,6.02,2148,60 Days Delinquent,Commercial,NY,82,685,51879
LN-102717,Betty Lee,05/28/2018,05/28/2044,251000,195780,3.94,3938,Default,Condo,IL,73,739,94878
LN-102718,David Rodriguez,12/24/2023,12/24/2041,677000,616070,6.9,4042,Paid Off,Single Family,AZ,60,752,62578
LN-102719,Nancy Thompson,11/15/2021,11/15/2040,635000,457200,4.51,3117,Current,Commercial,GA,70,808,52954
LN-102720,David Gonzalez,01/04/2020,01/04/2047,676000,642200,7.69,3884,Current,Condo,AL,87,709,69023
LN-102721,Kimberly Clark,04/14/2022,04/14/2050,490000,421400,5,1594,Default,Multi Family,OH,80,721,49509
LN-102722,Barbara Lewis,05/20/2023,05/20/2047,565000,531100,6.66,4355,Default,Commercial,TX,94,678,71657
LN-102723,Matthew Johnson,04/16/2020,04/16/2039,320000,220800,6.42,2225,30 Days Delinquent,Townhouse,GA,57,648,26722
LN-102724,Anthony Jackson,05/26/2022,05/26/2042,688000,605440,3.9,3925,60 Days Delinquent,Single Family,NC,80,765,99429
LN-102725,Donna Ramirez,11/23/2023,11/23/2039,442000,300560,4.79,3655,90+ Days Delinquent,Condo,FL,83,781,15676
LN-102726,Jessica Clark,03/25/2021,03/25/2042,489000,444990,6.19,1279,30 Days Delinquent,Condo,IN,58,679,90254
LN-102727,Anthony Miller,02/15/2022,02/15/2040,214000,160500,7.59,1776,Current,Multi Family,OR,73,755,23578
LN-102728,Steven Hernandez,11/10/2019,11/10/2041,644000,560280,3.87,1954,90+ Days Delinquent,Multi Family,MD,67,687,72793
LN-102729,Anthony Jackson,01/13/2018,01/13/2045,266000,180880,5.21,2761,Current,Commercial,TN,77,704,66437
LN-102730,Jennifer Perez,04/10/2019,04/10/2046,341000,235290,4.33,2296,30 Days Delinquent,Single Family,MA,68,770,12322
LN-102731,Linda Moore,07/10/2020,07/10/2044,427000,337330,3.89,3889,90+ Days Delinquent,Condo,NC,73,820,55745
LN-102732,Steven Gonzalez,09/17/2020,09/17/2046,775000,511500,3.4,2099,90+ Days Delinquent,Commercial,NC,75,727,75076
LN-102733,Patricia Jones,09/02/2021,09/02/2036,654000,621300,6.01,2684,60 Days Delinquent,Commercial,TX,77,658,81059
LN-102734,Joseph Lopez,08/19/2020,08/19/2036,327000,264870,3.27,4148,60 Days Delinquent,Multi Family,MD,73,753,54756
LN-102735,Anthony Gonzalez,12/25/2023,12/25/2038,491000,456630,5.82,2494,30 Days Delinquent,Commercial,OR,61,812,77686
LN-102736,Karen Moore,02/07/2018,02/07/2046,174000,144420,6.89,2492,90+ Days Delinquent,Condo,WA,65,808,99683
LN-102737,Joseph Brown,01/12/2021,01/12/2041,782000,539580,5.74,3606,Default,Condo,WI,87,774,70343
LN-102738,Susan Clark,11/07/2020,11/07/2041,597000,465660,5.3,1891,60 Days Delinquent,Multi Family,SC,90,685,26872
LN-102739,Karen Hernandez,09/28/2018,09/28/2046,524000,461120,6.57,4019,90+ Days Delinquent,Condo,WA,86,812,46899
LN-102740,Lisa Miller,05/22/2022,05/22/2039,648000,557280,5.33,1377,90+ Days Delinquent,Condo,MI,89,663,89335
LN-102741,Barbara Johnson,07/19/2022,07/19/2050,794000,484340,4.1,3134,Paid Off,Single Family,MO,86,794,34800
LN-102742,James Ramirez,10/09/2018,10/09/2048,294000,267540,7.43,2039,30 Days Delinquent,Multi Family,NY,65,639,86203
LN-102743,Paul Lee,08/14/2021,08/14/2049,156000,117000,7.16,3814,60 Days Delinquent,Commercial,FL,61,804,77340
LN-102744,Donald Hernandez,10/06/2022,10/06/2049,407000,317460,3.61,3157,Current,Condo,NJ,72,767,46813
LN-102745,Karen Miller,08/15/2023,08/15/2043,312000,299520,6.82,4148,Current,Condo,CT,77,755,25812
LN-102746,Elizabeth Martin,01/18/2021,01/18/2049,264000,253440,4.75,2487,60 Days Delinquent,Single Family,OH,93,646,80138
LN-102747,Richard Thompson,03/13/2021,03/13/2038,226000,180800,4.63,4323,60 Days Delinquent,Condo,GA,65,820,53842
LN-102748,Thomas Jackson,10/19/2018,10/19/2040,561000,392700,4.27,4216,60 Days Delinquent,Single Family,LA,76,815,92929
LN-102749,Linda Wilson,06/08/2018,06/08/2041,251000,178210,7.35,3612,90+ Days Delinquent,Townhouse,OH,70,688,31800
LN-102750,Steven Davis,04/20/2020,04/20/2035,804000,675360,5.9,2143,60 Days Delinquent,Townhouse,NJ,66,633,53380
LN-102751,Thomas Thomas,04/10/2020,04/10/2043,182000,127400,4.2,4226,Current,Multi Family,IL,82,640,36404
LN-102752,John Robinson,01/16/2018,01/16/2042,833000,758030,4.44,3261,90+ Days Delinquent,Single Family,FL,86,817,94107
LN-102753,James Rodriguez,12/07/2018,12/07/2047,817000,686280,4.84,2816,30 Days Delinquent,Multi Family,CO,81,684,28013
LN-102754,Matthew Rodriguez,09/20/2020,09/20/2041,449000,278380,6.59,2275,30 Days Delinquent,Condo,MD,62,731,94552
LN-102755,Linda Gonzalez,09/23/2023,09/23/2053,320000,278400,6.13,4306,Default,Condo,SC,80,775,37771
LN-102756,Jennifer Perez,01/24/2021,01/24/2043,760000,471200,5.8,3021,Default,Townhouse,CT,56,673,18087
LN-102757,Christopher Thomas,03/06/2019,03/06/2040,687000,625170,4.75,4370,90+ Days Delinquent,Commercial,MO,55,780,51436
LN-102758,Margaret Clark,06/25/2022,06/25/2039,652000,423800,3.39,1262,90+ Days Delinquent,Single Family,SC,92,664,77764
LN-102759,David Jackson,06/20/2020,06/20/2040,703000,541310,6.79,1697,90+ Days Delinquent,Townhouse,NC,59,758,50310
LN-102760,Anthony Lewis,05/09/2018,05/09/2042,436000,327000,6.84,2801,Default,Condo,SC,68,815,49562
LN-102761,Paul Moore,11/05/2021,11/05/2048,821000,648590,4.87,4256,Default,Condo,TN,79,820,56427
LN-102762,Donald Lee,04/10/2021,04/10/2043,673000,410530,5.13,4283,60 Days Delinquent,Townhouse,TN,75,631,22708
LN-102763,Jessica Garcia,07/10/2019,07/10/2042,747000,687240,6.2,1590,60 Days Delinquent,Commercial,MA,67,798,24024
LN-102764,Karen Taylor,02/27/2021,02/27/2049,410000,344400,3.7,3641,Current,Townhouse,AL,95,816,10830
LN-102765,Sandra Lopez,10/15/2019,10/15/2035,724000,492320,3.79,1236,60 Days Delinquent,Condo,OH,55,659,21102
LN-102766,Andrew Williams,05/23/2018,05/23/2039,239000,143400,5.42,3100,30 Days Delinquent,Townhouse,NC,55,721,40222
LN-102767,Donald Hernandez,11/08/2020,11/08/2041,216000,166320,3.55,2361,Paid Off,Townhouse,TX,84,651,33858
LN-102768,Steven Gonzalez,08/09/2018,08/09/2038,847000,686070,3.74,3358,Default,Commercial,OK,60,723,28563
LN-102769,Steven Martin,06/01/2021,06/01/2039,757000,507190,3.4,4150,60 Days Delinquent,Multi Family,AZ,55,775,82918
LN-102770,Anthony Lee,11/03/2018,11/03/2038,382000,301780,7.28,2457,60 Days Delinquent,Commercial,OR,68,767,97895
LN-102771,Nancy Smith,03/04/2022,03/04/2043,536000,418080,6.51,3011,60 Days Delinquent,Condo,IN,84,800,88087
LN-102772,Karen Thomas,09/20/2023,09/20/2043,839000,562130,5.35,1625,60 Days Delinquent,Multi Family,MA,84,807,18556
LN-102773,Robert Garcia,10/13/2022,10/13/2047,642000,475080,6.67,2900,30 Days Delinquent,Single Family,UT,82,682,52616
LN-102774,Jennifer Anderson,03/17/2018,03/17/2038,544000,342720,5.25,3798,Paid Off,Commercial,TN,68,791,34670
LN-102775,Donald Thomas,10/23/2020,10/23/2042,420000,357000,5.56,4063,90+ Days Delinquent,Single Family,OH,86,803,94433
LN-102776,Richard Robinson,09/01/2021,09/01/2037,640000,608000,6.16,3418,Paid Off,Single Family,KY,60,621,77708
LN-102777,Mary Taylor,10/12/2021,10/12/2043,227000,158900,6.71,3458,Default,Townhouse,LA,61,795,49541
LN-102778,Robert Gonzalez,01/15/2021,01/15/2037,675000,472500,7.17,1487,30 Days Delinquent,Commercial,FL,79,659,23208
LN-102779,Paul Ramirez,05/20/2019,05/20/2039,518000,461020,7.41,1890,90+ Days Delinquent,Condo,LA,77,742,64727
LN-102780,Donald Lopez,09/14/2023,09/14/2051,748000,508640,6.72,1380,Default,Single Family,OK,89,688,81963
LN-102781,Paul Martin,04/14/2021,04/14/2043,349000,279200,6.51,1464,90+ Days Delinquent,Townhouse,MI,76,799,24736
LN-102782,Donna Thompson,12/06/2018,12/06/2036,629000,402560,6.97,2210,Paid Off,Multi Family,MI,94,649,84150
LN-102783,Joshua Jones,01/20/2023,01/20/2047,716000,436760,7.73,2578,60 Days Delinquent,Condo,MD,95,779,85095
LN-102784,Patricia Johnson,02/04/2022,02/04/2039,614000,528040,4.24,1594,90+ Days Delinquent,Townhouse,UT,88,625,53303
LN-102785,James Gonzalez,06/24/2022,06/24/2049,802000,705760,6.68,2918,Current,Commercial,VA,75,725,16058
LN-102786,Sarah Thomas,07/25/2021,07/25/2044,295000,256650,5.62,2103,Paid Off,Single Family,MA,95,801,49284
LN-102787,Charles Hernandez,05/15/2018,05/15/2044,288000,262080,4.26,1233,Paid Off,Condo,OH,59,785,95928
LN-102788,Linda Martinez,02/26/2022,02/26/2047,467000,415630,4.91,3251,Paid Off,Townhouse,MI,64,780,14408
LN-102789,Donald Lewis,01/15/2018,01/15/2034,677000,656690,3.33,2588,90+ Days Delinquent,Single Family,MN,70,715,79408
LN-102790,Betty Davis,04/21/2021,04/21/2042,179000,132460,6.12,2562,60 Days Delinquent,Commercial,TN,55,703,75223
LN-102791,Thomas Perez,06/25/2019,06/25/2035,586000,533260,5.35,1628,30 Days Delinquent,Single Family,LA,67,643,43077
LN-102792,Karen Rodriguez,08/08/2019,08/08/2040,370000,251600,6.8,4154,Current,Single Family,MD,78,634,19528
LN-102793,Robert Thompson,07/09/2019,07/09/2040,316000,252800,6.1,1837,60 Days Delinquent,Condo,WI,73,781,49679
LN-102794,William Martin,07/07/2019,07/07/2049,687000,542730,4.75,1632,Current,Commercial,IN,84,767,90288
LN-102795,Joseph Lee,04/12/2023,04/12/2039,608000,498560,7.31,3938,30 Days Delinquent,Commercial,CA,80,783,24775
LN-102796,Jessica Gonzalez,02/01/2021,02/01/2039,714000,449820,6.82,1998,Paid Off,Townhouse,OH,95,648,20022
LN-102797,Michael Lewis,08/27/2020,08/27/2039,766000,743020,5.24,3293,90+ Days Delinquent,Multi Family,MD,91,731,87890
LN-102798,Emily Martin,09/19/2023,09/19/2040,503000,311860,4.35,3571,60 Days Delinquent,Multi Family,MI,84,776,81843
LN-102799,Joseph Lewis,03/14/2022,03/14/2045,297000,255420,4.43,4249,Paid Off,Townhouse,AZ,80,795,11213
LN-102800,Mark White,11/16/2022,11/16/2044,259000,212380,6.68,3226,Current,Townhouse,MD,58,806,84612
LN-102801,Patricia Harris,10/05/2018,10/05/2046,689000,633880,6.74,1299,Default,Condo,CA,82,701,73706
LN-102802,Mark Garcia,10/16/2020,10/16/2042,568000,391920,5.79,1439,60 Days Delinquent,Condo,NC,71,730,20678
LN-102803,Richard Smith,08/07/2020,08/07/2044,741000,718770,6.66,2317,Default,Commercial,GA,78,650,19637
LN-102804,Joshua Thompson,10/06/2018,10/06/2041,339000,277980,6.65,2073,Current,Commercial,LA,60,804,49512
LN-102805,Sarah Martin,06/02/2019,06/02/2046,547000,388370,6.07,1442,Paid Off,Townhouse,NJ,74,803,16329
LN-102806,Ashley Garcia,10/28/2019,10/28/2038,786000,573780,4.73,2605,Paid Off,Multi Family,OK,59,696,75203
LN-102807,Patricia Davis,08/25/2023,08/25/2046,354000,265500,4.25,4404,30 Days Delinquent,Townhouse,MO,58,716,93717
LN-102808,Charles Anderson,12/05/2020,12/05/2038,161000,140070,7.6,2750,60 Days Delinquent,Commercial,OK,70,669,65639
LN-102809,Karen Smith,07/14/2022,07/14/2039,347000,322710,6.77,2656,Default,Commercial,WA,89,625,39828
LN-102810,Patricia Taylor,04/05/2021,04/05/2046,642000,462240,6.89,1760,Current,Commercial,VA,78,681,89489
LN-102811,David Perez,10/16/2020,10/16/2042,162000,150660,4.79,1268,Default,Multi Family,FL,86,698,35752
LN-102812,Mary White,04/21/2020,04/21/2049,460000,317400,4.4,2687,Current,Multi Family,CA,65,802,41674
LN-102813,Donna Ramirez,11/17/2020,11/17/2042,440000,303600,7.17,3242,Paid Off,Single Family,GA,57,762,45231
LN-102814,David Gonzalez,01/21/2020,01/21/2044,316000,195920,6.3,2125,Current,Townhouse,NJ,92,792,44840
LN-102815,Anthony Brown,11/18/2019,11/18/2039,397000,373180,4.73,2220,30 Days Delinquent,Commercial,WA,69,804,33394
LN-102816,Mary Taylor,10/06/2018,10/06/2033,445000,360450,6.19,3542,Paid Off,Commercial,IL,91,706,50440
LN-102817,Joseph Garcia,12/09/2020,12/09/2035,705000,556950,7.66,4304,Paid Off,Condo,OR,71,684,13716
LN-102818,Barbara Sanchez,03/17/2018,03/17/2040,557000,495730,6.57,2226,60 Days Delinquent,Condo,VA,68,783,88654
LN-102819,Thomas Perez,10/23/2018,10/23/2041,477000,395910,4.28,3971,30 Days Delinquent,Townhouse,NY,92,635,84786
LN-102820,David Martinez,03/19/2022,03/19/2043,416000,262080,4.62,1417,Paid Off,Commercial,MD,93,687,80217
LN-102821,Joseph Perez,11/06/2019,11/06/2047,465000,279000,5.85,2276,Current,Multi Family,CO,86,672,46332
LN-102822,Richard Garcia,12/19/2021,12/19/2045,652000,397720,4.39,2135,Paid Off,Single Family,IL,59,687,15827
LN-102823,Matthew Wilson,05/19/2018,05/19/2045,694000,423340,6.72,1420,Current,Townhouse,NC,92,748,41221
LN-102824,Thomas Wilson,04/24/2019,04/24/2048,218000,148240,6.74,4284,90+ Days Delinquent,Commercial,WI,86,710,75993
LN-102825,Nancy Thomas,07/17/2022,07/17/2052,734000,506460,4.57,3935,Default,Single Family,TN,83,764,14875
LN-102826,Christopher Miller,12/23/2019,12/23/2045,737000,700150,6.23,4366,Paid Off,Multi Family,IL,89,725,56696
LN-102827,James Jones,03/14/2020,03/14/2046,788000,488560,6.61,2574,Default,Condo,IN,71,736,10573
LN-102828,Barbara Harris,09/26/2020,09/26/2048,458000,279380,3.79,4171,Paid Off,Commercial,LA,95,712,44013
LN-102829,Patricia Lee,09/10/2022,09/10/2049,842000,656760,5.21,4457,30 Days Delinquent,Single Family,MO,58,752,24855
LN-102830,Richard Smith,09/20/2022,09/20/2047,465000,348750,6.45,3717,30 Days Delinquent,Commercial,OH,73,677,18259
LN-102831,Richard Martin,06/27/2019,06/27/2044,246000,223860,6.18,1273,Default,Multi Family,WA,94,708,56806
LN-102832,Christopher Wilson,03/19/2019,03/19/2036,296000,216080,7.39,3634,30 Days Delinquent,Townhouse,TN,82,776,70225
LN-102833,Joseph Lee,10/18/2021,10/18/2036,231000,170940,4.59,1598,Current,Single Family,MA,68,787,33099
LN-102834,Karen Johnson,08/12/2021,08/12/2038,513000,348840,6.38,1996,60 Days Delinquent,Single Family,CT,59,700,73246
LN-102835,Mark Hernandez,06/15/2019,06/15/2044,354000,254880,4.47,3875,90+ Days Delinquent,Single Family,NC,90,752,25400
LN-102836,Charles Jackson,03/23/2020,03/23/2043,810000,672300,6.06,1662,90+ Days Delinquent,Commercial,TX,92,801,72315
LN-102837,Jessica Martin,06/14/2018,06/14/2040,740000,555000,6.91,1306,90+ Days Delinquent,Multi Family,KY,64,731,31388
LN-102838,Donna Johnson,03/03/2019,03/03/2040,421000,399950,5.24,1805,Default,Single Family,NY,63,809,94096
LN-102839,Christopher Rodriguez,07/14/2019,07/14/2047,394000,338840,5.44,1784,60 Days Delinquent,Townhouse,MO,75,697,52555
LN-102840,Elizabeth Garcia,06/21/2023,06/21/2040,531000,477900,4.86,3739,30 Days Delinquent,Condo,SC,92,731,88792
LN-102841,Steven Perez,12/07/2023,12/07/2049,243000,233280,4.25,2292,Default,Single Family,MD,68,803,69642
LN-102842,Michael Brown,03/15/2021,03/15/2045,600000,444000,3.92,2189,Default,Townhouse,TX,84,788,79316
LN-102843,Sandra Lee,05/11/2023,05/11/2039,706000,571860,7.24,2009,30 Days Delinquent,Single Family,SC,71,640,89505
LN-102844,Joshua Johnson,12/08/2018,12/08/2045,825000,627000,4.21,3013,90+ Days Delinquent,Condo,LA,93,690,35722
LN-102845,Thomas Lopez,03/23/2018,03/23/2036,640000,403200,4.8,2183,Current,Commercial,OH,69,731,90496
LN-102846,William Hernandez,04/15/2022,04/15/2050,664000,531200,7.19,4207,60 Days Delinquent,Commercial,UT,66,621,61682
LN-102847,Michael Thompson,11/05/2022,11/05/2044,739000,724220,7.55,3163,90+ Days Delinquent,Multi Family,WA,62,760,98140
LN-102848,Joshua Ramirez,10/02/2021,10/02/2049,573000,366720,4.3,2006,90+ Days Delinquent,Condo,OH,88,648,57643
LN-102849,James Sanchez,02/15/2021,02/15/2050,349000,251280,7.15,2672,Current,Multi Family,IN,70,620,11410
LN-102850,James Clark,01/19/2018,01/19/2046,786000,707400,6.6,4356,Current,Multi Family,IL,94,799,15472
LN-102851,Ashley Miller,02/19/2021,02/19/2037,186000,137640,3.51,2580,Paid Off,Commercial,WA,70,747,91681
LN-102852,Michael Hernandez,07/02/2021,07/02/2045,504000,367920,4.93,2080,Default,Townhouse,GA,78,736,60546
LN-102853,Jessica Robinson,05/14/2020,05/14/2044,726000,486420,5.97,4373,60 Days Delinquent,Multi Family,LA,70,767,43883
LN-102854,Matthew Martinez,02/23/2023,02/23/2043,389000,311200,4.88,3105,Paid Off,Single Family,FL,70,641,40314
LN-102855,Jennifer Lee,11/22/2023,11/22/2039,809000,639110,4.19,1781,Paid Off,Townhouse,KY,63,750,26058
LN-102856,Karen Robinson,03/26/2018,03/26/2044,419000,393860,7.63,1545,Default,Condo,KY,58,710,22791
LN-102857,Jessica Jackson,08/10/2023,08/10/2049,622000,584680,7.64,1920,30 Days Delinquent,Multi Family,UT,93,773,47947
LN-102858,Andrew Wilson,09/26/2019,09/26/2038,189000,183330,3.83,4069,Current,Multi Family,FL,93,661,18741
LN-102859,Steven Lewis,09/21/2023,09/21/2046,685000,486350,6.64,3122,Default,Multi Family,WI,72,664,40970
LN-102860,Robert Williams,10/06/2022,10/06/2050,713000,598920,6,1851,60 Days Delinquent,Commercial,LA,80,742,30256
LN-102861,Matthew Anderson,08/08/2020,08/08/2045,410000,274700,5.69,1725,60 Days Delinquent,Multi Family,OH,84,815,72001
LN-102862,Jessica Robinson,03/03/2019,03/03/2038,503000,362160,7.22,4466,30 Days Delinquent,Townhouse,IN,81,817,54163
LN-102863,Donna Lee,01/15/2019,01/15/2048,547000,464950,7.22,2811,60 Days Delinquent,Single Family,IN,62,717,10538
LN-102864,Mark Moore,12/13/2019,12/13/2036,412000,300760,7.6,3805,Paid Off,Multi Family,CT,79,736,50451
LN-102865,James Sanchez,11/20/2021,11/20/2049,808000,686800,5.52,3534,Paid Off,Condo,OK,82,719,37890
LN-102866,Donna Robinson,11/01/2019,11/01/2042,791000,522060,6.67,3781,Paid Off,Commercial,AZ,79,724,27531
LN-102867,Christopher Robinson,12/02/2020,12/02/2037,225000,184500,7.54,1213,60 Days Delinquent,Multi Family,NJ,92,646,34624
LN-102868,David Martinez,10/10/2020,10/10/2039,399000,275310,7.65,2469,Default,Townhouse,AL,76,689,97433
LN-102869,Betty Robinson,10/12/2020,10/12/2035,789000,710100,7.2,4184,Paid Off,Multi Family,NJ,69,642,91951
LN-102870,Joseph Ramirez,04/10/2021,04/10/2048,773000,572020,5.83,1781,60 Days Delinquent,Single Family,CO,84,683,72882
LN-102871,Jessica Martin,05/16/2021,05/16/2044,516000,433440,4.79,2861,60 Days Delinquent,Single Family,OK,64,721,69990
LN-102872,Steven Lee,10/20/2023,10/20/2049,204000,167280,4.48,3700,60 Days Delinquent,Townhouse,CO,71,727,75226
LN-102873,Jennifer Moore,09/01/2022,09/01/2042,500000,465000,3.55,4414,30 Days Delinquent,Multi Family,IN,80,775,72355
LN-102874,Margaret Harris,01/25/2023,01/25/2040,803000,658460,6.02,3855,30 Days Delinquent,Single Family,SC,58,707,56426
LN-102875,Michael Williams,11/16/2023,11/16/2038,565000,355950,6.12,1274,30 Days Delinquent,Multi Family,PA,71,795,75977
LN-102876,Sandra White,03/20/2018,03/20/2045,318000,213060,5.88,3894,90+ Days Delinquent,Multi Family,WA,89,697,11764
LN-102877,John Lopez,09/17/2023,09/17/2051,614000,485060,6.07,3568,Default,Townhouse,GA,91,653,42715
LN-102878,Jessica Anderson,12/14/2022,12/14/2041,833000,624750,5.34,4076,Paid Off,Commercial,NC,70,667,46415
LN-102879,Karen Davis,02/07/2018,02/07/2036,568000,499840,4.44,2946,30 Days Delinquent,Multi Family,LA,67,798,63122
LN-102880,Sandra Smith,06/25/2023,06/25/2045,733000,623050,3.72,2369,Current,Multi Family,LA,64,737,76476
LN-102881,Andrew Robinson,10/25/2019,10/25/2043,588000,382200,3.5,1479,Paid Off,Condo,FL,94,732,57700
LN-102882,Christopher Rodriguez,02/11/2019,02/11/2049,485000,358900,3.64,2330,Default,Townhouse,OH,72,710,27555
LN-102883,John Hernandez,03/13/2018,03/13/2040,767000,736320,6.68,4343,Default,Single Family,MD,80,803,54777
LN-102884,Steven Jackson,08/10/2020,08/10/2047,843000,800850,5.62,2865,Default,Multi Family,NJ,90,700,22067
LN-102885,Nancy Jackson,06/10/2018,06/10/2042,266000,239400,5.92,1722,90+ Days Delinquent,Condo,UT,75,623,57739
LN-102886,Jessica Lewis,06/08/2019,06/08/2039,699000,601140,6.13,4071,Paid Off,Townhouse,SC,85,735,72908
LN-102887,Joshua Lewis,09/04/2023,09/04/2038,785000,667250,3.61,3120,30 Days Delinquent,Commercial,FL,77,685,65444
LN-102888,William White,09/07/2023,09/07/2038,850000,569500,5.66,2246,Current,Townhouse,OH,62,650,58302
LN-102889,Jessica Rodriguez,03/20/2021,03/20/2041,785000,761450,6.48,4236,Default,Multi Family,MA,76,639,71070
LN-102890,Nancy Smith,07/14/2018,07/14/2046,482000,351860,5.53,1753,Paid Off,Multi Family,NJ,67,785,78767
LN-102891,Linda Davis,02/07/2022,02/07/2042,664000,597600,5.85,1774,Paid Off,Commercial,CA,84,737,82742
LN-102892,Sandra Johnson,06/22/2022,06/22/2038,252000,219240,6.48,4227,Current,Townhouse,KY,91,633,17069
LN-102893,Andrew Brown,05/15/2018,05/15/2039,492000,452640,6.23,2610,90+ Days Delinquent,Commercial,SC,84,763,19559
LN-102894,Nancy Jackson,06/05/2023,06/05/2050,752000,526400,6.19,3844,Default,Single Family,IL,65,683,57976
LN-102895,Lisa Lewis,08/06/2021,08/06/2046,378000,328860,5.59,2313,90+ Days Delinquent,Commercial,OH,86,766,54711
LN-102896,Patricia Sanchez,02/23/2022,02/23/2045,528000,443520,4.76,1440,Current,Single Family,FL,58,722,64651
LN-102897,Donald Robinson,01/10/2020,01/10/2048,700000,665000,6.39,2021,30 Days Delinquent,Condo,IN,79,636,54169
LN-102898,Steven Perez,07/15/2020,07/15/2035,484000,304920,4.83,3567,Paid Off,Multi Family,MD,64,745,85281
LN-102899,Charles Johnson,05/07/2022,05/07/2047,761000,585970,3.98,3381,Paid Off,Townhouse,MA,76,632,91452
LN-102900,Christopher Moore,01/01/2020,01/01/2038,309000,219390,4.03,1264,Current,Condo,AL,88,637,79593
LN-102901,William Taylor,05/11/2023,05/11/2052,782000,617780,7.25,1321,60 Days Delinquent,Commercial,MO,73,628,78601
LN-102902,Steven Davis,03/03/2021,03/03/2043,425000,386750,6.35,3552,Current,Multi Family,IN,87,801,18260
LN-102903,Daniel Rodriguez,09/24/2021,09/24/2045,613000,459750,6.02,3695,60 Days Delinquent,Single Family,GA,56,816,73402
LN-102904,David Sanchez,09/11/2022,09/11/2052,786000,597360,6.95,4227,Paid Off,Single Family,MA,78,673,17682
LN-102905,Nancy Sanchez,03/07/2020,03/07/2042,409000,388550,6.89,3344,30 Days Delinquent,Single Family,OH,89,787,66077
LN-102906,Mark Harris,01/07/2022,01/07/2045,836000,543400,3.47,3986,Current,Multi Family,OH,85,808,50977
LN-102907,John Rodriguez,04/26/2019,04/26/2046,317000,301150,7.38,3582,30 Days Delinquent,Single Family,MO,72,691,43266
LN-102908,Donald Wilson,11/11/2022,11/11/2041,844000,582360,7.08,1308,Default,Single Family,FL,69,808,49338
LN-102909,James Johnson,10/07/2021,10/07/2039,649000,629530,6.16,1553,30 Days Delinquent,Townhouse,OH,90,811,56411
LN-102910,Lisa Lewis,07/11/2023,07/11/2046,686000,596820,3.75,1886,Default,Multi Family,LA,65,668,75066
LN-102911,Margaret Miller,02/06/2023,02/06/2047,822000,641160,5.45,1246,Paid Off,Commercial,MN,89,737,47879
LN-102912,Barbara Williams,12/16/2019,12/16/2039,825000,651750,5.91,2539,90+ Days Delinquent,Single Family,AL,79,625,46848
LN-102913,Michelle Wilson,09/01/2022,09/01/2047,743000,512670,5.38,1718,Current,Townhouse,TX,79,703,29486
LN-102914,Matthew Harris,11/04/2018,11/04/2043,216000,200880,5.45,2950,90+ Days Delinquent,Multi Family,MO,84,766,98272
LN-102915,Mary Johnson,01/24/2019,01/24/2041,558000,535680,4.89,3621,Paid Off,Commercial,WI,61,768,30387
LN-102916,Betty Thompson,10/14/2020,10/14/2035,804000,691440,6.64,4077,90+ Days Delinquent,Townhouse,WA,61,707,91502
LN-102917,Mary Garcia,05/15/2021,05/15/2040,357000,292740,6.78,2464,30 Days Delinquent,Condo,KY,94,661,76427
LN-102918,Michelle White,09/01/2023,09/01/2052,826000,718620,6.63,1607,60 Days Delinquent,Townhouse,WA,83,683,15964
LN-102919,Margaret Sanchez,07/22/2021,07/22/2037,224000,168000,3.32,2479,Default,Townhouse,OH,69,758,26394
LN-102920,Mark Gonzalez,12/11/2019,12/11/2040,625000,550000,7.27,2673,Current,Multi Family,MO,64,671,56197
LN-102921,Sandra Brown,03/09/2020,03/09/2038,563000,371580,5.08,1439,60 Days Delinquent,Single Family,NJ,88,773,24863
LN-102922,Donald White,07/28/2023,07/28/2040,486000,388800,4.41,2103,60 Days Delinquent,Condo,UT,94,757,87287
LN-102923,Richard Taylor,05/02/2018,05/02/2041,589000,376960,4.95,1422,60 Days Delinquent,Single Family,IL,60,651,26882
LN-102924,Betty Gonzalez,01/12/2020,01/12/2043,434000,377580,7.05,1609,60 Days Delinquent,Commercial,NJ,68,799,38419
LN-102925,Thomas Martin,03/08/2019,03/08/2042,179000,157520,4.43,2842,30 Days Delinquent,Condo,FL,80,751,56073
LN-102926,Betty Miller,04/15/2020,04/15/2045,225000,204750,5.63,3504,60 Days Delinquent,Multi Family,VA,90,785,25620
LN-102927,Joseph Smith,08/14/2020,08/14/2038,574000,556780,4.6,2198,Paid Off,Single Family,MD,71,809,35946
LN-102928,Ashley Clark,06/19/2019,06/19/2034,612000,483480,4.59,4089,30 Days Delinquent,Condo,OH,59,732,47064
LN-102929,Christopher Wilson,11/13/2023,11/13/2047,609000,395850,3.91,2535,Default,Townhouse,WI,65,634,64405
LN-102930,Mary Lewis,05/22/2020,05/22/2045,784000,595840,5.31,2514,Paid Off,Commercial,LA,85,810,71717
LN-102931,Nancy Harris,03/28/2021,03/28/2036,415000,377650,5.4,3864,60 Days Delinquent,Commercial,IN,58,727,62261
LN-102932,Donald Ramirez,01/16/2021,01/16/2046,239000,152960,5.73,2895,Current,Multi Family,PA,93,763,17463
LN-102933,Ashley Brown,03/27/2023,03/27/2043,273000,212940,4.32,3741,Current,Townhouse,MI,87,653,88428
LN-102934,Daniel Thomas,04/23/2018,04/23/2033,451000,428450,7.22,1907,Paid Off,Commercial,NJ,91,684,89587
LN-102935,Barbara Martin,10/20/2020,10/20/2048,286000,188760,3.6,4013,Paid Off,Commercial,CT,76,704,17089
LN-102936,Patricia Harris,07/14/2023,07/14/2050,641000,435880,5.5,4393,30 Days Delinquent,Condo,TX,93,641,37866
LN-102937,Richard Jones,02/11/2022,02/11/2041,704000,633600,6.93,2350,Paid Off,Commercial,FL,75,763,25703
LN-102938,Mark Lopez,03/27/2022,03/27/2050,659000,606280,5.66,1782,Paid Off,Single Family,WA,94,742,32942
LN-102939,Jessica Clark,09/22/2022,09/22/2052,598000,358800,5.52,3807,Paid Off,Multi Family,CT,82,656,46659
LN-102940,James Garcia,08/27/2023,08/27/2051,708000,587640,4.1,4177,30 Days Delinquent,Single Family,OH,83,642,22266
LN-102941,John Moore,02/08/2020,02/08/2040,485000,339500,5.86,3532,Current,Single Family,LA,79,807,31521
LN-102942,Donald Brown,03/01/2021,03/01/2041,337000,266230,6.72,1849,Default,Single Family,MD,88,814,20721
LN-102943,Robert Gonzalez,01/03/2021,01/03/2038,406000,276080,5.6,2580,Paid Off,Condo,TN,83,646,98034
LN-102944,Lisa Clark,09/17/2018,09/17/2044,651000,462210,6.11,2481,60 Days Delinquent,Multi Family,OK,92,801,37565
LN-102945,Margaret Sanchez,01/27/2019,01/27/2047,671000,462990,6.62,2115,Default,Commercial,PA,70,642,97061
LN-102946,Joshua Rodriguez,11/03/2019,11/03/2042,258000,234780,7.34,2569,60 Days Delinquent,Multi Family,IL,79,801,64659
LN-102947,Matthew Martin,01/23/2019,01/23/2043,778000,746880,3.55,2362,Current,Single Family,SC,57,746,48769
LN-102948,Betty Johnson,01/08/2019,01/08/2042,178000,122820,6.45,2641,90+ Days Delinquent,Multi Family,MO,92,697,52172
LN-102949,Christopher Harris,06/17/2018,06/17/2041,417000,404490,5.88,3669,90+ Days Delinquent,Condo,WA,72,727,63828
LN-102950,Lisa Lee,02/17/2021,02/17/2043,657000,532170,6.95,3645,90+ Days Delinquent,Commercial,NJ,63,678,76616
LN-102951,Kimberly Hernandez,09/12/2021,09/12/2047,825000,783750,5.45,3933,30 Days Delinquent,Multi Family,NC,78,645,98094
LN-102952,Sarah Lopez,11/23/2021,11/23/2036,650000,442000,6.72,2413,60 Days Delinquent,Single Family,OK,72,656,98186
LN-102953,William Sanchez,07/16/2020,07/16/2043,390000,308100,4.66,2100,90+ Days Delinquent,Condo,NY,59,709,96695
LN-102954,Matthew Johnson,10/10/2021,10/10/2041,231000,145530,3.29,2979,Default,Townhouse,GA,75,649,54274
LN-102955,Emily Martinez,05/05/2020,05/05/2040,697000,571540,4.11,1404,90+ Days Delinquent,Condo,AZ,81,697,89926
LN-102956,Paul White,11/13/2018,11/13/2036,579000,561630,4.22,4399,90+ Days Delinquent,Single Family,TN,61,642,38555
LN-102957,Robert Anderson,05/25/2021,05/25/2046,850000,637500,5.23,2297,90+ Days Delinquent,Condo,NY,82,628,25228
LN-102958,Michelle White,09/23/2022,09/23/2037,695000,465650,4.82,2229,Default,Multi Family,MO,59,688,34221
LN-102959,Christopher Jones,10/22/2020,10/22/2040,626000,513320,6.65,4222,60 Days Delinquent,Multi Family,AL,65,640,89126
LN-102960,Donald Ramirez,08/23/2021,08/23/2045,293000,260770,3.86,1770,90+ Days Delinquent,Townhouse,IL,63,731,71166
LN-102961,Thomas Clark,05/01/2023,05/01/2041,606000,430260,5.93,3197,90+ Days Delinquent,Condo,IL,69,760,39832
LN-102962,Linda Miller,12/18/2022,12/18/2047,493000,364820,7.03,2901,60 Days Delinquent,Condo,CT,86,759,59019
LN-102963,Michael Miller,03/18/2023,03/18/2051,370000,281200,6.55,4442,90+ Days Delinquent,Commercial,UT,77,702,64531
LN-102964,Ashley Robinson,01/16/2023,01/16/2048,165000,110550,5.17,3786,Paid Off,Condo,TX,60,666,17892
LN-102965,Elizabeth White,10/15/2020,10/15/2037,463000,453740,4.46,2867,30 Days Delinquent,Commercial,PA,60,688,57539
LN-102966,Steven Jackson,09/20/2018,09/20/2041,734000,689960,6.81,4280,Default,Townhouse,LA,63,690,16030
LN-102967,Matthew Williams,04/27/2019,04/27/2036,604000,477160,5.43,3427,Paid Off,Commercial,OK,91,713,58410
LN-102968,Michael Lee,09/21/2019,09/21/2037,644000,392840,4.99,2190,Current,Commercial,OK,66,800,10386
LN-102969,Christopher Wilson,06/25/2021,06/25/2050,307000,291650,3.32,2744,Paid Off,Multi Family,MA,67,625,86451
LN-102970,Anthony Robinson,01/15/2023,01/15/2039,233000,165430,5.72,3580,Paid Off,Multi Family,CT,59,792,24183
LN-102971,Joshua Smith,05/10/2023,05/10/2047,244000,209840,7.55,4010,30 Days Delinquent,Commercial,NY,91,668,74474
LN-102972,Michelle White,12/01/2022,12/01/2047,415000,398400,7.53,4152,Paid Off,Commercial,KY,77,675,49655
LN-102973,Mark Taylor,04/27/2018,04/27/2039,509000,330850,6.57,1309,30 Days Delinquent,Townhouse,FL,60,753,85944
LN-102974,Emily Robinson,08/27/2018,08/27/2037,783000,634230,7.56,2538,90+ Days Delinquent,Multi Family,FL,76,777,43684
LN-102975,Nancy Jones,08/14/2021,08/14/2047,388000,364720,5.19,3976,Current,Multi Family,CT,76,630,81352
LN-102976,Linda Williams,08/02/2021,08/02/2049,708000,446040,5.18,1723,30 Days Delinquent,Single Family,AL,66,732,60418
LN-102977,Joshua Moore,01/10/2023,01/10/2046,637000,541450,5.27,2053,Default,Condo,PA,89,678,75950
LN-102978,Linda Lewis,10/21/2020,10/21/2041,265000,249100,3.68,4062,30 Days Delinquent,Single Family,CA,72,732,24759
LN-102979,Nancy Jones,07/10/2020,07/10/2042,691000,642630,4.14,3288,90+ Days Delinquent,Commercial,NC,60,731,12231
LN-102980,Lisa Lee,06/24/2021,06/24/2048,207000,161460,5.89,2678,90+ Days Delinquent,Multi Family,CT,70,629,75836
LN-102981,Susan Miller,12/06/2020,12/06/2035,484000,329120,6.36,3809,60 Days Delinquent,Single Family,LA,81,734,62393
LN-102982,Elizabeth Robinson,03/25/2021,03/25/2038,346000,287180,3.51,3288,90+ Days Delinquent,Commercial,TX,94,707,91440
LN-102983,James Moore,11/08/2021,11/08/2046,445000,382700,3.45,3781,Default,Single Family,IN,69,638,15133
LN-102984,Nancy Perez,12/07/2019,12/07/2039,228000,139080,3.76,2095,90+ Days Delinquent,Single Family,GA,86,815,93739
LN-102985,Donald Ramirez,10/22/2021,10/22/2043,656000,544480,7.14,2696,Default,Single Family,NJ,86,725,85740
LN-102986,Donna Taylor,04/14/2018,04/14/2048,787000,684690,3.72,4052,60 Days Delinquent,Townhouse,CT,90,796,35776
LN-102987,Sarah Williams,09/06/2019,09/06/2034,294000,261660,3.94,3925,Paid Off,Commercial,AL,69,694,90056
LN-102988,Patricia Johnson,07/04/2021,07/04/2045,684000,554040,5.14,3672,60 Days Delinquent,Single Family,UT,73,671,66351
LN-102989,James Thomas,04/16/2021,04/16/2042,829000,654910,6.6,3794,30 Days Delinquent,Condo,OR,94,637,31809
LN-102990,Nancy Hernandez,10/15/2022,10/15/2050,238000,214200,3.66,2717,Paid Off,Single Family,AL,77,805,53190
LN-102991,Mark Anderson,06/25/2023,06/25/2050,487000,404210,4.67,4054,30 Days Delinquent,Commercial,TX,56,816,63552
LN-102992,Anthony Lee,03/04/2019,03/04/2043,438000,389820,6.09,3122,Current,Single Family,PA,69,629,45910
LN-102993,Michael Gonzalez,01/04/2018,01/04/2048,231000,205590,6.76,4229,30 Days Delinquent,Multi Family,CA,85,732,56979
LN-102994,Thomas Thompson,07/02/2020,07/02/2038,381000,251460,6.52,3698,60 Days Delinquent,Single Family,CT,66,738,78362
LN-102995,Joseph Jackson,09/28/2018,09/28/2040,306000,278460,7.73,1538,Paid Off,Townhouse,IL,84,692,30330
LN-102996,Donald Wilson,06/04/2021,06/04/2040,281000,210750,3.67,3298,Paid Off,Multi Family,CA,79,632,32983
LN-102997,Nancy Johnson,11/28/2023,11/28/2041,215000,180600,7.13,3277,Current,Commercial,IN,58,810,90284
LN-102998,John Harris,07/27/2020,07/27/2041,435000,408900,4.11,3369,Paid Off,Multi Family,OH,70,685,56371
LN-102999,Michael Martinez,02/20/2023,02/20/2045,438000,337260,5.67,1687,30 Days Delinquent,Condo,NJ,77,781,56989
LN-103000,Barbara Clark,12/24/2020,12/24/2036,685000,431550,4.82,2102,30 Days Delinquent,Condo,KY,74,734,45768