loan_id,borrower_name,origination_date,maturity_date,principal_balance,current_balance,interest_rate,monthly_payment,loan_status,property_type,ltv_ratio,credit_score,property_state,zip_code
LN_STRESS_10001,Borrower_1,2021-02-15,2051-02-15,200175.00,192168.00,3.6,900.79,Current,Condo,61,621,TX,10037
LN_STRESS_10002,Borrower_2,2022-03-15,2052-03-15,200350.00,192336.00,3.7,926.62,Current,Townhouse,62,622,FL,10074
LN_STRESS_10003,Borrower_3,2023-04-15,2053-04-15,200525.00,192504.00,3.8,952.49,Delinquent,Multi Family,63,623,NY,10111
LN_STRESS_10004,Borrower_4,2020-05-15,2050-05-15,200700.00,192672.00,3.9,978.41,Current,Single Family,64,624,IL,10148
LN_STRESS_10005,Borrower_5,2021-06-15,2051-06-15,200875.00,192840.00,4,1004.38,Current,Condo,65,625,PA,10185
LN_STRESS_10006,Borrower_6,2022-07-15,2052-07-15,201050.00,193008.00,4.1,1030.38,Current,Townhouse,66,626,OH,10222
LN_STRESS_10007,Borrower_7,2023-08-15,2053-08-15,201225.00,193176.00,4.2,1056.43,Current,Multi Family,67,627,GA,10259
LN_STRESS_10008,Borrower_8,2020-09-15,2050-09-15,201400.00,193344.00,4.3,1082.52,Delinquent,Single Family,68,628,NC,10296
LN_STRESS_10009,Borrower_9,2021-10-15,2051-10-15,201575.00,193512.00,4.4,1108.66,Current,Condo,69,629,MI,10333
LN_STRESS_10010,Borrower_10,2022-11-15,2052-11-15,201750.00,193680.00,4.5,1134.84,Current,Townhouse,70,630,CA,10370
LN_STRESS_10011,Borrower_11,2023-12-15,2053-12-15,201925.00,193848.00,4.6,1161.07,Current,Multi Family,71,631,TX,10407
LN_STRESS_10012,Borrower_12,2020-01-15,2050-01-15,202100.00,194016.00,4.7,1187.34,Current,Single Family,72,632,FL,10444
LN_STRESS_10013,Borrower_13,2021-02-15,2051-02-15,202275.00,194184.00,4.8,1213.65,Delinquent,Condo,73,633,NY,10481
LN_STRESS_10014,Borrower_14,2022-03-15,2052-03-15,202450.00,194352.00,4.9,1240.01,Current,Townhouse,74,634,IL,10518
LN_STRESS_10015,Borrower_15,2023-04-15,2053-04-15,202625.00,194520.00,5,1266.41,Current,Multi Family,75,635,PA,10555
LN_STRESS_10016,Borrower_16,2020-05-15,2050-05-15,202800.00,194688.00,5.1,1292.85,Current,Single Family,76,636,OH,10592
LN_STRESS_10017,Borrower_17,2021-06-15,2051-06-15,202975.00,194856.00,5.2,1319.34,Current,Condo,77,637,GA,10629
LN_STRESS_10018,Borrower_18,2022-07-15,2052-07-15,203150.00,195024.00,5.3,1345.87,Delinquent,Townhouse,78,638,NC,10666
LN_STRESS_10019,Borrower_19,2023-08-15,2053-08-15,203325.00,195192.00,5.4,1372.44,Current,Multi Family,79,639,MI,10703
LN_STRESS_10020,Borrower_20,2020-09-15,2050-09-15,203500.00,195360.00,5.5,1399.06,Current,Single Family,80,640,CA,10740
LN_STRESS_10021,Borrower_21,2021-10-15,2051-10-15,203675.00,195528.00,5.6,1425.73,Current,Condo,81,641,TX,10777
LN_STRESS_10022,Borrower_22,2022-11-15,2052-11-15,203850.00,195696.00,5.7,1452.43,Current,Townhouse,82,642,FL,10814
LN_STRESS_10023,Borrower_23,2023-12-15,2053-12-15,204025.00,195864.00,5.8,1479.18,Delinquent,Multi Family,83,643,NY,10851
LN_STRESS_10024,Borrower_24,2020-01-15,2050-01-15,204200.00,196032.00,5.9,1505.98,Current,Single Family,84,644,IL,10888
LN_STRESS_10025,Borrower_25,2021-02-15,2051-02-15,204375.00,196200.00,6,1532.81,Current,Condo,85,645,PA,10925
LN_STRESS_10026,Borrower_26,2022-03-15,2052-03-15,204550.00,196368.00,6.1,1559.69,Current,Townhouse,86,646,OH,10962
LN_STRESS_10027,Borrower_27,2023-04-15,2053-04-15,204725.00,196536.00,6.2,1586.62,Current,Multi Family,87,647,GA,10999
LN_STRESS_10028,Borrower_28,2020-05-15,2050-05-15,204900.00,196704.00,6.3,1613.59,Delinquent,Single Family,88,648,NC,11036
LN_STRESS_10029,Borrower_29,2021-06-15,2051-06-15,205075.00,196872.00,6.4,1640.60,Current,Condo,89,649,MI,11073
LN_STRESS_10030,Borrower_30,2022-07-15,2052-07-15,205250.00,197040.00,6.5,1667.66,Current,Townhouse,90,650,CA,11110
LN_STRESS_10031,Borrower_31,2023-08-15,2053-08-15,205425.00,197208.00,6.6,1694.76,Current,Multi Family,91,651,TX,11147
LN_STRESS_10032,Borrower_32,2020-09-15,2050-09-15,205600.00,197376.00,6.7,1721.90,Current,Single Family,92,652,FL,11184
LN_STRESS_10033,Borrower_33,2021-10-15,2051-10-15,205775.00,197544.00,6.8,1749.09,Delinquent,Condo,93,653,NY,11221
LN_STRESS_10034,Borrower_34,2022-11-15,2052-11-15,205950.00,197712.00,6.9,1776.32,Current,Townhouse,94,654,IL,11258
LN_STRESS_10035,Borrower_35,2023-12-15,2053-12-15,206125.00,197880.00,7,1803.59,Current,Multi Family,60,655,PA,11295
LN_STRESS_10036,Borrower_36,2020-01-15,2050-01-15,206300.00,198048.00,7.1,1830.91,Current,Single Family,61,656,OH,11332
LN_STRESS_10037,Borrower_37,2021-02-15,2051-02-15,206475.00,198216.00,7.2,1858.28,Current,Condo,62,657,GA,11369
LN_STRESS_10038,Borrower_38,2022-03-15,2052-03-15,206650.00,198384.00,7.3,1885.68,Delinquent,Townhouse,63,658,NC,11406
LN_STRESS_10039,Borrower_39,2023-04-15,2053-04-15,206825.00,198552.00,7.4,1913.13,Current,Multi Family,64,659,MI,11443
LN_STRESS_10040,Borrower_40,2020-05-15,2050-05-15,207000.00,198720.00,7.5,1940.63,Current,Single Family,65,660,CA,11480
LN_STRESS_10041,Borrower_41,2021-06-15,2051-06-15,207175.00,198888.00,7.6,1968.16,Current,Condo,66,661,TX,11517
LN_STRESS_10042,Borrower_42,2022-07-15,2052-07-15,207350.00,199056.00,7.7,1995.74,Current,Townhouse,67,662,FL,11554
LN_STRESS_10043,Borrower_43,2023-08-15,2053-08-15,207525.00,199224.00,7.8,2023.37,Delinquent,Multi Family,68,663,NY,11591
LN_STRESS_10044,Borrower_44,2020-09-15,2050-09-15,207700.00,199392.00,7.9,2051.04,Current,Single Family,69,664,IL,11628
LN_STRESS_10045,Borrower_45,2021-10-15,2051-10-15,207875.00,199560.00,3.5,909.45,Current,Condo,70,665,PA,11665
LN_STRESS_10046,Borrower_46,2022-11-15,2052-11-15,208050.00,199728.00,3.6,936.22,Current,Townhouse,71,666,OH,11702
LN_STRESS_10047,Borrower_47,2023-12-15,2053-12-15,208225.00,199896.00,3.7,963.04,Current,Multi Family,72,667,GA,11739
LN_STRESS_10048,Borrower_48,2020-01-15,2050-01-15,208400.00,200064.00,3.8,989.90,Delinquent,Single Family,73,668,NC,11776
LN_STRESS_10049,Borrower_49,2021-02-15,2051-02-15,208575.00,200232.00,3.9,1016.80,Current,Condo,74,669,MI,11813
LN_STRESS_10050,Borrower_50,2022-03-15,2052-03-15,208750.00,200400.00,4,1043.75,Current,Townhouse,75,670,CA,11850
LN_STRESS_10051,Borrower_51,2023-04-15,2053-04-15,208925.00,200568.00,4.1,1070.74,Current,Multi Family,76,671,TX,11887
LN_STRESS_10052,Borrower_52,2020-05-15,2050-05-15,209100.00,200736.00,4.2,1097.78,Current,Single Family,77,672,FL,11924
LN_STRESS_10053,Borrower_53,2021-06-15,2051-06-15,209275.00,200904.00,4.3,1124.85,Delinquent,Condo,78,673,NY,11961
LN_STRESS_10054,Borrower_54,2022-07-15,2052-07-15,209450.00,201072.00,4.4,1151.98,Current,Townhouse,79,674,IL,11998
LN_STRESS_10055,Borrower_55,2023-08-15,2053-08-15,209625.00,201240.00,4.5,1179.14,Current,Multi Family,80,675,PA,12035
LN_STRESS_10056,Borrower_56,2020-09-15,2050-09-15,209800.00,201408.00,4.6,1206.35,Current,Single Family,81,676,OH,12072
LN_STRESS_10057,Borrower_57,2021-10-15,2051-10-15,209975.00,201576.00,4.7,1233.60,Current,Condo,82,677,GA,12109
LN_STRESS_10058,Borrower_58,2022-11-15,2052-11-15,210150.00,201744.00,4.8,1260.90,Delinquent,Townhouse,83,678,NC,12146
LN_STRESS_10059,Borrower_59,2023-12-15,2053-12-15,210325.00,201912.00,4.9,1288.24,Current,Multi Family,84,679,MI,12183
LN_STRESS_10060,Borrower_60,2020-01-15,2050-01-15,210500.00,202080.00,5,1315.63,Current,Single Family,85,680,CA,12220
LN_STRESS_10061,Borrower_61,2021-02-15,2051-02-15,210675.00,202248.00,5.1,1343.05,Current,Condo,86,681,TX,12257
LN_STRESS_10062,Borrower_62,2022-03-15,2052-03-15,210850.00,202416.00,5.2,1370.53,Current,Townhouse,87,682,FL,12294
LN_STRESS_10063,Borrower_63,2023-04-15,2053-04-15,211025.00,202584.00,5.3,1398.04,Delinquent,Multi Family,88,683,NY,12331
LN_STRESS_10064,Borrower_64,2020-05-15,2050-05-15,211200.00,202752.00,5.4,1425.60,Current,Single Family,89,684,IL,12368
LN_STRESS_10065,Borrower_65,2021-06-15,2051-06-15,211375.00,202920.00,5.5,1453.20,Current,Condo,90,685,PA,12405
LN_STRESS_10066,Borrower_66,2022-07-15,2052-07-15,211550.00,203088.00,5.6,1480.85,Current,Townhouse,91,686,OH,12442
LN_STRESS_10067,Borrower_67,2023-08-15,2053-08-15,211725.00,203256.00,5.7,1508.54,Current,Multi Family,92,687,GA,12479
LN_STRESS_10068,Borrower_68,2020-09-15,2050-09-15,211900.00,203424.00,5.8,1536.28,Delinquent,Single Family,93,688,NC,12516
LN_STRESS_10069,Borrower_69,2021-10-15,2051-10-15,212075.00,203592.00,5.9,1564.05,Current,Condo,94,689,MI,12553
LN_STRESS_10070,Borrower_70,2022-11-15,2052-11-15,212250.00,203760.00,6,1591.88,Current,Townhouse,60,690,CA,12590
LN_STRESS_10071,Borrower_71,2023-12-15,2053-12-15,212425.00,203928.00,6.1,1619.74,Current,Multi Family,61,691,TX,12627
LN_STRESS_10072,Borrower_72,2020-01-15,2050-01-15,212600.00,204096.00,6.2,1647.65,Current,Single Family,62,692,FL,12664
LN_STRESS_10073,Borrower_73,2021-02-15,2051-02-15,212775.00,204264.00,6.3,1675.60,Delinquent,Condo,63,693,NY,12701
LN_STRESS_10074,Borrower_74,2022-03-15,2052-03-15,212950.00,204432.00,6.4,1703.60,Current,Townhouse,64,694,IL,12738
LN_STRESS_10075,Borrower_75,2023-04-15,2053-04-15,213125.00,204600.00,6.5,1731.64,Current,Multi Family,65,695,PA,12775
LN_STRESS_10076,Borrower_76,2020-05-15,2050-05-15,213300.00,204768.00,6.6,1759.73,Current,Single Family,66,696,OH,12812
LN_STRESS_10077,Borrower_77,2021-06-15,2051-06-15,213475.00,204936.00,6.7,1787.85,Current,Condo,67,697,GA,12849
LN_STRESS_10078,Borrower_78,2022-07-15,2052-07-15,213650.00,205104.00,6.8,1816.02,Delinquent,Townhouse,68,698,NC,12886
LN_STRESS_10079,Borrower_79,2023-08-15,2053-08-15,213825.00,205272.00,6.9,1844.24,Current,Multi Family,69,699,MI,12923
LN_STRESS_10080,Borrower_80,2020-09-15,2050-09-15,214000.00,205440.00,7,1872.50,Current,Single Family,70,700,CA,12960
LN_STRESS_10081,Borrower_81,2021-10-15,2051-10-15,214175.00,205608.00,7.1,1900.80,Current,Condo,71,701,TX,12997
LN_STRESS_10082,Borrower_82,2022-11-15,2052-11-15,214350.00,205776.00,7.2,1929.15,Current,Townhouse,72,702,FL,13034
LN_STRESS_10083,Borrower_83,2023-12-15,2053-12-15,214525.00,205944.00,7.3,1957.54,Delinquent,Multi Family,73,703,NY,13071
LN_STRESS_10084,Borrower_84,2020-01-15,2050-01-15,214700.00,206112.00,7.4,1985.98,Current,Single Family,74,704,IL,13108
LN_STRESS_10085,Borrower_85,2021-02-15,2051-02-15,214875.00,206280.00,7.5,2014.45,Current,Condo,75,705,PA,13145
LN_STRESS_10086,Borrower_86,2022-03-15,2052-03-15,215050.00,206448.00,7.6,2042.98,Current,Townhouse,76,706,OH,13182
LN_STRESS_10087,Borrower_87,2023-04-15,2053-04-15,215225.00,206616.00,7.7,2071.54,Current,Multi Family,77,707,GA,13219
LN_STRESS_10088,Borrower_88,2020-05-15,2050-05-15,215400.00,206784.00,7.8,2100.15,Delinquent,Single Family,78,708,NC,13256
LN_STRESS_10089,Borrower_89,2021-06-15,2051-06-15,215575.00,206952.00,7.9,2128.80,Current,Condo,79,709,MI,13293
LN_STRESS_10090,Borrower_90,2022-07-15,2052-07-15,215750.00,207120.00,3.5,943.91,Current,Townhouse,80,710,CA,13330
LN_STRESS_10091,Borrower_91,2023-08-15,2053-08-15,215925.00,207288.00,3.6,971.66,Current,Multi Family,81,711,TX,13367
LN_STRESS_10092,Borrower_92,2020-09-15,2050-09-15,216100.00,207456.00,3.7,999.46,Current,Single Family,82,712,FL,13404
LN_STRESS_10093,Borrower_93,2021-10-15,2051-10-15,216275.00,207624.00,3.8,1027.31,Delinquent,Condo,83,713,NY,13441
LN_STRESS_10094,Borrower_94,2022-11-15,2052-11-15,216450.00,207792.00,3.9,1055.19,Current,Townhouse,84,714,IL,13478
LN_STRESS_10095,Borrower_95,2023-12-15,2053-12-15,216625.00,207960.00,4,1083.13,Current,Multi Family,85,715,PA,13515
LN_STRESS_10096,Borrower_96,2020-01-15,2050-01-15,216800.00,208128.00,4.1,1111.10,Current,Single Family,86,716,OH,13552
LN_STRESS_10097,Borrower_97,2021-02-15,2051-02-15,216975.00,208296.00,4.2,1139.12,Current,Condo,87,717,GA,13589
LN_STRESS_10098,Borrower_98,2022-03-15,2052-03-15,217150.00,208464.00,4.3,1167.18,Delinquent,Townhouse,88,718,NC,13626
LN_STRESS_10099,Borrower_99,2023-04-15,2053-04-15,217325.00,208632.00,4.4,1195.29,Current,Multi Family,89,719,MI,13663
LN_STRESS_10100,Borrower_100,2020-05-15,2050-05-15,217500.00,208800.00,4.5,1223.44,Current,Single Family,90,720,CA,13700
LN_STRESS_10101,Borrower_101,2021-06-15,2051-06-15,217675.00,208968.00,4.6,1251.63,Current,Condo,91,721,TX,13737
LN_STRESS_10102,Borrower_102,2022-07-15,2052-07-15,217850.00,209136.00,4.7,1279.87,Current,Townhouse,92,722,FL,13774
LN_STRESS_10103,Borrower_103,2023-08-15,2053-08-15,218025.00,209304.00,4.8,1308.15,Delinquent,Multi Family,93,723,NY,13811
LN_STRESS_10104,Borrower_104,2020-09-15,2050-09-15,218200.00,209472.00,4.9,1336.48,Current,Single Family,94,724,IL,13848
LN_STRESS_10105,Borrower_105,2021-10-15,2051-10-15,218375.00,209640.00,5,1364.84,Current,Condo,60,725,PA,13885
LN_STRESS_10106,Borrower_106,2022-11-15,2052-11-15,218550.00,209808.00,5.1,1393.26,Current,Townhouse,61,726,OH,13922
LN_STRESS_10107,Borrower_107,2023-12-15,2053-12-15,218725.00,209976.00,5.2,1421.71,Current,Multi Family,62,727,GA,13959
LN_STRESS_10108,Borrower_108,2020-01-15,2050-01-15,218900.00,210144.00,5.3,1450.21,Delinquent,Single Family,63,728,NC,13996
LN_STRESS_10109,Borrower_109,2021-02-15,2051-02-15,219075.00,210312.00,5.4,1478.76,Current,Condo,64,729,MI,14033
LN_STRESS_10110,Borrower_110,2022-03-15,2052-03-15,219250.00,210480.00,5.5,1507.34,Current,Townhouse,65,730,CA,14070
LN_STRESS_10111,Borrower_111,2023-04-15,2053-04-15,219425.00,210648.00,5.6,1535.98,Current,Multi Family,66,731,TX,14107
LN_STRESS_10112,Borrower_112,2020-05-15,2050-05-15,219600.00,210816.00,5.7,1564.65,Current,Single Family,67,732,FL,14144
LN_STRESS_10113,Borrower_113,2021-06-15,2051-06-15,219775.00,210984.00,5.8,1593.37,Delinquent,Condo,68,733,NY,14181
LN_STRESS_10114,Borrower_114,2022-07-15,2052-07-15,219950.00,211152.00,5.9,1622.13,Current,Townhouse,69,734,IL,14218
LN_STRESS_10115,Borrower_115,2023-08-15,2053-08-15,220125.00,211320.00,6,1650.94,Current,Multi Family,70,735,PA,14255
LN_STRESS_10116,Borrower_116,2020-09-15,2050-09-15,220300.00,211488.00,6.1,1679.79,Current,Single Family,71,736,OH,14292
LN_STRESS_10117,Borrower_117,2021-10-15,2051-10-15,220475.00,211656.00,6.2,1708.68,Current,Condo,72,737,GA,14329
LN_STRESS_10118,Borrower_118,2022-11-15,2052-11-15,220650.00,211824.00,6.3,1737.62,Delinquent,Townhouse,73,738,NC,14366
LN_STRESS_10119,Borrower_119,2023-12-15,2053-12-15,220825.00,211992.00,6.4,1766.60,Current,Multi Family,74,739,MI,14403
LN_STRESS_10120,Borrower_120,2020-01-15,2050-01-15,221000.00,212160.00,6.5,1795.63,Current,Single Family,75,740,CA,14440
LN_STRESS_10121,Borrower_121,2021-02-15,2051-02-15,221175.00,212328.00,6.6,1824.69,Current,Condo,76,741,TX,14477
LN_STRESS_10122,Borrower_122,2022-03-15,2052-03-15,221350.00,212496.00,6.7,1853.81,Current,Townhouse,77,742,FL,14514
LN_STRESS_10123,Borrower_123,2023-04-15,2053-04-15,221525.00,212664.00,6.8,1882.96,Delinquent,Multi Family,78,743,NY,14551
LN_STRESS_10124,Borrower_124,2020-05-15,2050-05-15,221700.00,212832.00,6.9,1912.16,Current,Single Family,79,744,IL,14588
LN_STRESS_10125,Borrower_125,2021-06-15,2051-06-15,221875.00,213000.00,7,1941.41,Current,Condo,80,745,PA,14625
LN_STRESS_10126,Borrower_126,2022-07-15,2052-07-15,222050.00,213168.00,7.1,1970.69,Current,Townhouse,81,746,OH,14662
LN_STRESS_10127,Borrower_127,2023-08-15,2053-08-15,222225.00,213336.00,7.2,2000.03,Current,Multi Family,82,747,GA,14699
LN_STRESS_10128,Borrower_128,2020-09-15,2050-09-15,222400.00,213504.00,7.3,2029.40,Delinquent,Single Family,83,748,NC,14736
LN_STRESS_10129,Borrower_129,2021-10-15,2051-10-15,222575.00,213672.00,7.4,2058.82,Current,Condo,84,749,MI,14773
LN_STRESS_10130,Borrower_130,2022-11-15,2052-11-15,222750.00,213840.00,7.5,2088.28,Current,Townhouse,85,750,CA,14810
LN_STRESS_10131,Borrower_131,2023-12-15,2053-12-15,222925.00,214008.00,7.6,2117.79,Current,Multi Family,86,751,TX,14847
LN_STRESS_10132,Borrower_132,2020-01-15,2050-01-15,223100.00,214176.00,7.7,2147.34,Current,Single Family,87,752,FL,14884
LN_STRESS_10133,Borrower_133,2021-02-15,2051-02-15,223275.00,214344.00,7.8,2176.93,Delinquent,Condo,88,753,NY,14921
LN_STRESS_10134,Borrower_134,2022-03-15,2052-03-15,223450.00,214512.00,7.9,2206.57,Current,Townhouse,89,754,IL,14958
LN_STRESS_10135,Borrower_135,2023-04-15,2053-04-15,223625.00,214680.00,3.5,978.36,Current,Multi Family,90,755,PA,14995
LN_STRESS_10136,Borrower_136,2020-05-15,2050-05-15,223800.00,214848.00,3.6,1007.10,Current,Single Family,91,756,OH,15032
LN_STRESS_10137,Borrower_137,2021-06-15,2051-06-15,223975.00,215016.00,3.7,1035.88,Current,Condo,92,757,GA,15069
LN_STRESS_10138,Borrower_138,2022-07-15,2052-07-15,224150.00,215184.00,3.8,1064.71,Delinquent,Townhouse,93,758,NC,15106
LN_STRESS_10139,Borrower_139,2023-08-15,2053-08-15,224325.00,215352.00,3.9,1093.58,Current,Multi Family,94,759,MI,15143
LN_STRESS_10140,Borrower_140,2020-09-15,2050-09-15,224500.00,215520.00,4,1122.50,Current,Single Family,60,760,CA,15180
LN_STRESS_10141,Borrower_141,2021-10-15,2051-10-15,224675.00,215688.00,4.1,1151.46,Current,Condo,61,761,TX,15217
LN_STRESS_10142,Borrower_142,2022-11-15,2052-11-15,224850.00,215856.00,4.2,1180.46,Current,Townhouse,62,762,FL,15254
LN_STRESS_10143,Borrower_143,2023-12-15,2053-12-15,225025.00,216024.00,4.3,1209.51,Delinquent,Multi Family,63,763,NY,15291
LN_STRESS_10144,Borrower_144,2020-01-15,2050-01-15,225200.00,216192.00,4.4,1238.60,Current,Single Family,64,764,IL,15328
LN_STRESS_10145,Borrower_145,2021-02-15,2051-02-15,225375.00,216360.00,4.5,1267.73,Current,Condo,65,765,PA,15365
LN_STRESS_10146,Borrower_146,2022-03-15,2052-03-15,225550.00,216528.00,4.6,1296.91,Current,Townhouse,66,766,OH,15402
LN_STRESS_10147,Borrower_147,2023-04-15,2053-04-15,225725.00,216696.00,4.7,1326.13,Current,Multi Family,67,767,GA,15439
LN_STRESS_10148,Borrower_148,2020-05-15,2050-05-15,225900.00,216864.00,4.8,1355.40,Delinquent,Single Family,68,768,NC,15476
LN_STRESS_10149,Borrower_149,2021-06-15,2051-06-15,226075.00,217032.00,4.9,1384.71,Current,Condo,69,769,MI,15513
LN_STRESS_10150,Borrower_150,2022-07-15,2052-07-15,226250.00,217200.00,5,1414.06,Current,Townhouse,70,770,CA,15550
LN_STRESS_10151,Borrower_151,2023-08-15,2053-08-15,226425.00,217368.00,5.1,1443.46,Current,Multi Family,71,771,TX,15587
LN_STRESS_10152,Borrower_152,2020-09-15,2050-09-15,226600.00,217536.00,5.2,1472.90,Current,Single Family,72,772,FL,15624
LN_STRESS_10153,Borrower_153,2021-10-15,2051-10-15,226775.00,217704.00,5.3,1502.38,Delinquent,Condo,73,773,NY,15661
LN_STRESS_10154,Borrower_154,2022-11-15,2052-11-15,226950.00,217872.00,5.4,1531.91,Current,Townhouse,74,774,IL,15698
LN_STRESS_10155,Borrower_155,2023-12-15,2053-12-15,227125.00,218040.00,5.5,1561.48,Current,Multi Family,75,775,PA,15735
LN_STRESS_10156,Borrower_156,2020-01-15,2050-01-15,227300.00,218208.00,5.6,1591.10,Current,Single Family,76,776,OH,15772
LN_STRESS_10157,Borrower_157,2021-02-15,2051-02-15,227475.00,218376.00,5.7,1620.76,Current,Condo,77,777,GA,15809
LN_STRESS_10158,Borrower_158,2022-03-15,2052-03-15,227650.00,218544.00,5.8,1650.46,Delinquent,Townhouse,78,778,NC,15846
LN_STRESS_10159,Borrower_159,2023-04-15,2053-04-15,227825.00,218712.00,5.9,1680.21,Current,Multi Family,79,779,MI,15883
LN_STRESS_10160,Borrower_160,2020-05-15,2050-05-15,228000.00,218880.00,6,1710.00,Current,Single Family,80,780,CA,15920
LN_STRESS_10161,Borrower_161,2021-06-15,2051-06-15,228175.00,219048.00,6.1,1739.83,Current,Condo,81,781,TX,15957
LN_STRESS_10162,Borrower_162,2022-07-15,2052-07-15,228350.00,219216.00,6.2,1769.71,Current,Townhouse,82,782,FL,15994
LN_STRESS_10163,Borrower_163,2023-08-15,2053-08-15,228525.00,219384.00,6.3,1799.63,Delinquent,Multi Family,83,783,NY,16031
LN_STRESS_10164,Borrower_164,2020-09-15,2050-09-15,228700.00,219552.00,6.4,1829.60,Current,Single Family,84,784,IL,16068
LN_STRESS_10165,Borrower_165,2021-10-15,2051-10-15,228875.00,219720.00,6.5,1859.61,Current,Condo,85,785,PA,16105
LN_STRESS_10166,Borrower_166,2022-11-15,2052-11-15,229050.00,219888.00,6.6,1889.66,Current,Townhouse,86,786,OH,16142
LN_STRESS_10167,Borrower_167,2023-12-15,2053-12-15,229225.00,220056.00,6.7,1919.76,Current,Multi Family,87,787,GA,16179
LN_STRESS_10168,Borrower_168,2020-01-15,2050-01-15,229400.00,220224.00,6.8,1949.90,Delinquent,Single Family,88,788,NC,16216
LN_STRESS_10169,Borrower_169,2021-02-15,2051-02-15,229575.00,220392.00,6.9,1980.08,Current,Condo,89,789,MI,16253
LN_STRESS_10170,Borrower_170,2022-03-15,2052-03-15,229750.00,220560.00,7,2010.31,Current,Townhouse,90,790,CA,16290
LN_STRESS_10171,Borrower_171,2023-04-15,2053-04-15,229925.00,220728.00,7.1,2040.58,Current,Multi Family,91,791,TX,16327
LN_STRESS_10172,Borrower_172,2020-05-15,2050-05-15,230100.00,220896.00,7.2,2070.90,Current,Single Family,92,792,FL,16364
LN_STRESS_10173,Borrower_173,2021-06-15,2051-06-15,230275.00,221064.00,7.3,2101.26,Delinquent,Condo,93,793,NY,16401
LN_STRESS_10174,Borrower_174,2022-07-15,2052-07-15,230450.00,221232.00,7.4,2131.66,Current,Townhouse,94,794,IL,16438
LN_STRESS_10175,Borrower_175,2023-08-15,2053-08-15,230625.00,221400.00,7.5,2162.11,Current,Multi Family,60,795,PA,16475
LN_STRESS_10176,Borrower_176,2020-09-15,2050-09-15,230800.00,221568.00,7.6,2192.60,Current,Single Family,61,796,OH,16512
LN_STRESS_10177,Borrower_177,2021-10-15,2051-10-15,230975.00,221736.00,7.7,2223.13,Current,Condo,62,797,GA,16549
LN_STRESS_10178,Borrower_178,2022-11-15,2052-11-15,231150.00,221904.00,7.8,2253.71,Delinquent,Townhouse,63,798,NC,16586
LN_STRESS_10179,Borrower_179,2023-12-15,2053-12-15,231325.00,222072.00,7.9,2284.33,Current,Multi Family,64,799,MI,16623
LN_STRESS_10180,Borrower_180,2020-01-15,2050-01-15,231500.00,222240.00,3.5,1012.81,Current,Single Family,65,620,CA,16660
LN_STRESS_10181,Borrower_181,2021-02-15,2051-02-15,231675.00,222408.00,3.6,1042.54,Current,Condo,66,621,TX,16697
LN_STRESS_10182,Borrower_182,2022-03-15,2052-03-15,231850.00,222576.00,3.7,1072.31,Current,Townhouse,67,622,FL,16734
LN_STRESS_10183,Borrower_183,2023-04-15,2053-04-15,232025.00,222744.00,3.8,1102.12,Delinquent,Multi Family,68,623,NY,16771
LN_STRESS_10184,Borrower_184,2020-05-15,2050-05-15,232200.00,222912.00,3.9,1131.97,Current,Single Family,69,624,IL,16808
LN_STRESS_10185,Borrower_185,2021-06-15,2051-06-15,232375.00,223080.00,4,1161.88,Current,Condo,70,625,PA,16845
LN_STRESS_10186,Borrower_186,2022-07-15,2052-07-15,232550.00,223248.00,4.1,1191.82,Current,Townhouse,71,626,OH,16882
LN_STRESS_10187,Borrower_187,2023-08-15,2053-08-15,232725.00,223416.00,4.2,1221.81,Current,Multi Family,72,627,GA,16919
LN_STRESS_10188,Borrower_188,2020-09-15,2050-09-15,232900.00,223584.00,4.3,1251.84,Delinquent,Single Family,73,628,NC,16956
LN_STRESS_10189,Borrower_189,2021-10-15,2051-10-15,233075.00,223752.00,4.4,1281.91,Current,Condo,74,629,MI,16993
LN_STRESS_10190,Borrower_190,2022-11-15,2052-11-15,233250.00,223920.00,4.5,1312.03,Current,Townhouse,75,630,CA,17030
LN_STRESS_10191,Borrower_191,2023-12-15,2053-12-15,233425.00,224088.00,4.6,1342.19,Current,Multi Family,76,631,TX,17067
LN_STRESS_10192,Borrower_192,2020-01-15,2050-01-15,233600.00,224256.00,4.7,1372.40,Current,Single Family,77,632,FL,17104
LN_STRESS_10193,Borrower_193,2021-02-15,2051-02-15,233775.00,224424.00,4.8,1402.65,Delinquent,Condo,78,633,NY,17141
LN_STRESS_10194,Borrower_194,2022-03-15,2052-03-15,233950.00,224592.00,4.9,1432.94,Current,Townhouse,79,634,IL,17178
LN_STRESS_10195,Borrower_195,2023-04-15,2053-04-15,234125.00,224760.00,5,1463.28,Current,Multi Family,80,635,PA,17215
LN_STRESS_10196,Borrower_196,2020-05-15,2050-05-15,234300.00,224928.00,5.1,1493.66,Current,Single Family,81,636,OH,17252
LN_STRESS_10197,Borrower_197,2021-06-15,2051-06-15,234475.00,225096.00,5.2,1524.09,Current,Condo,82,637,GA,17289
LN_STRESS_10198,Borrower_198,2022-07-15,2052-07-15,234650.00,225264.00,5.3,1554.56,Delinquent,Townhouse,83,638,NC,17326
LN_STRESS_10199,Borrower_199,2023-08-15,2053-08-15,234825.00,225432.00,5.4,1585.07,Current,Multi Family,84,639,MI,17363
LN_STRESS_10200,Borrower_200,2020-09-15,2050-09-15,235000.00,225600.00,5.5,1615.63,Current,Single Family,85,640,CA,17400
LN_STRESS_10201,Borrower_201,2021-10-15,2051-10-15,235175.00,225768.00,5.6,1646.22,Current,Condo,86,641,TX,17437
LN_STRESS_10202,Borrower_202,2022-11-15,2052-11-15,235350.00,225936.00,5.7,1676.87,Current,Townhouse,87,642,FL,17474
LN_STRESS_10203,Borrower_203,2023-12-15,2053-12-15,235525.00,226104.00,5.8,1707.56,Delinquent,Multi Family,88,643,NY,17511
LN_STRESS_10204,Borrower_204,2020-01-15,2050-01-15,235700.00,226272.00,5.9,1738.29,Current,Single Family,89,644,IL,17548
LN_STRESS_10205,Borrower_205,2021-02-15,2051-02-15,235875.00,226440.00,6,1769.06,Current,Condo,90,645,PA,17585
LN_STRESS_10206,Borrower_206,2022-03-15,2052-03-15,236050.00,226608.00,6.1,1799.88,Current,Townhouse,91,646,OH,17622
LN_STRESS_10207,Borrower_207,2023-04-15,2053-04-15,236225.00,226776.00,6.2,1830.74,Current,Multi Family,92,647,GA,17659
LN_STRESS_10208,Borrower_208,2020-05-15,2050-05-15,236400.00,226944.00,6.3,1861.65,Delinquent,Single Family,93,648,NC,17696
LN_STRESS_10209,Borrower_209,2021-06-15,2051-06-15,236575.00,227112.00,6.4,1892.60,Current,Condo,94,649,MI,17733
LN_STRESS_10210,Borrower_210,2022-07-15,2052-07-15,236750.00,227280.00,6.5,1923.59,Current,Townhouse,60,650,CA,17770
LN_STRESS_10211,Borrower_211,2023-08-15,2053-08-15,236925.00,227448.00,6.6,1954.63,Current,Multi Family,61,651,TX,17807
LN_STRESS_10212,Borrower_212,2020-09-15,2050-09-15,237100.00,227616.00,6.7,1985.71,Current,Single Family,62,652,FL,17844
LN_STRESS_10213,Borrower_213,2021-10-15,2051-10-15,237275.00,227784.00,6.8,2016.84,Delinquent,Condo,63,653,NY,17881
LN_STRESS_10214,Borrower_214,2022-11-15,2052-11-15,237450.00,227952.00,6.9,2048.01,Current,Townhouse,64,654,IL,17918
LN_STRESS_10215,Borrower_215,2023-12-15,2053-12-15,237625.00,228120.00,7,2079.22,Current,Multi Family,65,655,PA,17955
LN_STRESS_10216,Borrower_216,2020-01-15,2050-01-15,237800.00,228288.00,7.1,2110.48,Current,Single Family,66,656,OH,17992
LN_STRESS_10217,Borrower_217,2021-02-15,2051-02-15,237975.00,228456.00,7.2,2141.78,Current,Condo,67,657,GA,18029
LN_STRESS_10218,Borrower_218,2022-03-15,2052-03-15,238150.00,228624.00,7.3,2173.12,Delinquent,Townhouse,68,658,NC,18066
LN_STRESS_10219,Borrower_219,2023-04-15,2053-04-15,238325.00,228792.00,7.4,2204.51,Current,Multi Family,69,659,MI,18103
LN_STRESS_10220,Borrower_220,2020-05-15,2050-05-15,238500.00,228960.00,7.5,2235.94,Current,Single Family,70,660,CA,18140
LN_STRESS_10221,Borrower_221,2021-06-15,2051-06-15,238675.00,229128.00,7.6,2267.41,Current,Condo,71,661,TX,18177
LN_STRESS_10222,Borrower_222,2022-07-15,2052-07-15,238850.00,229296.00,7.7,2298.93,Current,Townhouse,72,662,FL,18214
LN_STRESS_10223,Borrower_223,2023-08-15,2053-08-15,239025.00,229464.00,7.8,2330.49,Delinquent,Multi Family,73,663,NY,18251
LN_STRESS_10224,Borrower_224,2020-09-15,2050-09-15,239200.00,229632.00,7.9,2362.10,Current,Single Family,74,664,IL,18288
LN_STRESS_10225,Borrower_225,2021-10-15,2051-10-15,239375.00,229800.00,3.5,1047.27,Current,Condo,75,665,PA,18325
LN_STRESS_10226,Borrower_226,2022-11-15,2052-11-15,239550.00,229968.00,3.6,1077.97,Current,Townhouse,76,666,OH,18362
LN_STRESS_10227,Borrower_227,2023-12-15,2053-12-15,239725.00,230136.00,3.7,1108.73,Current,Multi Family,77,667,GA,18399
LN_STRESS_10228,Borrower_228,2020-01-15,2050-01-15,239900.00,230304.00,3.8,1139.52,Delinquent,Single Family,78,668,NC,18436
LN_STRESS_10229,Borrower_229,2021-02-15,2051-02-15,240075.00,230472.00,3.9,1170.37,Current,Condo,79,669,MI,18473
LN_STRESS_10230,Borrower_230,2022-03-15,2052-03-15,240250.00,230640.00,4,1201.25,Current,Townhouse,80,670,CA,18510
LN_STRESS_10231,Borrower_231,2023-04-15,2053-04-15,240425.00,230808.00,4.1,1232.18,Current,Multi Family,81,671,TX,18547
LN_STRESS_10232,Borrower_232,2020-05-15,2050-05-15,240600.00,230976.00,4.2,1263.15,Current,Single Family,82,672,FL,18584
LN_STRESS_10233,Borrower_233,2021-06-15,2051-06-15,240775.00,231144.00,4.3,1294.17,Delinquent,Condo,83,673,NY,18621
LN_STRESS_10234,Borrower_234,2022-07-15,2052-07-15,240950.00,231312.00,4.4,1325.23,Current,Townhouse,84,674,IL,18658
LN_STRESS_10235,Borrower_235,2023-08-15,2053-08-15,241125.00,231480.00,4.5,1356.33,Current,Multi Family,85,675,PA,18695
LN_STRESS_10236,Borrower_236,2020-09-15,2050-09-15,241300.00,231648.00,4.6,1387.48,Current,Single Family,86,676,OH,18732
LN_STRESS_10237,Borrower_237,2021-10-15,2051-10-15,241475.00,231816.00,4.7,1418.67,Current,Condo,87,677,GA,18769
LN_STRESS_10238,Borrower_238,2022-11-15,2052-11-15,241650.00,231984.00,4.8,1449.90,Delinquent,Townhouse,88,678,NC,18806
LN_STRESS_10239,Borrower_239,2023-12-15,2053-12-15,241825.00,232152.00,4.9,1481.18,Current,Multi Family,89,679,MI,18843
LN_STRESS_10240,Borrower_240,2020-01-15,2050-01-15,242000.00,232320.00,5,1512.50,Current,Single Family,90,680,CA,18880
LN_STRESS_10241,Borrower_241,2021-02-15,2051-02-15,242175.00,232488.00,5.1,1543.87,Current,Condo,91,681,TX,18917
LN_STRESS_10242,Borrower_242,2022-03-15,2052-03-15,242350.00,232656.00,5.2,1575.28,Current,Townhouse,92,682,FL,18954
LN_STRESS_10243,Borrower_243,2023-04-15,2053-04-15,242525.00,232824.00,5.3,1606.73,Delinquent,Multi Family,93,683,NY,18991
LN_STRESS_10244,Borrower_244,2020-05-15,2050-05-15,242700.00,232992.00,5.4,1638.23,Current,Single Family,94,684,IL,19028
LN_STRESS_10245,Borrower_245,2021-06-15,2051-06-15,242875.00,233160.00,5.5,1669.77,Current,Condo,60,685,PA,19065
LN_STRESS_10246,Borrower_246,2022-07-15,2052-07-15,243050.00,233328.00,5.6,1701.35,Current,Townhouse,61,686,OH,19102
LN_STRESS_10247,Borrower_247,2023-08-15,2053-08-15,243225.00,233496.00,5.7,1732.98,Current,Multi Family,62,687,GA,19139
LN_STRESS_10248,Borrower_248,2020-09-15,2050-09-15,243400.00,233664.00,5.8,1764.65,Delinquent,Single Family,63,688,NC,19176
LN_STRESS_10249,Borrower_249,2021-10-15,2051-10-15,243575.00,233832.00,5.9,1796.37,Current,Condo,64,689,MI,19213
LN_STRESS_10250,Borrower_250,2022-11-15,2052-11-15,243750.00,234000.00,6,1828.13,Current,Townhouse,65,690,CA,19250
LN_STRESS_10251,Borrower_251,2023-12-15,2053-12-15,243925.00,234168.00,6.1,1859.93,Current,Multi Family,66,691,TX,19287
LN_STRESS_10252,Borrower_252,2020-01-15,2050-01-15,244100.00,234336.00,6.2,1891.78,Current,Single Family,67,692,FL,19324
LN_STRESS_10253,Borrower_253,2021-02-15,2051-02-15,244275.00,234504.00,6.3,1923.67,Delinquent,Condo,68,693,NY,19361
LN_STRESS_10254,Borrower_254,2022-03-15,2052-03-15,244450.00,234672.00,6.4,1955.60,Current,Townhouse,69,694,IL,19398
LN_STRESS_10255,Borrower_255,2023-04-15,2053-04-15,244625.00,234840.00,6.5,1987.58,Current,Multi Family,70,695,PA,19435
LN_STRESS_10256,Borrower_256,2020-05-15,2050-05-15,244800.00,235008.00,6.6,2019.60,Current,Single Family,71,696,OH,19472
LN_STRESS_10257,Borrower_257,2021-06-15,2051-06-15,244975.00,235176.00,6.7,2051.67,Current,Condo,72,697,GA,19509
LN_STRESS_10258,Borrower_258,2022-07-15,2052-07-15,245150.00,235344.00,6.8,2083.77,Delinquent,Townhouse,73,698,NC,19546
LN_STRESS_10259,Borrower_259,2023-08-15,2053-08-15,245325.00,235512.00,6.9,2115.93,Current,Multi Family,74,699,MI,19583
LN_STRESS_10260,Borrower_260,2020-09-15,2050-09-15,245500.00,235680.00,7,2148.13,Current,Single Family,75,700,CA,19620
LN_STRESS_10261,Borrower_261,2021-10-15,2051-10-15,245675.00,235848.00,7.1,2180.37,Current,Condo,76,701,TX,19657
LN_STRESS_10262,Borrower_262,2022-11-15,2052-11-15,245850.00,236016.00,7.2,2212.65,Current,Townhouse,77,702,FL,19694
LN_STRESS_10263,Borrower_263,2023-12-15,2053-12-15,246025.00,236184.00,7.3,2244.98,Delinquent,Multi Family,78,703,NY,19731
LN_STRESS_10264,Borrower_264,2020-01-15,2050-01-15,246200.00,236352.00,7.4,2277.35,Current,Single Family,79,704,IL,19768
LN_STRESS_10265,Borrower_265,2021-02-15,2051-02-15,246375.00,236520.00,7.5,2309.77,Current,Condo,80,705,PA,19805
LN_STRESS_10266,Borrower_266,2022-03-15,2052-03-15,246550.00,236688.00,7.6,2342.23,Current,Townhouse,81,706,OH,19842
LN_STRESS_10267,Borrower_267,2023-04-15,2053-04-15,246725.00,236856.00,7.7,2374.73,Current,Multi Family,82,707,GA,19879
LN_STRESS_10268,Borrower_268,2020-05-15,2050-05-15,246900.00,237024.00,7.8,2407.27,Delinquent,Single Family,83,708,NC,19916
LN_STRESS_10269,Borrower_269,2021-06-15,2051-06-15,247075.00,237192.00,7.9,2439.87,Current,Condo,84,709,MI,19953
LN_STRESS_10270,Borrower_270,2022-07-15,2052-07-15,247250.00,237360.00,3.5,1081.72,Current,Townhouse,85,710,CA,19990
LN_STRESS_10271,Borrower_271,2023-08-15,2053-08-15,247425.00,237528.00,3.6,1113.41,Current,Multi Family,86,711,TX,20027
LN_STRESS_10272,Borrower_272,2020-09-15,2050-09-15,247600.00,237696.00,3.7,1145.15,Current,Single Family,87,712,FL,20064
LN_STRESS_10273,Borrower_273,2021-10-15,2051-10-15,247775.00,237864.00,3.8,1176.93,Delinquent,Condo,88,713,NY,20101
LN_STRESS_10274,Borrower_274,2022-11-15,2052-11-15,247950.00,238032.00,3.9,1208.76,Current,Townhouse,89,714,IL,20138
LN_STRESS_10275,Borrower_275,2023-12-15,2053-12-15,248125.00,238200.00,4,1240.63,Current,Multi Family,90,715,PA,20175
LN_STRESS_10276,Borrower_276,2020-01-15,2050-01-15,248300.00,238368.00,4.1,1272.54,Current,Single Family,91,716,OH,20212
LN_STRESS_10277,Borrower_277,2021-02-15,2051-02-15,248475.00,238536.00,4.2,1304.49,Current,Condo,92,717,GA,20249
LN_STRESS_10278,Borrower_278,2022-03-15,2052-03-15,248650.00,238704.00,4.3,1336.49,Delinquent,Townhouse,93,718,NC,20286
LN_STRESS_10279,Borrower_279,2023-04-15,2053-04-15,248825.00,238872.00,4.4,1368.54,Current,Multi Family,94,719,MI,20323
LN_STRESS_10280,Borrower_280,2020-05-15,2050-05-15,249000.00,239040.00,4.5,1400.63,Current,Single Family,60,720,CA,20360
LN_STRESS_10281,Borrower_281,2021-06-15,2051-06-15,249175.00,239208.00,4.6,1432.76,Current,Condo,61,721,TX,20397
LN_STRESS_10282,Borrower_282,2022-07-15,2052-07-15,249350.00,239376.00,4.7,1464.93,Current,Townhouse,62,722,FL,20434
LN_STRESS_10283,Borrower_283,2023-08-15,2053-08-15,249525.00,239544.00,4.8,1497.15,Delinquent,Multi Family,63,723,NY,20471
LN_STRESS_10284,Borrower_284,2020-09-15,2050-09-15,249700.00,239712.00,4.9,1529.41,Current,Single Family,64,724,IL,20508
LN_STRESS_10285,Borrower_285,2021-10-15,2051-10-15,249875.00,239880.00,5,1561.72,Current,Condo,65,725,PA,20545
LN_STRESS_10286,Borrower_286,2022-11-15,2052-11-15,250050.00,240048.00,5.1,1594.07,Current,Townhouse,66,726,OH,20582
LN_STRESS_10287,Borrower_287,2023-12-15,2053-12-15,250225.00,240216.00,5.2,1626.46,Current,Multi Family,67,727,GA,20619
LN_STRESS_10288,Borrower_288,2020-01-15,2050-01-15,250400.00,240384.00,5.3,1658.90,Delinquent,Single Family,68,728,NC,20656
LN_STRESS_10289,Borrower_289,2021-02-15,2051-02-15,250575.00,240552.00,5.4,1691.38,Current,Condo,69,729,MI,20693
LN_STRESS_10290,Borrower_290,2022-03-15,2052-03-15,250750.00,240720.00,5.5,1723.91,Current,Townhouse,70,730,CA,20730
LN_STRESS_10291,Borrower_291,2023-04-15,2053-04-15,250925.00,240888.00,5.6,1756.47,Current,Multi Family,71,731,TX,20767
LN_STRESS_10292,Borrower_292,2020-05-15,2050-05-15,251100.00,241056.00,5.7,1789.09,Current,Single Family,72,732,FL,20804
LN_STRESS_10293,Borrower_293,2021-06-15,2051-06-15,251275.00,241224.00,5.8,1821.74,Delinquent,Condo,73,733,NY,20841
LN_STRESS_10294,Borrower_294,2022-07-15,2052-07-15,251450.00,241392.00,5.9,1854.44,Current,Townhouse,74,734,IL,20878
LN_STRESS_10295,Borrower_295,2023-08-15,2053-08-15,251625.00,241560.00,6,1887.19,Current,Multi Family,75,735,PA,20915
LN_STRESS_10296,Borrower_296,2020-09-15,2050-09-15,251800.00,241728.00,6.1,1919.97,Current,Single Family,76,736,OH,20952
LN_STRESS_10297,Borrower_297,2021-10-15,2051-10-15,251975.00,241896.00,6.2,1952.81,Current,Condo,77,737,GA,20989
LN_STRESS_10298,Borrower_298,2022-11-15,2052-11-15,252150.00,242064.00,6.3,1985.68,Delinquent,Townhouse,78,738,NC,21026
LN_STRESS_10299,Borrower_299,2023-12-15,2053-12-15,252325.00,242232.00,6.4,2018.60,Current,Multi Family,79,739,MI,21063
LN_STRESS_10300,Borrower_300,2020-01-15,2050-01-15,252500.00,242400.00,6.5,2051.56,Current,Single Family,80,740,CA,21100
LN_STRESS_10301,Borrower_301,2021-02-15,2051-02-15,252675.00,242568.00,6.6,2084.57,Current,Condo,81,741,TX,21137
LN_STRESS_10302,Borrower_302,2022-03-15,2052-03-15,252850.00,242736.00,6.7,2117.62,Current,Townhouse,82,742,FL,21174
LN_STRESS_10303,Borrower_303,2023-04-15,2053-04-15,253025.00,242904.00,6.8,2150.71,Delinquent,Multi Family,83,743,NY,21211
LN_STRESS_10304,Borrower_304,2020-05-15,2050-05-15,253200.00,243072.00,6.9,2183.85,Current,Single Family,84,744,IL,21248
LN_STRESS_10305,Borrower_305,2021-06-15,2051-06-15,253375.00,243240.00,7,2217.03,Current,Condo,85,745,PA,21285
LN_STRESS_10306,Borrower_306,2022-07-15,2052-07-15,253550.00,243408.00,7.1,2250.26,Current,Townhouse,86,746,OH,21322
LN_STRESS_10307,Borrower_307,2023-08-15,2053-08-15,253725.00,243576.00,7.2,2283.53,Current,Multi Family,87,747,GA,21359
LN_STRESS_10308,Borrower_308,2020-09-15,2050-09-15,253900.00,243744.00,7.3,2316.84,Delinquent,Single Family,88,748,NC,21396
LN_STRESS_10309,Borrower_309,2021-10-15,2051-10-15,254075.00,243912.00,7.4,2350.19,Current,Condo,89,749,MI,21433
LN_STRESS_10310,Borrower_310,2022-11-15,2052-11-15,254250.00,244080.00,7.5,2383.59,Current,Townhouse,90,750,CA,21470
LN_STRESS_10311,Borrower_311,2023-12-15,2053-12-15,254425.00,244248.00,7.6,2417.04,Current,Multi Family,91,751,TX,21507
LN_STRESS_10312,Borrower_312,2020-01-15,2050-01-15,254600.00,244416.00,7.7,2450.53,Current,Single Family,92,752,FL,21544
LN_STRESS_10313,Borrower_313,2021-02-15,2051-02-15,254775.00,244584.00,7.8,2484.06,Delinquent,Condo,93,753,NY,21581
LN_STRESS_10314,Borrower_314,2022-03-15,2052-03-15,254950.00,244752.00,7.9,2517.63,Current,Townhouse,94,754,IL,21618
LN_STRESS_10315,Borrower_315,2023-04-15,2053-04-15,255125.00,244920.00,3.5,1116.17,Current,Multi Family,60,755,PA,21655
LN_STRESS_10316,Borrower_316,2020-05-15,2050-05-15,255300.00,245088.00,3.6,1148.85,Current,Single Family,61,756,OH,21692
LN_STRESS_10317,Borrower_317,2021-06-15,2051-06-15,255475.00,245256.00,3.7,1181.57,Current,Condo,62,757,GA,21729
LN_STRESS_10318,Borrower_318,2022-07-15,2052-07-15,255650.00,245424.00,3.8,1214.34,Delinquent,Townhouse,63,758,NC,21766
LN_STRESS_10319,Borrower_319,2023-08-15,2053-08-15,255825.00,245592.00,3.9,1247.15,Current,Multi Family,64,759,MI,21803
LN_STRESS_10320,Borrower_320,2020-09-15,2050-09-15,256000.00,245760.00,4,1280.00,Current,Single Family,65,760,CA,21840
LN_STRESS_10321,Borrower_321,2021-10-15,2051-10-15,256175.00,245928.00,4.1,1312.90,Current,Condo,66,761,TX,21877
LN_STRESS_10322,Borrower_322,2022-11-15,2052-11-15,256350.00,246096.00,4.2,1345.84,Current,Townhouse,67,762,FL,21914
LN_STRESS_10323,Borrower_323,2023-12-15,2053-12-15,256525.00,246264.00,4.3,1378.82,Delinquent,Multi Family,68,763,NY,21951
LN_STRESS_10324,Borrower_324,2020-01-15,2050-01-15,256700.00,246432.00,4.4,1411.85,Current,Single Family,69,764,IL,21988
LN_STRESS_10325,Borrower_325,2021-02-15,2051-02-15,256875.00,246600.00,4.5,1444.92,Current,Condo,70,765,PA,22025
LN_STRESS_10326,Borrower_326,2022-03-15,2052-03-15,257050.00,246768.00,4.6,1478.04,Current,Townhouse,71,766,OH,22062
LN_STRESS_10327,Borrower_327,2023-04-15,2053-04-15,257225.00,246936.00,4.7,1511.20,Current,Multi Family,72,767,GA,22099
LN_STRESS_10328,Borrower_328,2020-05-15,2050-05-15,257400.00,247104.00,4.8,1544.40,Delinquent,Single Family,73,768,NC,22136
LN_STRESS_10329,Borrower_329,2021-06-15,2051-06-15,257575.00,247272.00,4.9,1577.65,Current,Condo,74,769,MI,22173
LN_STRESS_10330,Borrower_330,2022-07-15,2052-07-15,257750.00,247440.00,5,1610.94,Current,Townhouse,75,770,CA,22210
LN_STRESS_10331,Borrower_331,2023-08-15,2053-08-15,257925.00,247608.00,5.1,1644.27,Current,Multi Family,76,771,TX,22247
LN_STRESS_10332,Borrower_332,2020-09-15,2050-09-15,258100.00,247776.00,5.2,1677.65,Current,Single Family,77,772,FL,22284
LN_STRESS_10333,Borrower_333,2021-10-15,2051-10-15,258275.00,247944.00,5.3,1711.07,Delinquent,Condo,78,773,NY,22321
LN_STRESS_10334,Borrower_334,2022-11-15,2052-11-15,258450.00,248112.00,5.4,1744.54,Current,Townhouse,79,774,IL,22358
LN_STRESS_10335,Borrower_335,2023-12-15,2053-12-15,258625.00,248280.00,5.5,1778.05,Current,Multi Family,80,775,PA,22395
LN_STRESS_10336,Borrower_336,2020-01-15,2050-01-15,258800.00,248448.00,5.6,1811.60,Current,Single Family,81,776,OH,22432
LN_STRESS_10337,Borrower_337,2021-02-15,2051-02-15,258975.00,248616.00,5.7,1845.20,Current,Condo,82,777,GA,22469
LN_STRESS_10338,Borrower_338,2022-03-15,2052-03-15,259150.00,248784.00,5.8,1878.84,Delinquent,Townhouse,83,778,NC,22506
LN_STRESS_10339,Borrower_339,2023-04-15,2053-04-15,259325.00,248952.00,5.9,1912.52,Current,Multi Family,84,779,MI,22543
LN_STRESS_10340,Borrower_340,2020-05-15,2050-05-15,259500.00,249120.00,6,1946.25,Current,Single Family,85,780,CA,22580
LN_STRESS_10341,Borrower_341,2021-06-15,2051-06-15,259675.00,249288.00,6.1,1980.02,Current,Condo,86,781,TX,22617
LN_STRESS_10342,Borrower_342,2022-07-15,2052-07-15,259850.00,249456.00,6.2,2013.84,Current,Townhouse,87,782,FL,22654
LN_STRESS_10343,Borrower_343,2023-08-15,2053-08-15,260025.00,249624.00,6.3,2047.70,Delinquent,Multi Family,88,783,NY,22691
LN_STRESS_10344,Borrower_344,2020-09-15,2050-09-15,260200.00,249792.00,6.4,2081.60,Current,Single Family,89,784,IL,22728
LN_STRESS_10345,Borrower_345,2021-10-15,2051-10-15,260375.00,249960.00,6.5,2115.55,Current,Condo,90,785,PA,22765
LN_STRESS_10346,Borrower_346,2022-11-15,2052-11-15,260550.00,250128.00,6.6,2149.54,Current,Townhouse,91,786,OH,22802
LN_STRESS_10347,Borrower_347,2023-12-15,2053-12-15,260725.00,250296.00,6.7,2183.57,Current,Multi Family,92,787,GA,22839
LN_STRESS_10348,Borrower_348,2020-01-15,2050-01-15,260900.00,250464.00,6.8,2217.65,Delinquent,Single Family,93,788,NC,22876
LN_STRESS_10349,Borrower_349,2021-02-15,2051-02-15,261075.00,250632.00,6.9,2251.77,Current,Condo,94,789,MI,22913
LN_STRESS_10350,Borrower_350,2022-03-15,2052-03-15,261250.00,250800.00,7,2285.94,Current,Townhouse,60,790,CA,22950
LN_STRESS_10351,Borrower_351,2023-04-15,2053-04-15,261425.00,250968.00,7.1,2320.15,Current,Multi Family,61,791,TX,22987
LN_STRESS_10352,Borrower_352,2020-05-15,2050-05-15,261600.00,251136.00,7.2,2354.40,Current,Single Family,62,792,FL,23024
LN_STRESS_10353,Borrower_353,2021-06-15,2051-06-15,261775.00,251304.00,7.3,2388.70,Delinquent,Condo,63,793,NY,23061
LN_STRESS_10354,Borrower_354,2022-07-15,2052-07-15,261950.00,251472.00,7.4,2423.04,Current,Townhouse,64,794,IL,23098
LN_STRESS_10355,Borrower_355,2023-08-15,2053-08-15,262125.00,251640.00,7.5,2457.42,Current,Multi Family,65,795,PA,23135
LN_STRESS_10356,Borrower_356,2020-09-15,2050-09-15,262300.00,251808.00,7.6,2491.85,Current,Single Family,66,796,OH,23172
LN_STRESS_10357,Borrower_357,2021-10-15,2051-10-15,262475.00,251976.00,7.7,2526.32,Current,Condo,67,797,GA,23209
LN_STRESS_10358,Borrower_358,2022-11-15,2052-11-15,262650.00,252144.00,7.8,2560.84,Delinquent,Townhouse,68,798,NC,23246
LN_STRESS_10359,Borrower_359,2023-12-15,2053-12-15,262825.00,252312.00,7.9,2595.40,Current,Multi Family,69,799,MI,23283
LN_STRESS_10360,Borrower_360,2020-01-15,2050-01-15,263000.00,252480.00,3.5,1150.63,Current,Single Family,70,620,CA,23320
LN_STRESS_10361,Borrower_361,2021-02-15,2051-02-15,263175.00,252648.00,3.6,1184.29,Current,Condo,71,621,TX,23357
LN_STRESS_10362,Borrower_362,2022-03-15,2052-03-15,263350.00,252816.00,3.7,1217.99,Current,Townhouse,72,622,FL,23394
LN_STRESS_10363,Borrower_363,2023-04-15,2053-04-15,263525.00,252984.00,3.8,1251.74,Delinquent,Multi Family,73,623,NY,23431
LN_STRESS_10364,Borrower_364,2020-05-15,2050-05-15,263700.00,253152.00,3.9,1285.54,Current,Single Family,74,624,IL,23468
LN_STRESS_10365,Borrower_365,2021-06-15,2051-06-15,263875.00,253320.00,4,1319.38,Current,Condo,75,625,PA,23505
LN_STRESS_10366,Borrower_366,2022-07-15,2052-07-15,264050.00,253488.00,4.1,1353.26,Current,Townhouse,76,626,OH,23542
LN_STRESS_10367,Borrower_367,2023-08-15,2053-08-15,264225.00,253656.00,4.2,1387.18,Current,Multi Family,77,627,GA,23579
LN_STRESS_10368,Borrower_368,2020-09-15,2050-09-15,264400.00,253824.00,4.3,1421.15,Delinquent,Single Family,78,628,NC,23616
LN_STRESS_10369,Borrower_369,2021-10-15,2051-10-15,264575.00,253992.00,4.4,1455.16,Current,Condo,79,629,MI,23653
LN_STRESS_10370,Borrower_370,2022-11-15,2052-11-15,264750.00,254160.00,4.5,1489.22,Current,Townhouse,80,630,CA,23690
LN_STRESS_10371,Borrower_371,2023-12-15,2053-12-15,264925.00,254328.00,4.6,1523.32,Current,Multi Family,81,631,TX,23727
LN_STRESS_10372,Borrower_372,2020-01-15,2050-01-15,265100.00,254496.00,4.7,1557.46,Current,Single Family,82,632,FL,23764
LN_STRESS_10373,Borrower_373,2021-02-15,2051-02-15,265275.00,254664.00,4.8,1591.65,Delinquent,Condo,83,633,NY,23801
LN_STRESS_10374,Borrower_374,2022-03-15,2052-03-15,265450.00,254832.00,4.9,1625.88,Current,Townhouse,84,634,IL,23838
LN_STRESS_10375,Borrower_375,2023-04-15,2053-04-15,265625.00,255000.00,5,1660.16,Current,Multi Family,85,635,PA,23875
LN_STRESS_10376,Borrower_376,2020-05-15,2050-05-15,265800.00,255168.00,5.1,1694.48,Current,Single Family,86,636,OH,23912
LN_STRESS_10377,Borrower_377,2021-06-15,2051-06-15,265975.00,255336.00,5.2,1728.84,Current,Condo,87,637,GA,23949
LN_STRESS_10378,Borrower_378,2022-07-15,2052-07-15,266150.00,255504.00,5.3,1763.24,Delinquent,Townhouse,88,638,NC,23986
LN_STRESS_10379,Borrower_379,2023-08-15,2053-08-15,266325.00,255672.00,5.4,1797.69,Current,Multi Family,89,639,MI,24023
LN_STRESS_10380,Borrower_380,2020-09-15,2050-09-15,266500.00,255840.00,5.5,1832.19,Current,Single Family,90,640,CA,24060
LN_STRESS_10381,Borrower_381,2021-10-15,2051-10-15,266675.00,256008.00,5.6,1866.72,Current,Condo,91,641,TX,24097
LN_STRESS_10382,Borrower_382,2022-11-15,2052-11-15,266850.00,256176.00,5.7,1901.31,Current,Townhouse,92,642,FL,24134
LN_STRESS_10383,Borrower_383,2023-12-15,2053-12-15,267025.00,256344.00,5.8,1935.93,Delinquent,Multi Family,93,643,NY,24171
LN_STRESS_10384,Borrower_384,2020-01-15,2050-01-15,267200.00,256512.00,5.9,1970.60,Current,Single Family,94,644,IL,24208
LN_STRESS_10385,Borrower_385,2021-02-15,2051-02-15,267375.00,256680.00,6,2005.31,Current,Condo,60,645,PA,24245
LN_STRESS_10386,Borrower_386,2022-03-15,2052-03-15,267550.00,256848.00,6.1,2040.07,Current,Townhouse,61,646,OH,24282
LN_STRESS_10387,Borrower_387,2023-04-15,2053-04-15,267725.00,257016.00,6.2,2074.87,Current,Multi Family,62,647,GA,24319
LN_STRESS_10388,Borrower_388,2020-05-15,2050-05-15,267900.00,257184.00,6.3,2109.71,Delinquent,Single Family,63,648,NC,24356
LN_STRESS_10389,Borrower_389,2021-06-15,2051-06-15,268075.00,257352.00,6.4,2144.60,Current,Condo,64,649,MI,24393
LN_STRESS_10390,Borrower_390,2022-07-15,2052-07-15,268250.00,257520.00,6.5,2179.53,Current,Townhouse,65,650,CA,24430
LN_STRESS_10391,Borrower_391,2023-08-15,2053-08-15,268425.00,257688.00,6.6,2214.51,Current,Multi Family,66,651,TX,24467
LN_STRESS_10392,Borrower_392,2020-09-15,2050-09-15,268600.00,257856.00,6.7,2249.53,Current,Single Family,67,652,FL,24504
LN_STRESS_10393,Borrower_393,2021-10-15,2051-10-15,268775.00,258024.00,6.8,2284.59,Delinquent,Condo,68,653,NY,24541
LN_STRESS_10394,Borrower_394,2022-11-15,2052-11-15,268950.00,258192.00,6.9,2319.69,Current,Townhouse,69,654,IL,24578
LN_STRESS_10395,Borrower_395,2023-12-15,2053-12-15,269125.00,258360.00,7,2354.84,Current,Multi Family,70,655,PA,24615
LN_STRESS_10396,Borrower_396,2020-01-15,2050-01-15,269300.00,258528.00,7.1,2390.04,Current,Single Family,71,656,OH,24652
LN_STRESS_10397,Borrower_397,2021-02-15,2051-02-15,269475.00,258696.00,7.2,2425.28,Current,Condo,72,657,GA,24689
LN_STRESS_10398,Borrower_398,2022-03-15,2052-03-15,269650.00,258864.00,7.3,2460.56,Delinquent,Townhouse,73,658,NC,24726
LN_STRESS_10399,Borrower_399,2023-04-15,2053-04-15,269825.00,259032.00,7.4,2495.88,Current,Multi Family,74,659,MI,24763
LN_STRESS_10400,Borrower_400,2020-05-15,2050-05-15,270000.00,259200.00,7.5,2531.25,Current,Single Family,75,660,CA,24800
LN_STRESS_10401,Borrower_401,2021-06-15,2051-06-15,270175.00,259368.00,7.6,2566.66,Current,Condo,76,661,TX,24837
LN_STRESS_10402,Borrower_402,2022-07-15,2052-07-15,270350.00,259536.00,7.7,2602.12,Current,Townhouse,77,662,FL,24874
LN_STRESS_10403,Borrower_403,2023-08-15,2053-08-15,270525.00,259704.00,7.8,2637.62,Delinquent,Multi Family,78,663,NY,24911
LN_STRESS_10404,Borrower_404,2020-09-15,2050-09-15,270700.00,259872.00,7.9,2673.16,Current,Single Family,79,664,IL,24948
LN_STRESS_10405,Borrower_405,2021-10-15,2051-10-15,270875.00,260040.00,3.5,1185.08,Current,Condo,80,665,PA,24985
LN_STRESS_10406,Borrower_406,2022-11-15,2052-11-15,271050.00,260208.00,3.6,1219.72,Current,Townhouse,81,666,OH,25022
LN_STRESS_10407,Borrower_407,2023-12-15,2053-12-15,271225.00,260376.00,3.7,1254.42,Current,Multi Family,82,667,GA,25059
LN_STRESS_10408,Borrower_408,2020-01-15,2050-01-15,271400.00,260544.00,3.8,1289.15,Delinquent,Single Family,83,668,NC,25096
LN_STRESS_10409,Borrower_409,2021-02-15,2051-02-15,271575.00,260712.00,3.9,1323.93,Current,Condo,84,669,MI,25133
LN_STRESS_10410,Borrower_410,2022-03-15,2052-03-15,271750.00,260880.00,4,1358.75,Current,Townhouse,85,670,CA,25170
LN_STRESS_10411,Borrower_411,2023-04-15,2053-04-15,271925.00,261048.00,4.1,1393.62,Current,Multi Family,86,671,TX,25207
LN_STRESS_10412,Borrower_412,2020-05-15,2050-05-15,272100.00,261216.00,4.2,1428.53,Current,Single Family,87,672,FL,25244
LN_STRESS_10413,Borrower_413,2021-06-15,2051-06-15,272275.00,261384.00,4.3,1463.48,Delinquent,Condo,88,673,NY,25281
LN_STRESS_10414,Borrower_414,2022-07-15,2052-07-15,272450.00,261552.00,4.4,1498.48,Current,Townhouse,89,674,IL,25318
LN_STRESS_10415,Borrower_415,2023-08-15,2053-08-15,272625.00,261720.00,4.5,1533.52,Current,Multi Family,90,675,PA,25355
LN_STRESS_10416,Borrower_416,2020-09-15,2050-09-15,272800.00,261888.00,4.6,1568.60,Current,Single Family,91,676,OH,25392
LN_STRESS_10417,Borrower_417,2021-10-15,2051-10-15,272975.00,262056.00,4.7,1603.73,Current,Condo,92,677,GA,25429
LN_STRESS_10418,Borrower_418,2022-11-15,2052-11-15,273150.00,262224.00,4.8,1638.90,Delinquent,Townhouse,93,678,NC,25466
LN_STRESS_10419,Borrower_419,2023-12-15,2053-12-15,273325.00,262392.00,4.9,1674.12,Current,Multi Family,94,679,MI,25503
LN_STRESS_10420,Borrower_420,2020-01-15,2050-01-15,273500.00,262560.00,5,1709.38,Current,Single Family,60,680,CA,25540
LN_STRESS_10421,Borrower_421,2021-02-15,2051-02-15,273675.00,262728.00,5.1,1744.68,Current,Condo,61,681,TX,25577
LN_STRESS_10422,Borrower_422,2022-03-15,2052-03-15,273850.00,262896.00,5.2,1780.02,Current,Townhouse,62,682,FL,25614
LN_STRESS_10423,Borrower_423,2023-04-15,2053-04-15,274025.00,263064.00,5.3,1815.42,Delinquent,Multi Family,63,683,NY,25651
LN_STRESS_10424,Borrower_424,2020-05-15,2050-05-15,274200.00,263232.00,5.4,1850.85,Current,Single Family,64,684,IL,25688
LN_STRESS_10425,Borrower_425,2021-06-15,2051-06-15,274375.00,263400.00,5.5,1886.33,Current,Condo,65,685,PA,25725
LN_STRESS_10426,Borrower_426,2022-07-15,2052-07-15,274550.00,263568.00,5.6,1921.85,Current,Townhouse,66,686,OH,25762
LN_STRESS_10427,Borrower_427,2023-08-15,2053-08-15,274725.00,263736.00,5.7,1957.42,Current,Multi Family,67,687,GA,25799
LN_STRESS_10428,Borrower_428,2020-09-15,2050-09-15,274900.00,263904.00,5.8,1993.03,Delinquent,Single Family,68,688,NC,25836
LN_STRESS_10429,Borrower_429,2021-10-15,2051-10-15,275075.00,264072.00,5.9,2028.68,Current,Condo,69,689,MI,25873
LN_STRESS_10430,Borrower_430,2022-11-15,2052-11-15,275250.00,264240.00,6,2064.38,Current,Townhouse,70,690,CA,25910
LN_STRESS_10431,Borrower_431,2023-12-15,2053-12-15,275425.00,264408.00,6.1,2100.12,Current,Multi Family,71,691,TX,25947
LN_STRESS_10432,Borrower_432,2020-01-15,2050-01-15,275600.00,264576.00,6.2,2135.90,Current,Single Family,72,692,FL,25984
LN_STRESS_10433,Borrower_433,2021-02-15,2051-02-15,275775.00,264744.00,6.3,2171.73,Delinquent,Condo,73,693,NY,26021
LN_STRESS_10434,Borrower_434,2022-03-15,2052-03-15,275950.00,264912.00,6.4,2207.60,Current,Townhouse,74,694,IL,26058
LN_STRESS_10435,Borrower_435,2023-04-15,2053-04-15,276125.00,265080.00,6.5,2243.52,Current,Multi Family,75,695,PA,26095
LN_STRESS_10436,Borrower_436,2020-05-15,2050-05-15,276300.00,265248.00,6.6,2279.48,Current,Single Family,76,696,OH,26132
LN_STRESS_10437,Borrower_437,2021-06-15,2051-06-15,276475.00,265416.00,6.7,2315.48,Current,Condo,77,697,GA,26169
LN_STRESS_10438,Borrower_438,2022-07-15,2052-07-15,276650.00,265584.00,6.8,2351.52,Delinquent,Townhouse,78,698,NC,26206
LN_STRESS_10439,Borrower_439,2023-08-15,2053-08-15,276825.00,265752.00,6.9,2387.62,Current,Multi Family,79,699,MI,26243
LN_STRESS_10440,Borrower_440,2020-09-15,2050-09-15,277000.00,265920.00,7,2423.75,Current,Single Family,80,700,CA,26280
LN_STRESS_10441,Borrower_441,2021-10-15,2051-10-15,277175.00,266088.00,7.1,2459.93,Current,Condo,81,701,TX,26317
LN_STRESS_10442,Borrower_442,2022-11-15,2052-11-15,277350.00,266256.00,7.2,2496.15,Current,Townhouse,82,702,FL,26354
LN_STRESS_10443,Borrower_443,2023-12-15,2053-12-15,277525.00,266424.00,7.3,2532.42,Delinquent,Multi Family,83,703,NY,26391
LN_STRESS_10444,Borrower_444,2020-01-15,2050-01-15,277700.00,266592.00,7.4,2568.73,Current,Single Family,84,704,IL,26428
LN_STRESS_10445,Borrower_445,2021-02-15,2051-02-15,277875.00,266760.00,7.5,2605.08,Current,Condo,85,705,PA,26465
LN_STRESS_10446,Borrower_446,2022-03-15,2052-03-15,278050.00,266928.00,7.6,2641.48,Current,Townhouse,86,706,OH,26502
LN_STRESS_10447,Borrower_447,2023-04-15,2053-04-15,278225.00,267096.00,7.7,2677.92,Current,Multi Family,87,707,GA,26539
LN_STRESS_10448,Borrower_448,2020-05-15,2050-05-15,278400.00,267264.00,7.8,2714.40,Delinquent,Single Family,88,708,NC,26576
LN_STRESS_10449,Borrower_449,2021-06-15,2051-06-15,278575.00,267432.00,7.9,2750.93,Current,Condo,89,709,MI,26613
LN_STRESS_10450,Borrower_450,2022-07-15,2052-07-15,278750.00,267600.00,3.5,1219.53,Current,Townhouse,90,710,CA,26650
LN_STRESS_10451,Borrower_451,2023-08-15,2053-08-15,278925.00,267768.00,3.6,1255.16,Current,Multi Family,91,711,TX,26687
LN_STRESS_10452,Borrower_452,2020-09-15,2050-09-15,279100.00,267936.00,3.7,1290.84,Current,Single Family,92,712,FL,26724
LN_STRESS_10453,Borrower_453,2021-10-15,2051-10-15,279275.00,268104.00,3.8,1326.56,Delinquent,Condo,93,713,NY,26761
LN_STRESS_10454,Borrower_454,2022-11-15,2052-11-15,279450.00,268272.00,3.9,1362.32,Current,Townhouse,94,714,IL,26798
LN_STRESS_10455,Borrower_455,2023-12-15,2053-12-15,279625.00,268440.00,4,1398.13,Current,Multi Family,60,715,PA,26835
LN_STRESS_10456,Borrower_456,2020-01-15,2050-01-15,279800.00,268608.00,4.1,1433.98,Current,Single Family,61,716,OH,26872
LN_STRESS_10457,Borrower_457,2021-02-15,2051-02-15,279975.00,268776.00,4.2,1469.87,Current,Condo,62,717,GA,26909
LN_STRESS_10458,Borrower_458,2022-03-15,2052-03-15,280150.00,268944.00,4.3,1505.81,Delinquent,Townhouse,63,718,NC,26946
LN_STRESS_10459,Borrower_459,2023-04-15,2053-04-15,280325.00,269112.00,4.4,1541.79,Current,Multi Family,64,719,MI,26983
LN_STRESS_10460,Borrower_460,2020-05-15,2050-05-15,280500.00,269280.00,4.5,1577.81,Current,Single Family,65,720,CA,27020
LN_STRESS_10461,Borrower_461,2021-06-15,2051-06-15,280675.00,269448.00,4.6,1613.88,Current,Condo,66,721,TX,27057
LN_STRESS_10462,Borrower_462,2022-07-15,2052-07-15,280850.00,269616.00,4.7,1649.99,Current,Townhouse,67,722,FL,27094
LN_STRESS_10463,Borrower_463,2023-08-15,2053-08-15,281025.00,269784.00,4.8,1686.15,Delinquent,Multi Family,68,723,NY,27131
LN_STRESS_10464,Borrower_464,2020-09-15,2050-09-15,281200.00,269952.00,4.9,1722.35,Current,Single Family,69,724,IL,27168
LN_STRESS_10465,Borrower_465,2021-10-15,2051-10-15,281375.00,270120.00,5,1758.59,Current,Condo,70,725,PA,27205
LN_STRESS_10466,Borrower_466,2022-11-15,2052-11-15,281550.00,270288.00,5.1,1794.88,Current,Townhouse,71,726,OH,27242
LN_STRESS_10467,Borrower_467,2023-12-15,2053-12-15,281725.00,270456.00,5.2,1831.21,Current,Multi Family,72,727,GA,27279
LN_STRESS_10468,Borrower_468,2020-01-15,2050-01-15,281900.00,270624.00,5.3,1867.59,Delinquent,Single Family,73,728,NC,27316
LN_STRESS_10469,Borrower_469,2021-02-15,2051-02-15,282075.00,270792.00,5.4,1904.01,Current,Condo,74,729,MI,27353
LN_STRESS_10470,Borrower_470,2022-03-15,2052-03-15,282250.00,270960.00,5.5,1940.47,Current,Townhouse,75,730,CA,27390
LN_STRESS_10471,Borrower_471,2023-04-15,2053-04-15,282425.00,271128.00,5.6,1976.97,Current,Multi Family,76,731,TX,27427
LN_STRESS_10472,Borrower_472,2020-05-15,2050-05-15,282600.00,271296.00,5.7,2013.53,Current,Single Family,77,732,FL,27464
LN_STRESS_10473,Borrower_473,2021-06-15,2051-06-15,282775.00,271464.00,5.8,2050.12,Delinquent,Condo,78,733,NY,27501
LN_STRESS_10474,Borrower_474,2022-07-15,2052-07-15,282950.00,271632.00,5.9,2086.76,Current,Townhouse,79,734,IL,27538
LN_STRESS_10475,Borrower_475,2023-08-15,2053-08-15,283125.00,271800.00,6,2123.44,Current,Multi Family,80,735,PA,27575
LN_STRESS_10476,Borrower_476,2020-09-15,2050-09-15,283300.00,271968.00,6.1,2160.16,Current,Single Family,81,736,OH,27612
LN_STRESS_10477,Borrower_477,2021-10-15,2051-10-15,283475.00,272136.00,6.2,2196.93,Current,Condo,82,737,GA,27649
LN_STRESS_10478,Borrower_478,2022-11-15,2052-11-15,283650.00,272304.00,6.3,2233.74,Delinquent,Townhouse,83,738,NC,27686
LN_STRESS_10479,Borrower_479,2023-12-15,2053-12-15,283825.00,272472.00,6.4,2270.60,Current,Multi Family,84,739,MI,27723
LN_STRESS_10480,Borrower_480,2020-01-15,2050-01-15,284000.00,272640.00,6.5,2307.50,Current,Single Family,85,740,CA,27760
LN_STRESS_10481,Borrower_481,2021-02-15,2051-02-15,284175.00,272808.00,6.6,2344.44,Current,Condo,86,741,TX,27797
LN_STRESS_10482,Borrower_482,2022-03-15,2052-03-15,284350.00,272976.00,6.7,2381.43,Current,Townhouse,87,742,FL,27834
LN_STRESS_10483,Borrower_483,2023-04-15,2053-04-15,284525.00,273144.00,6.8,2418.46,Delinquent,Multi Family,88,743,NY,27871
LN_STRESS_10484,Borrower_484,2020-05-15,2050-05-15,284700.00,273312.00,6.9,2455.54,Current,Single Family,89,744,IL,27908
LN_STRESS_10485,Borrower_485,2021-06-15,2051-06-15,284875.00,273480.00,7,2492.66,Current,Condo,90,745,PA,27945
LN_STRESS_10486,Borrower_486,2022-07-15,2052-07-15,285050.00,273648.00,7.1,2529.82,Current,Townhouse,91,746,OH,27982
LN_STRESS_10487,Borrower_487,2023-08-15,2053-08-15,285225.00,273816.00,7.2,2567.03,Current,Multi Family,92,747,GA,28019
LN_STRESS_10488,Borrower_488,2020-09-15,2050-09-15,285400.00,273984.00,7.3,2604.27,Delinquent,Single Family,93,748,NC,28056
LN_STRESS_10489,Borrower_489,2021-10-15,2051-10-15,285575.00,274152.00,7.4,2641.57,Current,Condo,94,749,MI,28093
LN_STRESS_10490,Borrower_490,2022-11-15,2052-11-15,285750.00,274320.00,7.5,2678.91,Current,Townhouse,60,750,CA,28130
LN_STRESS_10491,Borrower_491,2023-12-15,2053-12-15,285925.00,274488.00,7.6,2716.29,Current,Multi Family,61,751,TX,28167
LN_STRESS_10492,Borrower_492,2020-01-15,2050-01-15,286100.00,274656.00,7.7,2753.71,Current,Single Family,62,752,FL,28204
LN_STRESS_10493,Borrower_493,2021-02-15,2051-02-15,286275.00,274824.00,7.8,2791.18,Delinquent,Condo,63,753,NY,28241
LN_STRESS_10494,Borrower_494,2022-03-15,2052-03-15,286450.00,274992.00,7.9,2828.69,Current,Townhouse,64,754,IL,28278
LN_STRESS_10495,Borrower_495,2023-04-15,2053-04-15,286625.00,275160.00,3.5,1253.98,Current,Multi Family,65,755,PA,28315
LN_STRESS_10496,Borrower_496,2020-05-15,2050-05-15,286800.00,275328.00,3.6,1290.60,Current,Single Family,66,756,OH,28352
LN_STRESS_10497,Borrower_497,2021-06-15,2051-06-15,286975.00,275496.00,3.7,1327.26,Current,Condo,67,757,GA,28389
LN_STRESS_10498,Borrower_498,2022-07-15,2052-07-15,287150.00,275664.00,3.8,1363.96,Delinquent,Townhouse,68,758,NC,28426
LN_STRESS_10499,Borrower_499,2023-08-15,2053-08-15,287325.00,275832.00,3.9,1400.71,Current,Multi Family,69,759,MI,28463
LN_STRESS_10500,Borrower_500,2020-09-15,2050-09-15,287500.00,276000.00,4,1437.50,Current,Single Family,70,760,CA,28500
LN_STRESS_10501,Borrower_501,2021-10-15,2051-10-15,287675.00,276168.00,4.1,1474.33,Current,Condo,71,761,TX,28537
LN_STRESS_10502,Borrower_502,2022-11-15,2052-11-15,287850.00,276336.00,4.2,1511.21,Current,Townhouse,72,762,FL,28574
LN_STRESS_10503,Borrower_503,2023-12-15,2053-12-15,288025.00,276504.00,4.3,1548.13,Delinquent,Multi Family,73,763,NY,28611
LN_STRESS_10504,Borrower_504,2020-01-15,2050-01-15,288200.00,276672.00,4.4,1585.10,Current,Single Family,74,764,IL,28648
LN_STRESS_10505,Borrower_505,2021-02-15,2051-02-15,288375.00,276840.00,4.5,1622.11,Current,Condo,75,765,PA,28685
LN_STRESS_10506,Borrower_506,2022-03-15,2052-03-15,288550.00,277008.00,4.6,1659.16,Current,Townhouse,76,766,OH,28722
LN_STRESS_10507,Borrower_507,2023-04-15,2053-04-15,288725.00,277176.00,4.7,1696.26,Current,Multi Family,77,767,GA,28759
LN_STRESS_10508,Borrower_508,2020-05-15,2050-05-15,288900.00,277344.00,4.8,1733.40,Delinquent,Single Family,78,768,NC,28796
LN_STRESS_10509,Borrower_509,2021-06-15,2051-06-15,289075.00,277512.00,4.9,1770.58,Current,Condo,79,769,MI,28833
LN_STRESS_10510,Borrower_510,2022-07-15,2052-07-15,289250.00,277680.00,5,1807.81,Current,Townhouse,80,770,CA,28870
LN_STRESS_10511,Borrower_511,2023-08-15,2053-08-15,289425.00,277848.00,5.1,1845.08,Current,Multi Family,81,771,TX,28907
LN_STRESS_10512,Borrower_512,2020-09-15,2050-09-15,289600.00,278016.00,5.2,1882.40,Current,Single Family,82,772,FL,28944
LN_STRESS_10513,Borrower_513,2021-10-15,2051-10-15,289775.00,278184.00,5.3,1919.76,Delinquent,Condo,83,773,NY,28981
LN_STRESS_10514,Borrower_514,2022-11-15,2052-11-15,289950.00,278352.00,5.4,1957.16,Current,Townhouse,84,774,IL,29018
LN_STRESS_10515,Borrower_515,2023-12-15,2053-12-15,290125.00,278520.00,5.5,1994.61,Current,Multi Family,85,775,PA,29055
LN_STRESS_10516,Borrower_516,2020-01-15,2050-01-15,290300.00,278688.00,5.6,2032.10,Current,Single Family,86,776,OH,29092
LN_STRESS_10517,Borrower_517,2021-02-15,2051-02-15,290475.00,278856.00,5.7,2069.63,Current,Condo,87,777,GA,29129
LN_STRESS_10518,Borrower_518,2022-03-15,2052-03-15,290650.00,279024.00,5.8,2107.21,Delinquent,Townhouse,88,778,NC,29166
LN_STRESS_10519,Borrower_519,2023-04-15,2053-04-15,290825.00,279192.00,5.9,2144.83,Current,Multi Family,89,779,MI,29203
LN_STRESS_10520,Borrower_520,2020-05-15,2050-05-15,291000.00,279360.00,6,2182.50,Current,Single Family,90,780,CA,29240
LN_STRESS_10521,Borrower_521,2021-06-15,2051-06-15,291175.00,279528.00,6.1,2220.21,Current,Condo,91,781,TX,29277
LN_STRESS_10522,Borrower_522,2022-07-15,2052-07-15,291350.00,279696.00,6.2,2257.96,Current,Townhouse,92,782,FL,29314
LN_STRESS_10523,Borrower_523,2023-08-15,2053-08-15,291525.00,279864.00,6.3,2295.76,Delinquent,Multi Family,93,783,NY,29351
LN_STRESS_10524,Borrower_524,2020-09-15,2050-09-15,291700.00,280032.00,6.4,2333.60,Current,Single Family,94,784,IL,29388
LN_STRESS_10525,Borrower_525,2021-10-15,2051-10-15,291875.00,280200.00,6.5,2371.48,Current,Condo,60,785,PA,29425
LN_STRESS_10526,Borrower_526,2022-11-15,2052-11-15,292050.00,280368.00,6.6,2409.41,Current,Townhouse,61,786,OH,29462
LN_STRESS_10527,Borrower_527,2023-12-15,2053-12-15,292225.00,280536.00,6.7,2447.38,Current,Multi Family,62,787,GA,29499
LN_STRESS_10528,Borrower_528,2020-01-15,2050-01-15,292400.00,280704.00,6.8,2485.40,Delinquent,Single Family,63,788,NC,29536
LN_STRESS_10529,Borrower_529,2021-02-15,2051-02-15,292575.00,280872.00,6.9,2523.46,Current,Condo,64,789,MI,29573
LN_STRESS_10530,Borrower_530,2022-03-15,2052-03-15,292750.00,281040.00,7,2561.56,Current,Townhouse,65,790,CA,29610
LN_STRESS_10531,Borrower_531,2023-04-15,2053-04-15,292925.00,281208.00,7.1,2599.71,Current,Multi Family,66,791,TX,29647
LN_STRESS_10532,Borrower_532,2020-05-15,2050-05-15,293100.00,281376.00,7.2,2637.90,Current,Single Family,67,792,FL,29684
LN_STRESS_10533,Borrower_533,2021-06-15,2051-06-15,293275.00,281544.00,7.3,2676.13,Delinquent,Condo,68,793,NY,29721
LN_STRESS_10534,Borrower_534,2022-07-15,2052-07-15,293450.00,281712.00,7.4,2714.41,Current,Townhouse,69,794,IL,29758
LN_STRESS_10535,Borrower_535,2023-08-15,2053-08-15,293625.00,281880.00,7.5,2752.73,Current,Multi Family,70,795,PA,29795
LN_STRESS_10536,Borrower_536,2020-09-15,2050-09-15,293800.00,282048.00,7.6,2791.10,Current,Single Family,71,796,OH,29832
LN_STRESS_10537,Borrower_537,2021-10-15,2051-10-15,293975.00,282216.00,7.7,2829.51,Current,Condo,72,797,GA,29869
LN_STRESS_10538,Borrower_538,2022-11-15,2052-11-15,294150.00,282384.00,7.8,2867.96,Delinquent,Townhouse,73,798,NC,29906
LN_STRESS_10539,Borrower_539,2023-12-15,2053-12-15,294325.00,282552.00,7.9,2906.46,Current,Multi Family,74,799,MI,29943
LN_STRESS_10540,Borrower_540,2020-01-15,2050-01-15,294500.00,282720.00,3.5,1288.44,Current,Single Family,75,620,CA,29980
LN_STRESS_10541,Borrower_541,2021-02-15,2051-02-15,294675.00,282888.00,3.6,1326.04,Current,Condo,76,621,TX,30017
LN_STRESS_10542,Borrower_542,2022-03-15,2052-03-15,294850.00,283056.00,3.7,1363.68,Current,Townhouse,77,622,FL,30054
LN_STRESS_10543,Borrower_543,2023-04-15,2053-04-15,295025.00,283224.00,3.8,1401.37,Delinquent,Multi Family,78,623,NY,30091
LN_STRESS_10544,Borrower_544,2020-05-15,2050-05-15,295200.00,283392.00,3.9,1439.10,Current,Single Family,79,624,IL,30128
LN_STRESS_10545,Borrower_545,2021-06-15,2051-06-15,295375.00,283560.00,4,1476.88,Current,Condo,80,625,PA,30165
LN_STRESS_10546,Borrower_546,2022-07-15,2052-07-15,295550.00,283728.00,4.1,1514.69,Current,Townhouse,81,626,OH,30202
LN_STRESS_10547,Borrower_547,2023-08-15,2053-08-15,295725.00,283896.00,4.2,1552.56,Current,Multi Family,82,627,GA,30239
LN_STRESS_10548,Borrower_548,2020-09-15,2050-09-15,295900.00,284064.00,4.3,1590.46,Delinquent,Single Family,83,628,NC,30276
LN_STRESS_10549,Borrower_549,2021-10-15,2051-10-15,296075.00,284232.00,4.4,1628.41,Current,Condo,84,629,MI,30313
LN_STRESS_10550,Borrower_550,2022-11-15,2052-11-15,296250.00,284400.00,4.5,1666.41,Current,Townhouse,85,630,CA,30350
LN_STRESS_10551,Borrower_551,2023-12-15,2053-12-15,296425.00,284568.00,4.6,1704.44,Current,Multi Family,86,631,TX,30387
LN_STRESS_10552,Borrower_552,2020-01-15,2050-01-15,296600.00,284736.00,4.7,1742.52,Current,Single Family,87,632,FL,30424
LN_STRESS_10553,Borrower_553,2021-02-15,2051-02-15,296775.00,284904.00,4.8,1780.65,Delinquent,Condo,88,633,NY,30461
LN_STRESS_10554,Borrower_554,2022-03-15,2052-03-15,296950.00,285072.00,4.9,1818.82,Current,Townhouse,89,634,IL,30498
LN_STRESS_10555,Borrower_555,2023-04-15,2053-04-15,297125.00,285240.00,5,1857.03,Current,Multi Family,90,635,PA,30535
LN_STRESS_10556,Borrower_556,2020-05-15,2050-05-15,297300.00,285408.00,5.1,1895.29,Current,Single Family,91,636,OH,30572
LN_STRESS_10557,Borrower_557,2021-06-15,2051-06-15,297475.00,285576.00,5.2,1933.59,Current,Condo,92,637,GA,30609
LN_STRESS_10558,Borrower_558,2022-07-15,2052-07-15,297650.00,285744.00,5.3,1971.93,Delinquent,Townhouse,93,638,NC,30646
LN_STRESS_10559,Borrower_559,2023-08-15,2053-08-15,297825.00,285912.00,5.4,2010.32,Current,Multi Family,94,639,MI,30683
LN_STRESS_10560,Borrower_560,2020-09-15,2050-09-15,298000.00,286080.00,5.5,2048.75,Current,Single Family,60,640,CA,30720
LN_STRESS_10561,Borrower_561,2021-10-15,2051-10-15,298175.00,286248.00,5.6,2087.22,Current,Condo,61,641,TX,30757
LN_STRESS_10562,Borrower_562,2022-11-15,2052-11-15,298350.00,286416.00,5.7,2125.74,Current,Townhouse,62,642,FL,30794
LN_STRESS_10563,Borrower_563,2023-12-15,2053-12-15,298525.00,286584.00,5.8,2164.31,Delinquent,Multi Family,63,643,NY,30831
LN_STRESS_10564,Borrower_564,2020-01-15,2050-01-15,298700.00,286752.00,5.9,2202.91,Current,Single Family,64,644,IL,30868
LN_STRESS_10565,Borrower_565,2021-02-15,2051-02-15,298875.00,286920.00,6,2241.56,Current,Condo,65,645,PA,30905
LN_STRESS_10566,Borrower_566,2022-03-15,2052-03-15,299050.00,287088.00,6.1,2280.26,Current,Townhouse,66,646,OH,30942
LN_STRESS_10567,Borrower_567,2023-04-15,2053-04-15,299225.00,287256.00,6.2,2318.99,Current,Multi Family,67,647,GA,30979
LN_STRESS_10568,Borrower_568,2020-05-15,2050-05-15,299400.00,287424.00,6.3,2357.77,Delinquent,Single Family,68,648,NC,31016
LN_STRESS_10569,Borrower_569,2021-06-15,2051-06-15,299575.00,287592.00,6.4,2396.60,Current,Condo,69,649,MI,31053
LN_STRESS_10570,Borrower_570,2022-07-15,2052-07-15,299750.00,287760.00,6.5,2435.47,Current,Townhouse,70,650,CA,31090
LN_STRESS_10571,Borrower_571,2023-08-15,2053-08-15,299925.00,287928.00,6.6,2474.38,Current,Multi Family,71,651,TX,31127
LN_STRESS_10572,Borrower_572,2020-09-15,2050-09-15,300100.00,288096.00,6.7,2513.34,Current,Single Family,72,652,FL,31164
LN_STRESS_10573,Borrower_573,2021-10-15,2051-10-15,300275.00,288264.00,6.8,2552.34,Delinquent,Condo,73,653,NY,31201
LN_STRESS_10574,Borrower_574,2022-11-15,2052-11-15,300450.00,288432.00,6.9,2591.38,Current,Townhouse,74,654,IL,31238
LN_STRESS_10575,Borrower_575,2023-12-15,2053-12-15,300625.00,288600.00,7,2630.47,Current,Multi Family,75,655,PA,31275
LN_STRESS_10576,Borrower_576,2020-01-15,2050-01-15,300800.00,288768.00,7.1,2669.60,Current,Single Family,76,656,OH,31312
LN_STRESS_10577,Borrower_577,2021-02-15,2051-02-15,300975.00,288936.00,7.2,2708.78,Current,Condo,77,657,GA,31349
LN_STRESS_10578,Borrower_578,2022-03-15,2052-03-15,301150.00,289104.00,7.3,2747.99,Delinquent,Townhouse,78,658,NC,31386
LN_STRESS_10579,Borrower_579,2023-04-15,2053-04-15,301325.00,289272.00,7.4,2787.26,Current,Multi Family,79,659,MI,31423
LN_STRESS_10580,Borrower_580,2020-05-15,2050-05-15,301500.00,289440.00,7.5,2826.56,Current,Single Family,80,660,CA,31460
LN_STRESS_10581,Borrower_581,2021-06-15,2051-06-15,301675.00,289608.00,7.6,2865.91,Current,Condo,81,661,TX,31497
LN_STRESS_10582,Borrower_582,2022-07-15,2052-07-15,301850.00,289776.00,7.7,2905.31,Current,Townhouse,82,662,FL,31534
LN_STRESS_10583,Borrower_583,2023-08-15,2053-08-15,302025.00,289944.00,7.8,2944.74,Delinquent,Multi Family,83,663,NY,31571
LN_STRESS_10584,Borrower_584,2020-09-15,2050-09-15,302200.00,290112.00,7.9,2984.23,Current,Single Family,84,664,IL,31608
LN_STRESS_10585,Borrower_585,2021-10-15,2051-10-15,302375.00,290280.00,3.5,1322.89,Current,Condo,85,665,PA,31645
LN_STRESS_10586,Borrower_586,2022-11-15,2052-11-15,302550.00,290448.00,3.6,1361.48,Current,Townhouse,86,666,OH,31682
LN_STRESS_10587,Borrower_587,2023-12-15,2053-12-15,302725.00,290616.00,3.7,1400.10,Current,Multi Family,87,667,GA,31719
LN_STRESS_10588,Borrower_588,2020-01-15,2050-01-15,302900.00,290784.00,3.8,1438.78,Delinquent,Single Family,88,668,NC,31756
LN_STRESS_10589,Borrower_589,2021-02-15,2051-02-15,303075.00,290952.00,3.9,1477.49,Current,Condo,89,669,MI,31793
LN_STRESS_10590,Borrower_590,2022-03-15,2052-03-15,303250.00,291120.00,4,1516.25,Current,Townhouse,90,670,CA,31830
LN_STRESS_10591,Borrower_591,2023-04-15,2053-04-15,303425.00,291288.00,4.1,1555.05,Current,Multi Family,91,671,TX,31867
LN_STRESS_10592,Borrower_592,2020-05-15,2050-05-15,303600.00,291456.00,4.2,1593.90,Current,Single Family,92,672,FL,31904
LN_STRESS_10593,Borrower_593,2021-06-15,2051-06-15,303775.00,291624.00,4.3,1632.79,Delinquent,Condo,93,673,NY,31941
LN_STRESS_10594,Borrower_594,2022-07-15,2052-07-15,303950.00,291792.00,4.4,1671.73,Current,Townhouse,94,674,IL,31978
LN_STRESS_10595,Borrower_595,2023-08-15,2053-08-15,304125.00,291960.00,4.5,1710.70,Current,Multi Family,60,675,PA,32015
LN_STRESS_10596,Borrower_596,2020-09-15,2050-09-15,304300.00,292128.00,4.6,1749.73,Current,Single Family,61,676,OH,32052
LN_STRESS_10597,Borrower_597,2021-10-15,2051-10-15,304475.00,292296.00,4.7,1788.79,Current,Condo,62,677,GA,32089
LN_STRESS_10598,Borrower_598,2022-11-15,2052-11-15,304650.00,292464.00,4.8,1827.90,Delinquent,Townhouse,63,678,NC,32126
LN_STRESS_10599,Borrower_599,2023-12-15,2053-12-15,304825.00,292632.00,4.9,1867.05,Current,Multi Family,64,679,MI,32163
LN_STRESS_10600,Borrower_600,2020-01-15,2050-01-15,305000.00,292800.00,5,1906.25,Current,Single Family,65,680,CA,32200
LN_STRESS_10601,Borrower_601,2021-02-15,2051-02-15,305175.00,292968.00,5.1,1945.49,Current,Condo,66,681,TX,32237
LN_STRESS_10602,Borrower_602,2022-03-15,2052-03-15,305350.00,293136.00,5.2,1984.77,Current,Townhouse,67,682,FL,32274
LN_STRESS_10603,Borrower_603,2023-04-15,2053-04-15,305525.00,293304.00,5.3,2024.10,Delinquent,Multi Family,68,683,NY,32311
LN_STRESS_10604,Borrower_604,2020-05-15,2050-05-15,305700.00,293472.00,5.4,2063.48,Current,Single Family,69,684,IL,32348
LN_STRESS_10605,Borrower_605,2021-06-15,2051-06-15,305875.00,293640.00,5.5,2102.89,Current,Condo,70,685,PA,32385
LN_STRESS_10606,Borrower_606,2022-07-15,2052-07-15,306050.00,293808.00,5.6,2142.35,Current,Townhouse,71,686,OH,32422
LN_STRESS_10607,Borrower_607,2023-08-15,2053-08-15,306225.00,293976.00,5.7,2181.85,Current,Multi Family,72,687,GA,32459
LN_STRESS_10608,Borrower_608,2020-09-15,2050-09-15,306400.00,294144.00,5.8,2221.40,Delinquent,Single Family,73,688,NC,32496
LN_STRESS_10609,Borrower_609,2021-10-15,2051-10-15,306575.00,294312.00,5.9,2260.99,Current,Condo,74,689,MI,32533
LN_STRESS_10610,Borrower_610,2022-11-15,2052-11-15,306750.00,294480.00,6,2300.63,Current,Townhouse,75,690,CA,32570
LN_STRESS_10611,Borrower_611,2023-12-15,2053-12-15,306925.00,294648.00,6.1,2340.30,Current,Multi Family,76,691,TX,32607
LN_STRESS_10612,Borrower_612,2020-01-15,2050-01-15,307100.00,294816.00,6.2,2380.03,Current,Single Family,77,692,FL,32644
LN_STRESS_10613,Borrower_613,2021-02-15,2051-02-15,307275.00,294984.00,6.3,2419.79,Delinquent,Condo,78,693,NY,32681
LN_STRESS_10614,Borrower_614,2022-03-15,2052-03-15,307450.00,295152.00,6.4,2459.60,Current,Townhouse,79,694,IL,32718
LN_STRESS_10615,Borrower_615,2023-04-15,2053-04-15,307625.00,295320.00,6.5,2499.45,Current,Multi Family,80,695,PA,32755
LN_STRESS_10616,Borrower_616,2020-05-15,2050-05-15,307800.00,295488.00,6.6,2539.35,Current,Single Family,81,696,OH,32792
LN_STRESS_10617,Borrower_617,2021-06-15,2051-06-15,307975.00,295656.00,6.7,2579.29,Current,Condo,82,697,GA,32829
LN_STRESS_10618,Borrower_618,2022-07-15,2052-07-15,308150.00,295824.00,6.8,2619.27,Delinquent,Townhouse,83,698,NC,32866
LN_STRESS_10619,Borrower_619,2023-08-15,2053-08-15,308325.00,295992.00,6.9,2659.30,Current,Multi Family,84,699,MI,32903
LN_STRESS_10620,Borrower_620,2020-09-15,2050-09-15,308500.00,296160.00,7,2699.38,Current,Single Family,85,700,CA,32940
LN_STRESS_10621,Borrower_621,2021-10-15,2051-10-15,308675.00,296328.00,7.1,2739.49,Current,Condo,86,701,TX,32977
LN_STRESS_10622,Borrower_622,2022-11-15,2052-11-15,308850.00,296496.00,7.2,2779.65,Current,Townhouse,87,702,FL,33014
LN_STRESS_10623,Borrower_623,2023-12-15,2053-12-15,309025.00,296664.00,7.3,2819.85,Delinquent,Multi Family,88,703,NY,33051
LN_STRESS_10624,Borrower_624,2020-01-15,2050-01-15,309200.00,296832.00,7.4,2860.10,Current,Single Family,89,704,IL,33088
LN_STRESS_10625,Borrower_625,2021-02-15,2051-02-15,309375.00,297000.00,7.5,2900.39,Current,Condo,90,705,PA,33125
LN_STRESS_10626,Borrower_626,2022-03-15,2052-03-15,309550.00,297168.00,7.6,2940.73,Current,Townhouse,91,706,OH,33162
LN_STRESS_10627,Borrower_627,2023-04-15,2053-04-15,309725.00,297336.00,7.7,2981.10,Current,Multi Family,92,707,GA,33199
LN_STRESS_10628,Borrower_628,2020-05-15,2050-05-15,309900.00,297504.00,7.8,3021.52,Delinquent,Single Family,93,708,NC,33236
LN_STRESS_10629,Borrower_629,2021-06-15,2051-06-15,310075.00,297672.00,7.9,3061.99,Current,Condo,94,709,MI,33273
LN_STRESS_10630,Borrower_630,2022-07-15,2052-07-15,310250.00,297840.00,3.5,1357.34,Current,Townhouse,60,710,CA,33310
LN_STRESS_10631,Borrower_631,2023-08-15,2053-08-15,310425.00,298008.00,3.6,1396.91,Current,Multi Family,61,711,TX,33347
LN_STRESS_10632,Borrower_632,2020-09-15,2050-09-15,310600.00,298176.00,3.7,1436.53,Current,Single Family,62,712,FL,33384
LN_STRESS_10633,Borrower_633,2021-10-15,2051-10-15,310775.00,298344.00,3.8,1476.18,Delinquent,Condo,63,713,NY,33421
LN_STRESS_10634,Borrower_634,2022-11-15,2052-11-15,310950.00,298512.00,3.9,1515.88,Current,Townhouse,64,714,IL,33458
LN_STRESS_10635,Borrower_635,2023-12-15,2053-12-15,311125.00,298680.00,4,1555.63,Current,Multi Family,65,715,PA,33495
LN_STRESS_10636,Borrower_636,2020-01-15,2050-01-15,311300.00,298848.00,4.1,1595.41,Current,Single Family,66,716,OH,33532
LN_STRESS_10637,Borrower_637,2021-02-15,2051-02-15,311475.00,299016.00,4.2,1635.24,Current,Condo,67,717,GA,33569
LN_STRESS_10638,Borrower_638,2022-03-15,2052-03-15,311650.00,299184.00,4.3,1675.12,Delinquent,Townhouse,68,718,NC,33606
LN_STRESS_10639,Borrower_639,2023-04-15,2053-04-15,311825.00,299352.00,4.4,1715.04,Current,Multi Family,69,719,MI,33643
LN_STRESS_10640,Borrower_640,2020-05-15,2050-05-15,312000.00,299520.00,4.5,1755.00,Current,Single Family,70,720,CA,33680
LN_STRESS_10641,Borrower_641,2021-06-15,2051-06-15,312175.00,299688.00,4.6,1795.01,Current,Condo,71,721,TX,33717
LN_STRESS_10642,Borrower_642,2022-07-15,2052-07-15,312350.00,299856.00,4.7,1835.06,Current,Townhouse,72,722,FL,33754
LN_STRESS_10643,Borrower_643,2023-08-15,2053-08-15,312525.00,300024.00,4.8,1875.15,Delinquent,Multi Family,73,723,NY,33791
LN_STRESS_10644,Borrower_644,2020-09-15,2050-09-15,312700.00,300192.00,4.9,1915.29,Current,Single Family,74,724,IL,33828
LN_STRESS_10645,Borrower_645,2021-10-15,2051-10-15,312875.00,300360.00,5,1955.47,Current,Condo,75,725,PA,33865
LN_STRESS_10646,Borrower_646,2022-11-15,2052-11-15,313050.00,300528.00,5.1,1995.69,Current,Townhouse,76,726,OH,33902
LN_STRESS_10647,Borrower_647,2023-12-15,2053-12-15,313225.00,300696.00,5.2,2035.96,Current,Multi Family,77,727,GA,33939
LN_STRESS_10648,Borrower_648,2020-01-15,2050-01-15,313400.00,300864.00,5.3,2076.28,Delinquent,Single Family,78,728,NC,33976
LN_STRESS_10649,Borrower_649,2021-02-15,2051-02-15,313575.00,301032.00,5.4,2116.63,Current,Condo,79,729,MI,34013
LN_STRESS_10650,Borrower_650,2022-03-15,2052-03-15,313750.00,301200.00,5.5,2157.03,Current,Townhouse,80,730,CA,34050
LN_STRESS_10651,Borrower_651,2023-04-15,2053-04-15,313925.00,301368.00,5.6,2197.47,Current,Multi Family,81,731,TX,34087
LN_STRESS_10652,Borrower_652,2020-05-15,2050-05-15,314100.00,301536.00,5.7,2237.96,Current,Single Family,82,732,FL,34124
LN_STRESS_10653,Borrower_653,2021-06-15,2051-06-15,314275.00,301704.00,5.8,2278.49,Delinquent,Condo,83,733,NY,34161
LN_STRESS_10654,Borrower_654,2022-07-15,2052-07-15,314450.00,301872.00,5.9,2319.07,Current,Townhouse,84,734,IL,34198
LN_STRESS_10655,Borrower_655,2023-08-15,2053-08-15,314625.00,302040.00,6,2359.69,Current,Multi Family,85,735,PA,34235
LN_STRESS_10656,Borrower_656,2020-09-15,2050-09-15,314800.00,302208.00,6.1,2400.35,Current,Single Family,86,736,OH,34272
LN_STRESS_10657,Borrower_657,2021-10-15,2051-10-15,314975.00,302376.00,6.2,2441.06,Current,Condo,87,737,GA,34309
LN_STRESS_10658,Borrower_658,2022-11-15,2052-11-15,315150.00,302544.00,6.3,2481.81,Delinquent,Townhouse,88,738,NC,34346
LN_STRESS_10659,Borrower_659,2023-12-15,2053-12-15,315325.00,302712.00,6.4,2522.60,Current,Multi Family,89,739,MI,34383
LN_STRESS_10660,Borrower_660,2020-01-15,2050-01-15,315500.00,302880.00,6.5,2563.44,Current,Single Family,90,740,CA,34420
LN_STRESS_10661,Borrower_661,2021-02-15,2051-02-15,315675.00,303048.00,6.6,2604.32,Current,Condo,91,741,TX,34457
LN_STRESS_10662,Borrower_662,2022-03-15,2052-03-15,315850.00,303216.00,6.7,2645.24,Current,Townhouse,92,742,FL,34494
LN_STRESS_10663,Borrower_663,2023-04-15,2053-04-15,316025.00,303384.00,6.8,2686.21,Delinquent,Multi Family,93,743,NY,34531
LN_STRESS_10664,Borrower_664,2020-05-15,2050-05-15,316200.00,303552.00,6.9,2727.23,Current,Single Family,94,744,IL,34568
LN_STRESS_10665,Borrower_665,2021-06-15,2051-06-15,316375.00,303720.00,7,2768.28,Current,Condo,60,745,PA,34605
LN_STRESS_10666,Borrower_666,2022-07-15,2052-07-15,316550.00,303888.00,7.1,2809.38,Current,Townhouse,61,746,OH,34642
LN_STRESS_10667,Borrower_667,2023-08-15,2053-08-15,316725.00,304056.00,7.2,2850.53,Current,Multi Family,62,747,GA,34679
LN_STRESS_10668,Borrower_668,2020-09-15,2050-09-15,316900.00,304224.00,7.3,2891.71,Delinquent,Single Family,63,748,NC,34716
LN_STRESS_10669,Borrower_669,2021-10-15,2051-10-15,317075.00,304392.00,7.4,2932.94,Current,Condo,64,749,MI,34753
LN_STRESS_10670,Borrower_670,2022-11-15,2052-11-15,317250.00,304560.00,7.5,2974.22,Current,Townhouse,65,750,CA,34790
LN_STRESS_10671,Borrower_671,2023-12-15,2053-12-15,317425.00,304728.00,7.6,3015.54,Current,Multi Family,66,751,TX,34827
LN_STRESS_10672,Borrower_672,2020-01-15,2050-01-15,317600.00,304896.00,7.7,3056.90,Current,Single Family,67,752,FL,34864
LN_STRESS_10673,Borrower_673,2021-02-15,2051-02-15,317775.00,305064.00,7.8,3098.31,Delinquent,Condo,68,753,NY,34901
LN_STRESS_10674,Borrower_674,2022-03-15,2052-03-15,317950.00,305232.00,7.9,3139.76,Current,Townhouse,69,754,IL,34938
LN_STRESS_10675,Borrower_675,2023-04-15,2053-04-15,318125.00,305400.00,3.5,1391.80,Current,Multi Family,70,755,PA,34975
LN_STRESS_10676,Borrower_676,2020-05-15,2050-05-15,318300.00,305568.00,3.6,1432.35,Current,Single Family,71,756,OH,35012
LN_STRESS_10677,Borrower_677,2021-06-15,2051-06-15,318475.00,305736.00,3.7,1472.95,Current,Condo,72,757,GA,35049
LN_STRESS_10678,Borrower_678,2022-07-15,2052-07-15,318650.00,305904.00,3.8,1513.59,Delinquent,Townhouse,73,758,NC,35086
LN_STRESS_10679,Borrower_679,2023-08-15,2053-08-15,318825.00,306072.00,3.9,1554.27,Current,Multi Family,74,759,MI,35123
LN_STRESS_10680,Borrower_680,2020-09-15,2050-09-15,319000.00,306240.00,4,1595.00,Current,Single Family,75,760,CA,35160
LN_STRESS_10681,Borrower_681,2021-10-15,2051-10-15,319175.00,306408.00,4.1,1635.77,Current,Condo,76,761,TX,35197
LN_STRESS_10682,Borrower_682,2022-11-15,2052-11-15,319350.00,306576.00,4.2,1676.59,Current,Townhouse,77,762,FL,35234
LN_STRESS_10683,Borrower_683,2023-12-15,2053-12-15,319525.00,306744.00,4.3,1717.45,Delinquent,Multi Family,78,763,NY,35271
LN_STRESS_10684,Borrower_684,2020-01-15,2050-01-15,319700.00,306912.00,4.4,1758.35,Current,Single Family,79,764,IL,35308
LN_STRESS_10685,Borrower_685,2021-02-15,2051-02-15,319875.00,307080.00,4.5,1799.30,Current,Condo,80,765,PA,35345
LN_STRESS_10686,Borrower_686,2022-03-15,2052-03-15,320050.00,307248.00,4.6,1840.29,Current,Townhouse,81,766,OH,35382
LN_STRESS_10687,Borrower_687,2023-04-15,2053-04-15,320225.00,307416.00,4.7,1881.32,Current,Multi Family,82,767,GA,35419
LN_STRESS_10688,Borrower_688,2020-05-15,2050-05-15,320400.00,307584.00,4.8,1922.40,Delinquent,Single Family,83,768,NC,35456
LN_STRESS_10689,Borrower_689,2021-06-15,2051-06-15,320575.00,307752.00,4.9,1963.52,Current,Condo,84,769,MI,35493
LN_STRESS_10690,Borrower_690,2022-07-15,2052-07-15,320750.00,307920.00,5,2004.69,Current,Townhouse,85,770,CA,35530
LN_STRESS_10691,Borrower_691,2023-08-15,2053-08-15,320925.00,308088.00,5.1,2045.90,Current,Multi Family,86,771,TX,35567
LN_STRESS_10692,Borrower_692,2020-09-15,2050-09-15,321100.00,308256.00,5.2,2087.15,Current,Single Family,87,772,FL,35604
LN_STRESS_10693,Borrower_693,2021-10-15,2051-10-15,321275.00,308424.00,5.3,2128.45,Delinquent,Condo,88,773,NY,35641
LN_STRESS_10694,Borrower_694,2022-11-15,2052-11-15,321450.00,308592.00,5.4,2169.79,Current,Townhouse,89,774,IL,35678
LN_STRESS_10695,Borrower_695,2023-12-15,2053-12-15,321625.00,308760.00,5.5,2211.17,Current,Multi Family,90,775,PA,35715
LN_STRESS_10696,Borrower_696,2020-01-15,2050-01-15,321800.00,308928.00,5.6,2252.60,Current,Single Family,91,776,OH,35752
LN_STRESS_10697,Borrower_697,2021-02-15,2051-02-15,321975.00,309096.00,5.7,2294.07,Current,Condo,92,777,GA,35789
LN_STRESS_10698,Borrower_698,2022-03-15,2052-03-15,322150.00,309264.00,5.8,2335.59,Delinquent,Townhouse,93,778,NC,35826
LN_STRESS_10699,Borrower_699,2023-04-15,2053-04-15,322325.00,309432.00,5.9,2377.15,Current,Multi Family,94,779,MI,35863
LN_STRESS_10700,Borrower_700,2020-05-15,2050-05-15,322500.00,309600.00,6,2418.75,Current,Single Family,60,780,CA,35900
LN_STRESS_10701,Borrower_701,2021-06-15,2051-06-15,322675.00,309768.00,6.1,2460.40,Current,Condo,61,781,TX,35937
LN_STRESS_10702,Borrower_702,2022-07-15,2052-07-15,322850.00,309936.00,6.2,2502.09,Current,Townhouse,62,782,FL,35974
LN_STRESS_10703,Borrower_703,2023-08-15,2053-08-15,323025.00,310104.00,6.3,2543.82,Delinquent,Multi Family,63,783,NY,36011
LN_STRESS_10704,Borrower_704,2020-09-15,2050-09-15,323200.00,310272.00,6.4,2585.60,Current,Single Family,64,784,IL,36048
LN_STRESS_10705,Borrower_705,2021-10-15,2051-10-15,323375.00,310440.00,6.5,2627.42,Current,Condo,65,785,PA,36085
LN_STRESS_10706,Borrower_706,2022-11-15,2052-11-15,323550.00,310608.00,6.6,2669.29,Current,Townhouse,66,786,OH,36122
LN_STRESS_10707,Borrower_707,2023-12-15,2053-12-15,323725.00,310776.00,6.7,2711.20,Current,Multi Family,67,787,GA,36159
LN_STRESS_10708,Borrower_708,2020-01-15,2050-01-15,323900.00,310944.00,6.8,2753.15,Delinquent,Single Family,68,788,NC,36196
LN_STRESS_10709,Borrower_709,2021-02-15,2051-02-15,324075.00,311112.00,6.9,2795.15,Current,Condo,69,789,MI,36233
LN_STRESS_10710,Borrower_710,2022-03-15,2052-03-15,324250.00,311280.00,7,2837.19,Current,Townhouse,70,790,CA,36270
LN_STRESS_10711,Borrower_711,2023-04-15,2053-04-15,324425.00,311448.00,7.1,2879.27,Current,Multi Family,71,791,TX,36307
LN_STRESS_10712,Borrower_712,2020-05-15,2050-05-15,324600.00,311616.00,7.2,2921.40,Current,Single Family,72,792,FL,36344
LN_STRESS_10713,Borrower_713,2021-06-15,2051-06-15,324775.00,311784.00,7.3,2963.57,Delinquent,Condo,73,793,NY,36381
LN_STRESS_10714,Borrower_714,2022-07-15,2052-07-15,324950.00,311952.00,7.4,3005.79,Current,Townhouse,74,794,IL,36418
LN_STRESS_10715,Borrower_715,2023-08-15,2053-08-15,325125.00,312120.00,7.5,3048.05,Current,Multi Family,75,795,PA,36455
LN_STRESS_10716,Borrower_716,2020-09-15,2050-09-15,325300.00,312288.00,7.6,3090.35,Current,Single Family,76,796,OH,36492
LN_STRESS_10717,Borrower_717,2021-10-15,2051-10-15,325475.00,312456.00,7.7,3132.70,Current,Condo,77,797,GA,36529
LN_STRESS_10718,Borrower_718,2022-11-15,2052-11-15,325650.00,312624.00,7.8,3175.09,Delinquent,Townhouse,78,798,NC,36566
LN_STRESS_10719,Borrower_719,2023-12-15,2053-12-15,325825.00,312792.00,7.9,3217.52,Current,Multi Family,79,799,MI,36603
LN_STRESS_10720,Borrower_720,2020-01-15,2050-01-15,326000.00,312960.00,3.5,1426.25,Current,Single Family,80,620,CA,36640
LN_STRESS_10721,Borrower_721,2021-02-15,2051-02-15,326175.00,313128.00,3.6,1467.79,Current,Condo,81,621,TX,36677
LN_STRESS_10722,Borrower_722,2022-03-15,2052-03-15,326350.00,313296.00,3.7,1509.37,Current,Townhouse,82,622,FL,36714
LN_STRESS_10723,Borrower_723,2023-04-15,2053-04-15,326525.00,313464.00,3.8,1550.99,Delinquent,Multi Family,83,623,NY,36751
LN_STRESS_10724,Borrower_724,2020-05-15,2050-05-15,326700.00,313632.00,3.9,1592.66,Current,Single Family,84,624,IL,36788
LN_STRESS_10725,Borrower_725,2021-06-15,2051-06-15,326875.00,313800.00,4,1634.38,Current,Condo,85,625,PA,36825
LN_STRESS_10726,Borrower_726,2022-07-15,2052-07-15,327050.00,313968.00,4.1,1676.13,Current,Townhouse,86,626,OH,36862
LN_STRESS_10727,Borrower_727,2023-08-15,2053-08-15,327225.00,314136.00,4.2,1717.93,Current,Multi Family,87,627,GA,36899
LN_STRESS_10728,Borrower_728,2020-09-15,2050-09-15,327400.00,314304.00,4.3,1759.78,Delinquent,Single Family,88,628,NC,36936
LN_STRESS_10729,Borrower_729,2021-10-15,2051-10-15,327575.00,314472.00,4.4,1801.66,Current,Condo,89,629,MI,36973
LN_STRESS_10730,Borrower_730,2022-11-15,2052-11-15,327750.00,314640.00,4.5,1843.59,Current,Townhouse,90,630,CA,37010
LN_STRESS_10731,Borrower_731,2023-12-15,2053-12-15,327925.00,314808.00,4.6,1885.57,Current,Multi Family,91,631,TX,37047
LN_STRESS_10732,Borrower_732,2020-01-15,2050-01-15,328100.00,314976.00,4.7,1927.59,Current,Single Family,92,632,FL,37084
LN_STRESS_10733,Borrower_733,2021-02-15,2051-02-15,328275.00,315144.00,4.8,1969.65,Delinquent,Condo,93,633,NY,37121
LN_STRESS_10734,Borrower_734,2022-03-15,2052-03-15,328450.00,315312.00,4.9,2011.76,Current,Townhouse,94,634,IL,37158
LN_STRESS_10735,Borrower_735,2023-04-15,2053-04-15,328625.00,315480.00,5,2053.91,Current,Multi Family,60,635,PA,37195
LN_STRESS_10736,Borrower_736,2020-05-15,2050-05-15,328800.00,315648.00,5.1,2096.10,Current,Single Family,61,636,OH,37232
LN_STRESS_10737,Borrower_737,2021-06-15,2051-06-15,328975.00,315816.00,5.2,2138.34,Current,Condo,62,637,GA,37269
LN_STRESS_10738,Borrower_738,2022-07-15,2052-07-15,329150.00,315984.00,5.3,2180.62,Delinquent,Townhouse,63,638,NC,37306
LN_STRESS_10739,Borrower_739,2023-08-15,2053-08-15,329325.00,316152.00,5.4,2222.94,Current,Multi Family,64,639,MI,37343
LN_STRESS_10740,Borrower_740,2020-09-15,2050-09-15,329500.00,316320.00,5.5,2265.31,Current,Single Family,65,640,CA,37380
LN_STRESS_10741,Borrower_741,2021-10-15,2051-10-15,329675.00,316488.00,5.6,2307.72,Current,Condo,66,641,TX,37417
LN_STRESS_10742,Borrower_742,2022-11-15,2052-11-15,329850.00,316656.00,5.7,2350.18,Current,Townhouse,67,642,FL,37454
LN_STRESS_10743,Borrower_743,2023-12-15,2053-12-15,330025.00,316824.00,5.8,2392.68,Delinquent,Multi Family,68,643,NY,37491
LN_STRESS_10744,Borrower_744,2020-01-15,2050-01-15,330200.00,316992.00,5.9,2435.23,Current,Single Family,69,644,IL,37528
LN_STRESS_10745,Borrower_745,2021-02-15,2051-02-15,330375.00,317160.00,6,2477.81,Current,Condo,70,645,PA,37565
LN_STRESS_10746,Borrower_746,2022-03-15,2052-03-15,330550.00,317328.00,6.1,2520.44,Current,Townhouse,71,646,OH,37602
LN_STRESS_10747,Borrower_747,2023-04-15,2053-04-15,330725.00,317496.00,6.2,2563.12,Current,Multi Family,72,647,GA,37639
LN_STRESS_10748,Borrower_748,2020-05-15,2050-05-15,330900.00,317664.00,6.3,2605.84,Delinquent,Single Family,73,648,NC,37676
LN_STRESS_10749,Borrower_749,2021-06-15,2051-06-15,331075.00,317832.00,6.4,2648.60,Current,Condo,74,649,MI,37713
LN_STRESS_10750,Borrower_750,2022-07-15,2052-07-15,331250.00,318000.00,6.5,2691.41,Current,Townhouse,75,650,CA,37750
LN_STRESS_10751,Borrower_751,2023-08-15,2053-08-15,331425.00,318168.00,6.6,2734.26,Current,Multi Family,76,651,TX,37787
LN_STRESS_10752,Borrower_752,2020-09-15,2050-09-15,331600.00,318336.00,6.7,2777.15,Current,Single Family,77,652,FL,37824
LN_STRESS_10753,Borrower_753,2021-10-15,2051-10-15,331775.00,318504.00,6.8,2820.09,Delinquent,Condo,78,653,NY,37861
LN_STRESS_10754,Borrower_754,2022-11-15,2052-11-15,331950.00,318672.00,6.9,2863.07,Current,Townhouse,79,654,IL,37898
LN_STRESS_10755,Borrower_755,2023-12-15,2053-12-15,332125.00,318840.00,7,2906.09,Current,Multi Family,80,655,PA,37935
LN_STRESS_10756,Borrower_756,2020-01-15,2050-01-15,332300.00,319008.00,7.1,2949.16,Current,Single Family,81,656,OH,37972
LN_STRESS_10757,Borrower_757,2021-02-15,2051-02-15,332475.00,319176.00,7.2,2992.28,Current,Condo,82,657,GA,38009
LN_STRESS_10758,Borrower_758,2022-03-15,2052-03-15,332650.00,319344.00,7.3,3035.43,Delinquent,Townhouse,83,658,NC,38046
LN_STRESS_10759,Borrower_759,2023-04-15,2053-04-15,332825.00,319512.00,7.4,3078.63,Current,Multi Family,84,659,MI,38083
LN_STRESS_10760,Borrower_760,2020-05-15,2050-05-15,333000.00,319680.00,7.5,3121.88,Current,Single Family,85,660,CA,38120
LN_STRESS_10761,Borrower_761,2021-06-15,2051-06-15,333175.00,319848.00,7.6,3165.16,Current,Condo,86,661,TX,38157
LN_STRESS_10762,Borrower_762,2022-07-15,2052-07-15,333350.00,320016.00,7.7,3208.49,Current,Townhouse,87,662,FL,38194
LN_STRESS_10763,Borrower_763,2023-08-15,2053-08-15,333525.00,320184.00,7.8,3251.87,Delinquent,Multi Family,88,663,NY,38231
LN_STRESS_10764,Borrower_764,2020-09-15,2050-09-15,333700.00,320352.00,7.9,3295.29,Current,Single Family,89,664,IL,38268
LN_STRESS_10765,Borrower_765,2021-10-15,2051-10-15,333875.00,320520.00,3.5,1460.70,Current,Condo,90,665,PA,38305
LN_STRESS_10766,Borrower_766,2022-11-15,2052-11-15,334050.00,320688.00,3.6,1503.23,Current,Townhouse,91,666,OH,38342
LN_STRESS_10767,Borrower_767,2023-12-15,2053-12-15,334225.00,320856.00,3.7,1545.79,Current,Multi Family,92,667,GA,38379
LN_STRESS_10768,Borrower_768,2020-01-15,2050-01-15,334400.00,321024.00,3.8,1588.40,Delinquent,Single Family,93,668,NC,38416
LN_STRESS_10769,Borrower_769,2021-02-15,2051-02-15,334575.00,321192.00,3.9,1631.05,Current,Condo,94,669,MI,38453
LN_STRESS_10770,Borrower_770,2022-03-15,2052-03-15,334750.00,321360.00,4,1673.75,Current,Townhouse,60,670,CA,38490
LN_STRESS_10771,Borrower_771,2023-04-15,2053-04-15,334925.00,321528.00,4.1,1716.49,Current,Multi Family,61,671,TX,38527
LN_STRESS_10772,Borrower_772,2020-05-15,2050-05-15,335100.00,321696.00,4.2,1759.28,Current,Single Family,62,672,FL,38564
LN_STRESS_10773,Borrower_773,2021-06-15,2051-06-15,335275.00,321864.00,4.3,1802.10,Delinquent,Condo,63,673,NY,38601
LN_STRESS_10774,Borrower_774,2022-07-15,2052-07-15,335450.00,322032.00,4.4,1844.98,Current,Townhouse,64,674,IL,38638
LN_STRESS_10775,Borrower_775,2023-08-15,2053-08-15,335625.00,322200.00,4.5,1887.89,Current,Multi Family,65,675,PA,38675
LN_STRESS_10776,Borrower_776,2020-09-15,2050-09-15,335800.00,322368.00,4.6,1930.85,Current,Single Family,66,676,OH,38712
LN_STRESS_10777,Borrower_777,2021-10-15,2051-10-15,335975.00,322536.00,4.7,1973.85,Current,Condo,67,677,GA,38749
LN_STRESS_10778,Borrower_778,2022-11-15,2052-11-15,336150.00,322704.00,4.8,2016.90,Delinquent,Townhouse,68,678,NC,38786
LN_STRESS_10779,Borrower_779,2023-12-15,2053-12-15,336325.00,322872.00,4.9,2059.99,Current,Multi Family,69,679,MI,38823
LN_STRESS_10780,Borrower_780,2020-01-15,2050-01-15,336500.00,323040.00,5,2103.13,Current,Single Family,70,680,CA,38860
LN_STRESS_10781,Borrower_781,2021-02-15,2051-02-15,336675.00,323208.00,5.1,2146.30,Current,Condo,71,681,TX,38897
LN_STRESS_10782,Borrower_782,2022-03-15,2052-03-15,336850.00,323376.00,5.2,2189.52,Current,Townhouse,72,682,FL,38934
LN_STRESS_10783,Borrower_783,2023-04-15,2053-04-15,337025.00,323544.00,5.3,2232.79,Delinquent,Multi Family,73,683,NY,38971
LN_STRESS_10784,Borrower_784,2020-05-15,2050-05-15,337200.00,323712.00,5.4,2276.10,Current,Single Family,74,684,IL,39008
LN_STRESS_10785,Borrower_785,2021-06-15,2051-06-15,337375.00,323880.00,5.5,2319.45,Current,Condo,75,685,PA,39045
LN_STRESS_10786,Borrower_786,2022-07-15,2052-07-15,337550.00,324048.00,5.6,2362.85,Current,Townhouse,76,686,OH,39082
LN_STRESS_10787,Borrower_787,2023-08-15,2053-08-15,337725.00,324216.00,5.7,2406.29,Current,Multi Family,77,687,GA,39119
LN_STRESS_10788,Borrower_788,2020-09-15,2050-09-15,337900.00,324384.00,5.8,2449.78,Delinquent,Single Family,78,688,NC,39156
LN_STRESS_10789,Borrower_789,2021-10-15,2051-10-15,338075.00,324552.00,5.9,2493.30,Current,Condo,79,689,MI,39193
LN_STRESS_10790,Borrower_790,2022-11-15,2052-11-15,338250.00,324720.00,6,2536.88,Current,Townhouse,80,690,CA,39230
LN_STRESS_10791,Borrower_791,2023-12-15,2053-12-15,338425.00,324888.00,6.1,2580.49,Current,Multi Family,81,691,TX,39267
LN_STRESS_10792,Borrower_792,2020-01-15,2050-01-15,338600.00,325056.00,6.2,2624.15,Current,Single Family,82,692,FL,39304
LN_STRESS_10793,Borrower_793,2021-02-15,2051-02-15,338775.00,325224.00,6.3,2667.85,Delinquent,Condo,83,693,NY,39341
LN_STRESS_10794,Borrower_794,2022-03-15,2052-03-15,338950.00,325392.00,6.4,2711.60,Current,Townhouse,84,694,IL,39378
LN_STRESS_10795,Borrower_795,2023-04-15,2053-04-15,339125.00,325560.00,6.5,2755.39,Current,Multi Family,85,695,PA,39415
LN_STRESS_10796,Borrower_796,2020-05-15,2050-05-15,339300.00,325728.00,6.6,2799.23,Current,Single Family,86,696,OH,39452
LN_STRESS_10797,Borrower_797,2021-06-15,2051-06-15,339475.00,325896.00,6.7,2843.10,Current,Condo,87,697,GA,39489
LN_STRESS_10798,Borrower_798,2022-07-15,2052-07-15,339650.00,326064.00,6.8,2887.02,Delinquent,Townhouse,88,698,NC,39526
LN_STRESS_10799,Borrower_799,2023-08-15,2053-08-15,339825.00,326232.00,6.9,2930.99,Current,Multi Family,89,699,MI,39563
LN_STRESS_10800,Borrower_800,2020-09-15,2050-09-15,340000.00,326400.00,7,2975.00,Current,Single Family,90,700,CA,39600
LN_STRESS_10801,Borrower_801,2021-10-15,2051-10-15,340175.00,326568.00,7.1,3019.05,Current,Condo,91,701,TX,39637
LN_STRESS_10802,Borrower_802,2022-11-15,2052-11-15,340350.00,326736.00,7.2,3063.15,Current,Townhouse,92,702,FL,39674
LN_STRESS_10803,Borrower_803,2023-12-15,2053-12-15,340525.00,326904.00,7.3,3107.29,Delinquent,Multi Family,93,703,NY,39711
LN_STRESS_10804,Borrower_804,2020-01-15,2050-01-15,340700.00,327072.00,7.4,3151.47,Current,Single Family,94,704,IL,39748
LN_STRESS_10805,Borrower_805,2021-02-15,2051-02-15,340875.00,327240.00,7.5,3195.70,Current,Condo,60,705,PA,39785
LN_STRESS_10806,Borrower_806,2022-03-15,2052-03-15,341050.00,327408.00,7.6,3239.97,Current,Townhouse,61,706,OH,39822
LN_STRESS_10807,Borrower_807,2023-04-15,2053-04-15,341225.00,327576.00,7.7,3284.29,Current,Multi Family,62,707,GA,39859
LN_STRESS_10808,Borrower_808,2020-05-15,2050-05-15,341400.00,327744.00,7.8,3328.65,Delinquent,Single Family,63,708,NC,39896
LN_STRESS_10809,Borrower_809,2021-06-15,2051-06-15,341575.00,327912.00,7.9,3373.05,Current,Condo,64,709,MI,39933
LN_STRESS_10810,Borrower_810,2022-07-15,2052-07-15,341750.00,328080.00,3.5,1495.16,Current,Townhouse,65,710,CA,39970
LN_STRESS_10811,Borrower_811,2023-08-15,2053-08-15,341925.00,328248.00,3.6,1538.66,Current,Multi Family,66,711,TX,40007
LN_STRESS_10812,Borrower_812,2020-09-15,2050-09-15,342100.00,328416.00,3.7,1582.21,Current,Single Family,67,712,FL,40044
LN_STRESS_10813,Borrower_813,2021-10-15,2051-10-15,342275.00,328584.00,3.8,1625.81,Delinquent,Condo,68,713,NY,40081
LN_STRESS_10814,Borrower_814,2022-11-15,2052-11-15,342450.00,328752.00,3.9,1669.44,Current,Townhouse,69,714,IL,40118
LN_STRESS_10815,Borrower_815,2023-12-15,2053-12-15,342625.00,328920.00,4,1713.13,Current,Multi Family,70,715,PA,40155
LN_STRESS_10816,Borrower_816,2020-01-15,2050-01-15,342800.00,329088.00,4.1,1756.85,Current,Single Family,71,716,OH,40192
LN_STRESS_10817,Borrower_817,2021-02-15,2051-02-15,342975.00,329256.00,4.2,1800.62,Current,Condo,72,717,GA,40229
LN_STRESS_10818,Borrower_818,2022-03-15,2052-03-15,343150.00,329424.00,4.3,1844.43,Delinquent,Townhouse,73,718,NC,40266
LN_STRESS_10819,Borrower_819,2023-04-15,2053-04-15,343325.00,329592.00,4.4,1888.29,Current,Multi Family,74,719,MI,40303
LN_STRESS_10820,Borrower_820,2020-05-15,2050-05-15,343500.00,329760.00,4.5,1932.19,Current,Single Family,75,720,CA,40340
LN_STRESS_10821,Borrower_821,2021-06-15,2051-06-15,343675.00,329928.00,4.6,1976.13,Current,Condo,76,721,TX,40377
LN_STRESS_10822,Borrower_822,2022-07-15,2052-07-15,343850.00,330096.00,4.7,2020.12,Current,Townhouse,77,722,FL,40414
LN_STRESS_10823,Borrower_823,2023-08-15,2053-08-15,344025.00,330264.00,4.8,2064.15,Delinquent,Multi Family,78,723,NY,40451
LN_STRESS_10824,Borrower_824,2020-09-15,2050-09-15,344200.00,330432.00,4.9,2108.23,Current,Single Family,79,724,IL,40488
LN_STRESS_10825,Borrower_825,2021-10-15,2051-10-15,344375.00,330600.00,5,2152.34,Current,Condo,80,725,PA,40525
LN_STRESS_10826,Borrower_826,2022-11-15,2052-11-15,344550.00,330768.00,5.1,2196.51,Current,Townhouse,81,726,OH,40562
LN_STRESS_10827,Borrower_827,2023-12-15,2053-12-15,344725.00,330936.00,5.2,2240.71,Current,Multi Family,82,727,GA,40599
LN_STRESS_10828,Borrower_828,2020-01-15,2050-01-15,344900.00,331104.00,5.3,2284.96,Delinquent,Single Family,83,728,NC,40636
LN_STRESS_10829,Borrower_829,2021-02-15,2051-02-15,345075.00,331272.00,5.4,2329.26,Current,Condo,84,729,MI,40673
LN_STRESS_10830,Borrower_830,2022-03-15,2052-03-15,345250.00,331440.00,5.5,2373.59,Current,Townhouse,85,730,CA,40710
LN_STRESS_10831,Borrower_831,2023-04-15,2053-04-15,345425.00,331608.00,5.6,2417.97,Current,Multi Family,86,731,TX,40747
LN_STRESS_10832,Borrower_832,2020-05-15,2050-05-15,345600.00,331776.00,5.7,2462.40,Current,Single Family,87,732,FL,40784
LN_STRESS_10833,Borrower_833,2021-06-15,2051-06-15,345775.00,331944.00,5.8,2506.87,Delinquent,Condo,88,733,NY,40821
LN_STRESS_10834,Borrower_834,2022-07-15,2052-07-15,345950.00,332112.00,5.9,2551.38,Current,Townhouse,89,734,IL,40858
LN_STRESS_10835,Borrower_835,2023-08-15,2053-08-15,346125.00,332280.00,6,2595.94,Current,Multi Family,90,735,PA,40895
LN_STRESS_10836,Borrower_836,2020-09-15,2050-09-15,346300.00,332448.00,6.1,2640.54,Current,Single Family,91,736,OH,40932
LN_STRESS_10837,Borrower_837,2021-10-15,2051-10-15,346475.00,332616.00,6.2,2685.18,Current,Condo,92,737,GA,40969
LN_STRESS_10838,Borrower_838,2022-11-15,2052-11-15,346650.00,332784.00,6.3,2729.87,Delinquent,Townhouse,93,738,NC,41006
LN_STRESS_10839,Borrower_839,2023-12-15,2053-12-15,346825.00,332952.00,6.4,2774.60,Current,Multi Family,94,739,MI,41043
LN_STRESS_10840,Borrower_840,2020-01-15,2050-01-15,347000.00,333120.00,6.5,2819.38,Current,Single Family,60,740,CA,41080
LN_STRESS_10841,Borrower_841,2021-02-15,2051-02-15,347175.00,333288.00,6.6,2864.19,Current,Condo,61,741,TX,41117
LN_STRESS_10842,Borrower_842,2022-03-15,2052-03-15,347350.00,333456.00,6.7,2909.06,Current,Townhouse,62,742,FL,41154
LN_STRESS_10843,Borrower_843,2023-04-15,2053-04-15,347525.00,333624.00,6.8,2953.96,Delinquent,Multi Family,63,743,NY,41191
LN_STRESS_10844,Borrower_844,2020-05-15,2050-05-15,347700.00,333792.00,6.9,2998.91,Current,Single Family,64,744,IL,41228
LN_STRESS_10845,Borrower_845,2021-06-15,2051-06-15,347875.00,333960.00,7,3043.91,Current,Condo,65,745,PA,41265
LN_STRESS_10846,Borrower_846,2022-07-15,2052-07-15,348050.00,334128.00,7.1,3088.94,Current,Townhouse,66,746,OH,41302
LN_STRESS_10847,Borrower_847,2023-08-15,2053-08-15,348225.00,334296.00,7.2,3134.02,Current,Multi Family,67,747,GA,41339
LN_STRESS_10848,Borrower_848,2020-09-15,2050-09-15,348400.00,334464.00,7.3,3179.15,Delinquent,Single Family,68,748,NC,41376
LN_STRESS_10849,Borrower_849,2021-10-15,2051-10-15,348575.00,334632.00,7.4,3224.32,Current,Condo,69,749,MI,41413
LN_STRESS_10850,Borrower_850,2022-11-15,2052-11-15,348750.00,334800.00,7.5,3269.53,Current,Townhouse,70,750,CA,41450
LN_STRESS_10851,Borrower_851,2023-12-15,2053-12-15,348925.00,334968.00,7.6,3314.79,Current,Multi Family,71,751,TX,41487
LN_STRESS_10852,Borrower_852,2020-01-15,2050-01-15,349100.00,335136.00,7.7,3360.09,Current,Single Family,72,752,FL,41524
LN_STRESS_10853,Borrower_853,2021-02-15,2051-02-15,349275.00,335304.00,7.8,3405.43,Delinquent,Condo,73,753,NY,41561
LN_STRESS_10854,Borrower_854,2022-03-15,2052-03-15,349450.00,335472.00,7.9,3450.82,Current,Townhouse,74,754,IL,41598
LN_STRESS_10855,Borrower_855,2023-04-15,2053-04-15,349625.00,335640.00,3.5,1529.61,Current,Multi Family,75,755,PA,41635
LN_STRESS_10856,Borrower_856,2020-05-15,2050-05-15,349800.00,335808.00,3.6,1574.10,Current,Single Family,76,756,OH,41672
LN_STRESS_10857,Borrower_857,2021-06-15,2051-06-15,349975.00,335976.00,3.7,1618.63,Current,Condo,77,757,GA,41709
LN_STRESS_10858,Borrower_858,2022-07-15,2052-07-15,350150.00,336144.00,3.8,1663.21,Delinquent,Townhouse,78,758,NC,41746
LN_STRESS_10859,Borrower_859,2023-08-15,2053-08-15,350325.00,336312.00,3.9,1707.83,Current,Multi Family,79,759,MI,41783
LN_STRESS_10860,Borrower_860,2020-09-15,2050-09-15,350500.00,336480.00,4,1752.50,Current,Single Family,80,760,CA,41820
LN_STRESS_10861,Borrower_861,2021-10-15,2051-10-15,350675.00,336648.00,4.1,1797.21,Current,Condo,81,761,TX,41857
LN_STRESS_10862,Borrower_862,2022-11-15,2052-11-15,350850.00,336816.00,4.2,1841.96,Current,Townhouse,82,762,FL,41894
LN_STRESS_10863,Borrower_863,2023-12-15,2053-12-15,351025.00,336984.00,4.3,1886.76,Delinquent,Multi Family,83,763,NY,41931
LN_STRESS_10864,Borrower_864,2020-01-15,2050-01-15,351200.00,337152.00,4.4,1931.60,Current,Single Family,84,764,IL,41968
LN_STRESS_10865,Borrower_865,2021-02-15,2051-02-15,351375.00,337320.00,4.5,1976.48,Current,Condo,85,765,PA,42005
LN_STRESS_10866,Borrower_866,2022-03-15,2052-03-15,351550.00,337488.00,4.6,2021.41,Current,Townhouse,86,766,OH,42042
LN_STRESS_10867,Borrower_867,2023-04-15,2053-04-15,351725.00,337656.00,4.7,2066.38,Current,Multi Family,87,767,GA,42079
LN_STRESS_10868,Borrower_868,2020-05-15,2050-05-15,351900.00,337824.00,4.8,2111.40,Delinquent,Single Family,88,768,NC,42116
LN_STRESS_10869,Borrower_869,2021-06-15,2051-06-15,352075.00,337992.00,4.9,2156.46,Current,Condo,89,769,MI,42153
LN_STRESS_10870,Borrower_870,2022-07-15,2052-07-15,352250.00,338160.00,5,2201.56,Current,Townhouse,90,770,CA,42190
LN_STRESS_10871,Borrower_871,2023-08-15,2053-08-15,352425.00,338328.00,5.1,2246.71,Current,Multi Family,91,771,TX,42227
LN_STRESS_10872,Borrower_872,2020-09-15,2050-09-15,352600.00,338496.00,5.2,2291.90,Current,Single Family,92,772,FL,42264
LN_STRESS_10873,Borrower_873,2021-10-15,2051-10-15,352775.00,338664.00,5.3,2337.13,Delinquent,Condo,93,773,NY,42301
LN_STRESS_10874,Borrower_874,2022-11-15,2052-11-15,352950.00,338832.00,5.4,2382.41,Current,Townhouse,94,774,IL,42338
LN_STRESS_10875,Borrower_875,2023-12-15,2053-12-15,353125.00,339000.00,5.5,2427.73,Current,Multi Family,60,775,PA,42375
LN_STRESS_10876,Borrower_876,2020-01-15,2050-01-15,353300.00,339168.00,5.6,2473.10,Current,Single Family,61,776,OH,42412
LN_STRESS_10877,Borrower_877,2021-02-15,2051-02-15,353475.00,339336.00,5.7,2518.51,Current,Condo,62,777,GA,42449
LN_STRESS_10878,Borrower_878,2022-03-15,2052-03-15,353650.00,339504.00,5.8,2563.96,Delinquent,Townhouse,63,778,NC,42486
LN_STRESS_10879,Borrower_879,2023-04-15,2053-04-15,353825.00,339672.00,5.9,2609.46,Current,Multi Family,64,779,MI,42523
LN_STRESS_10880,Borrower_880,2020-05-15,2050-05-15,354000.00,339840.00,6,2655.00,Current,Single Family,65,780,CA,42560
LN_STRESS_10881,Borrower_881,2021-06-15,2051-06-15,354175.00,340008.00,6.1,2700.58,Current,Condo,66,781,TX,42597
LN_STRESS_10882,Borrower_882,2022-07-15,2052-07-15,354350.00,340176.00,6.2,2746.21,Current,Townhouse,67,782,FL,42634
LN_STRESS_10883,Borrower_883,2023-08-15,2053-08-15,354525.00,340344.00,6.3,2791.88,Delinquent,Multi Family,68,783,NY,42671
LN_STRESS_10884,Borrower_884,2020-09-15,2050-09-15,354700.00,340512.00,6.4,2837.60,Current,Single Family,69,784,IL,42708
LN_STRESS_10885,Borrower_885,2021-10-15,2051-10-15,354875.00,340680.00,6.5,2883.36,Current,Condo,70,785,PA,42745
LN_STRESS_10886,Borrower_886,2022-11-15,2052-11-15,355050.00,340848.00,6.6,2929.16,Current,Townhouse,71,786,OH,42782
LN_STRESS_10887,Borrower_887,2023-12-15,2053-12-15,355225.00,341016.00,6.7,2975.01,Current,Multi Family,72,787,GA,42819
LN_STRESS_10888,Borrower_888,2020-01-15,2050-01-15,355400.00,341184.00,6.8,3020.90,Delinquent,Single Family,73,788,NC,42856
LN_STRESS_10889,Borrower_889,2021-02-15,2051-02-15,355575.00,341352.00,6.9,3066.83,Current,Condo,74,789,MI,42893
LN_STRESS_10890,Borrower_890,2022-03-15,2052-03-15,355750.00,341520.00,7,3112.81,Current,Townhouse,75,790,CA,42930
LN_STRESS_10891,Borrower_891,2023-04-15,2053-04-15,355925.00,341688.00,7.1,3158.83,Current,Multi Family,76,791,TX,42967
LN_STRESS_10892,Borrower_892,2020-05-15,2050-05-15,356100.00,341856.00,7.2,3204.90,Current,Single Family,77,792,FL,43004
LN_STRESS_10893,Borrower_893,2021-06-15,2051-06-15,356275.00,342024.00,7.3,3251.01,Delinquent,Condo,78,793,NY,43041
LN_STRESS_10894,Borrower_894,2022-07-15,2052-07-15,356450.00,342192.00,7.4,3297.16,Current,Townhouse,79,794,IL,43078
LN_STRESS_10895,Borrower_895,2023-08-15,2053-08-15,356625.00,342360.00,7.5,3343.36,Current,Multi Family,80,795,PA,43115
LN_STRESS_10896,Borrower_896,2020-09-15,2050-09-15,356800.00,342528.00,7.6,3389.60,Current,Single Family,81,796,OH,43152
LN_STRESS_10897,Borrower_897,2021-10-15,2051-10-15,356975.00,342696.00,7.7,3435.88,Current,Condo,82,797,GA,43189
LN_STRESS_10898,Borrower_898,2022-11-15,2052-11-15,357150.00,342864.00,7.8,3482.21,Delinquent,Townhouse,83,798,NC,43226
LN_STRESS_10899,Borrower_899,2023-12-15,2053-12-15,357325.00,343032.00,7.9,3528.58,Current,Multi Family,84,799,MI,43263
LN_STRESS_10900,Borrower_900,2020-01-15,2050-01-15,357500.00,343200.00,3.5,1564.06,Current,Single Family,85,620,CA,43300
LN_STRESS_10901,Borrower_901,2021-02-15,2051-02-15,357675.00,343368.00,3.6,1609.54,Current,Condo,86,621,TX,43337
LN_STRESS_10902,Borrower_902,2022-03-15,2052-03-15,357850.00,343536.00,3.7,1655.06,Current,Townhouse,87,622,FL,43374
LN_STRESS_10903,Borrower_903,2023-04-15,2053-04-15,358025.00,343704.00,3.8,1700.62,Delinquent,Multi Family,88,623,NY,43411
LN_STRESS_10904,Borrower_904,2020-05-15,2050-05-15,358200.00,343872.00,3.9,1746.23,Current,Single Family,89,624,IL,43448
LN_STRESS_10905,Borrower_905,2021-06-15,2051-06-15,358375.00,344040.00,4,1791.88,Current,Condo,90,625,PA,43485
LN_STRESS_10906,Borrower_906,2022-07-15,2052-07-15,358550.00,344208.00,4.1,1837.57,Current,Townhouse,91,626,OH,43522
LN_STRESS_10907,Borrower_907,2023-08-15,2053-08-15,358725.00,344376.00,4.2,1883.31,Current,Multi Family,92,627,GA,43559
LN_STRESS_10908,Borrower_908,2020-09-15,2050-09-15,358900.00,344544.00,4.3,1929.09,Delinquent,Single Family,93,628,NC,43596
LN_STRESS_10909,Borrower_909,2021-10-15,2051-10-15,359075.00,344712.00,4.4,1974.91,Current,Condo,94,629,MI,43633
LN_STRESS_10910,Borrower_910,2022-11-15,2052-11-15,359250.00,344880.00,4.5,2020.78,Current,Townhouse,60,630,CA,43670
LN_STRESS_10911,Borrower_911,2023-12-15,2053-12-15,359425.00,345048.00,4.6,2066.69,Current,Multi Family,61,631,TX,43707
LN_STRESS_10912,Borrower_912,2020-01-15,2050-01-15,359600.00,345216.00,4.7,2112.65,Current,Single Family,62,632,FL,43744
LN_STRESS_10913,Borrower_913,2021-02-15,2051-02-15,359775.00,345384.00,4.8,2158.65,Delinquent,Condo,63,633,NY,43781
LN_STRESS_10914,Borrower_914,2022-03-15,2052-03-15,359950.00,345552.00,4.9,2204.69,Current,Townhouse,64,634,IL,43818
LN_STRESS_10915,Borrower_915,2023-04-15,2053-04-15,360125.00,345720.00,5,2250.78,Current,Multi Family,65,635,PA,43855
LN_STRESS_10916,Borrower_916,2020-05-15,2050-05-15,360300.00,345888.00,5.1,2296.91,Current,Single Family,66,636,OH,43892
LN_STRESS_10917,Borrower_917,2021-06-15,2051-06-15,360475.00,346056.00,5.2,2343.09,Current,Condo,67,637,GA,43929
LN_STRESS_10918,Borrower_918,2022-07-15,2052-07-15,360650.00,346224.00,5.3,2389.31,Delinquent,Townhouse,68,638,NC,43966
LN_STRESS_10919,Borrower_919,2023-08-15,2053-08-15,360825.00,346392.00,5.4,2435.57,Current,Multi Family,69,639,MI,44003
LN_STRESS_10920,Borrower_920,2020-09-15,2050-09-15,361000.00,346560.00,5.5,2481.88,Current,Single Family,70,640,CA,44040
LN_STRESS_10921,Borrower_921,2021-10-15,2051-10-15,361175.00,346728.00,5.6,2528.22,Current,Condo,71,641,TX,44077
LN_STRESS_10922,Borrower_922,2022-11-15,2052-11-15,361350.00,346896.00,5.7,2574.62,Current,Townhouse,72,642,FL,44114
LN_STRESS_10923,Borrower_923,2023-12-15,2053-12-15,361525.00,347064.00,5.8,2621.06,Delinquent,Multi Family,73,643,NY,44151
LN_STRESS_10924,Borrower_924,2020-01-15,2050-01-15,361700.00,347232.00,5.9,2667.54,Current,Single Family,74,644,IL,44188
LN_STRESS_10925,Borrower_925,2021-02-15,2051-02-15,361875.00,347400.00,6,2714.06,Current,Condo,75,645,PA,44225
LN_STRESS_10926,Borrower_926,2022-03-15,2052-03-15,362050.00,347568.00,6.1,2760.63,Current,Townhouse,76,646,OH,44262
LN_STRESS_10927,Borrower_927,2023-04-15,2053-04-15,362225.00,347736.00,6.2,2807.24,Current,Multi Family,77,647,GA,44299
LN_STRESS_10928,Borrower_928,2020-05-15,2050-05-15,362400.00,347904.00,6.3,2853.90,Delinquent,Single Family,78,648,NC,44336
LN_STRESS_10929,Borrower_929,2021-06-15,2051-06-15,362575.00,348072.00,6.4,2900.60,Current,Condo,79,649,MI,44373
LN_STRESS_10930,Borrower_930,2022-07-15,2052-07-15,362750.00,348240.00,6.5,2947.34,Current,Townhouse,80,650,CA,44410
LN_STRESS_10931,Borrower_931,2023-08-15,2053-08-15,362925.00,348408.00,6.6,2994.13,Current,Multi Family,81,651,TX,44447
LN_STRESS_10932,Borrower_932,2020-09-15,2050-09-15,363100.00,348576.00,6.7,3040.96,Current,Single Family,82,652,FL,44484
LN_STRESS_10933,Borrower_933,2021-10-15,2051-10-15,363275.00,348744.00,6.8,3087.84,Delinquent,Condo,83,653,NY,44521
LN_STRESS_10934,Borrower_934,2022-11-15,2052-11-15,363450.00,348912.00,6.9,3134.76,Current,Townhouse,84,654,IL,44558
LN_STRESS_10935,Borrower_935,2023-12-15,2053-12-15,363625.00,349080.00,7,3181.72,Current,Multi Family,85,655,PA,44595
LN_STRESS_10936,Borrower_936,2020-01-15,2050-01-15,363800.00,349248.00,7.1,3228.72,Current,Single Family,86,656,OH,44632
LN_STRESS_10937,Borrower_937,2021-02-15,2051-02-15,363975.00,349416.00,7.2,3275.77,Current,Condo,87,657,GA,44669
LN_STRESS_10938,Borrower_938,2022-03-15,2052-03-15,364150.00,349584.00,7.3,3322.87,Delinquent,Townhouse,88,658,NC,44706
LN_STRESS_10939,Borrower_939,2023-04-15,2053-04-15,364325.00,349752.00,7.4,3370.01,Current,Multi Family,89,659,MI,44743
LN_STRESS_10940,Borrower_940,2020-05-15,2050-05-15,364500.00,349920.00,7.5,3417.19,Current,Single Family,90,660,CA,44780
LN_STRESS_10941,Borrower_941,2021-06-15,2051-06-15,364675.00,350088.00,7.6,3464.41,Current,Condo,91,661,TX,44817
LN_STRESS_10942,Borrower_942,2022-07-15,2052-07-15,364850.00,350256.00,7.7,3511.68,Current,Townhouse,92,662,FL,44854
LN_STRESS_10943,Borrower_943,2023-08-15,2053-08-15,365025.00,350424.00,7.8,3558.99,Delinquent,Multi Family,93,663,NY,44891
LN_STRESS_10944,Borrower_944,2020-09-15,2050-09-15,365200.00,350592.00,7.9,3606.35,Current,Single Family,94,664,IL,44928
LN_STRESS_10945,Borrower_945,2021-10-15,2051-10-15,365375.00,350760.00,3.5,1598.52,Current,Condo,60,665,PA,44965
LN_STRESS_10946,Borrower_946,2022-11-15,2052-11-15,365550.00,350928.00,3.6,1644.98,Current,Townhouse,61,666,OH,45002
LN_STRESS_10947,Borrower_947,2023-12-15,2053-12-15,365725.00,351096.00,3.7,1691.48,Current,Multi Family,62,667,GA,45039
LN_STRESS_10948,Borrower_948,2020-01-15,2050-01-15,365900.00,351264.00,3.8,1738.03,Delinquent,Single Family,63,668,NC,45076
LN_STRESS_10949,Borrower_949,2021-02-15,2051-02-15,366075.00,351432.00,3.9,1784.62,Current,Condo,64,669,MI,45113
LN_STRESS_10950,Borrower_950,2022-03-15,2052-03-15,366250.00,351600.00,4,1831.25,Current,Townhouse,65,670,CA,45150
LN_STRESS_10951,Borrower_951,2023-04-15,2053-04-15,366425.00,351768.00,4.1,1877.93,Current,Multi Family,66,671,TX,45187
LN_STRESS_10952,Borrower_952,2020-05-15,2050-05-15,366600.00,351936.00,4.2,1924.65,Current,Single Family,67,672,FL,45224
LN_STRESS_10953,Borrower_953,2021-06-15,2051-06-15,366775.00,352104.00,4.3,1971.42,Delinquent,Condo,68,673,NY,45261
LN_STRESS_10954,Borrower_954,2022-07-15,2052-07-15,366950.00,352272.00,4.4,2018.23,Current,Townhouse,69,674,IL,45298
LN_STRESS_10955,Borrower_955,2023-08-15,2053-08-15,367125.00,352440.00,4.5,2065.08,Current,Multi Family,70,675,PA,45335
LN_STRESS_10956,Borrower_956,2020-09-15,2050-09-15,367300.00,352608.00,4.6,2111.98,Current,Single Family,71,676,OH,45372
LN_STRESS_10957,Borrower_957,2021-10-15,2051-10-15,367475.00,352776.00,4.7,2158.92,Current,Condo,72,677,GA,45409
LN_STRESS_10958,Borrower_958,2022-11-15,2052-11-15,367650.00,352944.00,4.8,2205.90,Delinquent,Townhouse,73,678,NC,45446
LN_STRESS_10959,Borrower_959,2023-12-15,2053-12-15,367825.00,353112.00,4.9,2252.93,Current,Multi Family,74,679,MI,45483
LN_STRESS_10960,Borrower_960,2020-01-15,2050-01-15,368000.00,353280.00,5,2300.00,Current,Single Family,75,680,CA,45520
LN_STRESS_10961,Borrower_961,2021-02-15,2051-02-15,368175.00,353448.00,5.1,2347.12,Current,Condo,76,681,TX,45557
LN_STRESS_10962,Borrower_962,2022-03-15,2052-03-15,368350.00,353616.00,5.2,2394.27,Current,Townhouse,77,682,FL,45594
LN_STRESS_10963,Borrower_963,2023-04-15,2053-04-15,368525.00,353784.00,5.3,2441.48,Delinquent,Multi Family,78,683,NY,45631
LN_STRESS_10964,Borrower_964,2020-05-15,2050-05-15,368700.00,353952.00,5.4,2488.73,Current,Single Family,79,684,IL,45668
LN_STRESS_10965,Borrower_965,2021-06-15,2051-06-15,368875.00,354120.00,5.5,2536.02,Current,Condo,80,685,PA,45705
LN_STRESS_10966,Borrower_966,2022-07-15,2052-07-15,369050.00,354288.00,5.6,2583.35,Current,Townhouse,81,686,OH,45742
LN_STRESS_10967,Borrower_967,2023-08-15,2053-08-15,369225.00,354456.00,5.7,2630.73,Current,Multi Family,82,687,GA,45779
LN_STRESS_10968,Borrower_968,2020-09-15,2050-09-15,369400.00,354624.00,5.8,2678.15,Delinquent,Single Family,83,688,NC,45816
LN_STRESS_10969,Borrower_969,2021-10-15,2051-10-15,369575.00,354792.00,5.9,2725.62,Current,Condo,84,689,MI,45853
LN_STRESS_10970,Borrower_970,2022-11-15,2052-11-15,369750.00,354960.00,6,2773.13,Current,Townhouse,85,690,CA,45890
LN_STRESS_10971,Borrower_971,2023-12-15,2053-12-15,369925.00,355128.00,6.1,2820.68,Current,Multi Family,86,691,TX,45927
LN_STRESS_10972,Borrower_972,2020-01-15,2050-01-15,370100.00,355296.00,6.2,2868.28,Current,Single Family,87,692,FL,45964
LN_STRESS_10973,Borrower_973,2021-02-15,2051-02-15,370275.00,355464.00,6.3,2915.92,Delinquent,Condo,88,693,NY,46001
LN_STRESS_10974,Borrower_974,2022-03-15,2052-03-15,370450.00,355632.00,6.4,2963.60,Current,Townhouse,89,694,IL,46038
LN_STRESS_10975,Borrower_975,2023-04-15,2053-04-15,370625.00,355800.00,6.5,3011.33,Current,Multi Family,90,695,PA,46075
LN_STRESS_10976,Borrower_976,2020-05-15,2050-05-15,370800.00,355968.00,6.6,3059.10,Current,Single Family,91,696,OH,46112
LN_STRESS_10977,Borrower_977,2021-06-15,2051-06-15,370975.00,356136.00,6.7,3106.92,Current,Condo,92,697,GA,46149
LN_STRESS_10978,Borrower_978,2022-07-15,2052-07-15,371150.00,356304.00,6.8,3154.77,Delinquent,Townhouse,93,698,NC,46186
LN_STRESS_10979,Borrower_979,2023-08-15,2053-08-15,371325.00,356472.00,6.9,3202.68,Current,Multi Family,94,699,MI,46223
LN_STRESS_10980,Borrower_980,2020-09-15,2050-09-15,371500.00,356640.00,7,3250.63,Current,Single Family,60,700,CA,46260
LN_STRESS_10981,Borrower_981,2021-10-15,2051-10-15,371675.00,356808.00,7.1,3298.62,Current,Condo,61,701,TX,46297
LN_STRESS_10982,Borrower_982,2022-11-15,2052-11-15,371850.00,356976.00,7.2,3346.65,Current,Townhouse,62,702,FL,46334
LN_STRESS_10983,Borrower_983,2023-12-15,2053-12-15,372025.00,357144.00,7.3,3394.73,Delinquent,Multi Family,63,703,NY,46371
LN_STRESS_10984,Borrower_984,2020-01-15,2050-01-15,372200.00,357312.00,7.4,3442.85,Current,Single Family,64,704,IL,46408
LN_STRESS_10985,Borrower_985,2021-02-15,2051-02-15,372375.00,357480.00,7.5,3491.02,Current,Condo,65,705,PA,46445
LN_STRESS_10986,Borrower_986,2022-03-15,2052-03-15,372550.00,357648.00,7.6,3539.22,Current,Townhouse,66,706,OH,46482
LN_STRESS_10987,Borrower_987,2023-04-15,2053-04-15,372725.00,357816.00,7.7,3587.48,Current,Multi Family,67,707,GA,46519
LN_STRESS_10988,Borrower_988,2020-05-15,2050-05-15,372900.00,357984.00,7.8,3635.77,Delinquent,Single Family,68,708,NC,46556
LN_STRESS_10989,Borrower_989,2021-06-15,2051-06-15,373075.00,358152.00,7.9,3684.12,Current,Condo,69,709,MI,46593
LN_STRESS_10990,Borrower_990,2022-07-15,2052-07-15,373250.00,358320.00,3.5,1632.97,Current,Townhouse,70,710,CA,46630
LN_STRESS_10991,Borrower_991,2023-08-15,2053-08-15,373425.00,358488.00,3.6,1680.41,Current,Multi Family,71,711,TX,46667
LN_STRESS_10992,Borrower_992,2020-09-15,2050-09-15,373600.00,358656.00,3.7,1727.90,Current,Single Family,72,712,FL,46704
LN_STRESS_10993,Borrower_993,2021-10-15,2051-10-15,373775.00,358824.00,3.8,1775.43,Delinquent,Condo,73,713,NY,46741
LN_STRESS_10994,Borrower_994,2022-11-15,2052-11-15,373950.00,358992.00,3.9,1823.01,Current,Townhouse,74,714,IL,46778
LN_STRESS_10995,Borrower_995,2023-12-15,2053-12-15,374125.00,359160.00,4,1870.63,Current,Multi Family,75,715,PA,46815
LN_STRESS_10996,Borrower_996,2020-01-15,2050-01-15,374300.00,359328.00,4.1,1918.29,Current,Single Family,76,716,OH,46852
LN_STRESS_10997,Borrower_997,2021-02-15,2051-02-15,374475.00,359496.00,4.2,1965.99,Current,Condo,77,717,GA,46889
LN_STRESS_10998,Borrower_998,2022-03-15,2052-03-15,374650.00,359664.00,4.3,2013.74,Delinquent,Townhouse,78,718,NC,46926
LN_STRESS_10999,Borrower_999,2023-04-15,2053-04-15,374825.00,359832.00,4.4,2061.54,Current,Multi Family,79,719,MI,46963
LN_STRESS_11000,Borrower_1000,2020-05-15,2050-05-15,375000.00,360000.00,4.5,2109.38,Current,Single Family,80,720,CA,47000
